action,close,open,high,low,volume,price,fast_ema,slow_ema,rsi_14,vwma,action_quality,time,atr,bb_upper,bb_middle,bb_lower
hold,138.5,138.5449981689453,139.08509826660156,138.27999877929688,212860,138.5,0.0,0.0,50.0,138.5,good,,,,,
hold,138.27000427246094,138.63999938964844,138.8000030517578,138.1999969482422,28967,138.27000427246094,0.0,0.0,50.0,138.47245019687784,neutral,,,,,
hold,138.99000549316406,138.27000427246094,139.0,138.2545928955078,33886,138.99000549316406,0.0,0.0,50.0,138.53605938023136,good,,,,,
hold,138.91000366210938,139.0749969482422,139.11000061035156,138.7899932861328,21643,138.91000366210938,0.0,0.0,50.0,138.5632768437858,neutral,,,,,
hold,139.69500732421875,138.97000122070312,139.72500610351562,138.91000366210938,36273,139.69500732421875,0.0,0.0,50.0,138.6863214823416,good,,,,,
hold,139.67999267578125,139.6999969482422,139.8800048828125,139.4499969482422,22734,139.67999267578125,0.0,0.0,50.0,138.74971224095478,good,,,,,
hold,139.13999938964844,139.69000244140625,139.69000244140625,139.0800018310547,23143,139.13999938964844,0.0,0.0,50.0,138.77351269597318,good,,,,,
hold,139.3000030517578,139.16000366210938,139.37399291992188,138.8699951171875,22307,139.3000030517578,0.0,0.0,50.0,138.80274126838495,good,,,,,
buy,139.50999450683594,139.32000732421875,139.6999969482422,139.19000244140625,16162,139.50999450683594,139.11055670844183,0.0,50.0,138.83008890123344,good,,,,,
hold,139.69500732421875,139.5050048828125,139.72999572753906,139.42190551757812,11960,139.69500732421875,139.22744683159723,0.0,50.0,138.8541493390645,good,,,,,
hold,139.89999389648438,139.77000427246094,139.99000549316406,139.72000122070312,20780,139.89999389648438,139.36195624457469,0.0,50.0,138.9023675033217,good,,,,,
hold,140.1168975830078,139.99000549316406,140.17999267578125,139.89999389648438,42648,140.1168975830078,139.5129445122613,0.0,50.0,139.0073556739759,good,,,,,
hold,140.17999267578125,140.11000061035156,140.22999572753906,139.9499969482422,33387,140.17999267578125,139.6463541449653,0.0,50.0,139.08168093563563,good,,,,,
hold,140.5,140.24000549316406,140.64999389648438,140.24000549316406,35255,140.5,139.81708331597224,0.0,50.0,139.17065316651286,good,,,,,
hold,140.4199981689453,140.5,140.5800018310547,140.0,71578,140.4199981689453,139.93766628656687,0.0,75.19674159868319,139.31179586854893,good,,,,,
hold,140.6999969482422,140.4199981689453,140.8000030517578,140.3300018310547,35184,140.6999969482422,140.09013241890193,0.0,77.0157888771875,139.38482947634944,good,,,,,
hold,141.14999389648438,140.6999969482422,141.158203125,140.64999389648438,46345,141.14999389648438,140.30210471441842,0.0,79.60462763464545,139.4992263051695,good,,,,,
hold,141.00999450683594,141.16000366210938,141.1699981689453,140.97000122070312,32443,141.00999450683594,140.44368267290193,0.0,76.70976918579133,139.5647918525428,good,,,,,
hold,140.7100067138672,141.00999450683594,141.0399932861328,140.70150756835938,25325,140.7100067138672,140.496947481095,0.0,70.77087349643864,139.60231716871485,good,,,,,
hold,140.5749969482422,140.5399932861328,140.5749969482422,140.5399932861328,119157,140.5749969482422,140.51255737452445,0.0,68.2113566491691,139.73224631345786,good,,,,,
hold,140.30999755859375,140.5749969482422,140.71499633789062,140.27000427246094,56851,140.30999755859375,140.4720454113383,139.86961364746094,63.36705338806544,140.13323878428758,good,,,,,
hold,140.78500366210938,140.36000061035156,140.95660400390625,140.35000610351562,20680,140.78500366210938,140.53463706149253,139.95283092151988,67.78366999074854,140.22592397280582,good,,,,,
hold,140.9199981689453,140.8000030517578,141.0,140.75,15898,140.9199981689453,140.6117092829831,140.04075521674037,68.93012990693546,140.30047769103084,good,,,,,
hold,140.7624969482422,140.9199981689453,141.03990173339844,140.75999450683594,24651,140.7624969482422,140.6418668160349,140.10636810142233,65.9799577907502,140.35867849904005,good,,,,,
hold,141.0,140.78500366210938,141.00999450683594,140.67999267578125,16401,141.0,140.71349345282795,140.1876073649294,68.19081527838478,140.4086023085702,good,,,,,
hold,140.8699951171875,141.0,141.0399932861328,140.77999877929688,124233,140.8699951171875,140.74479378569987,140.24964261513466,65.67487510763794,140.50161028978945,good,,,,,
hold,140.36500549316406,140.86000061035156,140.86000061035156,140.32000732421875,20112,140.36500549316406,140.66883612719272,140.26013014950098,56.893814880662674,140.53795844288877,good,,,,,
hold,140.39500427246094,140.32000732421875,140.55999755859375,140.13999938964844,32005,140.39500427246094,140.61406975624638,140.27239143340643,57.25940468767105,140.56672029155763,good,,,,,
hold,139.83999633789062,140.32000732421875,140.39500427246094,139.83999633789062,37415,139.83999633789062,140.45925507257525,140.23308278835952,48.98237324807787,140.5544237133974,good,,,,,
hold,139.8350067138672,139.88499450683594,139.97000122070312,139.8000030517578,19713,139.8350067138672,140.33440540083365,140.19689405431475,48.91391693085632,140.54972135140574,good,,,,,
hold,139.49000549316406,139.8350067138672,139.8350067138672,139.41000366210938,23784,139.49000549316406,140.16552541929974,140.13263145784651,44.30341310762883,140.53567329338006,good,,,,,
sell,139.64500427246094,139.52000427246094,139.7989044189453,139.52000427246094,13070,139.64500427246094,140.061421189932,140.08830171372054,46.73264731388057,140.54341318511763,neutral,,,,,
hold,140.09500122070312,139.6199951171875,140.14999389648438,139.5500030517578,37498,140.09500122070312,140.06813719608624,140.08891075980986,53.12483591805208,140.53761694578023,good,,,,,
hold,139.9250030517578,140.11000061035156,140.22000122070312,139.8800048828125,39672,139.9250030517578,140.03951036722054,140.07401005907786,50.65195046937157,140.50932013724815,good,,,,,
hold,139.89500427246094,139.83999633789062,139.94000244140625,139.80499267578125,12074,139.89500427246094,140.01060914826863,140.05773680574904,50.207808630282535,140.5079596761994,good,,,,,
hold,140.0449981689453,139.89999389648438,140.22999572753906,139.85000610351562,15176,140.0449981689453,140.01748695240397,140.0565787478578,52.45275296745129,140.48914399460676,good,,,,,
hold,139.99000549316406,140.0500030517578,140.05499267578125,139.89999389648438,8369,139.99000549316406,140.011990660556,140.05052663379473,51.53533884588558,140.43903164646034,good,,,,,
hold,140.0850067138672,139.9949951171875,140.22000122070312,139.9949951171875,14629,140.0850067138672,140.02659387121824,140.0536611865286,53.06264044400377,140.404005307646,good,,,,,
hold,140.0399932861328,140.11000061035156,140.25999450683594,139.98500061035156,25445,140.0399932861328,140.02927375420114,140.05241865012897,52.22287502657724,140.3788709369815,good,,,,,
hold,139.97999572753906,139.89999389648438,139.97999572753906,139.80999755859375,7687,139.97999572753906,140.01941814886874,140.04583474807535,51.06289440584783,140.3321117028987,good,,,,,
hold,139.82000732421875,140.0,140.0,139.74000549316406,11341,139.82000732421875,139.97953598393875,140.0253049822702,48.0010686527034,140.3233581426793,good,,,,,
hold,139.69500732421875,139.82000732421875,139.82000732421875,139.61000061035156,10360,139.69500732421875,139.92263025199475,139.99527792244734,45.69561820250134,140.29184586806497,good,,,,,
hold,139.72500610351562,139.68499755859375,139.82000732421875,139.52000427246094,28111,139.72500610351562,139.88310542229894,139.9707077570899,46.36144339335711,140.24216499288693,good,,,,,
hold,139.5800018310547,139.69000244140625,139.72000122070312,139.49000549316406,28111,139.5800018310547,139.8224847040501,139.93518903654126,43.579974429090704,140.18230129812005,good,,,,,
hold,139.4499969482422,139.63999938964844,139.69000244140625,139.4499969482422,27505,139.4499969482422,139.74798715288853,139.8910806648777,41.193745532532354,140.11973840062996,good,,,,,
hold,139.8300018310547,139.46499633789062,139.97000122070312,139.38009643554688,30263,139.8300018310547,139.76439008852176,139.88552804362106,49.83947087663733,139.88920320039222,good,,,,,
hold,139.97500610351562,139.88499450683594,140.27999877929688,139.88499450683594,55182,139.97500610351562,139.80651329152053,139.89366241270238,52.69732416330475,139.87907655890572,good,,,,,
hold,140.0399932861328,140.0449981689453,140.1300048828125,139.97999572753906,16649,140.0399932861328,139.85320929044298,139.90696521937787,53.96326647649296,139.8491381450391,good,,,,,
hold,139.75999450683594,140.09829711914062,140.0998992919922,139.72999572753906,14165,139.75999450683594,139.83456633372157,139.8936042455104,48.00246254767999,139.84703998977915,good,,,,,
hold,139.86000061035156,139.74000549316406,139.89999389648438,139.7100067138672,12524,139.86000061035156,139.83965318904757,139.89054936958686,50.121670420793855,139.84796565450372,good,,,,,
hold,139.97999572753906,139.8300018310547,140.0500030517578,139.7050018310547,18636,139.97999572753906,139.8677216967459,139.89868085667342,52.617039152006704,139.87369856447893,good,,,,,
hold,139.9199981689453,140.05999755859375,140.125,139.8699951171875,16874,139.9199981689453,139.87817699118577,139.90061879415268,51.23678399565526,139.88246116740228,good,,,,,
hold,139.72000122070312,139.9199981689453,139.97000122070312,139.6999969482422,12274,139.72000122070312,139.84654183708926,139.88419901474816,46.82712560946606,139.85786189792378,good,,,,,
hold,139.39999389648438,139.69500732421875,139.69500732421875,139.27000427246094,14947,139.39999389648438,139.75723224896828,139.84018036763325,40.77948404157825,139.8328636678124,good,,,,,
hold,139.3000030517578,139.39999389648438,139.41000366210938,139.22999572753906,12702,139.3000030517578,139.6657864095262,139.7910733389173,39.081083419131495,139.81312700629343,good,,,,,
hold,139.36500549316406,139.30850219726562,139.41000366210938,139.14999389648438,18974,139.36500549316406,139.60563022625377,139.75233989839427,40.80701188760765,139.78188179032216,good,,,,,
hold,139.4600067138672,139.32000732421875,139.4600067138672,139.27000427246094,17260,139.4600067138672,139.57650552377646,139.72576415434634,43.33385618312783,139.7633436091747,good,,,,,
hold,139.6300048828125,139.4499969482422,139.66000366210938,139.4499969482422,11676,139.6300048828125,139.58720539558368,139.71705876602508,47.64109098589876,139.74731418265944,good,,,,,
hold,139.63999938964844,139.66000366210938,139.72000122070312,139.61000061035156,10558,139.63999938964844,139.59776419439663,139.71005336817265,47.89186482467952,139.7244821650849,good,,,,,
hold,139.59979248046875,139.63999938964844,139.63999938964844,139.52999877929688,5623,139.59979248046875,139.59816985161106,139.70002965110865,46.91831529411603,139.71735074081053,good,,,,,
hold,139.63999938964844,139.49000549316406,139.7550048828125,139.49000549316406,9458,139.63999938964844,139.60653575921853,139.69457235461226,48.0554732161467,139.71225242913889,good,,,,,
hold,139.5399932861328,139.61000061035156,139.6999053955078,139.5399932861328,12144,139.5399932861328,139.59322726460138,139.6805197120232,45.44753716726952,139.70713178833955,good,,,,,
hold,139.55999755859375,139.47999572753906,139.75999450683594,139.47000122070312,18450,139.55999755859375,139.58658132339986,139.66956315262053,46.0779160921593,139.6982930180594,good,,,,,
hold,139.57130432128906,139.52000427246094,139.63499450683594,139.52000427246094,4553,139.57130432128906,139.58352592297769,139.6606305315904,46.454541973210304,139.7063628383724,good,,,,,
hold,139.4550018310547,139.6300048828125,139.6300048828125,139.4199981689453,17793,139.4550018310547,139.5578211045931,139.64193701335986,43.11842120904823,139.7141609587662,good,,,,,
hold,139.83999633789062,139.5399932861328,139.83999633789062,139.5399932861328,14904,139.83999633789062,139.61425615125262,139.65994240649903,54.71262504267396,139.70899126634075,good,,,,,
hold,139.5500030517578,139.80999755859375,139.8345947265625,139.5399932861328,9891,139.5500030517578,139.60140553135366,139.64994791970437,46.94977957995862,139.64881173559544,good,,,,,
hold,139.5399932861328,139.5500030517578,139.6999969482422,139.4949951171875,9002,139.5399932861328,139.5891230823095,139.63995204392512,46.70345765396701,139.6202593846116,good,,,,,
hold,139.3699951171875,139.59500122070312,139.59500122070312,139.3699951171875,8550,139.3699951171875,139.5452974892851,139.6154105051308,42.61433405199556,139.60421880915675,good,,,,,
hold,139.39999389648438,139.25999450683594,139.39999389648438,139.25,10920,139.39999389648438,139.51623677072496,139.595827177072,43.5535423457621,139.58292656174584,good,,,,,
hold,139.26109313964844,139.33999633789062,139.39999389648438,139.25999450683594,12636,139.26109313964844,139.46520804450967,139.5653968100335,40.26732008910767,139.5369114162324,good,,,,,
hold,139.06320190429688,139.31500244140625,139.3249969482422,139.02999877929688,9390,139.06320190429688,139.38480681646712,139.5197427276938,36.08940333600261,139.4917640747113,good,,,,,
hold,139.10000610351562,139.07000732421875,139.2100067138672,139.02000427246094,14939,139.10000610351562,139.32784667387682,139.4815848527685,37.390480113326646,139.45635115552486,good,,,,,
hold,138.97999572753906,139.0399932861328,139.11900329589844,138.9250030517578,19667,138.97999572753906,139.25827648460927,139.435985841384,34.89582973074421,139.4221221208333,good,,,,,
hold,138.99000549316406,138.88999938964844,139.0,138.85000610351562,10812,138.99000549316406,139.20462228632024,139.395442173364,35.28366948909769,139.40949716709963,good,,,,,
hold,138.92210388183594,138.94000244140625,138.99000549316406,138.87930297851562,11825,138.92210388183594,139.1481186054234,139.35241141958872,33.812178758953976,139.3890046860144,good,,,,,
hold,138.77999877929688,139.02000427246094,139.02999877929688,138.77999877929688,26695,138.77999877929688,139.0744946401981,139.30037390683492,30.907109740501696,139.31892897963985,good,,,,,
hold,138.9199981689453,138.83999633789062,138.9199981689453,138.79010009765625,6737,138.9199981689453,139.04359534594755,139.2657942942995,36.67917236616324,139.2930864253779,good,,,,,
hold,138.9600067138672,138.89999389648438,138.99000549316406,138.8699951171875,10118,138.9600067138672,139.0268776195315,139.2379954233511,38.26636921362582,139.2642760774656,good,,,,,
hold,138.8699951171875,138.94500732421875,138.94500732421875,138.8699951171875,7846,138.8699951171875,138.9955011190627,139.2045408500635,36.07545002447165,139.24405873833342,good,,,,,
hold,138.85000610351562,138.88499450683594,138.96499633789062,138.80999755859375,13552,138.85000610351562,138.96640211595331,139.17231041855914,35.58815479977042,139.20778023472678,good,,,,,
hold,138.86000061035156,138.89999389648438,138.97999572753906,138.85000610351562,13461,138.86000061035156,138.945121814833,139.143918617813,36.053262444939016,139.17315791726563,good,,,,,
hold,139.05999755859375,138.875,139.05999755859375,138.83999633789062,15310,139.05999755859375,138.96809696358514,139.13628943061124,44.664031406959495,139.13747955525673,good,,,,,
hold,139.08999633789062,139.0500030517578,139.08999633789062,139.02499389648438,13594,139.08999633789062,138.99247683844624,139.13208096763665,45.84204605380447,139.12730772373618,good,,,,,
hold,138.8350067138672,139.05999755859375,139.0850067138672,138.8300018310547,50300,138.8350067138672,138.96098281353045,139.10507421729395,38.36569258645045,139.05653924944218,good,,,,,
hold,138.6699981689453,138.85000610351562,138.89999389648438,138.52999877929688,16816,138.6699981689453,138.90278588461342,139.06552184926224,34.45020175200385,138.9943032122586,good,,,,,
hold,138.88999938964844,138.74000549316406,138.88999938964844,138.74000549316406,8359,138.88999938964844,138.90022858562045,139.04956526202463,42.82799993054596,138.9723835320694,good,,,,,
hold,138.89999389648438,138.8699951171875,138.89999389648438,138.77999877929688,9613,138.89999389648438,138.9001816477932,139.03596786515732,43.183267651279785,138.95244293794647,good,,,,,
hold,138.85499572753906,138.89999389648438,138.94500732421875,138.72000122070312,17858,138.85499572753906,138.89114446374236,139.01951585264655,41.92023598581106,138.9347683872223,good,,,,,
hold,138.85000610351562,138.85499572753906,138.92999267578125,138.85000610351562,9724,138.85000610351562,138.88291679169703,139.00410587545284,41.77433241575195,138.9150375549876,good,,,,,
hold,138.71499633789062,138.82000732421875,138.85000610351562,138.64999389648438,17854,138.71499633789062,138.84933270093575,138.9778231902199,37.92769948109796,138.88894534801213,good,,,,,
hold,138.8699951171875,138.71499633789062,138.9250030517578,138.7050018310547,28587,138.8699951171875,138.85346518418612,138.96802063812606,44.27211431076108,138.88221621185644,good,,,,,
hold,138.8249969482422,138.8699951171875,138.92999267578125,138.75439453125,13121,138.8249969482422,138.84777153699736,138.95501848450027,42.90118743498279,138.86977454775504,good,,,,,
hold,138.89999389648438,138.8350067138672,138.9199981689453,138.7908935546875,12557,138.89999389648438,138.85821600889477,138.95001624922608,45.907633664671934,138.86409283820896,good,,,,,
hold,139.0050048828125,138.9149932861328,139.0800018310547,138.91000366210938,16454,139.0050048828125,138.8875737836783,138.95501521591575,49.88647945454416,138.86708052835456,good,,,,,
hold,139.07000732421875,139.0,139.10000610351562,138.97000122070312,9296,139.07000732421875,138.92406049178643,138.9654690439433,52.2289057274654,138.87096836401216,good,,,,,
hold,139.07000732421875,139.1199951171875,139.1199951171875,139.0301055908203,10481,139.07000732421875,138.9532498582729,138.97497252396835,52.2289057274654,138.88593517988383,good,,,,,
hold,138.8699951171875,139.10000610351562,139.14999389648438,138.80999755859375,21358,138.8699951171875,138.93659891005584,138.9654291233519,44.76235316679815,138.88413308028706,good,,,,,
hold,138.61000061035156,138.86500549316406,138.9199981689453,138.60000610351562,24566,138.61000061035156,138.87127925011498,138.93311744035188,37.29807277043336,138.86144826357315,good,,,,,
hold,138.5500030517578,138.625,138.75999450683594,138.5500030517578,17114,138.5500030517578,138.80702401044354,138.89828885957058,35.81391219805707,138.8455731787332,good,,,,,
hold,138.6699981689453,138.61000061035156,138.6699981689453,138.5500030517578,14881,138.6699981689453,138.7796188421439,138.87753516042284,40.88076172428024,138.83774201731316,good,,,,,
hold,138.6750030517578,138.63499450683594,138.67999267578125,138.58999633789062,14642,138.6750030517578,138.75869568406668,138.8591231505442,41.08964504489773,138.82990971267338,good,,,,,
hold,138.69000244140625,138.6750030517578,138.7449951171875,138.60000610351562,17986,138.69000244140625,138.7449570355346,138.84374854062256,41.753856659081634,138.81241348018463,good,,,,,
hold,138.69000244140625,138.7100067138672,138.72999572753906,138.6699981689453,10204,138.69000244140625,138.73396611670896,138.82977162251197,41.753856659081634,138.79771784010003,good,,,,,
hold,138.4600067138672,138.69000244140625,138.72000122070312,138.3800048828125,20019,138.4600067138672,138.67917423614062,138.796156630817,34.780174755988526,138.76999216869314,good,,,,,
hold,138.61000061035156,138.4600067138672,138.6199951171875,138.42999267578125,18437,138.61000061035156,138.66533951098282,138.77923335622924,41.62737831226384,138.76594163945146,good,,,,,
hold,138.75,138.60499572753906,138.9149932861328,138.60499572753906,36186,138.75,138.68227160878627,138.77657577839022,47.19936409479653,138.76120804302312,good,,,,,
hold,138.77499389648438,138.74000549316406,138.7899932861328,138.6999969482422,8458,138.77499389648438,138.7008160663259,138.77643197094423,48.15092011676459,138.7576247334969,good,,,,,
hold,138.8300018310547,138.77499389648438,138.8300018310547,138.6999969482422,12948,138.8300018310547,138.72665321927167,138.78130195822698,50.27488372535537,138.7552306540924,good,,,,,
hold,138.90989685058594,138.8300018310547,138.95989990234375,138.8000030517578,12098,138.90989685058594,138.76330194553452,138.79299240298687,53.26913919020162,138.75804626156994,good,,,,,
hold,139.00999450683594,138.83999633789062,139.02999877929688,138.80999755859375,14740,139.00999450683594,138.81264045779483,138.81271986697314,56.78054642931363,138.77146107086023,good,,,,,
buy,138.99000549316406,139.0500030517578,139.1092987060547,138.97000122070312,21090,138.99000549316406,138.84811346486867,138.8288367420814,55.87758911851964,138.77694824644416,good,,,,,
sell,139.02000427246094,139.02999877929688,139.03500366210938,138.9499969482422,12098,139.02000427246094,138.88249162638715,138.84621560847953,56.98320086386337,138.78404269533428,good,,,,,
hold,138.97999572753906,138.99000549316406,139.0399932861328,138.9499969482422,17535,138.97999572753906,138.90199244661753,138.85837743748493,55.00364071214812,138.7900320815755,good,,,,,
hold,139.0,138.99000549316406,139.0399932861328,138.97000122070312,27048,139.0,138.92159395729402,138.8712522158954,55.82987866853173,138.79631034640542,good,,,,,
hold,139.10000610351562,139.0,139.10000610351562,138.98500061035156,46408,139.10000610351562,138.95727638653835,138.89204802386087,59.80364951493111,138.8268409231486,good,,,,,
hold,139.33749389648438,139.0800018310547,139.33749389648438,139.0749969482422,13767,139.33749389648438,139.03331988852756,138.93254310319028,67.322092836282,138.83858550410292,good,,,,,
hold,139.26499938964844,139.30999755859375,139.32000732421875,139.22000122070312,9603,139.26499938964844,139.07965578875172,138.9627664019592,63.42238249680869,138.84784387833807,good,,,,,
hold,139.2550048828125,139.26499938964844,139.30999755859375,139.17999267578125,15862,139.2550048828125,139.11472560756388,138.98933353658225,62.88157944196268,138.88190765026775,good,,,,,
hold,139.3249969482422,139.27999877929688,139.4199981689453,139.2299041748047,22236,139.3249969482422,139.15677987569956,139.0198483921877,65.12437994502802,138.92431834943895,good,,,,,
hold,139.05499267578125,139.35000610351562,139.35899353027344,139.00999450683594,31346,139.05499267578125,139.1364224357159,139.02304332705984,52.05704125567024,138.94491001270302,good,,,,,
hold,139.0449981689453,139.0449981689453,139.08999633789062,138.9600067138672,17316,139.0449981689453,139.11813758236178,139.0250392217767,51.64395715952826,138.95966176545843,good,,,,,
hold,139.17999267578125,139.0500030517578,139.19000244140625,139.00999450683594,19197,139.17999267578125,139.13050860104568,139.03912589941348,56.64786079344047,138.98314826063137,good,,,,,
hold,139.18499755859375,139.125,139.1999969482422,139.125,14709,139.18499755859375,139.1414063925553,139.05238695933895,56.82623849827675,138.99838795897807,good,,,,,
hold,139.07000732421875,139.1699981689453,139.18960571289062,139.03500366210938,13887,139.07000732421875,139.12712657888798,139.05398881069164,51.57544704647708,139.02896816743896,good,,,,,
hold,139.1300048828125,139.08999633789062,139.14999389648438,139.08999633789062,8869,139.1300048828125,139.12770223967289,139.06089936270263,53.96554745091252,139.05193187685546,good,,,,,
hold,139.25999450683594,139.14999389648438,139.2899932861328,139.14500427246094,11261,139.25999450683594,139.1541606931055,139.0789989212602,58.71950416312724,139.0897909604221,good,,,,,
hold,139.10000610351562,139.22999572753906,139.252197265625,138.9600067138672,17313,139.10000610351562,139.14332977518754,139.0809086651016,51.649740672168974,139.09769289022822,good,,,,,
hold,139.19000244140625,139.14999389648438,139.22000122070312,139.13999938964844,9234,139.19000244140625,139.15266430843127,139.09082628112927,54.93650379386858,139.10983643294344,good,,,,,
hold,139.33999633789062,139.1999969482422,139.35499572753906,139.18580627441406,10532,139.33999633789062,139.19013071432315,139.1134781044712,59.836890569545865,139.12351500802518,good,,,,,
hold,139.42999267578125,139.33999633789062,139.47000122070312,139.32000732421875,10058,139.42999267578125,139.23810310661477,139.14225215640846,62.47369099638083,139.13712767706514,good,,,,,
hold,139.4499969482422,139.47000122070312,139.55499267578125,139.3800048828125,17315,139.4499969482422,139.28048187494028,139.17022895566606,63.05431667909043,139.16178128299842,good,,,,,
hold,139.4199981689453,139.42999267578125,139.44000244140625,139.3699951171875,4845,139.4199981689453,139.3083851337413,139.19293524778237,61.517146056251285,139.1705484116819,good,,,,,
hold,139.3350067138672,139.39999389648438,139.42999267578125,139.30999755859375,8074,139.3350067138672,139.3137094497665,139.20585083560826,57.25820758248753,139.1847456193208,good,,,,,
hold,139.2100067138672,139.3350067138672,139.35000610351562,139.2100067138672,5654,139.2100067138672,139.29296890258664,139.2062286427227,51.60005349141577,139.2014612608133,good,,,,,
hold,139.33999633789062,139.2100067138672,139.36000061035156,139.1750030517578,14104,139.33999633789062,139.30237438964744,139.21838934228342,56.42265269116052,139.22567152771651,good,,,,,
hold,139.17999267578125,139.33999633789062,139.36000061035156,139.17999267578125,11189,139.17999267578125,139.2778980468742,139.21489873623776,49.83974161280798,139.21814941056076,good,,,,,
hold,139.22999572753906,139.17999267578125,139.24000549316406,139.1199951171875,12297,139.22999572753906,139.2683175830072,139.21627118999243,51.7349145201818,139.21704433101314,good,,,,,
hold,139.18499755859375,139.2100067138672,139.2100067138672,139.1199951171875,6197,139.18499755859375,139.25165357812452,139.21342813259253,49.90749661923232,139.21402993099008,good,,,,,
hold,138.99000549316406,139.17999267578125,139.1999053955078,138.99000549316406,7361,138.99000549316406,139.19932396113245,139.19311698355358,42.84496071189451,139.19761367913588,good,,,,,
hold,139.06500244140625,139.00999450683594,139.10499572753906,138.99009704589844,9006,139.06500244140625,139.17245965718723,139.18147020699473,46.00959000451882,139.21195712476697,good,,,,,
hold,138.98500061035156,139.11000061035156,139.11000061035156,138.9600067138672,10598,138.98500061035156,139.13496784782012,139.1636093345726,43.25804736768235,139.2141482665768,good,,,,,
hold,139.08999633789062,138.98500061035156,139.16000366210938,138.98500061035156,9871,139.08999633789062,139.12597354583423,139.15691724396515,47.68035598786254,139.21146517537184,good,,,,,
hold,139.0050048828125,139.08999633789062,139.08999633789062,138.96499633789062,14206,139.0050048828125,139.10177981322988,139.1431070293149,44.64698696873174,139.19945946085258,good,,,,,
hold,139.0850067138672,139.0449981689453,139.10000610351562,139.01010131835938,7349,139.0850067138672,139.09842519335734,139.13782518245603,48.00045845650738,139.20411817905102,good,,,,,
hold,139.06500244140625,139.11000061035156,139.14999389648438,139.05499267578125,10933,139.06500244140625,139.09174064296712,139.1312049332697,47.22994834863341,139.19995398412374,good,,,,,
hold,139.22999572753906,139.05999755859375,139.22999572753906,139.05999755859375,15104,139.22999572753906,139.11939165988153,139.1401859145669,53.81503864122904,139.19890131496206,good,,,,,
hold,139.22000122070312,139.21499633789062,139.23989868164062,139.1999969482422,4812,139.22000122070312,139.13951357204584,139.14744185148837,53.38049183107994,139.20802738252905,good,,,,,
buy,139.26499938964844,139.1999969482422,139.26499938964844,139.1999969482422,10814,139.26499938964844,139.16461073556638,139.158128900412,55.13695797903782,139.21193383968648,neutral,,,,,
sell,139.25779724121094,139.27000427246094,139.32000732421875,139.24000549316406,11097,139.25779724121094,139.18324803669532,139.16718965866644,54.78119926898847,139.2077532774497,good,,,,,
hold,139.2198944091797,139.2550048828125,139.2550048828125,139.16000366210938,7090,139.2198944091797,139.1905773111922,139.17198099962218,52.848605612882864,139.19689410868895,good,,,,,
hold,139.0279998779297,139.18499755859375,139.19000244140625,138.99000549316406,9691,139.0279998779297,139.15806182453971,139.15889180674102,44.3231886137429,139.16526256528644,good,,,,,
hold,139.08999633789062,139.02000427246094,139.11000061035156,138.97999572753906,12122,139.08999633789062,139.1444487272099,139.15262858230008,47.28208204907119,139.15439764615328,good,,,,,
hold,139.14999389648438,139.1199951171875,139.19500732421875,139.11000061035156,5219,139.14999389648438,139.1455577610648,139.15238906540773,50.04872380721735,139.14679048497203,good,,,,,
hold,139.05499267578125,139.1649932861328,139.1699981689453,139.02999877929688,4802,139.05499267578125,139.1274447440081,139.14353484816897,45.93775018601573,139.14267292898938,good,,,,,
hold,139.11000061035156,139.05499267578125,139.11000061035156,138.97999572753906,8066,139.11000061035156,139.1239559172768,139.14048628109467,48.57185688059828,139.12645250837608,good,,,,,
hold,139.10000610351562,139.11000061035156,139.1300048828125,139.07000732421875,4750,139.10000610351562,139.11916595452456,139.1368062649511,48.11316203347182,139.1224572421954,good,,,,,
hold,139.19000244140625,139.05999755859375,139.22500610351562,139.02499389648438,12953,139.19000244140625,139.13333325190092,139.14164228099247,52.466175995814304,139.11999907184423,good,,,,,
hold,139.16000366210938,139.14999389648438,139.19000244140625,139.11000061035156,7099,139.16000366210938,139.13866733394264,139.14331149745766,50.93230232785835,139.1193496726538,good,,,,,
hold,139.1699981689453,139.16600036621094,139.17999267578125,139.13499450683594,4694,139.1699981689453,139.14493350094318,139.145737558502,51.44165260627931,139.12594981103504,good,,,,,
buy,139.19000244140625,139.17999267578125,139.24000549316406,139.1649932861328,8254,139.19000244140625,139.15394728903578,139.149761638766,52.50437671625539,139.1319522531707,neutral,,,,,
sell,139.16000366210938,139.1699981689453,139.1699981689453,139.1300048828125,2795,139.16000366210938,139.1551585636505,139.15069273179722,50.711985705190415,139.14147815389677,neutral,,,,,
hold,139.16619873046875,139.13999938964844,139.23800659179688,139.0500030517578,11744,139.16619873046875,139.15736659701415,139.1521023680401,51.0833678348119,139.14607794108446,good,,,,,
hold,139.2050018310547,139.2100067138672,139.30999755859375,139.2050018310547,8695,139.2050018310547,139.16689364382228,139.15691141013232,53.44934467801277,139.1610492772047,good,,,,,
hold,139.14500427246094,139.19140625,139.19500732421875,139.1199951171875,4233,139.14500427246094,139.16251576955003,139.15582894307127,49.465450942374936,139.16402513475737,good,,,,,
hold,139.22000122070312,139.1300048828125,139.22000122070312,139.11000061035156,10251,139.22000122070312,139.17401285978065,139.16166278649234,54.07356087557488,139.17410777141583,good,,,,,
hold,139.33999633789062,139.19500732421875,139.33999633789062,139.19500732421875,12704,139.33999633789062,139.20720955540264,139.1778749275285,60.30979541355059,139.1819115621266,good,,,,,
hold,139.28500366210938,139.34500122070312,139.34500122070312,139.27000427246094,6201,139.28500366210938,139.222768376744,139.18761390339952,56.52186403307612,139.1847043317955,good,,,,,
hold,139.19000244140625,139.2799072265625,139.28500366210938,139.13999938964844,10811,139.19000244140625,139.21621518967646,139.1878310432183,50.60835229752688,139.1797369285664,good,,,,,
hold,139.1750030517578,139.18499755859375,139.18499755859375,139.1750030517578,2469,139.1750030517578,139.20797276209274,139.18666486217643,49.72380226537077,139.17405983208445,good,,,,,
hold,139.25,139.1999969482422,139.25,139.1699981689453,11402,139.25,139.2163782096742,139.19242260197856,54.04848931859568,139.17746269857477,good,,,,,
hold,139.2449951171875,139.25,139.27999877929688,139.1999969482422,4951,139.2449951171875,139.22210159117685,139.197201921543,53.71641576320935,139.1890231641548,good,,,,,
hold,139.1999969482422,139.22999572753906,139.25999450683594,139.1999969482422,7113,139.1999969482422,139.21768066258994,139.1974560148793,50.70030742532198,139.19759158442065,good,,,,,
hold,139.25999450683594,139.22000122070312,139.27999877929688,139.21499633789062,9279,139.25999450683594,139.22614343143914,139.2031413323299,54.37848767746505,139.20299036203886,good,,,,,
hold,139.2899932861328,139.25999450683594,139.3000030517578,139.22999572753906,7785,139.2899932861328,139.23891340237788,139.2110369644938,56.140493057460965,139.21187363587407,good,,,,,
hold,139.25999450683594,139.3000030517578,139.3000030517578,139.1999969482422,9386,139.25999450683594,139.24312962326948,139.21548765016124,53.89867518970245,139.21995498638535,good,,,,,
hold,139.22999572753906,139.22999572753906,139.22999572753906,139.13999938964844,6891,139.22999572753906,139.2405028441234,139.2168065662865,51.67638429755188,139.2239556622411,good,,,,,
hold,139.3249969482422,139.19500732421875,139.33560180664062,139.1699981689453,7391,139.3249969482422,139.25740166494717,139.2266420555552,57.63373636110869,139.23165340865566,good,,,,,
hold,139.27000427246094,139.3249969482422,139.3249969482422,139.25,4358,139.27000427246094,139.25992218644993,139.2305840752739,53.52058188505739,139.2361167070183,good,,,,,
hold,139.2899932861328,139.26100158691406,139.32000732421875,139.26100158691406,8671,139.2899932861328,139.26593640638652,139.2359849126247,54.783758002914496,139.2411205956762,good,,,,,
hold,139.32000732421875,139.27000427246094,139.3699951171875,139.25999450683594,22911,139.32000732421875,139.27675058995297,139.2436233136787,56.68718985750099,139.25423098130662,good,,,,,
hold,139.27999877929688,139.3300018310547,139.3300018310547,139.27999877929688,4434,139.27999877929688,139.27740022782177,139.24693017418943,53.45677265040134,139.25643053730292,good,,,,,
hold,139.25999450683594,139.31500244140625,139.32000732421875,139.2550048828125,4357,139.25999450683594,139.2739190836246,139.24811784079364,51.865278351187264,139.2629750069682,good,,,,,
hold,139.36500549316406,139.25999450683594,139.36500549316406,139.25999450683594,7663,139.36500549316406,139.29213636553249,139.25874399100914,58.799551642776905,139.27085157504192,good,,,,,
hold,139.39990234375,139.3699951171875,139.39990234375,139.35000610351562,8402,139.39990234375,139.313689561176,139.27157656853103,60.81953705050278,139.28050931971438,good,,,,,
hold,139.3699951171875,139.38499450683594,139.4199981689453,139.35000610351562,6625,139.3699951171875,139.32495067237832,139.28052370931798,58.18658036608994,139.28791519460893,good,,,,,
hold,139.3800048828125,139.3800048828125,139.41000366210938,139.3699951171875,4666,139.3800048828125,139.33596151446517,139.28956745236292,58.82900825245282,139.28642611253008,good,,,,,
hold,139.4600067138672,139.40989685058594,139.4600067138672,139.3800048828125,7831,139.4600067138672,139.36077055434558,139.3050619306815,63.63763943207986,139.2951183938087,good,,,,,
hold,139.4250030517578,139.4600067138672,139.47999572753906,139.4199981689453,7269,139.4250030517578,139.37361705382804,139.31596566896116,60.31811304243563,139.30864121505516,good,,,,,
hold,139.3300018310547,139.41000366210938,139.4250030517578,139.3300018310547,8487,139.3300018310547,139.36489400927337,139.31724168369692,52.33846986133212,139.31183902438494,good,,,,,
hold,139.36000061035156,139.32000732421875,139.36000061035156,139.27000427246094,11014,139.36000061035156,139.363915329489,139.32112885884737,54.39034799857498,139.3195861354674,good,,,,,
hold,139.32000732421875,139.35000610351562,139.36000061035156,139.32000732421875,5334,139.32000732421875,139.35513372843496,139.32102690115383,51.22422920230361,139.32191023457668,good,,,,,
hold,139.27999877929688,139.30999755859375,139.30999755859375,139.24000549316406,4676,139.27999877929688,139.34010673860735,139.3172970718941,48.2013884621142,139.3261736611206,good,,,,,
hold,139.2550048828125,139.27000427246094,139.27000427246094,139.24000549316406,10916,139.2550048828125,139.32308636744838,139.31163414561394,46.36080018596277,139.32515018037722,good,,,,,
hold,139.22999572753906,139.27000427246094,139.30999755859375,139.22000122070312,12069,139.22999572753906,139.30446823946653,139.3042124712435,44.528547482436736,139.319795314661,good,,,,,
hold,139.27000427246094,139.24000549316406,139.27999877929688,139.2100067138672,10036,139.27000427246094,139.29757544606542,139.3011026349905,48.064734468072494,139.32017084580244,good,,,,,
buy,139.3800048828125,139.27000427246094,139.39999389648438,139.27000427246094,5919,139.3800048828125,139.31406133341486,139.3082755666107,56.31111970360691,139.32615477752634,neutral,,,,,
sell,139.34500122070312,139.40499877929688,139.40499877929688,139.3300018310547,5684,139.34500122070312,139.32024931087253,139.31161426243727,53.40517290041669,139.32687185702733,neutral,,,,,
hold,139.34500122070312,139.3300018310547,139.36500549316406,139.3300018310547,4562,139.34500122070312,139.32519969283865,139.31464944046144,53.40517290041671,139.3289181844955,good,,,,,
hold,139.3249969482422,139.3300018310547,139.33999633789062,139.2899932861328,9429,139.3249969482422,139.32515914391936,139.31559012298698,51.63893414016161,139.33077015053698,good,,,,,
hold,139.3800048828125,139.3000030517578,139.3800048828125,139.22999572753906,17233,139.3800048828125,139.336128291698,139.32144601024385,55.95284538212935,139.33776253432228,good,,,,,
hold,139.3699951171875,139.36500549316406,139.41000366210938,139.3404998779297,6899,139.3699951171875,139.3429016567959,139.32585956542056,54.99155500366828,139.340770606686,good,,,,,
hold,139.41000366210938,139.3800048828125,139.4199981689453,139.34500122070312,9578,139.41000366210938,139.35632205785862,139.3335090287559,58.09079609373014,139.3469489700384,good,,,,,
hold,139.46499633789062,139.38999938964844,139.46499633789062,139.3800048828125,24174,139.46499633789062,139.37805691386504,139.34546242049544,61.96742201543033,139.36196702800063,good,,,,,
hold,139.4499969482422,139.4499969482422,139.47000122070312,139.4199981689453,6669,139.4499969482422,139.39244492074047,139.3549655593815,60.32827168084164,139.3634655426327,good,,,,,
hold,139.4149932861328,139.46499633789062,139.46499633789062,139.38999938964844,4218,139.4149932861328,139.39695459381895,139.3604226254498,56.5677439520812,139.36445095322043,good,,,,,
hold,139.44500732421875,139.4199981689453,139.4499969482422,139.3800048828125,9530,139.44500732421875,139.4065651398989,139.36811214351968,58.931653007422426,139.36828028759018,good,,,,,
hold,139.52000427246094,139.4600067138672,139.52999877929688,139.4600067138672,6848,139.52000427246094,139.42925296641133,139.38192051887796,64.17815846861102,139.3700565648645,good,,,,,
hold,139.50010681152344,139.52499389648438,139.5511932373047,139.50010681152344,5356,139.50010681152344,139.44342373543375,139.39266472730029,61.91810197983682,139.3717200113429,good,,,,,
hold,139.48500061035156,139.5175018310547,139.5399932861328,139.48500061035156,5463,139.48500061035156,139.45173911041732,139.40105889848675,60.18523863051241,139.3772603036347,good,,,,,
hold,139.52999877929688,139.49000549316406,139.5699005126953,139.47999572753906,14678,139.52999877929688,139.46739104419325,139.41278070583311,63.46526201245709,139.3908263216052,good,,,,,
hold,139.60000610351562,139.54620361328125,139.60000610351562,139.52999877929688,10935,139.60000610351562,139.49391405605775,139.4298011965315,67.89644127592481,139.405242401094,good,,,,,
hold,139.6199951171875,139.6199951171875,139.66439819335938,139.6199951171875,7926,139.6199951171875,139.5191302682837,139.4470915529548,69.05068349306146,139.41740349444447,good,,,,,
hold,139.5800018310547,139.63499450683594,139.67999267578125,139.5500030517578,7759,139.5800018310547,139.5313045808379,139.45917430550932,64.08604471919736,139.43380845613092,good,,,,,
hold,139.4149932861328,139.5800018310547,139.5800018310547,139.4149932861328,6468,139.4149932861328,139.50804232189688,139.45515784920238,48.56970806559488,139.44684406696604,good,,,,,
hold,139.5399932861328,139.40589904785156,139.55999755859375,139.40589904785156,21253,139.5399932861328,139.51443251474407,139.4628701616506,57.05271303077128,139.46654416578284,good,,,,,
hold,139.47000122070312,139.52000427246094,139.52000427246094,139.4499969482422,3617,139.47000122070312,139.50554625593588,139.46351843974625,51.89151457859132,139.46933114778054,good,,,,,
hold,139.49000549316406,139.47999572753906,139.50999450683594,139.4600067138672,10534,139.49000549316406,139.50243810338154,139.46592635369333,53.19476338863378,139.4741179734762,good,,,,,
hold,139.4199981689453,139.50999450683594,139.52000427246094,139.4199981689453,9908,139.4199981689453,139.4859501164943,139.46175106417078,48.26688146290751,139.47438406040334,good,,,,,
hold,139.49000549316406,139.44749450683594,139.5399932861328,139.42999267578125,8147,139.49000549316406,139.48676119182826,139.46431964862472,52.959822002905554,139.4821725665535,good,,,,,
hold,139.51499938964844,139.49000549316406,139.52000427246094,139.49000549316406,4712,139.51499938964844,139.4924088313923,139.4689268978087,54.54519467001776,139.49254412090028,good,,,,,
hold,139.49000549316406,139.51499938964844,139.52499389648438,139.47000122070312,4144,139.49000549316406,139.49192816374668,139.4708431337501,52.63481285046589,139.49713382666323,good,,,,,
hold,139.6699981689453,139.50999450683594,139.6699981689453,139.50999450683594,7763,139.6699981689453,139.5275421647864,139.48894813694966,62.752227259951546,139.50921852647352,good,,,,,
hold,139.72999572753906,139.67799377441406,139.75,139.6300048828125,11733,139.72999572753906,139.56803287733695,139.51086155427595,65.4049262433081,139.53104474775876,good,,,,,
hold,139.69000244140625,139.74000549316406,139.77999877929688,139.69000244140625,10404,139.69000244140625,139.59242679015082,139.5271470894696,62.22378966805879,139.54384728468892,good,,,,,
hold,139.67999267578125,139.69500732421875,139.69500732421875,139.61000061035156,13285,139.67999267578125,139.60993996727692,139.54104214277066,61.41860901140805,139.55688152265776,good,,,,,
hold,139.77000427246094,139.69000244140625,139.77999877929688,139.69000244140625,5402,139.77000427246094,139.64195282831372,139.56185688183342,65.71496898663615,139.56945673577803,good,,,,,
hold,139.72000122070312,139.75,139.75,139.6999969482422,8383,139.72000122070312,139.6575625067916,139.5762336399125,61.61047107788887,139.5784558074929,good,,,,,
hold,139.77000427246094,139.72000122070312,139.77000427246094,139.6999969482422,3146,139.77000427246094,139.68005085992547,139.59384915196236,64.02994798163552,139.58427528086872,good,,,,,
hold,139.72579956054688,139.75,139.78939819335938,139.72000122070312,7471,139.72579956054688,139.68920060004976,139.60584464365186,60.405499627031546,139.59327895861887,good,,,,,
hold,139.69000244140625,139.6999969482422,139.72000122070312,139.69000244140625,2143,139.69000244140625,139.68936096832107,139.61349535253862,57.56383586561343,139.60015889718778,good,,,,,
hold,139.7100067138672,139.69000244140625,139.75999450683594,139.69000244140625,8212,139.7100067138672,139.69349011743031,139.62226911265938,58.7321703737608,139.6057234626048,good,,,,,
hold,139.7100067138672,139.71499633789062,139.74000549316406,139.6999969482422,3484,139.7100067138672,139.6967934367177,139.6302452582237,58.73217037376079,139.60730736385807,good,,,,,
hold,139.67999267578125,139.6999969482422,139.7100067138672,139.6750030517578,5457,139.67999267578125,139.6934332845304,139.63476775072894,56.04710240607732,139.61121642155973,good,,,,,
hold,139.67999267578125,139.66000366210938,139.6999969482422,139.60000610351562,9554,139.67999267578125,139.6907451627806,139.63887910755187,56.04710240607732,139.62335018726205,good,,,,,
hold,139.7550048828125,139.6999969482422,139.75999450683594,139.69500732421875,8408,139.7550048828125,139.703597106787,139.6494359962119,61.189915102602185,139.6430787602564,good,,,,,
hold,139.70010375976562,139.74000549316406,139.77499389648438,139.69000244140625,8306,139.70010375976562,139.70289843738271,139.65404215653496,56.02319388607371,139.650380887182,good,,,,,
hold,139.660400390625,139.660400390625,139.660400390625,139.660400390625,3780,139.660400390625,139.69439882803118,139.65462017781587,52.566394436363694,139.66238898025355,good,,,,,
hold,139.63499450683594,139.64999389648438,139.66000366210938,139.6300048828125,5578,139.63499450683594,139.68251796379215,139.65283602590858,50.42241037942594,139.67850803657643,good,,,,,
hold,139.60499572753906,139.61000061035156,139.6199951171875,139.57000732421875,11475,139.60499572753906,139.66701351654154,139.648486907875,47.936237827342005,139.6833538533993,good,,,,,
hold,139.63999938964844,139.62989807128906,139.64999389648438,139.60000610351562,6229,139.63999938964844,139.6616106911629,139.64771531530894,50.97383493918901,139.6869784180445,good,,,,,
hold,139.77000427246094,139.66990661621094,139.77000427246094,139.66000366210938,11573,139.77000427246094,139.68328940742254,139.65883249323184,60.24989875107836,139.6986864412737,good,,,,,
hold,139.77999877929688,139.7899932861328,139.7899932861328,139.75999450683594,4058,139.77999877929688,139.7026312817974,139.66984761014683,60.86296876120322,139.70241867245653,good,,,,,
hold,139.7949981689453,139.78500366210938,139.80999755859375,139.72000122070312,15661,139.7949981689453,139.721104659227,139.68122493367397,61.81480823181215,139.70982827259354,good,,,,,
hold,139.85499572753906,139.7949981689453,139.85499572753906,139.7899932861328,5522,139.85499572753906,139.74788287288942,139.69702227857078,65.43594700135398,139.71667869864643,good,,,,,
hold,139.82000732421875,139.83999633789062,139.84500122070312,139.7899932861328,6132,139.82000732421875,139.7623077631553,139.70820273726605,61.75789467389462,139.72468722127044,good,,,,,
hold,139.82000732421875,139.86990356445312,139.86990356445312,139.8065948486328,7262,139.82000732421875,139.773847675368,139.7183667906254,61.75789467389462,139.72784169676348,good,,,,,
hold,139.875,139.82000732421875,139.88999938964844,139.81500244140625,14196,139.875,139.7940781402944,139.7326061732958,65.31200424961081,139.74243587059402,good,,,,,
hold,139.8249969482422,139.86000061035156,139.8800048828125,139.80999755859375,4979,139.8249969482422,139.80026190188397,139.74100533465457,59.86407293211071,139.74460566864954,good,,,,,
hold,139.85000610351562,139.8300018310547,139.85000610351562,139.77000427246094,11013,139.85000610351562,139.8102107422103,139.75091449546008,61.58980100967876,139.75310951399734,good,,,,,
hold,139.8325958251953,139.82000732421875,139.8325958251953,139.75999450683594,6324,139.8325958251953,139.8146877588073,139.75834007089057,59.66644103346399,139.75716738750216,good,,,,,
hold,139.89999389648438,139.82000732421875,139.89999389648438,139.82000732421875,6137,139.89999389648438,139.83174898634277,139.7712176913991,64.31259105889892,139.76531427096302,good,,,,,
hold,139.85000610351562,139.89500427246094,139.89500427246094,139.85000610351562,5907,139.85000610351562,139.83540040977732,139.77838027431878,58.89385675365124,139.76971263202586,good,,,,,
hold,139.8300018310547,139.8800048828125,139.88999938964844,139.8300018310547,7916,139.8300018310547,139.8343206940328,139.78307314311294,56.83025936330239,139.77575507375286,good,,,,,
hold,139.77999877929688,139.8300018310547,139.83999633789062,139.77999877929688,3875,139.77999877929688,139.82345631108564,139.7827936554933,51.93193116777699,139.781789884058,good,,,,,
hold,139.77000427246094,139.77000427246094,139.7899932861328,139.76499938964844,6006,139.77000427246094,139.8127659033607,139.78163098430852,50.98598034717454,139.7828063055919,good,,,,,
hold,139.84500122070312,139.77000427246094,139.84500122070312,139.75999450683594,10141,139.84500122070312,139.8192129668292,139.78739191488984,57.27500139554628,139.7913755804532,good,,,,,
hold,140.11000061035156,139.84500122070312,140.14999389648438,139.84500122070312,36980,140.11000061035156,139.87737049553368,139.8167199781136,71.29192627897757,139.85704512016775,good,,,,,
hold,139.97999572753906,140.08999633789062,140.11000061035156,139.97999572753906,14493,139.97999572753906,139.89789554193476,139.83156322806138,60.76041093098362,139.87246546371554,good,,,,,
hold,139.9600067138672,139.99000549316406,139.9949951171875,139.92999267578125,9546,139.9600067138672,139.91031777632125,139.8432399085892,59.309661707336566,139.89259892077445,good,,,,,
hold,140.0500030517578,139.97000122070312,140.0500030517578,139.97000122070312,8743,140.0500030517578,139.93825483140856,139.86203655796817,63.5315532009208,139.9076124947451,good,,,,,
hold,140.0,140.0283966064453,140.0749969482422,139.9600067138672,7857,140.0,139.95060386512685,139.87457868906196,59.81788437266253,139.91964078341883,good,,,,,
hold,140.07000732421875,139.99000549316406,140.07000732421875,139.94000244140625,12586,140.07000732421875,139.97448455694524,139.89234492862167,63.07246936620704,139.93185873556033,good,,,,,
hold,140.11000061035156,140.07000732421875,140.1300048828125,140.02000427246094,24469,140.11000061035156,140.00158776762652,139.91213180877892,64.82522911364902,139.9628098164043,good,,,,,
hold,140.13999938964844,140.1300048828125,140.14500427246094,140.1199951171875,8966,140.13999938964844,140.0292700920309,139.93284704340343,66.12409469912254,139.97303812890863,good,,,,,
hold,140.1300048828125,140.16000366210938,140.1699981689453,140.1300048828125,7120,140.1300048828125,140.04941705018723,139.95077048334971,65.25948707952061,139.98262244048516,good,,,,,
hold,140.14999389648438,140.1199951171875,140.14999389648438,140.07000732421875,9861,140.14999389648438,140.06953241944666,139.96888170272558,66.2110738339061,139.9956632755354,good,,,,,
hold,140.19000244140625,140.14999389648438,140.25,140.13999938964844,18924,140.19000244140625,140.09362642383857,139.9889835880602,68.09480793745539,140.0199624881968,good,,,,,
hold,140.20989990234375,140.1999969482422,140.2100067138672,140.1699981689453,9469,140.20989990234375,140.1168811195396,140.0090668893587,69.01984345038706,140.03219778220162,good,,,,,
hold,140.27000427246094,140.20989990234375,140.2855987548828,140.19000244140625,11506,140.27000427246094,140.14750575012388,140.03278846964074,71.68996213428724,140.05310666581414,good,,,,,
hold,140.4199981689453,140.3000030517578,140.44000244140625,140.3000030517578,7910,140.4199981689453,140.20200423388818,140.06798935139568,77.01421345655962,140.0719175091404,good,,,,,
hold,140.4149932861328,140.4199981689453,140.49000549316406,140.39999389648438,14111,140.4149932861328,140.2446020443371,140.0995351636445,76.49723925823946,140.0968607693166,good,,,,,
hold,140.38999938964844,140.39999389648438,140.4600067138672,140.3800048828125,18001,140.38999938964844,140.2736815133994,140.12594100237214,73.8318154739957,140.12396540073755,good,,,,,
hold,140.30999755859375,140.39500427246094,140.43499755859375,140.3000030517578,9697,140.30999755859375,140.28094472243828,140.1426734165741,65.91492050984976,140.14047204560967,good,,,,,
hold,140.375,140.36940002441406,140.375,140.27859497070312,4831,140.375,140.29975577795062,140.16379401506737,68.83867976595565,140.15054237705468,good,,,,,
hold,140.4600067138672,140.375,140.48500061035156,140.375,11119,140.4600067138672,140.33180596513395,140.190722442231,72.1973801425208,140.17288250820286,good,,,,,
hold,140.52999877929688,140.47000122070312,140.57000732421875,140.47000122070312,11415,140.52999877929688,140.37144452796656,140.22156574560063,74.62276152424661,140.20161469547895,good,,,,,
hold,140.63999938964844,140.5399932861328,140.65499877929688,140.52999877929688,12752,140.63999938964844,140.42515550030294,140.2596051677868,77.88759651837013,140.24008553433154,good,,,,,
hold,140.65499877929688,140.63999938964844,140.66000366210938,140.6199951171875,6312,140.65499877929688,140.47112415610172,140.29555004156043,78.29760025083468,140.2684538994021,good,,,,,
hold,140.69000244140625,140.64999389648438,140.72000122070312,140.6300048828125,24239,140.69000244140625,140.51489981316263,140.33140935063733,79.2638822507367,140.3233226379082,good,,,,,
hold,140.63499450683594,140.7050018310547,140.72000122070312,140.60000610351562,10925,140.63499450683594,140.5389187518973,140.35900800120083,73.70973345484892,140.34726054144747,good,,,,,
hold,140.77000427246094,140.6199951171875,140.77999877929688,140.6199951171875,13827,140.77000427246094,140.58513585601006,140.39637129858812,77.8180701321879,140.3818263519735,good,,,,,
hold,140.7949981689453,140.77499389648438,140.7949981689453,140.6999969482422,12749,140.7949981689453,140.6271083185971,140.43261010498424,78.48826327262067,140.41886088329622,good,,,,,
hold,140.7100067138672,140.7949981689453,140.7949981689453,140.69000244140625,25191,140.7100067138672,140.6436879976511,140.45782797851905,70.66916629559775,140.47868515420754,good,,,,,
hold,140.72999572753906,140.7100067138672,140.77000427246094,140.7100067138672,6072,140.72999572753906,140.6609495436287,140.48257050115723,71.39102948182985,140.49723003012278,good,,,,,
hold,140.66000366210938,140.74000549316406,140.74000549316406,140.64999389648438,19623,140.66000366210938,140.66076036732483,140.49870078851652,65.32822615329675,140.51969806152027,good,,,,,
hold,140.7050018310547,140.67999267578125,140.72999572753906,140.6699981689453,9868,140.7050018310547,140.66960866007082,140.51745542874724,67.25363787590419,140.5408716098905,good,,,,,
hold,140.77000427246094,140.7100067138672,140.77000427246094,140.6999969482422,16621,140.77000427246094,140.68968778254884,140.54041441453938,69.85765643955541,140.5816472252519,good,,,,,
hold,140.8800048828125,140.7899932861328,140.88999938964844,140.77000427246094,118113,140.8800048828125,140.72775120260158,140.57128627529147,73.67299116074112,140.68787332960366,good,,,,,
hold,140.83999633789062,140.86000061035156,140.9499969482422,140.83999633789062,28227,140.83999633789062,140.7502002296594,140.5957144628005,70.1928958805407,140.71172528445308,good,,,,,
hold,140.97000122070312,140.86000061035156,140.97000122070312,140.83999633789062,13571,140.97000122070312,140.79416042786818,140.62974053170072,74.42110285349406,140.72673474625307,good,,,,,
hold,140.90499877929688,140.9700927734375,140.97999572753906,140.88999938964844,13956,140.90499877929688,140.81632809815392,140.6547640087549,69.1400464247403,140.74452517889327,good,,,,,
hold,140.7899932861328,140.88999938964844,140.88999938964844,140.7899932861328,14018,140.7899932861328,140.8110611357497,140.66705757942563,60.90524717945543,140.76284602023392,good,,,,,
hold,140.86500549316406,140.8000030517578,140.8699951171875,140.77000427246094,7249,140.86500549316406,140.82185000723257,140.68505284431097,63.92343698263554,140.77632677181873,good,,,,,
hold,140.88999938964844,140.8800048828125,140.93499755859375,140.8699951171875,9768,140.88999938964844,140.83547988371575,140.70368434843255,64.89589897900385,140.78423404660217,good,,,,,
hold,141.01780700683594,140.91000366210938,141.0800018310547,140.8800048828125,36235,141.01780700683594,140.8719453083398,140.73224095374195,69.4332665850505,140.81361726804576,good,,,,,
hold,141.03500366210938,141.03500366210938,141.11000061035156,141.02999877929688,8701,141.03500366210938,140.90455697909374,140.75976483632078,69.99523038140438,140.82627308401376,good,,,,,
hold,141.02999877929688,141.03500366210938,141.05999755859375,141.02000427246094,12277,141.02999877929688,140.92964533913437,140.78433155840952,69.59420946471604,140.83823872807386,good,,,,,
hold,141.06500244140625,141.02000427246094,141.0800018310547,141.02000427246094,5795,141.06500244140625,140.95671675958874,140.8098470932274,70.85200907813405,140.84430888660327,good,,,,,
hold,141.13099670410156,141.07139587402344,141.14999389648438,141.0635986328125,11069,141.13099670410156,140.9915727484913,140.83904251239778,73.11048520821745,140.86186250754758,good,,,,,
hold,141.09500122070312,141.1300048828125,141.1898956298828,141.09500122070312,19819,141.09500122070312,141.01225844293367,140.86231148588007,69.92787309929946,140.87948914116754,good,,,,,
hold,141.1199951171875,141.11000061035156,141.1699981689453,141.08999633789062,9399,141.1199951171875,141.03380577778444,140.88573727054438,70.87591382057295,140.8889648227114,good,,,,,
hold,141.05999755859375,141.08999633789062,141.11000061035156,141.05999755859375,12026,141.05999755859375,141.0390441339463,140.9015791149125,65.53494456356309,140.89715103227627,good,,,,,
hold,141.17999267578125,141.05999755859375,141.17999267578125,141.05999755859375,11631,141.17999267578125,141.0672338423133,140.92688943862782,70.34770646296454,140.91799293771442,good,,,,,
hold,141.01499938964844,141.18499755859375,141.18499755859375,140.9810028076172,16174,141.01499938964844,141.05678695178034,140.93489943417515,58.29386149647431,140.92486993932238,good,,,,,
hold,141.0050048828125,140.97999572753906,141.02000427246094,140.9499969482422,10264,141.0050048828125,141.0464305379868,140.94127265677855,57.64946859540619,140.940515140145,good,,,,,
hold,140.9149932861328,141.0,141.0500030517578,140.9149932861328,18713,140.9149932861328,141.02014308761602,140.93888362308346,52.06716289196456,140.94520602662092,good,,,,,
hold,140.90499877929688,140.9149932861328,140.9499969482422,140.89999389648438,11671,140.90499877929688,140.9971142259522,140.93580318273922,51.47118511925815,140.9514908745981,good,,,,,
hold,140.83999633789062,140.90499877929688,140.94000244140625,140.8300018310547,29555,140.83999633789062,140.9656906483399,140.92709346957116,47.6509450965146,140.9686448071026,good,,,,,
hold,140.77999877929688,140.82000732421875,140.8695068359375,140.77999877929688,10139,140.77999877929688,140.92855227453128,140.91372122500078,44.37698860560961,140.97473876258437,good,,,,,
hold,140.82949829101562,140.7899932861328,140.8300018310547,140.7700958251953,11222,140.82949829101562,140.90874147782816,140.90606459463848,47.57716493659498,140.96914097299168,good,,,,,
hold,140.7926025390625,140.8000030517578,140.83999633789062,140.7700958251953,12354,140.7926025390625,140.88551369007504,140.89574986231338,45.47691702826622,140.96451715257533,good,,,,,
hold,140.77499389648438,140.7899932861328,140.82989501953125,140.77000427246094,5531,140.77499389648438,140.8634097313569,140.88477204723802,44.46800376607083,140.96970359145465,good,,,,,
hold,140.84080505371094,140.77000427246094,140.85499572753906,140.7449951171875,14484,140.84080505371094,140.8588887958277,140.88077504782643,49.02018364607568,140.96570105591377,good,,,,,
hold,140.80499267578125,140.85499572753906,140.85499572753906,140.77099609375,5147,140.80499267578125,140.84810957181844,140.8738857412769,46.77324138928612,140.96537882878997,good,,,,,
hold,140.8126983642578,140.80499267578125,140.8126983642578,140.7899932861328,2850,140.8126983642578,140.8410273303063,140.86832325245695,47.33264014760744,140.95560215774591,good,,,,,
hold,140.69000244140625,140.79580688476562,140.79580688476562,140.69000244140625,5712,140.69000244140625,140.81082235252632,140.85211226963415,40.10504448781472,140.9462396536362,good,,,,,
hold,140.6300048828125,140.6300048828125,140.6300048828125,140.6300048828125,8268,140.6300048828125,140.77465885858356,140.831920689014,37.12013735417659,140.93052533766712,good,,,,,
hold,140.59500122070312,140.6300048828125,140.64999389648438,140.58999633789062,9394,140.59500122070312,140.73872733100748,140.8103825555312,35.461857263349245,140.91382677775798,good,,,,,
hold,140.60000610351562,140.59100341796875,140.61000061035156,140.57000732421875,15206,140.60000610351562,140.71098308550913,140.79125742352977,35.902770043138275,140.8838725239532,good,,,,,
hold,140.59500122070312,140.60000610351562,140.6199951171875,140.57000732421875,12927,140.59500122070312,140.68778671254793,140.77341595054554,35.64055034763496,140.84983847968388,good,,,,,
hold,140.6999969482422,140.60000610351562,140.72959899902344,140.60000610351562,15140,140.6999969482422,140.6902287596868,140.76674149579068,44.7561219486839,140.8296721974202,good,,,,,
hold,140.7100067138672,140.6999969482422,140.74000549316406,140.69110107421875,26283,140.7100067138672,140.69418435052287,140.76158378834307,45.54793544619032,140.80626151253034,good,,,,,
hold,140.77999877929688,140.69000244140625,140.80999755859375,140.6699981689453,70989,140.77999877929688,140.71134723627767,140.76325787842978,50.8525002122425,140.78635518405684,good,,,,,
hold,140.77999877929688,140.8000030517578,140.80999755859375,140.72999572753906,11504,140.77999877929688,140.72507754488151,140.7647797785086,50.8525002122425,140.77408520308515,good,,,,,
hold,140.75999450683594,140.77999877929688,140.7899932861328,140.75,3628,140.75999450683594,140.7320609372724,140.7643447538111,49.26179765272448,140.76603351116646,good,,,,,
hold,140.6699981689453,140.75,140.75,140.6699981689453,9313,140.6699981689453,140.719648383607,140.75576779155057,42.77859047388004,140.7533948343606,good,,,,,
hold,140.6199951171875,140.6999969482422,140.6999969482422,140.6199951171875,8185,140.6199951171875,140.6997177303231,140.74342482115392,39.65580086321543,140.7434541180152,good,,,,,
hold,140.52000427246094,140.64500427246094,140.64500427246094,140.52000427246094,9520,140.52000427246094,140.66377503875069,140.72311386218183,34.26862295413055,140.72485582738315,good,,,,,
hold,140.48939514160156,140.53500366210938,140.53500366210938,140.4199981689453,6037,140.48939514160156,140.62889905932087,140.70186670576544,32.79969711448395,140.71734496043317,good,,,,,
hold,140.4499969482422,140.4499969482422,140.50929260253906,140.44000244140625,10176,140.4499969482422,140.59311863710514,140.6789694550815,30.96012860710954,140.70219495720505,good,,,,,
hold,140.40499877929688,140.47500610351562,140.47999572753906,140.375,8470,140.40499877929688,140.55549466554348,140.65406303001018,28.96219598191284,140.6881507049399,good,,,,,
hold,140.34500122070312,140.3800048828125,140.4199981689453,140.32009887695312,9653,140.34500122070312,140.5133959765754,140.62596650189136,26.50608964762501,140.67372334226644,good,,,,,
hold,140.26499938964844,140.34500122070312,140.34500122070312,140.25999450683594,7600,140.26499938964844,140.46371665919,140.59315130986926,23.62865357294163,140.65213634861615,good,,,,,
hold,140.2700958251953,140.26499938964844,140.35000610351562,140.25999450683594,13834,140.2700958251953,140.42499249239108,140.56378262944435,24.19322556834741,140.62919659623913,good,,,,,
hold,140.360107421875,140.32000732421875,140.3800048828125,140.27999877929688,7117,140.360107421875,140.41201547828786,140.5452667014835,33.538190173513044,140.6201315904657,good,,,,,
hold,140.36000061035156,140.3699951171875,140.38999938964844,140.36000061035156,4646,140.36000061035156,140.4016125047006,140.52842432956243,33.53290760446433,140.61413035550288,good,,,,,
hold,140.35000610351562,140.3699951171875,140.3800048828125,140.35000610351562,7320,140.35000610351562,140.39129122446363,140.5122044908309,33.00898673761651,140.60639594084972,good,,,,,
hold,140.3437957763672,140.36500549316406,140.37989807128906,140.2899932861328,8526,140.3437957763672,140.38179213484435,140.4968946076978,32.66744215044811,140.59838355707183,good,,,,,
hold,140.29379272460938,140.3300018310547,140.3300018310547,140.27499389648438,6498,140.29379272460938,140.36419225279735,140.4784308001443,29.97787282956768,140.59059735504607,good,,,,,
hold,140.27000427246094,140.27999877929688,140.27999877929688,140.24000549316406,16540,140.27000427246094,140.34535465673008,140.45948293399127,28.764541465444864,140.57006107298005,good,,,,,
hold,140.19000244140625,140.26499938964844,140.26499938964844,140.17999267578125,8683,140.19000244140625,140.31428421366533,140.43498470739263,25.087087228942394,140.54936628726634,good,,,,,
hold,140.22999572753906,140.18499755859375,140.24000549316406,140.18499755859375,8473,140.22999572753906,140.29742651644008,140.41634934558775,29.911125600428804,140.52009806645404,good,,,,,
hold,140.25,140.22999572753906,140.28500366210938,140.21009826660156,13630,140.25,140.28794121315207,140.40122667780705,32.26083556882924,140.39670158939612,good,,,,,
hold,140.22999572753906,140.26499938964844,140.3000030517578,140.1999969482422,9160,140.22999572753906,140.27635211602947,140.3856602277827,31.13669063162104,140.36316387906936,good,,,,,
hold,140.13999938964844,140.22500610351562,140.22999572753906,140.13999938964844,6624,140.13999938964844,140.24908157075328,140.3633274243159,26.639338495911502,140.34695353438195,good,,,,,
hold,140.3800048828125,140.13999938964844,140.40499877929688,140.13999938964844,16535,140.3800048828125,140.27526623316513,140.3648435569065,48.14861598879145,140.33380366478306,good,,,,,
hold,140.39999389648438,140.38499450683594,140.44000244140625,140.38499450683594,9791,140.39999389648438,140.30021176582898,140.36803904232266,49.47724721664725,140.32483061198326,good,,,,,
hold,140.41000366210938,140.44000244140625,140.4550018310547,140.41000366210938,10397,140.41000366210938,140.32217014508507,140.37185400775783,50.16588067163236,140.31970431898034,good,,,,,
hold,140.47959899902344,140.4199981689453,140.54989624023438,140.4199981689453,9571,140.47959899902344,140.35365591587276,140.38164900696378,54.780807611553854,140.32232240019647,good,,,,,
hold,140.50999450683594,140.4600067138672,140.5800018310547,140.4600067138672,11224,140.50999450683594,140.38492363406542,140.39331677967942,56.668185499796046,140.3264770515666,good,,,,,
buy,140.59500122070312,140.52499389648438,140.60000610351562,140.52000427246094,8252,140.59500122070312,140.42693915139296,140.4116517288634,61.507072798739244,140.33446772733893,good,,,,,
sell,140.6199951171875,140.60000610351562,140.6199951171875,140.57000732421875,10316,140.6199951171875,140.46555034455187,140.43059203689288,62.82167359267303,140.34907111930983,good,,,,,
hold,140.5800018310547,140.60499572753906,140.60499572753906,140.57000732421875,12615,140.5800018310547,140.48844064185243,140.44417474545304,59.330064777437855,140.36685385026664,good,,,,,
hold,140.6699981689453,140.61000061035156,140.69000244140625,140.60000610351562,14048,140.6699981689453,140.52475214727102,140.4647041475887,64.15769934599317,140.39484421816735,good,,,,,
hold,140.7949981689453,140.69000244140625,140.7949981689453,140.67999267578125,9592,140.7949981689453,140.57880135160588,140.49473087680292,69.56207796150613,140.4150253992279,good,,,,,
hold,140.91000366210938,140.8300018310547,140.9199981689453,140.82000732421875,11354,140.91000366210938,140.64504181370657,140.53248294819443,73.51836615320727,140.44311842556738,good,,,,,
hold,141.05999755859375,140.89999389648438,141.05999755859375,140.89999389648438,17902,141.05999755859375,140.728032962684,140.5804388218671,77.60657543200344,140.49647890923538,good,,,,,
hold,141.10800170898438,141.08999633789062,141.16839599609375,141.07000732421875,14557,141.10800170898438,140.8040267119441,140.6283990843323,78.7378929879466,140.54167568188436,good,,,,,
hold,141.16000366210938,141.13999938964844,141.2100067138672,141.13499450683594,14099,141.16000366210938,140.87522210197716,140.67672677322113,79.92127688287525,140.58593526737806,good,,,,,
hold,141.13999938964844,141.16000366210938,141.1699981689453,141.11500549316406,10978,141.13999938964844,140.92817755951145,140.71884246562362,78.12004498774752,140.635575148635,good,,,,,
hold,141.3699951171875,141.13499450683594,141.3800048828125,141.13499450683594,32324,141.3699951171875,141.01654107104665,140.77803816122034,82.89364809422493,140.74537501850702,good,,,,,
hold,141.33920288085938,141.3699951171875,141.39999389648438,141.3000030517578,22051,141.33920288085938,141.08107343300918,140.82905313573298,80.36565142036055,140.81126177016768,good,,,,,
hold,141.33999633789062,141.3300018310547,141.3800048828125,141.32000732421875,28248,141.33999633789062,141.13285801398547,140.8755025177473,80.38225383366708,140.89202937684638,good,,,,,
hold,141.3000030517578,141.32000732421875,141.32000732421875,141.25,13159,141.3000030517578,141.16628702153994,140.9140934753846,76.85470103854391,140.93233707230155,good,,,,,
hold,141.27999877929688,141.3000030517578,141.3350067138672,141.27999877929688,9533,141.27999877929688,141.18902937309133,140.94735759392205,75.07986922500864,140.96221954793435,good,,,,,
hold,141.35499572753906,141.27000427246094,141.38999938964844,141.2449951171875,14390,141.35499572753906,141.2222226439809,140.98441560606904,77.20520687703176,141.01594287771275,good,,,,,
hold,141.44149780273438,141.35000610351562,141.4499969482422,141.3300018310547,16589,141.44149780273438,141.2660776757316,141.0259685330386,79.38869451473903,141.0608959411724,good,,,,,
hold,141.36000061035156,141.43649291992188,141.44000244140625,141.33999633789062,15373,141.36000061035156,141.2848622626556,141.0563350855216,72.35646217835318,141.09927008856738,good,,,,,
hold,141.2949981689453,141.37989807128906,141.38999938964844,141.2899932861328,15255,141.2949981689453,141.28688944391354,141.0780317294692,67.24039201676334,141.1288093895794,good,,,,,
hold,141.1999969482422,141.27999877929688,141.27999877929688,141.18499755859375,13685,141.1999969482422,141.26951094477928,141.08911947663034,60.50678947886565,141.15483390319736,good,,,,,
hold,141.14999389648438,141.18499755859375,141.21499633789062,141.14999389648438,11726,141.14999389648438,141.2456075351203,141.0946535147989,57.25669826152299,141.169658706076,good,,,,,
hold,141.19000244140625,141.16000366210938,141.1999969482422,141.1300048828125,15426,141.19000244140625,141.2344865163775,141.10332159903592,59.14752087034256,141.18878326838322,good,,,,,
hold,141.16009521484375,141.1699981689453,141.27000427246094,141.16000366210938,16274,141.16009521484375,141.21960825607076,141.10848283683663,57.11361686638222,141.21156833312102,good,,,,,
hold,141.22999572753906,141.19000244140625,141.22999572753906,141.16000366210938,10849,141.22999572753906,141.22168575036443,141.11952946326412,60.52987957530793,141.23648471301271,good,,,,,
hold,141.19000244140625,141.1916046142578,141.1916046142578,141.19000244140625,17071,141.19000244140625,141.2153490885728,141.12593609764068,57.69794263013356,141.2472103329331,good,,,,,
hold,141.13999938964844,141.19000244140625,141.21499633789062,141.1300048828125,13630,141.13999938964844,141.20027914878793,141.1272145787323,54.278645255990334,141.25453691968147,good,,,,,
hold,141.0749969482422,141.1300048828125,141.14999389648438,141.0399932861328,19780,141.0749969482422,141.1752227086788,141.122467521415,50.12041048618723,141.25432566544566,good,,,,,
hold,141.0399932861328,141.0800018310547,141.0800018310547,141.02000427246094,12945,141.0399932861328,141.1481768241696,141.11496986366205,47.98842144463688,141.252332700973,good,,,,,
hold,141.14999389648438,141.05499267578125,141.17999267578125,141.0500030517578,17144,141.14999389648438,141.14854023863256,141.11815386664588,54.533675275982105,141.2509457287425,good,,,,,
hold,141.1300048828125,141.13999938964844,141.16000366210938,140.9499969482422,38746,141.1300048828125,141.14483316746856,141.1192312317519,53.22296566881271,141.24115458055465,good,,,,,
hold,140.9600067138672,141.1300048828125,141.1300048828125,140.86000061035156,39460,140.9600067138672,141.1078678767483,141.10475627558057,43.62073280041454,141.19892568339685,good,,,,,
hold,140.90499877929688,140.9600067138672,140.9600067138672,140.85000610351562,30893,140.90499877929688,141.067294057258,141.08659650319117,41.040540843133336,141.16603987683564,good,,,,,
hold,140.97500610351562,140.90499877929688,141.0500030517578,140.89500427246094,31831,140.97500610351562,141.04883646650953,141.07645192140245,45.46195737307364,141.13662327910708,good,,,,,
hold,140.94000244140625,140.94000244140625,140.99000549316406,140.8800048828125,38313,140.94000244140625,141.0270696614889,141.06404742322096,43.69746857346715,141.11234969418217,good,,,,,
hold,141.0500030517578,140.97000122070312,141.07000732421875,140.94000244140625,61813,141.0500030517578,141.03165633954268,141.06277066217885,50.2342987046773,141.10026610304362,good,,,,,
hold,140.7949981689453,141.0500030517578,141.07989501953125,140.64999389648438,92216,140.7949981689453,140.9843247054232,141.03842770824852,38.9457636403903,141.04012431776314,good,,,,,
hold,140.90499877929688,140.7949981689453,140.9199981689453,140.75999450683594,93587,140.90499877929688,140.96845952019794,141.02629780561654,44.71689490789559,141.00826980128815,good,,,,,
hold,141.19000244140625,140.91000366210938,141.22999572753906,140.88499450683594,115983,141.19000244140625,141.0127681044396,141.04118004523377,56.25456081307005,141.03044662027622,good,,,,,
hold,141.22000122070312,141.19500732421875,141.35000610351562,141.1300048828125,126369,141.22000122070312,141.0542147276923,141.05743651573098,57.265538549921104,141.0548040774985,neutral,,,,,
hold,340.8500061035156,342.70001220703125,342.70001220703125,340.79998779296875,0,340.8500061035156,0.0,0.0,50.0,0.0,bad,2025-08-12 03:45:00+00:00,1.9000244140625,,,
hold,343.3500061035156,342.70001220703125,343.5,342.70001220703125,58627,343.3500061035156,0.0,0.0,50.0,343.3500061035156,good,2025-08-12 03:46:00+00:00,2.275009155273437,,,
hold,343.5,343.3500061035156,343.5,342.6000061035156,23330,343.5,0.0,0.0,50.0,343.3927035864028,neutral,2025-08-12 03:47:00+00:00,1.8166707356770837,,,
hold,343.45001220703125,343.5,343.5,342.5,25435,343.45001220703125,0.0,0.0,50.0,343.40627670884845,good,2025-08-12 03:48:00+00:00,1.6125030517578125,,,
hold,343.1000061035156,343.45001220703125,344.0,343.1000061035156,22560,343.1000061035156,0.0,0.0,50.0,343.3531073474203,good,2025-08-12 03:49:00+00:00,1.470001220703125,,,
hold,343.20001220703125,343.20001220703125,343.45001220703125,343.04998779296875,18469,343.20001220703125,0.0,0.0,50.0,343.3340567134275,good,2025-08-12 03:50:00+00:00,1.2916717529296875,,,
hold,342.8999938964844,342.79998779296875,343.20001220703125,342.54998779296875,30014,342.8999938964844,0.0,0.0,50.0,343.2610443482092,neutral,2025-08-12 03:51:00+00:00,1.2000078473772322,,,
hold,342.29998779296875,342.79998779296875,342.8500061035156,342.04998779296875,11384,342.29998779296875,0.0,0.0,50.0,343.2034069787949,neutral,2025-08-12 03:52:00+00:00,1.1562576293945312,,,
hold,343.1000061035156,342.5,343.1000061035156,342.29998779296875,21738,343.1000061035156,342.8611145019531,0.0,50.0,343.19278228555936,good,2025-08-12 03:53:00+00:00,1.116675482855903,,,
hold,343.79998779296875,343.45001220703125,344.70001220703125,343.29998779296875,32756,343.79998779296875,343.04888916015625,0.0,50.0,343.2741927041646,neutral,2025-08-12 03:54:00+00:00,1.165008544921875,,,
hold,343.3500061035156,343.70001220703125,343.8999938964844,343.20001220703125,16272,343.3500061035156,343.10911254882814,0.0,50.0,343.2789268048774,good,2025-08-12 03:55:00+00:00,1.1227333762428977,,,
hold,343.70001220703125,343.3999938964844,343.8500061035156,343.3500061035156,7887,343.70001220703125,343.2272924804688,0.0,50.0,343.2912971845326,neutral,2025-08-12 03:56:00+00:00,1.0708389282226562,,,
hold,343.3500061035156,343.75,343.95001220703125,343.3500061035156,21089,343.3500061035156,343.2518352050782,0.0,50.0,343.29557301032554,good,2025-08-12 03:57:00+00:00,1.0346210186298077,,,
hold,343.25,343.25,343.25,343.1000061035156,4275,343.25,343.25146816406254,0.0,50.0,343.29490997169466,good,2025-08-12 03:58:00+00:00,0.97857666015625,,,
hold,342.75,343.3999938964844,343.3999938964844,342.75,11271,342.75,343.15117453125004,0.0,63.01362418323878,343.2747803768608,good,2025-08-12 03:59:00+00:00,0.8892887660435268,,,
hold,342.79998779296875,342.95001220703125,342.95001220703125,342.5,13719,342.79998779296875,343.0809371835938,0.0,63.28437861817397,343.2543501752511,good,2025-08-12 04:00:00+00:00,0.732147216796875,,,
hold,343.0,342.95001220703125,343.1000061035156,342.95001220703125,8004,343.0,343.06474974687507,0.0,64.40710602615178,343.24812119136743,bad,2025-08-12 04:01:00+00:00,0.6892918178013393,,,
hold,343.0,343.0,343.1499938964844,342.8500061035156,4562,343.0,343.0517997975001,0.0,64.40710602615178,343.2447055118247,bad,2025-08-12 04:02:00+00:00,0.6392909458705357,,,
hold,343.20001220703125,343.0,343.25,343.0,1446,343.20001220703125,343.0814422794064,0.0,65.62615437617661,343.2445113437347,bad,2025-08-12 04:03:00+00:00,0.5928628104073661,,,
hold,342.75,343.25,343.25,342.29998779296875,21232,342.75,343.0151538235251,0.0,60.59736072711242,343.2148577022227,bad,2025-08-12 04:04:00+00:00,0.6321476527622768,,,
hold,342.45001220703125,342.75,342.75,342.45001220703125,13303,342.45001220703125,342.9021255002264,343.0071454729353,57.43764883216826,343.1871617647898,bad,2025-08-12 04:05:00+00:00,0.6071450369698661,,,
hold,342.29998779296875,342.45001220703125,342.45001220703125,341.70001220703125,31161,342.29998779296875,342.7816979587749,342.94285841112014,55.8687119426734,343.0777427084526,bad,2025-08-12 04:06:00+00:00,0.6000017438616071,,,
hold,341.79998779296875,342.1499938964844,342.29998779296875,341.79998779296875,5424,341.79998779296875,342.58535592561367,342.83896108219733,50.88041588346184,343.02562546262607,good,2025-08-12 04:07:00+00:00,0.5785718645368304,,,
hold,342.04998779296875,341.95001220703125,342.20001220703125,341.79998779296875,7334,342.04998779296875,342.4782822990847,342.767236237722,53.1336156622961,342.96656128522164,good,2025-08-12 04:08:00+00:00,0.49285888671875,,,
hold,342.0,342.0,342.1499938964844,341.8999938964844,26840,342.0,342.3826258392678,342.6974874888382,52.613913809626325,342.8726128784592,good,2025-08-12 04:09:00+00:00,0.4607173374720982,,,
hold,341.70001220703125,342.0,342.0,341.5,9884,341.70001220703125,342.2461031128205,342.60680791776485,49.48575089222567,342.81374432846405,bad,2025-08-12 04:10:00+00:00,0.4607173374720982,,,
hold,341.5,341.6499938964844,341.8500061035156,341.5,8210,341.5,342.0968824902564,342.50618901614985,47.45969554619247,342.76559829251886,bad,2025-08-12 04:11:00+00:00,0.4428601946149553,,,
hold,341.8999938964844,341.70001220703125,342.1000061035156,341.5,7838,341.8999938964844,342.057504771502,342.4510803689075,51.71711011650349,342.76018671772533,neutral,2025-08-12 04:12:00+00:00,0.4678606305803571,,,
hold,342.1499938964844,342.1000061035156,342.20001220703125,341.8999938964844,6836,342.1499938964844,342.0760025964985,342.4237088714145,54.214316227632494,342.7156192069989,good,2025-08-12 04:13:00+00:00,0.4428623744419643,,,
hold,342.0,342.0,342.1499938964844,341.8999938964844,2266,342.0,342.0608020771988,342.3851898831041,52.46117302569382,342.5533265102675,neutral,2025-08-12 04:14:00+00:00,0.4285757882254464,,,
hold,342.20001220703125,341.95001220703125,342.20001220703125,341.95001220703125,6604,342.20001220703125,342.0886441031653,342.36835554891564,54.5708019719424,342.4835367983807,neutral,2025-08-12 04:15:00+00:00,0.4250030517578125,,,
hold,342.3500061035156,342.04998779296875,342.45001220703125,342.04998779296875,2424,342.3500061035156,342.14091650323536,342.3666874175156,56.14261930520191,342.4371306260991,neutral,2025-08-12 04:16:00+00:00,0.4321485246930803,,,
hold,342.25,342.29998779296875,342.3999938964844,342.1499938964844,1707,342.25,342.1627332025883,342.3560794704687,54.78167634393408,342.33642535223885,good,2025-08-12 04:17:00+00:00,0.4321485246930803,,,
hold,342.25,342.25,342.25,342.1499938964844,1573,342.25,342.1801865620706,342.3464358822443,54.78167634393408,342.3153362222216,bad,2025-08-12 04:18:00+00:00,0.3714338030133928,,,
hold,342.25,342.25,342.45001220703125,342.1499938964844,2488,342.25,342.1941492496565,342.33766898385846,54.78167634393408,342.28765498867466,bad,2025-08-12 04:19:00+00:00,0.3714359828404018,,,
hold,341.95001220703125,342.1499938964844,342.3500061035156,341.95001220703125,10235,341.95001220703125,342.1453218411315,342.3024274586924,50.22066801784148,342.22920369157407,bad,2025-08-12 04:20:00+00:00,0.346435546875,,,
hold,342.0,342.0,342.1499938964844,341.8999938964844,1981,342.0,342.1162574729052,342.2749340533567,50.95345713524656,342.1909943890978,bad,2025-08-12 04:21:00+00:00,0.3285784040178571,,,
hold,342.1000061035156,342.25,342.25,342.04998779296875,1233,342.1000061035156,342.11300719902727,342.259031512462,52.4611936302554,342.16862705278214,bad,2025-08-12 04:22:00+00:00,0.3178623744419643,,,
hold,342.79998779296875,342.25,342.79998779296875,342.25,16193,342.79998779296875,342.2504033178156,342.3082093561444,61.4045077892637,342.21588813725003,bad,2025-08-12 04:23:00+00:00,0.350003923688616,,,
buy,342.75,342.79998779296875,342.79998779296875,342.75,11790,342.75,342.3503226542525,342.3483721419495,60.52877012272785,342.18712376837817,excellent,2025-08-12 04:24:00+00:00,0.3178601946149553,,,
hold,343.70001220703125,343.45001220703125,343.79998779296875,343.45001220703125,72984,343.70001220703125,342.6202605648083,342.4712485115024,69.4469821859487,342.6420904495435,bad,2025-08-12 04:25:00+00:00,0.36785888671875,,,
hold,343.54998779296875,343.70001220703125,343.70001220703125,343.54998779296875,10078,343.54998779296875,342.8062060104404,342.5693157189084,66.8772208499878,342.7346945309777,bad,2025-08-12 04:26:00+00:00,0.3357173374720982,,,
hold,343.70001220703125,343.6499938964844,343.79998779296875,343.3999938964844,29272,343.70001220703125,342.9849672497586,342.67210630873774,68.14656776108197,342.87485783316214,bad,2025-08-12 04:27:00+00:00,0.3428584507533482,,,
hold,344.25,343.8500061035156,344.25,343.6499938964844,27969,344.25,343.2379737998069,342.8155511897616,72.33255928111453,343.04711049135017,neutral,2025-08-12 04:28:00+00:00,0.36785888671875,,,
hold,344.0,344.20001220703125,344.25,343.79998779296875,4246,344.0,343.3903790398456,342.9232283543287,67.96064873839617,343.18345024836555,good,2025-08-12 04:29:00+00:00,0.3821454729352678,,,
hold,344.5,344.0,344.8999938964844,344.0,17983,344.5,343.61230323187647,343.06657123120794,71.65116655783925,343.3406304204954,bad,2025-08-12 04:30:00+00:00,0.4178575788225446,,,
hold,344.70001220703125,344.6000061035156,344.79998779296875,344.45001220703125,5539,344.70001220703125,343.82984502690744,343.2150658653737,72.99138940515891,343.43448419815115,bad,2025-08-12 04:31:00+00:00,0.4249986921037946,,,
hold,344.79998779296875,344.6000061035156,344.79998779296875,344.6000061035156,10154,344.79998779296875,344.0238735801197,343.35914967697323,73.66166330650377,343.540795538449,bad,2025-08-12 04:32:00+00:00,0.4321398053850446,,,
hold,344.45001220703125,344.3500061035156,344.5,344.3500061035156,3358,344.45001220703125,344.109101305502,343.4583189978876,67.3596626489081,343.5931148759847,good,2025-08-12 04:33:00+00:00,0.4428514753069196,,,
hold,344.1000061035156,344.5,344.5,344.1000061035156,4210,344.1000061035156,344.10728226510474,343.5166541893083,61.676630482962544,343.6168483965341,good,2025-08-12 04:34:00+00:00,0.4428514753069196,,,
hold,344.0,344.1000061035156,344.1000061035156,343.8500061035156,9019,344.0,344.08582581208384,343.560594717553,60.11597977966223,343.6692646957173,good,2025-08-12 04:35:00+00:00,0.4428514753069196,,,
hold,343.5,343.95001220703125,344.0,343.3999938964844,11876,343.5,343.9686606496671,343.5550861068664,52.907692669261294,343.6739427242226,bad,2025-08-12 04:36:00+00:00,0.4678519112723214,,,
hold,344.25,343.5,344.25,343.5,8816,344.25,344.0249285197337,343.6182600971513,60.54912437785986,343.70271390233387,neutral,2025-08-12 04:37:00+00:00,0.4714246477399553,,,
hold,344.25,344.29998779296875,344.29998779296875,344.04998779296875,1371,344.25,344.069942815787,343.67569099741024,60.54912437785986,343.7143531140069,neutral,2025-08-12 04:38:00+00:00,0.4857112339564732,,,
hold,344.0,344.1000061035156,344.25,344.0,1442,344.0,344.0559542526296,343.70517363400927,56.97509640493638,343.729965160087,good,2025-08-12 04:39:00+00:00,0.4285692487444196,,,
hold,344.1000061035156,344.20001220703125,344.25,344.04998779296875,2041,344.1000061035156,344.0647646228068,343.7410674948735,58.04202602128605,343.8053883162161,good,2025-08-12 04:40:00+00:00,0.4357103620256696,,,
hold,344.1499938964844,344.25,344.25,344.0,1642,344.1499938964844,344.0818104775424,343.7782426222926,58.59473129888858,343.82187737987937,good,2025-08-12 04:41:00+00:00,0.4249965122767857,,,
hold,343.79998779296875,344.1499938964844,344.1499938964844,343.79998779296875,6808,343.79998779296875,344.02544594062766,343.7802194559904,53.30045771986149,343.829564732536,good,2025-08-12 04:42:00+00:00,0.4071393694196428,,,
hold,343.95001220703125,343.79998779296875,344.0,343.79998779296875,2680,343.95001220703125,344.0103591939084,343.7956551606305,55.17021599383682,343.89942200945404,good,2025-08-12 04:43:00+00:00,0.3892822265625,,,
hold,343.8500061035156,344.1000061035156,344.1000061035156,343.79998779296875,5965,343.8500061035156,343.9782885758299,343.80059615543826,53.62879893496671,343.9552516667443,bad,2025-08-12 04:44:00+00:00,0.3464268275669643,,,
hold,343.95001220703125,343.8500061035156,343.95001220703125,343.75,1706,343.95001220703125,343.97263330207016,343.8141794328558,54.98328324051205,344.06729895550274,good,2025-08-12 04:45:00+00:00,0.3357151576450893,,,
hold,343.95001220703125,344.0,344.0,343.95001220703125,928,343.95001220703125,343.9681090830624,343.82652786687174,54.98328324051207,344.0998072808868,good,2025-08-12 04:46:00+00:00,0.3250013078962053,,,
hold,343.79998779296875,343.8999938964844,343.8999938964844,343.70001220703125,2899,343.79998779296875,343.9344848250437,343.8241151328806,52.32419361247655,344.18272698136155,good,2025-08-12 04:47:00+00:00,0.3107169015066964,,,
hold,343.79998779296875,343.8999938964844,343.8999938964844,343.75,1603,343.79998779296875,343.9075854186287,343.8219217383431,52.32419361247655,344.15880152658053,neutral,2025-08-12 04:48:00+00:00,0.2928597586495535,,,
hold,343.5,343.8999938964844,343.8999938964844,343.5,11729,343.5,343.82606833490297,343.7926561257665,47.0476312056666,344.0956998452252,bad,2025-08-12 04:49:00+00:00,0.3035736083984375,,,
hold,343.79998779296875,343.6000061035156,343.95001220703125,343.6000061035156,9041,343.79998779296875,343.82085222651614,343.7933226409667,52.23495555988704,343.99899312084574,neutral,2025-08-12 04:50:00+00:00,0.2928597586495535,,,
hold,343.95001220703125,343.75,343.95001220703125,343.75,1396,343.95001220703125,343.8466842226192,343.8075671469726,54.62872351796273,343.9589529717429,good,2025-08-12 04:51:00+00:00,0.2535749162946428,,,
hold,343.95001220703125,343.75,343.95001220703125,343.75,918,343.95001220703125,343.86734981950167,343.820516697887,54.62872351796274,343.8633882280177,neutral,2025-08-12 04:52:00+00:00,0.2500043596540178,,,
hold,343.95001220703125,343.95001220703125,344.0,343.95001220703125,1619,343.95001220703125,343.88388229700763,343.8322890169001,54.62872351796274,343.84252789328,bad,2025-08-12 04:53:00+00:00,0.2357177734375,,,
hold,344.0,343.95001220703125,344.1499938964844,343.79998779296875,8023,344.0,343.90710583760614,343.8475354699092,55.55564833910405,343.844488246497,bad,2025-08-12 04:54:00+00:00,0.2428610665457589,,,
hold,344.0,344.1499938964844,344.1499938964844,344.0,6970,344.0,343.92568467008493,343.8613958817356,55.55564833910406,343.84092690863054,bad,2025-08-12 04:55:00+00:00,0.2357177734375,,,
hold,343.8999938964844,343.6499938964844,344.0,343.6499938964844,1118,343.8999938964844,343.92054651536483,343.8649047921673,53.04138766751476,343.8932026484427,bad,2025-08-12 04:56:00+00:00,0.2357177734375,,,
hold,343.75,343.95001220703125,343.95001220703125,343.6000061035156,1676,343.75,343.88643721229187,343.85445890197025,49.42821455901,343.8459021512004,bad,2025-08-12 04:57:00+00:00,0.2464316231863839,,,
sell,343.3999938964844,343.6499938964844,343.6499938964844,343.29998779296875,4737,343.3999938964844,343.78914854913035,343.8131439014715,42.20366502610925,343.810323688766,good,2025-08-12 04:58:00+00:00,0.2571454729352678,,,
hold,343.3999938964844,343.3500061035156,343.54998779296875,343.29998779296875,4236,343.3999938964844,343.7113176186012,343.775584810109,42.20366502610925,343.78444512388654,good,2025-08-12 04:59:00+00:00,0.2607160295758928,,,
hold,343.20001220703125,343.3999938964844,343.45001220703125,343.0,18302,343.20001220703125,343.60905653628714,343.72326002801105,38.47699470002115,343.6637979558825,bad,2025-08-12 05:00:00+00:00,0.2892892020089285,,,
hold,343.1000061035156,343.20001220703125,343.25,343.0,10649,343.1000061035156,343.50724644973286,343.6666005803296,36.73030292639103,343.59775955728907,bad,2025-08-12 05:01:00+00:00,0.2892892020089285,,,
hold,343.0,342.95001220703125,343.0,342.79998779296875,10214,343.0,343.40579715978635,343.60600052757235,35.0183361882188,343.5274432687546,bad,2025-08-12 05:02:00+00:00,0.3000052315848214,,,
hold,343.1000061035156,343.1000061035156,343.20001220703125,342.95001220703125,10203,343.1000061035156,343.3446389485322,343.5600010344763,38.12415855804508,343.4792248037798,bad,2025-08-12 05:03:00+00:00,0.2892913818359375,,,
hold,343.3999938964844,343.79998779296875,343.79998779296875,343.1499938964844,8925,343.3999938964844,343.3557099381227,343.54545493102245,46.40000288607212,343.4542543498519,bad,2025-08-12 05:04:00+00:00,0.3071463448660714,,,
hold,344.0,343.3999938964844,344.0,343.3999938964844,1951,344.0,343.48456795049816,343.5867772100204,58.387998365904615,343.4561238433432,bad,2025-08-12 05:05:00+00:00,0.3357173374720982,,,
hold,344.0,344.1499938964844,344.20001220703125,343.8999938964844,8769,344.0,343.5876543603986,343.62434291820034,58.387998365904615,343.4906172871191,bad,2025-08-12 05:06:00+00:00,0.3428606305803571,,,
buy,344.45001220703125,344.1499938964844,344.45001220703125,344.0,20508,344.45001220703125,343.7601259297251,343.6994037626395,65.16497415888713,343.6223151692619,excellent,2025-08-12 05:07:00+00:00,0.3714338030133928,,,
hold,345.3999938964844,344.45001220703125,345.5,344.1000061035156,125764,345.3999938964844,344.088099523077,343.8540028657163,74.57757948452382,344.4593717853738,bad,2025-08-12 05:08:00+00:00,0.4464329310825893,,,
hold,345.20001220703125,345.5,346.5,345.20001220703125,39658,345.20001220703125,344.31048205986787,343.97636735129043,70.27289580217085,344.5972338835787,bad,2025-08-12 05:09:00+00:00,0.5285753522600446,,,
hold,345.29998779296875,345.29998779296875,345.6000061035156,345.0,16068,345.29998779296875,344.5083832064881,344.0966964823521,71.16884504976986,344.65855143893526,bad,2025-08-12 05:10:00+00:00,0.5464324951171875,,,
hold,344.6499938964844,345.25,345.25,344.6499938964844,4458,344.6499938964844,344.53670534448736,344.1469962472732,58.76751810362929,344.66167177139846,good,2025-08-12 05:11:00+00:00,0.5678601946149554,,,
hold,345.20001220703125,344.8500061035156,345.3500061035156,344.8500061035156,3360,345.20001220703125,344.6693667169962,344.2427249708876,64.4177267150805,344.6696863001341,bad,2025-08-12 05:12:00+00:00,0.5857173374720982,,,
hold,344.75,345.1499938964844,345.25,344.75,2791,344.75,344.68549337359696,344.2888408826251,57.4777702218937,344.67419148170575,good,2025-08-12 05:13:00+00:00,0.6035744803292411,,,
hold,344.3999938964844,344.8999938964844,344.8999938964844,344.3999938964844,3393,344.3999938964844,344.6283934781745,344.2989457020669,52.720408976248166,344.68893612648293,good,2025-08-12 05:14:00+00:00,0.6071450369698661,,,
hold,344.5,344.8500061035156,344.8500061035156,344.3999938964844,10806,344.5,344.6027147825396,344.3172233655153,53.89463909698395,344.6979100102709,good,2025-08-12 05:15:00+00:00,0.6214316231863839,,,
hold,344.3999938964844,344.29998779296875,344.5,344.1499938964844,7311,344.3999938964844,344.56217060532856,344.3247479592398,52.49070540076279,344.69381160186026,good,2025-08-12 05:16:00+00:00,0.6250021798270089,,,
hold,344.5,344.3999938964844,344.6000061035156,344.29998779296875,7737,344.5,344.5497364842629,344.3406799629453,53.787134038522616,344.6940689426592,neutral,2025-08-12 05:17:00+00:00,0.6285749162946429,,,
hold,344.79998779296875,344.5,344.79998779296875,344.3999938964844,2815,344.79998779296875,344.59978674600404,344.38243522022015,57.530869577624536,344.71428860640066,bad,2025-08-12 05:18:00+00:00,0.607147216796875,,,
hold,344.70001220703125,344.79998779296875,344.95001220703125,344.70001220703125,2044,344.70001220703125,344.6198318382095,344.4113058553848,55.90542825379599,344.7318296750199,neutral,2025-08-12 05:19:00+00:00,0.5821467808314732,,,
hold,344.3500061035156,344.79998779296875,344.79998779296875,344.3500061035156,7972,344.3500061035156,344.5658666912708,344.4057331506694,50.52358706407803,344.81366252740537,good,2025-08-12 05:20:00+00:00,0.5928584507533482,,,
hold,344.29998779296875,344.3500061035156,344.5,344.29998779296875,1070,344.29998779296875,344.51269091161043,344.3961199363329,49.785985059694205,344.8734937585116,neutral,2025-08-12 05:21:00+00:00,0.5750013078962054,,,
hold,344.1499938964844,344.45001220703125,344.45001220703125,344.1000061035156,5733,344.1499938964844,344.44015150858525,344.3737448418012,47.54439353819205,344.92493965102204,bad,2025-08-12 05:22:00+00:00,0.5000021798270089,,,
hold,344.1499938964844,344.0,344.1499938964844,344.0,4750,344.1499938964844,344.3821199861651,344.3534038467724,47.54439353819205,344.9771946107474,bad,2025-08-12 05:23:00+00:00,0.4178597586495535,,,
hold,344.25,344.04998779296875,344.29998779296875,344.0,593,344.25,344.3556959889321,344.3440034970658,49.30921459568168,345.0263577914624,neutral,2025-08-12 05:24:00+00:00,0.3964298793247768,,,
hold,344.3500061035156,344.25,344.79998779296875,344.25,6226,344.3500061035156,344.3545580118488,344.3445491885612,51.08162964404582,345.0185212484961,neutral,2025-08-12 05:25:00+00:00,0.3892865862165178,,,
hold,344.6499938964844,344.6499938964844,344.70001220703125,344.3999938964844,827,344.6499938964844,344.41364518877594,344.3723168892815,56.04633276964707,345.0500186733473,good,2025-08-12 05:26:00+00:00,0.364286150251116,,,
hold,344.8500061035156,344.6499938964844,344.8500061035156,344.5,3158,344.8500061035156,344.5009173717239,344.4157431814846,59.03175822671935,345.0955225555449,bad,2025-08-12 05:27:00+00:00,0.3535723005022321,,,
hold,344.70001220703125,344.8999938964844,344.95001220703125,344.70001220703125,2374,344.70001220703125,344.5407363387854,344.44158582017064,55.9619870027165,344.80087559218737,good,2025-08-12 05:28:00+00:00,0.3357151576450893,,,
hold,344.54998779296875,344.79998779296875,344.79998779296875,344.54998779296875,1636,344.54998779296875,344.5425866296221,344.45144054497047,52.99362440421014,344.6301536528778,good,2025-08-12 05:29:00+00:00,0.3214285714285714,,,
hold,344.6499938964844,344.75,344.75,344.54998779296875,738,344.6499938964844,344.5640680829946,344.46949084965354,54.71787304788708,344.49545026327485,good,2025-08-12 05:30:00+00:00,0.3107147216796875,,,
hold,344.75,344.54998779296875,344.8500061035156,344.3999938964844,6067,344.75,344.6012544663957,344.4949916815032,56.43866738084357,344.50595870587216,good,2025-08-12 05:31:00+00:00,0.3214285714285714,,,
hold,344.3999938964844,344.6499938964844,344.75,344.3999938964844,1362,344.3999938964844,344.5610023524135,344.4863555192288,49.36769993767817,344.4747716747237,good,2025-08-12 05:32:00+00:00,0.3178580147879464,,,
hold,344.70001220703125,344.3500061035156,344.70001220703125,344.25,2969,344.70001220703125,344.58880432333706,344.50577885448354,54.61646608866017,344.4735223424029,neutral,2025-08-12 05:33:00+00:00,0.3321446010044643,,,
hold,344.6000061035156,344.54998779296875,344.70001220703125,344.54998779296875,754,344.6000061035156,344.5910446793728,344.51434496803193,52.65695059649476,344.4780042998888,bad,2025-08-12 05:34:00+00:00,0.3107190813337053,,,
hold,344.6499938964844,344.6000061035156,344.6499938964844,344.3999938964844,2712,344.6499938964844,344.6028345227951,344.5266766888003,53.55395785368092,344.4813268401305,bad,2025-08-12 05:35:00+00:00,0.3142896379743303,,,
hold,344.6000061035156,344.75,344.75,344.6000061035156,1736,344.6000061035156,344.6022688389392,344.533342999229,52.48307084382944,344.4939807739132,bad,2025-08-12 05:36:00+00:00,0.3000030517578125,,,
hold,344.5,344.70001220703125,344.70001220703125,344.5,1414,344.5,344.58181507115137,344.5303118174809,50.31536698843361,344.4933124759932,good,2025-08-12 05:37:00+00:00,0.3035757882254464,,,
hold,344.3999938964844,344.5,344.6000061035156,344.29998779296875,4990,344.3999938964844,344.545450836218,344.51846473375394,48.172644709319634,344.47083550806025,good,2025-08-12 05:38:00+00:00,0.3035779680524553,,,
sell,344.25,344.20001220703125,344.3500061035156,344.1000061035156,1875,344.25,344.48636066897444,344.4940588488672,45.07232176244694,344.455866654164,good,2025-08-12 05:39:00+00:00,0.2857208251953125,,,
hold,344.1000061035156,344.29998779296875,344.29998779296875,343.95001220703125,4598,344.1000061035156,344.4090897558827,344.45823587201704,42.15087659802166,344.44161156254955,good,2025-08-12 05:40:00+00:00,0.2857186453683035,,,
hold,343.70001220703125,343.95001220703125,343.95001220703125,343.70001220703125,3935,343.70001220703125,344.26727424611244,344.3893064479274,35.53601201777845,344.3942754113269,bad,2025-08-12 05:41:00+00:00,0.2892892020089285,,,
hold,344.3500061035156,343.8500061035156,344.8999938964844,343.8500061035156,19770,344.3500061035156,344.28382061759305,344.38573368934453,49.425507672638254,344.4015219996659,bad,2025-08-12 05:42:00+00:00,0.357145036969866,,,
hold,344.5,344.3500061035156,344.5,344.29998779296875,403,344.5,344.32705649407444,344.39612153576775,51.9958843532737,344.4196391037979,neutral,2025-08-12 05:43:00+00:00,0.353574480329241,,,
hold,344.45001220703125,344.5,344.5,344.3500061035156,680,344.45001220703125,344.3516476366658,344.4010206877008,51.064435874775896,344.42141633320034,neutral,2025-08-12 05:44:00+00:00,0.3500017438616071,,,
hold,344.1000061035156,344.45001220703125,344.45001220703125,344.1000061035156,4412,344.1000061035156,344.3013193300358,344.37365572550215,44.98758119764186,344.40675797085504,neutral,2025-08-12 05:45:00+00:00,0.3428584507533482,,,
hold,344.70001220703125,344.3500061035156,344.79998779296875,344.29998779296875,2092,344.70001220703125,344.38105790543494,344.4033244965502,54.896668743068304,344.41285079319096,neutral,2025-08-12 05:46:00+00:00,0.367856706891741,,,
buy,345.0,344.79998779296875,345.1000061035156,344.79998779296875,5018,345.0,344.504846324348,344.4575677241366,58.88428509997951,344.4353686367196,bad,2025-08-12 05:47:00+00:00,0.3642839704241071,,,
hold,344.75,345.0,345.1000061035156,344.70001220703125,4136,344.75,344.5538770594784,344.4841524764878,54.55551502483284,344.44480874615766,neutral,2025-08-12 05:48:00+00:00,0.382138933454241,,,
hold,344.70001220703125,344.8999938964844,344.8999938964844,344.70001220703125,1658,344.70001220703125,344.583104088989,344.5037760883554,53.70537299763293,344.4483289079315,neutral,2025-08-12 05:49:00+00:00,0.3785661969866071,,,
hold,344.3999938964844,344.70001220703125,344.70001220703125,344.3999938964844,1833,344.3999938964844,344.5464820504881,344.49434134363986,48.7910728708593,344.4450501657334,good,2025-08-12 05:50:00+00:00,0.3892822265625,,,
hold,344.5,344.54998779296875,344.54998779296875,344.3500061035156,796,344.5,344.5371856403905,344.4948557669453,50.41968131276326,344.4181465335392,neutral,2025-08-12 05:51:00+00:00,0.389280046735491,,,
hold,344.5,344.3999938964844,344.6499938964844,344.3999938964844,6178,344.5,344.5297485123124,344.4953234244957,50.41968131276326,344.4255176005004,neutral,2025-08-12 05:52:00+00:00,0.3857073102678571,,,
hold,344.54998779296875,344.5,344.70001220703125,344.3999938964844,1139,344.54998779296875,344.5337963684437,344.5002929125387,51.317220041313554,344.4159181061746,bad,2025-08-12 05:53:00+00:00,0.385709490094866,,,
hold,344.3999938964844,344.5,344.5,344.29998779296875,1334,344.3999938964844,344.50703587405184,344.49117482017016,48.48118607686506,344.4136546708874,good,2025-08-12 05:54:00+00:00,0.378568376813616,,,
sell,344.3500061035156,344.3999938964844,344.45001220703125,344.3500061035156,1187,344.3500061035156,344.4756299199446,344.47834130047426,47.538283418604486,344.40329818919673,good,2025-08-12 05:55:00+00:00,0.3571406773158482,,,
hold,344.20001220703125,344.25,344.25,344.1000061035156,1560,344.20001220703125,344.4205063773619,344.4530386556158,44.72728580656042,344.3937542077535,good,2025-08-12 05:56:00+00:00,0.2892848423549107,,,
hold,344.1499938964844,344.1499938964844,344.29998779296875,344.1499938964844,920,344.1499938964844,344.36640388118644,344.4254891320584,43.79724104823649,344.3882883024406,neutral,2025-08-12 05:57:00+00:00,0.2857121058872768,,,
hold,344.1000061035156,344.1499938964844,344.1499938964844,344.0,4871,344.1000061035156,344.3131243256523,344.3958997658272,42.83853483772251,344.3669032084244,neutral,2025-08-12 05:58:00+00:00,0.2857121058872768,,,
hold,344.25,344.0,344.25,344.0,1279,344.25,344.3004994605219,344.38263615075203,46.614730871711394,344.36793086830465,good,2025-08-12 05:59:00+00:00,0.2785688127790178,,,
hold,344.5,344.1000061035156,344.5,344.1000061035156,1167,344.5,344.3403995684175,344.3933055915928,52.27396474841332,344.3894639708585,neutral,2025-08-12 06:00:00+00:00,0.25714111328125,,,
hold,344.25,344.45001220703125,344.45001220703125,344.25,1614,344.25,344.32231965473403,344.38027781053887,46.91774905983325,344.4295609592978,neutral,2025-08-12 06:01:00+00:00,0.246427263532366,,,
hold,344.3500061035156,344.25,344.5,344.25,484,344.3500061035156,344.32785694449035,344.3775258371731,49.16180619475912,344.46544166715347,bad,2025-08-12 06:02:00+00:00,0.2357134137834821,,,
hold,344.3500061035156,344.3500061035156,344.3500061035156,344.1499938964844,291,344.3500061035156,344.3322867762954,344.37502404320423,49.16180619475912,344.4643274849416,neutral,2025-08-12 06:03:00+00:00,0.235715593610491,,,
hold,344.3500061035156,344.1499938964844,344.3500061035156,344.1499938964844,2029,344.3500061035156,344.33583064173945,344.3727496850507,49.16180619475912,344.4592767168627,bad,2025-08-12 06:04:00+00:00,0.2285723005022321,,,
hold,344.3500061035156,344.29998779296875,344.3500061035156,344.20001220703125,780,344.3500061035156,344.33866573409466,344.3706820867293,49.16180619475912,344.49643350395274,bad,2025-08-12 06:05:00+00:00,0.2250017438616071,,,
hold,344.45001220703125,344.3500061035156,344.45001220703125,344.29998779296875,3935,344.45001220703125,344.360935028682,344.37789391584766,51.89704392638211,344.48201585723695,bad,2025-08-12 06:06:00+00:00,0.2178606305803571,,,
buy,344.6000061035156,344.3999938964844,344.6000061035156,344.20001220703125,3978,344.6000061035156,344.4087492436487,344.39808593290843,55.743117183862296,344.4302808326144,good,2025-08-12 06:07:00+00:00,0.2250017438616071,,,
hold,344.5,344.6000061035156,344.75,344.3999938964844,2548,344.5,344.426999394919,344.40735084809853,52.71668147641181,344.4013600363281,neutral,2025-08-12 06:08:00+00:00,0.232145036969866,,,
hold,344.79998779296875,344.6000061035156,344.8999938964844,344.6000061035156,1064,344.79998779296875,344.50159707452895,344.443045115814,59.7721904219054,344.39953826584144,good,2025-08-12 06:09:00+00:00,0.2535727364676339,,,
hold,344.75,344.6000061035156,344.79998779296875,344.6000061035156,146,344.75,344.5512776596232,344.4709501052855,58.213397562937445,344.4008876557133,neutral,2025-08-12 06:10:00+00:00,0.25,,,
hold,344.75,344.75,344.75,344.75,686,344.75,344.5910221276985,344.4963182775323,58.213397562937445,344.40520595746455,bad,2025-08-12 06:11:00+00:00,0.239286150251116,,,
hold,344.6000061035156,344.75,344.75,344.54998779296875,1929,344.6000061035156,344.592818922862,344.5057444435308,53.36984344509562,344.39883492704496,good,2025-08-12 06:12:00+00:00,0.24285888671875,,,
hold,344.70001220703125,344.6000061035156,344.70001220703125,344.54998779296875,153,344.70001220703125,344.61425757969585,344.5234051493035,55.99857108792071,344.3948892850343,neutral,2025-08-12 06:13:00+00:00,0.2357177734375,,,
hold,344.70001220703125,344.54998779296875,344.70001220703125,344.5,185,344.70001220703125,344.63140850516294,344.5394603363697,55.99857108792071,344.3965006006512,good,2025-08-12 06:14:00+00:00,0.221433367047991,,,
hold,344.6000061035156,344.70001220703125,344.70001220703125,344.6000061035156,105,344.6000061035156,344.6251280248335,344.5449644970193,52.56203984673104,344.3990761976739,bad,2025-08-12 06:15:00+00:00,0.2107195172991071,,,
hold,344.5,344.6000061035156,344.70001220703125,344.5,1144,344.5,344.60010241986686,344.54087681547213,49.30362141014897,344.4136113640197,bad,2025-08-12 06:16:00+00:00,0.2071489606584821,,,
hold,344.5,344.6000061035156,344.6499938964844,344.3500061035156,2044,344.5,344.5800819358936,344.5371607413383,49.30362141014897,344.42738326340447,bad,2025-08-12 06:17:00+00:00,0.2142900739397321,,,
hold,344.5,344.3500061035156,344.5,344.20001220703125,636,344.5,344.5640655487149,344.53378249212574,49.30362141014897,344.49001785478106,bad,2025-08-12 06:18:00+00:00,0.2214311872209821,,,
hold,344.6000061035156,344.5,344.6499938964844,344.3999938964844,2455,344.6000061035156,344.57125365967505,344.5398028204339,52.946779730695546,344.5110971660333,bad,2025-08-12 06:19:00+00:00,0.228574480329241,,,
sell,344.29998779296875,344.3500061035156,344.54998779296875,344.29998779296875,309,344.29998779296875,344.5170004863338,344.5180014543007,42.97033529672981,344.50912536126185,good,2025-08-12 06:20:00+00:00,0.239288330078125,,,
hold,344.1499938964844,344.3999938964844,344.5,344.04998779296875,5172,344.1499938964844,344.443599168364,344.4845462217719,39.01255948270211,344.4612684928832,good,2025-08-12 06:21:00+00:00,0.2428610665457589,,,
hold,344.0,344.0,344.0,343.8500061035156,21355,344.0,344.3548793346912,344.44049656524714,35.492103855304805,344.2689683658993,good,2025-08-12 06:22:00+00:00,0.239288330078125,,,
hold,344.1000061035156,344.0,344.1000061035156,343.95001220703125,5343,344.1000061035156,344.3039046884561,344.4095428869079,39.41746377840455,344.2524252672929,neutral,2025-08-12 06:23:00+00:00,0.2214311872209821,,,
hold,344.20001220703125,343.95001220703125,344.20001220703125,343.95001220703125,912,344.20001220703125,344.28312619217115,344.39049464328275,43.14337389909348,344.2479464643327,bad,2025-08-12 06:24:00+00:00,0.225003923688616,,,
hold,344.25,344.20001220703125,344.25,344.1000061035156,438,344.25,344.27650095373696,344.3777224029843,44.96535242008283,344.24650327768984,good,2025-08-12 06:25:00+00:00,0.2357177734375,,,
hold,344.20001220703125,344.25,344.25,344.04998779296875,929,344.20001220703125,344.2612032043959,344.3615669306249,43.46535643467733,344.230124828958,bad,2025-08-12 06:26:00+00:00,0.2357177734375,,,
hold,344.1000061035156,344.20001220703125,344.20001220703125,344.04998779296875,1499,344.1000061035156,344.22896378421984,344.33778867361497,40.55088589989674,344.19615199034536,bad,2025-08-12 06:27:00+00:00,0.2357177734375,,,
hold,344.29998779296875,344.20001220703125,344.5,344.1499938964844,21891,344.29998779296875,344.24316858596967,344.33435222991983,48.0521191389437,344.2180668207661,neutral,2025-08-12 06:28:00+00:00,0.2500021798270089,,,
hold,344.5,344.3500061035156,344.5,344.3500061035156,864,344.5,344.2945348687757,344.34941111810895,54.26744244141973,344.2125594720226,good,2025-08-12 06:29:00+00:00,0.2571454729352678,,,
hold,344.3500061035156,344.6499938964844,344.6499938964844,344.3500061035156,3274,344.3500061035156,344.3056291157237,344.34946520769137,49.48578840488679,344.21776864654447,good,2025-08-12 06:30:00+00:00,0.2642865862165178,,,
hold,344.5,344.45001220703125,344.5,344.3999938964844,994,344.5,344.344503292579,344.3631501888103,53.86369313875936,344.2165879741661,neutral,2025-08-12 06:31:00+00:00,0.2535727364676339,,,
hold,344.45001220703125,344.45001220703125,344.45001220703125,344.29998779296875,628,344.45001220703125,344.3656050754695,344.3710467359213,52.238813884688994,344.2081559657305,good,2025-08-12 06:32:00+00:00,0.2464316231863839,,,
buy,344.5,344.5,344.5,344.45001220703125,1612,344.5,344.39248406037564,344.38276975992846,53.74161033315025,344.21366096758766,good,2025-08-12 06:33:00+00:00,0.232145036969866,,,
hold,344.3999938964844,344.3500061035156,344.45001220703125,344.29998779296875,236,344.3999938964844,344.3939860275974,344.3843355905245,50.32970723777456,344.21302065010326,neutral,2025-08-12 06:34:00+00:00,0.2250017438616071,,,
hold,344.45001220703125,344.29998779296875,344.45001220703125,344.29998779296875,343,344.45001220703125,344.4051912634842,344.3903061920251,51.972062639850805,344.2135846867222,good,2025-08-12 06:35:00+00:00,0.2035740443638392,,,
hold,344.29998779296875,344.29998779296875,344.45001220703125,344.29998779296875,391,344.29998779296875,344.3841505693811,344.3820954284745,46.95687471020145,344.2094644553328,bad,2025-08-12 06:36:00+00:00,0.1928623744419642,,,
hold,344.3500061035156,344.29998779296875,344.45001220703125,344.04998779296875,6419,344.3500061035156,344.377321676208,344.37917821711454,48.73313173950681,344.2135368752322,bad,2025-08-12 06:37:00+00:00,0.210721697126116,,,
hold,344.5,344.3500061035156,344.54998779296875,344.25,2032,344.5,344.40185734096644,344.39016201555864,53.73631259138882,344.2187239474821,good,2025-08-12 06:38:00+00:00,0.214292253766741,,,
hold,344.6000061035156,344.5,344.6000061035156,344.45001220703125,278,344.6000061035156,344.44148709347627,344.40923875082746,56.76583449364577,344.207644631772,good,2025-08-12 06:39:00+00:00,0.214292253766741,,,
hold,344.5,344.6000061035156,344.6000061035156,344.3999938964844,658,344.5,344.453189674781,344.4174897734795,53.026361803809685,344.2098213309733,neutral,2025-08-12 06:40:00+00:00,0.214292253766741,,,
hold,344.5,344.5,344.6000061035156,344.5,142,344.5,344.4625517398248,344.42499070316313,53.026361803809685,344.2148133988308,neutral,2025-08-12 06:41:00+00:00,0.2107195172991071,,,
hold,344.6499938964844,344.6000061035156,344.6499938964844,344.5,1900,344.6499938964844,344.5000401711567,344.4454455389196,57.85561032588779,344.32142748381153,neutral,2025-08-12 06:42:00+00:00,0.1928623744419642,,,
hold,344.54998779296875,344.6499938964844,344.70001220703125,344.3999938964844,4554,344.54998779296875,344.5100296955191,344.4549493801968,53.87840774641996,344.365911183512,bad,2025-08-12 06:43:00+00:00,0.2000056675502232,,,
hold,344.70001220703125,344.5,344.70001220703125,344.5,2715,344.70001220703125,344.5480261978216,344.47722781899995,58.48860662196581,344.3863444932674,bad,2025-08-12 06:44:00+00:00,0.1928645542689732,,,
hold,344.70001220703125,344.70001220703125,344.70001220703125,344.45001220703125,1611,344.70001220703125,344.5784233996635,344.4974809451846,58.48860662196581,344.39701161758165,bad,2025-08-12 06:45:00+00:00,0.2000078473772321,,,
hold,344.70001220703125,344.45001220703125,344.70001220703125,344.45001220703125,845,344.70001220703125,344.6027411611371,344.51589287807974,58.48860662196581,344.4053133978352,bad,2025-08-12 06:46:00+00:00,0.2035784040178571,,,
hold,344.75,344.79998779296875,345.1499938964844,344.70001220703125,12957,344.75,344.63219292890966,344.5371753437089,60.14643151299126,344.4818358387533,bad,2025-08-12 06:47:00+00:00,0.2321493966238839,,,
hold,345.0,344.95001220703125,345.1499938964844,344.95001220703125,3527,345.0,344.7057543431277,344.57925031246265,67.20129709245828,344.60816033999265,bad,2025-08-12 06:48:00+00:00,0.2464338030133928,,,
hold,345.5,345.1499938964844,345.5,345.0,14091,345.5,344.86460347450225,344.66295482951153,76.25473049529036,344.82199254197747,bad,2025-08-12 06:49:00+00:00,0.2714320591517857,,,
hold,345.54998779296875,345.5,345.6000061035156,345.5,7047,345.54998779296875,345.0016803381956,344.74359418982584,76.94005084705218,344.927985970578,bad,2025-08-12 06:50:00+00:00,0.2678593226841518,,,
hold,345.70001220703125,345.54998779296875,345.70001220703125,345.54998779296875,3825,345.70001220703125,345.1413467119627,344.830541282299,78.90759831890266,344.9793211335323,neutral,2025-08-12 06:51:00+00:00,0.2500021798270089,,,
hold,345.75,345.6499938964844,345.8500061035156,345.6499938964844,6900,345.75,345.26307736957017,344.91412843845364,79.53418705179959,345.0577042500018,bad,2025-08-12 06:52:00+00:00,0.2428610665457589,,,
hold,345.79998779296875,345.75,345.79998779296875,345.6499938964844,2273,345.79998779296875,345.3704594542499,344.9946611070459,80.16863194507769,345.09325673191324,bad,2025-08-12 06:53:00+00:00,0.2428610665457589,,,
hold,346.04998779296875,345.75,346.04998779296875,345.75,17335,346.04998779296875,345.50636512199367,345.09059989667526,83.00603120764013,345.2796768533758,bad,2025-08-12 06:54:00+00:00,0.2500021798270089,,,
hold,345.8999938964844,345.8999938964844,345.8999938964844,345.6000061035156,5088,345.8999938964844,345.58509087689185,345.1641811693852,75.9818471080919,345.3160530119692,neutral,2025-08-12 06:55:00+00:00,0.2750004359654018,,,
hold,345.5,345.8999938964844,345.8999938964844,345.3999938964844,2991,345.5,345.5680727015136,345.19471015398653,61.126570925666414,345.32580181780764,bad,2025-08-12 06:56:00+00:00,0.3000008719308035,,,
hold,345.5,345.5,345.6000061035156,345.5,1499,345.5,345.55445816121085,345.2224637763514,61.126570925666414,345.39651707949264,bad,2025-08-12 06:57:00+00:00,0.2857142857142857,,,
hold,345.5,345.5,345.54998779296875,345.25,2572,345.5,345.5435665289687,345.24769434213766,61.126570925666414,345.4190138553856,good,2025-08-12 06:58:00+00:00,0.2928553989955357,,,
hold,345.5,345.3999938964844,345.5,345.29998779296875,2126,345.5,345.534853223175,345.27063122012515,61.126570925666414,345.42323821198704,neutral,2025-08-12 06:59:00+00:00,0.2892848423549107,,,
hold,345.75,345.75,345.75,345.6000061035156,1524,345.75,345.57788257854,345.3142102001138,66.61391025941374,345.43481120782485,neutral,2025-08-12 07:00:00+00:00,0.2892848423549107,,,
hold,345.8500061035156,345.75,346.0,345.6499938964844,8670,345.8500061035156,345.6323072835351,345.36291891860486,68.52775984822466,345.4706832206759,good,2025-08-12 07:01:00+00:00,0.2821437290736607,,,
hold,345.79998779296875,345.8999938964844,345.95001220703125,345.75,3047,345.79998779296875,345.66584338542185,345.40265245263794,66.47523087315645,345.4950441886478,good,2025-08-12 07:02:00+00:00,0.2678593226841518,,,
hold,345.5,345.6000061035156,345.79998779296875,345.5,1762,345.5,345.6326747083375,345.4115022296709,55.69977921422876,345.53715657540164,bad,2025-08-12 07:03:00+00:00,0.2535727364676339,,,
hold,345.70001220703125,345.70001220703125,345.75,345.5,336,345.70001220703125,345.64614220807624,345.43773040943086,60.31830569722758,345.5604261898254,neutral,2025-08-12 07:04:00+00:00,0.2642865862165178,,,
hold,345.54998779296875,345.5,345.79998779296875,345.5,3721,345.54998779296875,345.6269113250548,345.44793562611613,55.633176955193775,345.5736172845577,bad,2025-08-12 07:05:00+00:00,0.2749982561383928,,,
hold,345.79998779296875,345.5,345.8500061035156,345.5,1444,345.79998779296875,345.6615266186376,345.47994036855727,61.060937056574126,345.58398449441466,good,2025-08-12 07:06:00+00:00,0.2857121058872768,,,
hold,345.75,345.79998779296875,345.79998779296875,345.6499938964844,776,345.75,345.6792212949101,345.50449124414297,59.49367455289405,345.70473857624944,good,2025-08-12 07:07:00+00:00,0.2857121058872768,,,
hold,345.8999938964844,345.6000061035156,345.8999938964844,345.6000061035156,1052,345.8999938964844,345.72337581522504,345.54044603071947,62.5960216343347,345.73529093896155,bad,2025-08-12 07:08:00+00:00,0.2857121058872768,,,
hold,345.8999938964844,345.8500061035156,345.8999938964844,345.79998779296875,843,345.8999938964844,345.7586994314769,345.57313220033444,62.5960216343347,345.7814526796051,bad,2025-08-12 07:09:00+00:00,0.2607138497488839,,,
hold,345.8500061035156,345.8999938964844,345.8999938964844,345.70001220703125,1085,345.8500061035156,345.7769607658846,345.5983025551691,60.796303662161534,345.8062172837241,bad,2025-08-12 07:10:00+00:00,0.2392839704241071,,,
hold,345.79998779296875,345.8500061035156,345.8500061035156,345.6499938964844,5262,345.79998779296875,345.78156617130145,345.6166375767872,58.9693244181323,345.8115291324709,bad,2025-08-12 07:11:00+00:00,0.246427263532366,,,
hold,345.75,345.6499938964844,345.79998779296875,345.6000061035156,2143,345.75,345.7752529370412,345.6287614334429,57.12185042799578,345.8159944039955,bad,2025-08-12 07:12:00+00:00,0.2392839704241071,,,
hold,345.6000061035156,345.75,345.75,345.6000061035156,797,345.6000061035156,345.7402035703361,345.6261473125404,51.87054476743808,345.8138755762737,bad,2025-08-12 07:13:00+00:00,0.2357112339564732,,,
hold,345.3500061035156,345.6000061035156,345.70001220703125,345.3500061035156,6079,345.3500061035156,345.66216407697203,345.60104356626545,44.52360533770649,345.682992190218,bad,2025-08-12 07:14:00+00:00,0.2428545270647321,,,
sell,345.0,345.29998779296875,345.5,345.0,5943,345.0,345.52973126157764,345.5464032420595,36.68863291521593,345.5867944098493,good,2025-08-12 07:15:00+00:00,0.253568376813616,,,
hold,344.8999938964844,344.8999938964844,345.0,344.75,6048,344.8999938964844,345.403783788559,345.4876387560981,34.804061304106966,345.5181493178333,good,2025-08-12 07:16:00+00:00,0.257138933454241,,,
hold,344.8999938964844,344.8500061035156,345.0,344.79998779296875,945,344.8999938964844,345.30302581014405,345.4342164961332,34.804061304106966,345.5082347464805,bad,2025-08-12 07:17:00+00:00,0.249997820172991,,,
hold,344.95001220703125,344.79998779296875,344.95001220703125,344.79998779296875,1304,344.95001220703125,345.2324230895215,345.3901979243966,36.690412189015966,345.4953631194841,neutral,2025-08-12 07:18:00+00:00,0.242856706891741,,,
hold,344.8500061035156,344.95001220703125,344.95001220703125,344.75,2323,344.8500061035156,345.1559396923203,345.34108957704376,34.53867240934704,345.4679781318957,neutral,2025-08-12 07:19:00+00:00,0.235715593610491,,,
hold,344.8500061035156,344.79998779296875,344.8500061035156,344.75,356,344.8500061035156,345.0947529745594,345.29644562490483,34.53867240934704,345.45593053160843,bad,2025-08-12 07:20:00+00:00,0.2178584507533482,,,
hold,344.8500061035156,344.8500061035156,344.95001220703125,344.8500061035156,20268,344.8500061035156,345.04580360035067,345.2558602138694,34.53867240934704,345.2163982046175,bad,2025-08-12 07:21:00+00:00,0.2142878941127232,,,
hold,344.6000061035156,344.75,344.75,344.29998779296875,4497,344.6000061035156,344.9566441009837,345.1962371129282,29.19319666295145,345.1484698522593,good,2025-08-12 07:22:00+00:00,0.232147216796875,,,
hold,344.75,344.6000061035156,344.75,344.54998779296875,2182,344.75,344.91531528078696,345.15567010266204,35.63016510917707,345.1263812916702,good,2025-08-12 07:23:00+00:00,0.2392905099051339,,,
hold,344.70001220703125,344.70001220703125,344.70001220703125,344.5,391,344.70001220703125,344.8722546660358,345.11424665760467,34.50437955070794,345.1210528655202,good,2025-08-12 07:24:00+00:00,0.2428632463727678,,,
hold,344.54998779296875,344.70001220703125,344.75,344.5,1237,344.54998779296875,344.80780129142244,345.0629503971832,31.3072153653432,345.0856165537113,bad,2025-08-12 07:25:00+00:00,0.2464338030133928,,,
hold,344.5,344.5,344.6499938964844,344.45001220703125,2947,344.5,344.74624103313795,345.0117730883484,30.29978065938356,345.0441387106162,bad,2025-08-12 07:26:00+00:00,0.2464338030133928,,,
hold,344.70001220703125,344.5,344.70001220703125,344.45001220703125,3474,344.70001220703125,344.7369952679166,344.9834311900468,38.78747934923584,345.01893858580394,bad,2025-08-12 07:27:00+00:00,0.2535770961216518,,,
hold,344.8500061035156,344.6000061035156,344.8500061035156,344.6000061035156,1305,344.8500061035156,344.7595974350364,344.9713016367258,44.268464050636254,345.0024134007052,good,2025-08-12 07:28:00+00:00,0.2464338030133928,,,
hold,344.70001220703125,344.70001220703125,344.8500061035156,344.70001220703125,489,344.70001220703125,344.7476803894354,344.946638961299,40.3751686303129,344.9893184381044,bad,2025-08-12 07:29:00+00:00,0.221433367047991,,,
hold,344.8500061035156,344.79998779296875,344.8500061035156,344.70001220703125,2426,344.8500061035156,344.7681455322515,344.937854156046,45.53380184588522,344.9712569486605,good,2025-08-12 07:30:00+00:00,0.2142900739397321,,,
hold,345.0,344.79998779296875,345.0,344.79998779296875,838,345.0,344.8145164258012,344.94350377822366,50.17606928835414,344.90554148275965,neutral,2025-08-12 07:31:00+00:00,0.2142900739397321,,,
hold,345.0,344.8500061035156,345.0,344.8500061035156,971,345.0,344.8516131406409,344.9486397983852,50.17606928835414,344.87903800571235,good,2025-08-12 07:32:00+00:00,0.2142878941127232,,,
hold,344.8999938964844,345.0,345.1499938964844,344.8999938964844,2366,344.8999938964844,344.8612892918096,344.9442174436669,47.073631482411,344.8711296182327,good,2025-08-12 07:33:00+00:00,0.2178584507533482,,,
hold,345.0,345.0,345.0,344.8999938964844,465,345.0,344.8890314334477,344.9492885851517,50.37783535874144,344.8242161599602,good,2025-08-12 07:34:00+00:00,0.2178584507533482,,,
hold,344.8999938964844,344.8500061035156,345.0,344.75,3865,344.8999938964844,344.89122392605503,344.9448072498183,47.20417919154399,344.8114079685758,good,2025-08-12 07:35:00+00:00,0.2285723005022321,,,
hold,344.79998779296875,344.8999938964844,345.0,344.75,244,344.79998779296875,344.8729766994378,344.9316418446502,44.20516791416708,344.80122601227083,neutral,2025-08-12 07:36:00+00:00,0.2071424211774553,,,
hold,344.95001220703125,345.0,345.0,344.79998779296875,1460,344.95001220703125,344.8883838009565,344.9333118775939,49.398880255365874,344.8035457432805,good,2025-08-12 07:37:00+00:00,0.2071424211774553,,,
hold,344.95001220703125,345.0,345.0,344.79998779296875,203,344.95001220703125,344.90070948217146,344.9348300893609,49.398880255365874,344.8004627988068,good,2025-08-12 07:38:00+00:00,0.2035718645368303,,,
hold,344.95001220703125,344.95001220703125,344.95001220703125,344.79998779296875,175,344.95001220703125,344.9105700271434,344.9362102818764,49.39888025536587,344.798690077054,neutral,2025-08-12 07:39:00+00:00,0.1964307512555803,,,
hold,345.0,344.95001220703125,345.0,344.8500061035156,564,345.0,344.92845602171474,344.9420093471603,51.28597625515509,344.8005815991046,bad,2025-08-12 07:40:00+00:00,0.1928601946149553,,,
hold,345.0,344.95001220703125,345.0,344.95001220703125,1446,345.0,344.9427648173718,344.9472812246912,51.28597625515509,344.77796702158963,bad,2025-08-12 07:41:00+00:00,0.1785736083984375,,,
buy,345.0,344.95001220703125,345.0,344.95001220703125,711,345.0,344.95421185389745,344.9520738406284,51.28597625515508,344.8124839601043,bad,2025-08-12 07:42:00+00:00,0.1642870221819196,,,
hold,345.0,345.0,345.0,345.0,1112,345.0,344.963369483118,344.9564307642076,51.28597625515509,344.82540530737515,bad,2025-08-12 07:43:00+00:00,0.1535731724330357,,,
hold,344.8500061035156,345.0,345.1499938964844,344.75,5071,344.8500061035156,344.9406968071975,344.9467557950538,44.57650576436773,344.8309451505153,bad,2025-08-12 07:44:00+00:00,0.1714303152901785,,,
hold,344.3999938964844,344.8500061035156,344.8500061035156,344.29998779296875,5116,344.3999938964844,344.83255622505493,344.8970501679111,31.332485034074978,344.7782555691394,neutral,2025-08-12 07:45:00+00:00,0.1964307512555803,,,
hold,344.45001220703125,344.45001220703125,344.5,344.25,1680,344.45001220703125,344.7560474214502,344.8564103532857,33.69067005467615,344.78615911270526,neutral,2025-08-12 07:46:00+00:00,0.2035740443638392,,,
hold,344.29998779296875,344.45001220703125,344.45001220703125,344.20001220703125,4233,344.29998779296875,344.66483549575395,344.80582648416595,30.32658018744688,344.73553479358804,good,2025-08-12 07:47:00+00:00,0.2035740443638392,,,
hold,344.3500061035156,344.25,344.3500061035156,344.25,1483,344.3500061035156,344.6018696173063,344.7643882677432,32.73803567313239,344.71488286315576,neutral,2025-08-12 07:48:00+00:00,0.2035740443638392,,,
hold,344.3999938964844,344.25,344.45001220703125,344.25,462,344.3999938964844,344.561494473142,344.73126150671965,35.153594704893735,344.7109217570895,bad,2025-08-12 07:49:00+00:00,0.2000034877232142,,,
hold,344.29998779296875,344.3999938964844,344.3999938964844,344.25,2020,344.29998779296875,344.50919313710733,344.6920548054695,32.62895989296237,344.67706630596723,bad,2025-08-12 07:50:00+00:00,0.1928601946149553,,,
hold,344.29998779296875,344.29998779296875,344.29998779296875,344.20001220703125,1386,344.29998779296875,344.46735206827964,344.6564123497876,32.62895989296237,344.65442339058416,bad,2025-08-12 07:51:00+00:00,0.1857147216796875,,,
hold,344.29998779296875,344.29998779296875,344.29998779296875,344.20001220703125,383,344.29998779296875,344.4338792132175,344.62401011734954,32.62895989296237,344.6407406000012,bad,2025-08-12 07:52:00+00:00,0.1785692487444196,,,
hold,344.20001220703125,344.29998779296875,344.29998779296875,344.20001220703125,807,344.20001220703125,344.3871058119803,344.58546485277515,29.943873258712216,344.61127331566723,bad,2025-08-12 07:53:00+00:00,0.1749943324497767,,,
hold,344.04998779296875,344.04998779296875,344.1000061035156,344.0,4058,344.04998779296875,344.319682208178,344.5367851200655,26.429151445471533,344.54387962177964,bad,2025-08-12 07:54:00+00:00,0.1785670689174107,,,
hold,344.0,344.20001220703125,344.20001220703125,344.0,2328,344.0,344.2557457665424,344.4879864727868,25.3609923793519,344.46825334305385,bad,2025-08-12 07:55:00+00:00,0.1892830984933035,,,
hold,343.8500061035156,344.1499938964844,344.20001220703125,343.8500061035156,6714,343.8500061035156,344.17459783393707,344.42998825739846,22.43142265969821,344.3660642391217,good,2025-08-12 07:56:00+00:00,0.2107129778180803,,,
hold,344.0,343.6000061035156,344.0,343.6000061035156,7001,344.0,344.1396782671497,344.3908984158168,31.0133939490006,344.29332384401937,bad,2025-08-12 07:57:00+00:00,0.2392839704241071,,,
hold,343.75,344.0,344.0,343.6000061035156,1872,343.75,344.0617426137198,344.3326349234697,25.874947714129632,344.26966356731964,good,2025-08-12 07:58:00+00:00,0.2392839704241071,,,
hold,343.6499938964844,343.75,343.75,343.6000061035156,820,343.6499938964844,343.9793928702727,344.2705766482893,24.151130672762463,344.2569331363611,neutral,2025-08-12 07:59:00+00:00,0.2107107979910714,,,
hold,343.6499938964844,343.6499938964844,343.75,343.6499938964844,2372,343.6499938964844,343.913513075515,344.2141600344889,24.151130672762463,344.22054058446525,bad,2025-08-12 08:00:00+00:00,0.1999969482421875,,,
hold,343.75,343.70001220703125,343.75,343.70001220703125,596,343.75,343.880810460412,344.17196366771714,29.591241440257008,344.1925158855463,bad,2025-08-12 08:01:00+00:00,0.1892830984933035,,,
hold,343.75,343.75,343.75,343.70001220703125,376,343.75,343.8546483683296,344.1336033342883,29.591241440257008,344.1776730878245,neutral,2025-08-12 08:02:00+00:00,0.1857103620256696,,,
hold,343.75,343.70001220703125,343.75,343.70001220703125,1556,343.75,343.8337186946637,344.09873030389844,29.591241440257008,344.1462850230771,neutral,2025-08-12 08:03:00+00:00,0.1749943324497767,,,
hold,343.5,343.3500061035156,343.6000061035156,343.25,13827,343.5,343.7669749557309,344.0443002762713,24.177091919106843,343.93466287697805,bad,2025-08-12 08:04:00+00:00,0.1999947684151785,,,
hold,343.3999938964844,343.5,343.5,343.29998779296875,2727,343.3999938964844,343.69357874388163,343.98572696901795,22.4106751406206,343.86696255766094,bad,2025-08-12 08:05:00+00:00,0.2071402413504464,,,
hold,343.3500061035156,343.6000061035156,343.75,343.3500061035156,3350,343.3500061035156,343.62486421580843,343.9279341630632,21.562641235463275,343.8205126504754,good,2025-08-12 08:06:00+00:00,0.2285701206752232,,,
hold,343.6000061035156,343.45001220703125,343.6499938964844,343.3500061035156,813,343.6000061035156,343.6198925933499,343.8981225212861,34.84224502541436,343.780315200004,good,2025-08-12 08:07:00+00:00,0.242856706891741,,,
hold,343.6000061035156,343.54998779296875,343.6000061035156,343.3999938964844,968,343.6000061035156,343.61591529538305,343.8710210287615,34.84224502541436,343.76158879072875,bad,2025-08-12 08:08:00+00:00,0.242856706891741,,,
hold,343.75,343.54998779296875,343.75,343.54998779296875,1049,343.75,343.6427322363065,343.8600191170559,41.70921298078003,343.75600749199305,bad,2025-08-12 08:09:00+00:00,0.242856706891741,,,
hold,343.6499938964844,343.6000061035156,343.79998779296875,343.6000061035156,1315,343.6499938964844,343.64418456834204,343.8409259151858,38.77502083011476,343.73321121661354,good,2025-08-12 08:10:00+00:00,0.2321406773158482,,,
hold,343.45001220703125,343.70001220703125,343.70001220703125,343.45001220703125,6084,343.45001220703125,343.6053500960799,343.8053883053535,33.67356569025824,343.69070519944654,bad,2025-08-12 08:11:00+00:00,0.2214268275669642,,,
hold,343.6000061035156,343.5,343.6000061035156,343.5,229,343.6000061035156,343.60428129756707,343.78671719609554,40.044977021432246,343.68638789241845,bad,2025-08-12 08:12:00+00:00,0.2035696847098214,,,
hold,343.95001220703125,343.6000061035156,343.95001220703125,343.6000061035156,731,343.95001220703125,343.6734274794599,343.8015621970897,51.70366938885032,343.6826151327833,neutral,2025-08-12 08:13:00+00:00,0.2178562709263392,,,
hold,344.0,343.95001220703125,344.04998779296875,343.8999938964844,2063,344.0,343.73874198356793,343.81960199735425,53.10620117674272,343.66789390452595,bad,2025-08-12 08:14:00+00:00,0.2214268275669642,,,
hold,343.6499938964844,344.0,344.0,343.5,2523,343.6499938964844,343.7209923661512,343.8041830790934,43.566269042996055,343.6535341545777,bad,2025-08-12 08:15:00+00:00,0.249997820172991,,,
hold,344.04998779296875,343.45001220703125,344.04998779296875,343.45001220703125,4549,344.04998779296875,343.7867914515147,343.826528962173,53.78400713582366,343.6623693625431,neutral,2025-08-12 08:16:00+00:00,0.2892826625279018,,,
hold,343.95001220703125,344.1000061035156,344.1000061035156,343.70001220703125,539,343.95001220703125,343.81943560261806,343.83775471170554,51.28464803196284,343.61669611455085,good,2025-08-12 08:17:00+00:00,0.3142830984933035,,,
hold,343.79998779296875,343.70001220703125,343.8999938964844,343.6000061035156,1725,343.79998779296875,343.8155460406882,343.8343213554567,47.70230221562807,343.61807820348537,good,2025-08-12 08:18:00+00:00,0.3035692487444196,,,
hold,343.75,343.79998779296875,343.8999938964844,343.6499938964844,637,343.75,343.8024368325506,343.8266557776879,46.535882664439605,343.6192829613633,good,2025-08-12 08:19:00+00:00,0.3071398053850446,,,
hold,343.8999938964844,343.95001220703125,343.95001220703125,343.75,162,343.8999938964844,343.8219482453373,343.8333228793967,50.45099892023189,343.61868558545774,bad,2025-08-12 08:20:00+00:00,0.2928553989955357,,,
hold,343.8999938964844,343.8999938964844,343.8999938964844,343.75,164,343.8999938964844,343.83755737556675,343.8393838809501,50.45099892023189,343.6179776993216,bad,2025-08-12 08:21:00+00:00,0.2821415492466518,,,
hold,343.8999938964844,343.8999938964844,343.8999938964844,343.79998779296875,2627,343.8999938964844,343.8500446797503,343.84489388236227,50.45099892023189,343.6324874638981,bad,2025-08-12 08:22:00+00:00,0.2749982561383928,,,
hold,343.8999938964844,343.8999938964844,343.8999938964844,343.70001220703125,714,343.8999938964844,343.8600345230971,343.8499029745552,50.45099892023189,343.63266162593527,bad,2025-08-12 08:23:00+00:00,0.2749960763113839,,,
hold,343.79998779296875,343.8999938964844,343.8999938964844,343.79998779296875,2269,343.79998779296875,343.84802517707146,343.8453652307745,47.34200037686844,343.69549082665054,bad,2025-08-12 08:24:00+00:00,0.2678549630301339,,,
hold,344.25,344.1000061035156,344.25,344.1000061035156,3346,344.25,343.9284201416572,343.88215020979504,59.45110956701998,343.7697080735644,bad,2025-08-12 08:25:00+00:00,0.2821415492466518,,,
hold,344.20001220703125,344.29998779296875,344.29998779296875,343.95001220703125,1214,344.20001220703125,343.982738554732,343.9110467549983,57.859463174004006,343.826894717427,bad,2025-08-12 08:26:00+00:00,0.2964259556361607,,,
hold,344.3999938964844,344.04998779296875,344.3999938964844,344.04998779296875,3130,344.3999938964844,344.0661896230825,343.95549649513345,62.21747637442344,343.8817884649591,bad,2025-08-12 08:27:00+00:00,0.2964259556361607,,,
hold,344.70001220703125,344.29998779296875,344.70001220703125,344.29998779296875,6497,344.70001220703125,344.19295413987226,344.0231797416696,67.6265156410501,344.0162404335428,good,2025-08-12 08:28:00+00:00,0.3142852783203125,,,
hold,344.79998779296875,344.8999938964844,344.8999938964844,344.54998779296875,3067,344.79998779296875,344.3143608704916,344.09379865542405,69.20846089358594,344.07779921216263,bad,2025-08-12 08:29:00+00:00,0.3035714285714285,,,
hold,344.79998779296875,344.75,344.8500061035156,344.54998779296875,1176,344.79998779296875,344.41148625498704,344.1579976679281,69.20846089358594,344.1102960533252,bad,2025-08-12 08:30:00+00:00,0.2821459089006696,,,
hold,344.70001220703125,344.70001220703125,344.70001220703125,344.54998779296875,987,344.70001220703125,344.4691914453959,344.20727171693744,65.49661265908792,344.2302266060008,bad,2025-08-12 08:31:00+00:00,0.2714320591517857,,,
hold,344.70001220703125,344.54998779296875,344.70001220703125,344.5,975,344.70001220703125,344.515355597723,344.25206630694595,65.49661265908792,344.2456342401248,bad,2025-08-12 08:32:00+00:00,0.2607182094029018,,,
hold,344.70001220703125,344.75,344.75,344.5,1597,344.70001220703125,344.5522869195847,344.2927886614992,65.49661265908792,344.2692007504558,bad,2025-08-12 08:33:00+00:00,0.2607182094029018,,,
hold,344.25,344.70001220703125,344.70001220703125,344.1000061035156,1290,344.25,344.49182953566776,344.2888987831811,50.32318961376912,344.2827404100481,bad,2025-08-12 08:34:00+00:00,0.2892892020089285,,,
hold,344.1000061035156,344.0,344.1000061035156,343.95001220703125,1296,344.1000061035156,344.41346484923736,344.2717267213933,46.45973815226774,344.3185560048021,bad,2025-08-12 08:35:00+00:00,0.3000030517578125,,,
hold,344.1499938964844,344.20001220703125,344.20001220703125,344.0,472,344.1499938964844,344.3607706586868,344.260660100947,47.89542015809774,344.3522638161733,bad,2025-08-12 08:36:00+00:00,0.3071463448660714,,,
hold,344.0,344.1499938964844,344.20001220703125,344.0,4289,344.0,344.28861652694945,344.2369637281336,44.07618765366516,344.3178787949096,bad,2025-08-12 08:37:00+00:00,0.3071485246930803,,,
hold,343.95001220703125,344.0,344.1000061035156,343.79998779296875,1290,343.95001220703125,344.22089566296586,344.2108772262152,42.84985984993182,344.3291375405744,neutral,2025-08-12 08:38:00+00:00,0.3214351109095982,,,
sell,343.6499938964844,343.8999938964844,343.95001220703125,343.6499938964844,1729,343.6499938964844,344.10671530966954,344.1598878326033,36.31855959538646,344.3081057381329,good,2025-08-12 08:39:00+00:00,0.3107212611607143,,,
hold,343.54998779296875,343.54998779296875,343.54998779296875,343.3999938964844,1588,343.54998779296875,343.99536980632945,344.1044423744547,34.43444727863148,344.2794586303812,neutral,2025-08-12 08:40:00+00:00,0.3035801478794643,,,
hold,343.6499938964844,343.54998779296875,343.6499938964844,343.54998779296875,1273,343.6499938964844,343.9262946243604,344.0631288764574,37.90364433291014,344.2613555492591,bad,2025-08-12 08:41:00+00:00,0.2857230050223214,,,
hold,343.54998779296875,343.54998779296875,343.70001220703125,343.54998779296875,2178,343.54998779296875,343.8510332580821,344.0164796870493,35.86025421116284,344.24649407090857,bad,2025-08-12 08:42:00+00:00,0.2678658621651785,,,
hold,343.70001220703125,343.79998779296875,343.8500061035156,343.5,1275,343.70001220703125,343.82082904787194,343.9877099161386,40.99892028494708,344.2355173927146,bad,2025-08-12 08:43:00+00:00,0.2678658621651785,,,
hold,343.79998779296875,343.70001220703125,343.79998779296875,343.6000061035156,902,343.79998779296875,343.8166607968913,343.97064426857776,44.20682137630411,344.25056298071723,bad,2025-08-12 08:44:00+00:00,0.2607203892299107,,,
hold,343.25,343.70001220703125,343.75,343.25,6873,343.25,343.7033286375131,343.90513115325246,33.43655750761366,344.09104315072534,bad,2025-08-12 08:45:00+00:00,0.2821480887276785,,,
hold,342.8999938964844,343.0,343.0,342.6499938964844,14531,342.8999938964844,343.5426616893073,343.81375503900085,28.65240149503508,343.781915699733,good,2025-08-12 08:46:00+00:00,0.3107190813337053,,,
hold,342.8999938964844,342.8999938964844,343.1499938964844,342.75,3636,342.8999938964844,343.4141281307428,343.7306858442266,28.652401495035065,343.69159310469,bad,2025-08-12 08:47:00+00:00,0.3214329310825893,,,
hold,342.8999938964844,343.0,343.0,342.75,1369,342.8999938964844,343.3113012838911,343.6551683944318,28.652401495035065,343.5441716727601,bad,2025-08-12 08:48:00+00:00,0.2964324951171875,,,
hold,342.8500061035156,342.8500061035156,343.0,342.8500061035156,1514,342.8500061035156,343.21904224781605,343.5819718225304,27.939315459200174,343.44658897545685,bad,2025-08-12 08:49:00+00:00,0.2857186453683035,,,
hold,342.95001220703125,342.95001220703125,342.95001220703125,342.75,2504,342.95001220703125,343.16523623965907,343.52452094839407,31.60658170637663,343.39161253197386,bad,2025-08-12 08:50:00+00:00,0.2857186453683035,,,
hold,342.8999938964844,342.75,342.8999938964844,342.6499938964844,8324,342.8999938964844,343.11218777102414,343.4677457618568,30.76331607351814,343.30021750606613,neutral,2025-08-12 08:51:00+00:00,0.2928619384765625,,,
hold,343.3500061035156,342.75,343.3999938964844,342.75,2162,343.3500061035156,343.15975143752246,343.4570421565531,44.98492002896863,343.27929696945966,good,2025-08-12 08:52:00+00:00,0.3178601946149553,,,
hold,343.29998779296875,343.3500061035156,343.6499938964844,343.04998779296875,4927,343.29998779296875,343.1877987086117,343.44276448713634,43.90542677832296,343.24512998407647,good,2025-08-12 08:53:00+00:00,0.3392878941127232,,,
hold,343.5,343.29998779296875,343.6000061035156,343.29998779296875,659,343.5,343.2502389668894,343.4479677155785,49.15926796272391,343.2271604823955,good,2025-08-12 08:54:00+00:00,0.3428606305803571,,,
hold,343.3999938964844,343.29998779296875,343.45001220703125,343.1000061035156,2357,343.3999938964844,343.2801899528084,343.4436064592972,46.79907221562926,343.21582427416456,good,2025-08-12 08:55:00+00:00,0.364288330078125,,,
hold,343.04998779296875,343.25,343.45001220703125,342.8500061035156,5588,343.04998779296875,343.2341495208405,343.4078229441764,39.62807732856716,343.1959944644172,good,2025-08-12 08:56:00+00:00,0.3964298793247768,,,
hold,343.29998779296875,343.04998779296875,343.3500061035156,342.95001220703125,1113,343.29998779296875,343.2473171752662,343.3980197486121,45.993631510493,343.1453403549899,neutral,2025-08-12 08:57:00+00:00,0.4000004359654018,,,
hold,343.25,343.29998779296875,343.3500061035156,343.04998779296875,2864,343.25,343.2478537402129,343.38456340782915,44.972557011010615,343.1343810956332,bad,2025-08-12 08:58:00+00:00,0.4071459089006696,,,
hold,343.5,343.25,343.6000061035156,343.25,3339,343.5,343.2982829921704,343.39505764348104,50.84946278178196,343.1391553212916,bad,2025-08-12 08:59:00+00:00,0.3928615025111607,,,
hold,343.25,343.54998779296875,343.54998779296875,343.1000061035156,2531,343.25,343.2886263937363,343.3818705849827,45.60429023795236,343.133836966006,bad,2025-08-12 09:00:00+00:00,0.3821454729352678,,,
hold,343.1499938964844,343.25,343.3500061035156,343.0,2235,343.1499938964844,343.260899894286,343.3607908860283,43.66399396435644,343.12507640911656,neutral,2025-08-12 09:01:00+00:00,0.3785749162946428,,,
hold,342.95001220703125,343.0,343.1499938964844,342.8999938964844,2313,342.95001220703125,343.198722356835,343.32344736975585,39.99910336768765,343.1063428773286,bad,2025-08-12 09:02:00+00:00,0.3785749162946428,,,
hold,342.6499938964844,342.6499938964844,342.8500061035156,342.6000061035156,6209,342.6499938964844,343.08897666476486,343.26222432673114,35.222686287579606,343.0590696815757,bad,2025-08-12 09:03:00+00:00,0.3928615025111607,,,
hold,342.20001220703125,342.6000061035156,342.70001220703125,342.20001220703125,24246,342.20001220703125,342.91118377321817,343.1656595885766,29.52747257619434,342.84257104455554,bad,2025-08-12 09:04:00+00:00,0.4142892020089285,,,
hold,342.6499938964844,342.3999938964844,342.70001220703125,342.20001220703125,6695,342.6499938964844,342.8589457978714,343.11878088929546,39.97891179517345,342.8013106706794,neutral,2025-08-12 09:05:00+00:00,0.4285736083984375,,,
hold,342.79998779296875,342.45001220703125,342.8999938964844,342.45001220703125,2003,342.79998779296875,342.84715419689087,343.0897996987203,43.01278292768454,342.7847192760493,good,2025-08-12 09:06:00+00:00,0.4142870221819196,,,
hold,342.54998779296875,342.75,342.79998779296875,342.54998779296875,2762,342.54998779296875,342.7877209161064,343.0407258891065,39.43490764828956,342.7722654543146,neutral,2025-08-12 09:07:00+00:00,0.3892865862165178,,,
hold,343.25,342.5,343.25,342.5,8329,343.25,342.8801767328852,343.05975080827864,51.58004263251888,342.813314624456,bad,2025-08-12 09:08:00+00:00,0.4214281354631696,,,
hold,343.1499938964844,343.0,343.20001220703125,343.0,1296,343.1499938964844,342.934140165605,343.06795472538823,50.03631438456048,342.81743318287573,bad,2025-08-12 09:09:00+00:00,0.4107142857142857,,,
hold,342.95001220703125,343.20001220703125,343.20001220703125,342.8999938964844,2506,342.95001220703125,342.93731457389026,343.0572326782649,47.00663463532296,342.8174360507514,bad,2025-08-12 09:10:00+00:00,0.3892865862165178,,,
hold,343.0,342.79998779296875,343.1499938964844,342.70001220703125,1973,343.0,342.94985165911226,343.0520297075135,47.85653826566506,342.81363830102123,bad,2025-08-12 09:11:00+00:00,0.3928571428571428,,,
hold,342.79998779296875,342.79998779296875,343.0,342.79998779296875,940,342.79998779296875,342.9198788858836,343.0291168061912,44.76307262539034,342.7998259823953,bad,2025-08-12 09:12:00+00:00,0.3857138497488839,,,
hold,342.6000061035156,342.8999938964844,342.8999938964844,342.6000061035156,3590,342.6000061035156,342.85590432941,342.99010674231164,41.8502095683932,342.76174427360667,bad,2025-08-12 09:13:00+00:00,0.38214111328125,,,
hold,342.54998779296875,342.6000061035156,342.70001220703125,342.45001220703125,13023,342.54998779296875,342.79472102212173,342.95009592873504,41.12930950244768,342.72791935940364,bad,2025-08-12 09:14:00+00:00,0.367856706891741,,,
hold,342.1000061035156,342.3999938964844,342.5,341.54998779296875,26601,342.1000061035156,342.6557780384005,342.8728150355333,35.24697421025334,342.57572387849734,good,2025-08-12 09:15:00+00:00,0.4142848423549107,,,
hold,342.1499938964844,342.1499938964844,342.45001220703125,341.8999938964844,2350,342.1499938964844,342.55462121001733,342.8071040228924,36.336266093800376,342.5444998393263,bad,2025-08-12 09:16:00+00:00,0.4357147216796875,,,
hold,342.1000061035156,342.1499938964844,342.45001220703125,341.95001220703125,1584,342.1000061035156,342.463698188717,342.74282239385815,35.689701674134184,342.5313390136107,bad,2025-08-12 09:17:00+00:00,0.4464285714285714,,,
hold,341.95001220703125,342.0,342.0,341.75,5739,341.95001220703125,342.36096099237983,342.67074874051025,33.74913546482411,342.4864836985707,good,2025-08-12 09:18:00+00:00,0.4357147216796875,,,
hold,341.8500061035156,341.8999938964844,342.0,341.70001220703125,5938,341.8500061035156,342.25877001460697,342.59613577351075,32.48103683395702,342.42817863610344,good,2025-08-12 09:19:00+00:00,0.4214281354631696,,,
hold,341.95001220703125,341.79998779296875,342.0,341.79998779296875,1720,341.95001220703125,342.1970184530918,342.5373972674672,35.10690868698566,342.404397984168,bad,2025-08-12 09:20:00+00:00,0.4035731724330357,,,
hold,341.54998779296875,342.0,342.0,341.45001220703125,10760,341.54998779296875,342.0676123210672,342.44763276978546,30.06938616684772,342.32122973461924,good,2025-08-12 09:21:00+00:00,0.4250008719308035,,,
hold,341.5,341.70001220703125,341.8500061035156,341.20001220703125,21393,341.5,341.9540898568538,342.3614843361686,29.499740555900388,342.19411946532745,bad,2025-08-12 09:22:00+00:00,0.4178575788225446,,,
hold,341.75,341.5,342.0,341.5,1020,341.75,341.9132718854831,342.3058948510624,36.027092256963854,342.17139106735914,bad,2025-08-12 09:23:00+00:00,0.4357147216796875,,,
hold,341.70001220703125,341.95001220703125,341.95001220703125,341.6000061035156,3228,341.70001220703125,341.87061994979274,342.2508146106959,35.32286813721687,342.1534440514529,neutral,2025-08-12 09:24:00+00:00,0.4392852783203125,,,
hold,341.25,341.70001220703125,341.70001220703125,341.25,2866,341.25,341.7464959598342,342.15983146426896,29.695369123752712,342.10400731489364,bad,2025-08-12 09:25:00+00:00,0.4392874581473214,,,
hold,341.70001220703125,341.25,341.70001220703125,341.25,13309,341.70001220703125,341.7371992092736,342.118029713611,39.99115331802747,342.05229284967163,bad,2025-08-12 09:26:00+00:00,0.4571446010044643,,,
hold,341.95001220703125,341.6000061035156,342.0,341.54998779296875,6356,341.95001220703125,341.7797618088251,342.10275539483104,44.82525959919233,342.03724145102,bad,2025-08-12 09:27:00+00:00,0.4678606305803571,,,
hold,341.29998779296875,341.8500061035156,341.8500061035156,341.29998779296875,9426,341.29998779296875,341.6838070056539,342.0297765219345,36.57512434028786,341.9115175874087,bad,2025-08-12 09:28:00+00:00,0.4964338030133928,,,
hold,341.29998779296875,341.29998779296875,341.3500061035156,341.20001220703125,5167,341.29998779296875,341.6070431631168,341.9634320920285,36.57512434028787,341.8773583365399,bad,2025-08-12 09:29:00+00:00,0.4357190813337053,,,
hold,340.1000061035156,341.29998779296875,341.6000061035156,340.1000061035156,56489,340.1000061035156,341.30563575119663,341.7940297294364,26.23657314910075,341.3445219525114,bad,2025-08-12 09:30:00+00:00,0.5035749162946429,,,
hold,340.5,340.0,340.54998779296875,340.0,5611,340.5,341.1445086009573,341.6763906631239,33.03182792929047,341.3039107665582,bad,2025-08-12 09:31:00+00:00,0.5071454729352679,,,
hold,339.70001220703125,340.5,340.5,339.70001220703125,35035,339.70001220703125,340.85560932217214,341.4967198943882,27.562878476158872,341.05478597065047,neutral,2025-08-12 09:32:00+00:00,0.5392870221819196,,,
hold,339.25,339.70001220703125,339.70001220703125,339.1499938964844,10197,339.25,340.5344874577377,341.29247263126194,25.0503514444745,340.9540730427086,neutral,2025-08-12 09:33:00+00:00,0.5571463448660714,,,
hold,339.25,339.29998779296875,339.3999938964844,339.25,7371,339.25,340.2775899661902,341.10679330114726,25.0503514444745,340.8104465773811,neutral,2025-08-12 09:34:00+00:00,0.5535736083984375,,,
hold,339.25,339.45001220703125,339.5,339.1499938964844,6818,339.25,340.0720719729522,340.93799391013386,25.0503514444745,340.59882904008043,neutral,2025-08-12 09:35:00+00:00,0.5392892020089286,,,
hold,339.04998779296875,339.25,339.5,339.04998779296875,11498,339.04998779296875,339.86765513695553,340.7663569903916,23.84379456148605,340.50198302237663,bad,2025-08-12 09:36:00+00:00,0.5250047956194196,,,
hold,339.25,339.1000061035156,339.25,338.95001220703125,14746,339.25,339.74412410956444,340.62850635490145,27.5992427135396,340.41253192279083,bad,2025-08-12 09:37:00+00:00,0.5107182094029018,,,
hold,339.70001220703125,338.95001220703125,339.75,338.95001220703125,9637,339.70001220703125,339.7353017290578,340.54409779600417,35.32665800996601,340.3467685602491,bad,2025-08-12 09:38:00+00:00,0.5428597586495536,,,
hold,339.79998779296875,339.70001220703125,339.8500061035156,339.70001220703125,8868,339.79998779296875,339.74823894184,340.4764514320919,36.93700723451975,340.2897324491332,bad,2025-08-12 09:39:00+00:00,0.5214298793247768,,,
hold,339.6000061035156,339.8500061035156,339.8500061035156,339.5,7372,339.6000061035156,339.7185923741751,340.39677458403946,35.05662628755839,340.2576070286544,bad,2025-08-12 09:40:00+00:00,0.5142865862165179,,,
hold,335.8999938964844,339.6499938964844,339.6499938964844,335.8999938964844,176761,335.8999938964844,338.954872678637,339.9879763397162,17.4035663025126,338.3596815555308,bad,2025-08-12 09:41:00+00:00,0.75,,,
hold,334.3500061035156,336.25,336.25,333.25,261985,334.3500061035156,338.0338993636127,339.47543359097074,14.181818111297815,336.6501005842589,bad,2025-08-12 09:42:00+00:00,0.9178553989955356,,,
hold,331.1000061035156,334.20001220703125,335.1499938964844,331.1000061035156,141721,331.1000061035156,336.6471207115933,338.7140310921112,10.00116794270386,335.6534917673258,neutral,2025-08-12 09:43:00+00:00,1.1964263916015625,,,
hold,327.3500061035156,331.25,332.25,322.79998779296875,444542,327.3500061035156,334.78769778997776,337.6809379113297,7.319857347164387,332.65070704361733,bad,2025-08-12 09:44:00+00:00,1.764284406389509,,,
hold,328.5,327.3500061035156,331.20001220703125,327.20001220703125,305669,328.5,333.5301582319822,336.8463071921179,14.858396270250466,331.8100684507553,good,2025-08-12 09:45:00+00:00,2.010713849748884,,,
hold,330.25,329.25,333.8500061035156,329.25,262641,330.25,332.8741265855858,336.2466429019253,24.872795759906367,331.5072773709878,bad,2025-08-12 09:46:00+00:00,2.3357151576450894,,,
hold,329.0,329.70001220703125,330.29998779296875,328.54998779296875,111296,329.0,332.0993012684687,335.5878571835685,22.809090366008405,331.3247885499511,bad,2025-08-12 09:47:00+00:00,2.4214281354631697,,,
hold,330.20001220703125,328.8500061035156,330.29998779296875,328.79998779296875,80871,330.20001220703125,331.71944345618124,335.0980530947924,28.90737873928559,331.23061327806323,bad,2025-08-12 09:48:00+00:00,2.517857142857143,,,
hold,329.95001220703125,330.0,331.8500061035156,329.1499938964844,101255,329.95001220703125,331.36555720635124,334.6300493777232,28.40392544078827,331.14242786808563,bad,2025-08-12 09:49:00+00:00,2.6857147216796875,,,
hold,328.25,329.6000061035156,329.95001220703125,328.1000061035156,154489,328.25,330.742445765081,334.05004488883924,25.19105279697699,330.7009617678366,neutral,2025-08-12 09:50:00+00:00,2.7857142857142856,,,
hold,326.1000061035156,329.0,329.0,326.0,135331,326.1000061035156,329.8139578327679,333.32731409017345,21.8282329815706,330.40480624750865,good,2025-08-12 09:51:00+00:00,2.978572300502232,,,
hold,325.8500061035156,326.25,327.1499938964844,325.70001220703125,73992,325.8500061035156,329.0211674869175,332.6475588186591,21.469341241096515,330.1200364895109,neutral,2025-08-12 09:52:00+00:00,3.025000435965402,,,
hold,326.6499938964844,325.79998779296875,326.8500061035156,325.0,130302,326.6499938964844,328.54693276883086,332.10232564391595,25.680262173640727,329.89722694137134,bad,2025-08-12 09:53:00+00:00,3.146429879324777,,,
hold,326.04998779296875,326.8500061035156,327.1000061035156,325.70001220703125,104395,326.04998779296875,328.0475437736585,331.5521131120117,24.614204637370364,329.71226748234034,neutral,2025-08-12 09:54:00+00:00,3.221429007393973,,,
hold,326.25,326.1499938964844,326.29998779296875,325.6000061035156,77197,326.25,327.6880350189268,331.0701028291016,25.721164302001924,329.5851700333011,neutral,2025-08-12 09:55:00+00:00,3.003570556640625,,,
hold,326.25,326.25,326.8500061035156,326.0,78862,326.25,327.4004280151415,330.6319116628196,25.721164302001924,329.4465219789258,neutral,2025-08-12 09:56:00+00:00,2.849999564034598,,,
hold,323.70001220703125,326.5,326.6499938964844,323.70001220703125,195146,323.70001220703125,326.66034485351946,330.00173898502067,21.132866041316333,329.0042355904688,neutral,2025-08-12 09:57:00+00:00,2.771427699497768,,,
hold,322.25,323.6499938964844,324.0,322.0,157694,322.25,325.7782758828156,329.29703544092786,19.05167294965445,328.6161868610663,neutral,2025-08-12 09:58:00+00:00,2.239283970424107,,,
hold,323.45001220703125,322.20001220703125,323.5,322.0,170764,323.45001220703125,325.3126231476587,328.76548787420995,25.58332340482116,328.3068279619492,neutral,2025-08-12 09:59:00+00:00,2.0607125418526784,,,
hold,138.5,138.5449981689453,139.08509826660156,138.27999877929688,212860,138.5,0.0,0.0,50.0,138.5,good,,,,0.0,0.0
hold,138.27000427246094,138.63999938964844,138.8000030517578,138.1999969482422,28967,138.27000427246094,0.0,0.0,50.0,138.47245019687784,neutral,,,,0.0,0.0
hold,138.99000549316406,138.27000427246094,139.0,138.2545928955078,33886,138.99000549316406,0.0,0.0,50.0,138.53605938023136,good,,,,0.0,0.0
hold,138.91000366210938,139.0749969482422,139.11000061035156,138.7899932861328,21643,138.91000366210938,0.0,0.0,50.0,138.5632768437858,neutral,,,,0.0,0.0
hold,139.69500732421875,138.97000122070312,139.72500610351562,138.91000366210938,36273,139.69500732421875,0.0,0.0,50.0,138.6863214823416,good,,,,0.0,0.0
hold,139.67999267578125,139.6999969482422,139.8800048828125,139.4499969482422,22734,139.67999267578125,0.0,0.0,50.0,138.74971224095478,good,,,,0.0,0.0
hold,139.13999938964844,139.69000244140625,139.69000244140625,139.0800018310547,23143,139.13999938964844,0.0,0.0,50.0,138.77351269597318,good,,,,0.0,0.0
hold,139.3000030517578,139.16000366210938,139.37399291992188,138.8699951171875,22307,139.3000030517578,0.0,0.0,50.0,138.80274126838495,good,,,,0.0,0.0
buy,139.50999450683594,139.32000732421875,139.6999969482422,139.19000244140625,16162,139.50999450683594,139.11055670844183,0.0,50.0,138.83008890123344,good,,,,0.0,0.0
hold,139.69500732421875,139.5050048828125,139.72999572753906,139.42190551757812,11960,139.69500732421875,139.22744683159723,0.0,50.0,138.8541493390645,good,,,,0.0,0.0
hold,139.89999389648438,139.77000427246094,139.99000549316406,139.72000122070312,20780,139.89999389648438,139.36195624457469,0.0,50.0,138.9023675033217,good,,,,0.0,0.0
hold,140.1168975830078,139.99000549316406,140.17999267578125,139.89999389648438,42648,140.1168975830078,139.5129445122613,0.0,50.0,139.0073556739759,good,,,,0.0,0.0
hold,140.17999267578125,140.11000061035156,140.22999572753906,139.9499969482422,33387,140.17999267578125,139.6463541449653,0.0,50.0,139.08168093563563,good,,,,0.0,0.0
hold,140.5,140.24000549316406,140.64999389648438,140.24000549316406,35255,140.5,139.81708331597224,0.0,50.0,139.17065316651286,good,,,,0.0,0.0
hold,140.4199981689453,140.5,140.5800018310547,140.0,71578,140.4199981689453,139.93766628656687,0.0,75.19674159868319,139.31179586854893,good,,,,0.0,0.0
hold,140.6999969482422,140.4199981689453,140.8000030517578,140.3300018310547,35184,140.6999969482422,140.09013241890193,0.0,77.0157888771875,139.38482947634944,good,,,,0.0,0.0
hold,141.14999389648438,140.6999969482422,141.158203125,140.64999389648438,46345,141.14999389648438,140.30210471441842,0.0,79.60462763464545,139.4992263051695,good,,,,0.0,0.0
hold,141.00999450683594,141.16000366210938,141.1699981689453,140.97000122070312,32443,141.00999450683594,140.44368267290193,0.0,76.70976918579133,139.5647918525428,good,,,,0.0,0.0
hold,140.7100067138672,141.00999450683594,141.0399932861328,140.70150756835938,25325,140.7100067138672,140.496947481095,0.0,70.77087349643864,139.60231716871485,good,,,,0.0,0.0
hold,140.5749969482422,140.5399932861328,140.5749969482422,140.5399932861328,119157,140.5749969482422,140.51255737452445,0.0,68.2113566491691,139.73224631345786,good,,,inf,139.84759445190429,138.2417035006117
hold,140.30999755859375,140.5749969482422,140.71499633789062,140.27000427246094,56851,140.30999755859375,140.4720454113383,139.86961364746094,63.36705338806544,140.13323878428758,good,,,-0.01662578614888277,139.93809432983397,138.44622101045434
hold,140.78500366210938,140.36000061035156,140.95660400390625,140.35000610351562,20680,140.78500366210938,140.53463706149253,139.95283092151988,67.78366999074854,140.22592397280582,good,,,-0.030744588578623944,140.0638442993164,138.74120301109983
hold,140.9199981689453,140.8000030517578,141.0,140.75,15898,140.9199981689453,140.6117092829831,140.04075521674037,68.93012990693546,140.30047769103084,good,,,0.03524424525109815,140.16034393310548,138.8843716789456
hold,140.7624969482422,140.9199981689453,141.03990173339844,140.75999450683594,24651,140.7624969482422,140.6418668160349,140.10636810142233,65.9799577907502,140.35867849904005,good,,,-0.014062316811269682,140.25296859741212,139.08951023042732
hold,141.0,140.78500366210938,141.00999450683594,140.67999267578125,16401,141.0,140.71349345282795,140.1876073649294,68.19081527838478,140.4086023085702,good,,,0.0559030085298895,140.31821823120117,139.14095346077684
hold,140.8699951171875,141.0,141.0399932861328,140.77999877929688,124233,140.8699951171875,140.74479378569987,140.24964261513466,65.67487510763794,140.50161028978945,good,,,0.031558404566522924,140.3777183532715,139.21529998794847
hold,140.36500549316406,140.86000061035156,140.86000061035156,140.32000732421875,20112,140.36500549316406,140.66883612719272,140.26013014950098,56.893814880662674,140.53795844288877,good,,,-0.061008461159572924,140.4389686584473,139.42415205763518
hold,140.39500427246094,140.32000732421875,140.55999755859375,140.13999938964844,32005,140.39500427246094,140.61406975624638,140.27239143340643,57.25940468767105,140.56672029155763,good,,,-0.06290039066370046,140.49371871948242,139.62262716324216
hold,139.83999633789062,140.32000732421875,140.39500427246094,139.83999633789062,37415,139.83999633789062,140.45925507257525,140.23308278835952,48.98237324807787,140.5544237133974,good,,,-0.034371600487859144,140.51021881103514,139.704216694166
hold,139.8350067138672,139.88499450683594,139.97000122070312,139.8000030517578,19713,139.8350067138672,140.33440540083365,140.19689405431475,48.91391693085632,140.54972135140574,good,,,-0.013758836159716292,140.51721878051757,139.73766010043542
hold,139.49000549316406,139.8350067138672,139.8350067138672,139.41000366210938,23784,139.49000549316406,140.16552541929974,140.13263145784651,44.30341310762883,140.53567329338006,good,,,0.04294542752207864,140.49671936035156,139.63598075494804
sell,139.64500427246094,139.52000427246094,139.7989044189453,139.52000427246094,13070,139.64500427246094,140.061421189932,140.08830171372054,46.73264731388057,140.54341318511763,neutral,,,0.02848182875772043,140.4731246948242,139.54853023477926
hold,140.09500122070312,139.6199951171875,140.14999389648438,139.5500030517578,37498,140.09500122070312,140.06813719608624,140.08891075980986,53.12483591805208,140.53761694578023,good,,,0.0013165325597919164,140.4688751220703,139.53816954225996
hold,139.9250030517578,140.11000061035156,140.22000122070312,139.8800048828125,39672,139.9250030517578,140.03951036722054,140.07401005907786,50.65195046937157,140.50932013724815,good,,,0.0004854133835774377,140.4401252746582,139.47998347494675
hold,139.89500427246094,139.83999633789062,139.94000244140625,139.80499267578125,12074,139.89500427246094,140.01060914826863,140.05773680574904,50.207808630282535,140.5079596761994,good,,,0.0019682683080501917,140.41387557983398,139.42470094865396
hold,140.0449981689453,139.89999389648438,140.22999572753906,139.85000610351562,15176,140.0449981689453,140.01748695240397,140.0565787478578,52.45275296745129,140.48914399460676,good,,,-0.02082290554108468,140.38112564086913,139.3886452943019
hold,139.99000549316406,140.0500030517578,140.05499267578125,139.89999389648438,8369,139.99000549316406,140.011990660556,140.05052663379473,51.53533884588558,140.43903164646034,good,,,-0.07802517587208735,140.32312622070313,139.3829534586783
hold,140.0850067138672,139.9949951171875,140.22000122070312,139.9949951171875,14629,140.0850067138672,140.02659387121824,140.0536611865286,53.06264044400377,140.404005307646,good,,,-0.0681570830085243,140.2768768310547,139.38673562332968
hold,140.0399932861328,140.11000061035156,140.25999450683594,139.98500061035156,25445,140.0399932861328,140.02927375420114,140.05241865012897,52.22287502657724,140.3788709369815,good,,,-0.03610274001273339,140.24337615966795,139.37069944206252
hold,139.97999572753906,139.89999389648438,139.97999572753906,139.80999755859375,7687,139.97999572753906,140.01941814886874,140.04583474807535,51.06289440584783,140.3321117028987,good,,,-0.025834718587891548,140.2136260986328,139.34765625513535
hold,139.82000732421875,140.0,140.0,139.74000549316406,11341,139.82000732421875,139.97953598393875,140.0253049822702,48.0010686527034,140.3233581426793,good,,,-0.0065224101097105525,140.18912658691406,139.30785902152633
hold,139.69500732421875,139.82000732421875,139.82000732421875,139.61000061035156,10360,139.69500732421875,139.92263025199475,139.99527792244734,45.69561820250134,140.29184586806497,good,,,-0.05248674222049221,140.13462677001954,139.27290264186544
hold,139.72500610351562,139.68499755859375,139.82000732421875,139.52000427246094,28111,139.72500610351562,139.88310542229894,139.9707077570899,46.36144339335711,140.24216499288693,good,,,-0.08682595473561427,140.07487716674805,139.2758248631322
hold,139.5800018310547,139.69000244140625,139.72000122070312,139.49000549316406,28111,139.5800018310547,139.8224847040501,139.93518903654126,43.579974429090704,140.18230129812005,good,,,-0.06907637485417117,140.01575241088867,139.25488595500616
hold,139.4499969482422,139.63999938964844,139.69000244140625,139.4499969482422,27505,139.4499969482422,139.74798715288853,139.8910806648777,41.193745532532354,140.11973840062996,good,,,-0.1323542064080141,139.9382522583008,139.28620942653956
hold,139.8300018310547,139.46499633789062,139.97000122070312,139.38009643554688,30263,139.8300018310547,139.76439008852176,139.88552804362106,49.83947087663733,139.88920320039222,good,,,-0.1501047313318904,139.88625259399413,139.39324278264988
hold,139.97500610351562,139.88499450683594,140.27999877929688,139.88499450683594,55182,139.97500610351562,139.80651329152053,139.89366241270238,52.69732416330475,139.87907655890572,good,,,-0.04869406880626537,139.86675262451172,139.42259921831044
hold,140.0399932861328,140.0449981689453,140.1300048828125,139.97999572753906,16649,140.0399932861328,139.85320929044298,139.90696521937787,53.96326647649296,139.8491381450391,good,,,-0.05668631587660844,139.8490020751953,139.4666352030795
hold,139.75999450683594,140.09829711914062,140.0998992919922,139.72999572753906,14165,139.75999450683594,139.83456633372157,139.8936042455104,48.00246254767999,139.84703998977915,good,,,-0.0014533881636635826,139.8450019836426,139.4606731260921
hold,139.86000061035156,139.74000549316406,139.89999389648438,139.7100067138672,12524,139.86000061035156,139.83965318904757,139.89054936958686,50.121670420793855,139.84796565450372,good,,,0.0009085867227920374,139.8462516784668,139.46189841065902
hold,139.97999572753906,139.8300018310547,140.0500030517578,139.7050018310547,18636,139.97999572753906,139.8677216967459,139.89868085667342,52.617039152006704,139.87369856447893,good,,,-0.0059880912427701105,139.87075119018556,139.51929457067104
hold,139.9199981689453,140.05999755859375,140.125,139.8699951171875,16874,139.9199981689453,139.87817699118577,139.90061879415268,51.23678399565526,139.88246116740228,good,,,-0.0010451670795497137,139.88450088500977,139.5482595166737
hold,139.72000122070312,139.9199981689453,139.97000122070312,139.6999969482422,12274,139.72000122070312,139.84654183708926,139.88419901474816,46.82712560946606,139.85786189792378,good,,,-0.018578356159748566,139.86575088500976,139.53681022557936
hold,139.39999389648438,139.69500732421875,139.69500732421875,139.27000427246094,14947,139.39999389648438,139.75723224896828,139.84018036763325,40.77948404157825,139.8328636678124,good,,,0.0211738812158746,139.8395004272461,139.45462465259345
hold,139.3000030517578,139.39999389648438,139.41000366210938,139.22999572753906,12702,139.3000030517578,139.6657864095262,139.7910733389173,39.081083419131495,139.81312700629343,good,,,0.024976692799594247,139.80975036621095,139.36010111884906
hold,139.36500549316406,139.30850219726562,139.41000366210938,139.14999389648438,18974,139.36500549316406,139.60563022625377,139.75233989839427,40.80701188760765,139.78188179032216,good,,,-0.0058461595221381835,139.77575073242187,139.3003016395171
hold,139.4600067138672,139.32000732421875,139.4600067138672,139.27000427246094,17260,139.4600067138672,139.57650552377646,139.72576415434634,43.33385618312783,139.7633436091747,good,,,-0.012985881318894332,139.74925079345704,139.26551461594508
hold,139.6300048828125,139.4499969482422,139.66000366210938,139.4499969482422,11676,139.6300048828125,139.58720539558368,139.71705876602508,47.64109098589876,139.74731418265944,good,,,-0.0326629562981684,139.72650070190429,139.26581867208952
hold,139.63999938964844,139.66000366210938,139.72000122070312,139.61000061035156,10558,139.63999938964844,139.59776419439663,139.71005336817265,47.89186482467952,139.7244821650849,good,,,-0.029937746761865558,139.70650100708008,139.26778816619992
hold,139.59979248046875,139.63999938964844,139.63999938964844,139.52999877929688,5623,139.59979248046875,139.59816985161106,139.70002965110865,46.91831529411603,139.71735074081053,good,,,-0.02527289399750776,139.68749084472657,139.26518659283127
hold,139.63999938964844,139.49000549316406,139.7550048828125,139.49000549316406,9458,139.63999938964844,139.60653575921853,139.69457235461226,48.0554732161467,139.71225242913889,good,,,-0.009298027813964271,139.67849044799806,139.26021324709242
hold,139.5399932861328,139.61000061035156,139.6999053955078,139.5399932861328,12144,139.5399932861328,139.59322726460138,139.6805197120232,45.44753716726952,139.70713178833955,good,,,-0.002525788738561019,139.67073974609374,139.24825039166416
hold,139.55999755859375,139.47999572753906,139.75999450683594,139.47000122070312,18450,139.55999755859375,139.58658132339986,139.66956315262053,46.0779160921593,139.6982930180594,good,,,-0.004547759508299887,139.66248931884766,139.2381206403189
hold,139.57130432128906,139.52000427246094,139.63499450683594,139.52000427246094,4553,139.57130432128906,139.58352592297769,139.6606305315904,46.454541973210304,139.7063628383724,good,,,-5.708630009815252e-05,139.66205444335938,139.2373308597465
hold,139.4550018310547,139.6300048828125,139.6300048828125,139.4199981689453,17793,139.4550018310547,139.5578211045931,139.64193701335986,43.11842120904823,139.7141609587662,good,,,-0.00017432908792081037,139.6623046875,139.23807556003018
hold,139.83999633789062,139.5399932861328,139.83999633789062,139.5399932861328,14904,139.83999633789062,139.61425615125262,139.65994240649903,54.71262504267396,139.70899126634075,good,,,0.0009361930582540978,139.6628044128418,139.23776353030863
hold,139.5500030517578,139.80999755859375,139.8345947265625,139.5399932861328,9891,139.5500030517578,139.60140553135366,139.64994791970437,46.94977957995862,139.64881173559544,good,,,-0.0313500920857801,139.6415542602539,139.23918089363394
hold,139.5399932861328,139.5500030517578,139.6999969482422,139.4949951171875,9002,139.5399932861328,139.5891230823095,139.63995204392512,46.70345765396701,139.6202593846116,good,,,-0.04799320428301446,139.6165542602539,139.25639246190585
hold,139.3699951171875,139.59500122070312,139.59500122070312,139.3699951171875,8550,139.3699951171875,139.5452974892851,139.6154105051308,42.61433405199556,139.60421880915675,good,,,-0.007541525918619563,139.5970542907715,139.2279489032626
hold,139.39999389648438,139.25999450683594,139.39999389648438,139.25,10920,139.39999389648438,139.51623677072496,139.595827177072,43.5535423457621,139.58292656174584,good,,,-0.0244697881965128,139.5740539550781,139.21619765469592
hold,139.26109313964844,139.33999633789062,139.39999389648438,139.25999450683594,12636,139.26109313964844,139.46520804450967,139.5653968100335,40.26732008910767,139.5369114162324,good,,,-0.04491985881277527,139.5381088256836,139.20716461242765
hold,139.06320190429688,139.31500244140625,139.3249969482422,139.02999877929688,9390,139.06320190429688,139.38480681646712,139.5197427276938,36.08940333600261,139.4917640747113,good,,,-0.02151619007422223,139.49526901245116,139.15157947726965
hold,139.10000610351562,139.07000732421875,139.2100067138672,139.02000427246094,14939,139.10000610351562,139.32784667387682,139.4815848527685,37.390480113326646,139.45635115552486,good,,,-0.00478337566338638,139.4642692565918,139.096268988262
hold,138.97999572753906,139.0399932861328,139.11900329589844,138.9250030517578,19667,138.97999572753906,139.25827648460927,139.435985841384,34.89582973074421,139.4221221208333,good,,,0.024997913297242214,139.44326934814453,139.0193140218701
hold,138.99000549316406,138.88999938964844,139.0,138.85000610351562,10812,138.99000549316406,139.20462228632024,139.395442173364,35.28366948909769,139.40949716709963,good,,,0.017907247036808016,139.42776947021486,138.96326789656476
hold,138.92210388183594,138.94000244140625,138.99000549316406,138.87930297851562,11825,138.92210388183594,139.1481186054234,139.35241141958872,33.812178758953976,139.3890046860144,good,,,0.01952239118880872,139.40562438964844,138.89166741903583
hold,138.77999877929688,139.02000427246094,139.02999877929688,138.77999877929688,26695,138.77999877929688,139.0744946401981,139.30037390683492,30.907109740501696,139.31892897963985,good,,,0.023404214018407643,139.37162399291992,138.7909195473036
hold,138.9199981689453,138.83999633789062,138.9199981689453,138.79010009765625,6737,138.9199981689453,139.04359534594755,139.2657942942995,36.67917236616324,139.2930864253779,good,,,-0.011806544801951091,139.33612365722655,138.7364424102753
hold,138.9600067138672,138.89999389648438,138.99000549316406,138.8699951171875,10118,138.9600067138672,139.0268776195315,139.2379954233511,38.26636921362582,139.2642760774656,good,,,-0.021208937178784915,139.3021240234375,138.69812203964997
hold,138.8699951171875,138.94500732421875,138.94500732421875,138.8699951171875,7846,138.8699951171875,138.9955011190627,139.2045408500635,36.07545002447165,139.24405873833342,good,,,-0.01770198220831798,139.26563415527343,138.64990846085598
hold,138.85000610351562,138.88499450683594,138.96499633789062,138.80999755859375,13552,138.85000610351562,138.96640211595331,139.17231041855914,35.58815479977042,139.20778023472678,good,,,-0.0280762843733795,139.2261344909668,138.61018262061944
hold,138.86000061035156,138.89999389648438,138.97999572753906,138.85000610351562,13461,138.86000061035156,138.945121814833,139.143918617813,36.053262444939016,139.17315791726563,good,,,-0.022872492972436653,139.1921348571777,138.57416872441684
hold,139.05999755859375,138.875,139.05999755859375,138.83999633789062,15310,139.05999755859375,138.96809696358514,139.13628943061124,44.664031406959495,139.13747955525673,good,,,-0.03323676395718955,139.16713485717773,138.57063707767117
hold,139.08999633789062,139.0500030517578,139.08999633789062,139.02499389648438,13594,139.08999633789062,138.99247683844624,139.13208096763665,45.84204605380447,139.12730772373618,good,,,-0.0379939471325752,139.1430694580078,138.57560800002585
hold,138.8350067138672,139.05999755859375,139.0850067138672,138.8300018310547,50300,138.8350067138672,138.96098281353045,139.10507421729395,38.36569258645045,139.05653924944218,good,,,-0.02492466268122495,139.11206970214843,138.54843086686807
hold,138.6699981689453,138.85000610351562,138.89999389648438,138.52999877929688,16816,138.6699981689453,138.90278588461342,139.06552184926224,34.45020175200385,138.9943032122586,good,,,-0.09679531202365643,139.05356979370117,138.56663058787362
hold,138.88999938964844,138.74000549316406,138.88999938964844,138.74000549316406,8359,138.88999938964844,138.90022858562045,139.04956526202463,42.82799993054596,138.9723835320694,good,,,-0.06120818790090743,139.02056961059571,138.58604043860902
hold,138.89999389648438,138.8699951171875,138.89999389648438,138.77999877929688,9613,138.89999389648438,138.9001816477932,139.03596786515732,43.183267651279785,138.95244293794647,good,,,-0.07237024810912152,138.9885696411133,138.62296450063394
hold,138.85499572753906,138.89999389648438,138.94500732421875,138.72000122070312,17858,138.85499572753906,138.89114446374236,139.01951585264655,41.92023598581106,138.9347683872223,good,,,-0.047769453211277124,138.96281967163085,138.63803328898933
hold,138.85000610351562,138.85499572753906,138.92999267578125,138.85000610351562,9724,138.85000610351562,138.88291679169703,139.00410587545284,41.77433241575195,138.9150375549876,good,,,-0.06738773989638513,138.93532028198243,138.67689727936823
hold,138.71499633789062,138.82000732421875,138.85000610351562,138.64999389648438,17854,138.71499633789062,138.84933270093575,138.9778231902199,37.92769948109796,138.88894534801213,good,,,-0.041002355358588094,138.90801544189452,138.67936031245088
hold,138.8699951171875,138.71499633789062,138.9250030517578,138.7050018310547,28587,138.8699951171875,138.85346518418612,138.96802063812606,44.27211431076108,138.88221621185644,good,,,-0.014834646696293419,138.89835510253906,138.6806800672442
hold,138.8249969482422,138.8699951171875,138.92999267578125,138.75439453125,13121,138.8249969482422,138.84777153699736,138.95501848450027,42.90118743498279,138.86977454775504,good,,,-0.023364635133871214,138.88460464477538,138.68568310457127
hold,138.89999389648438,138.8350067138672,138.9199981689453,138.7908935546875,12557,138.89999389648438,138.85821600889477,138.95001624922608,45.907633664671934,138.86409283820896,good,,,-0.006234489863599091,138.88060455322267,138.68635406980778
hold,139.0050048828125,138.9149932861328,139.0800018310547,138.91000366210938,16454,139.0050048828125,138.8875737836783,138.95501521591575,49.88647945454416,138.86708052835456,good,,,0.0018272580689204787,138.88135452270507,138.6853127522621
hold,139.07000732421875,139.0,139.10000610351562,138.97000122070312,9296,139.07000732421875,138.92406049178643,138.9654690439433,52.2289057274654,138.87096836401216,good,,,0.016885739254401955,138.8887496948242,138.67661885000052
hold,139.07000732421875,139.1199951171875,139.1199951171875,139.0301055908203,10481,139.07000732421875,138.9532498582729,138.97497252396835,52.2289057274654,138.88593517988383,good,,,0.016022656293102067,138.90325012207032,138.6833320485032
hold,138.8699951171875,139.10000610351562,139.14999389648438,138.80999755859375,21358,138.8699951171875,138.93659891005584,138.9654291233519,44.76235316679815,138.88413308028706,good,,,-0.001568328530920926,138.90074996948243,138.68051365166735
hold,138.61000061035156,138.86500549316406,138.9199981689453,138.60000610351562,24566,138.61000061035156,138.87127925011498,138.93311744035188,37.29807277043336,138.86144826357315,good,,,0.010223628103744886,138.88324966430665,138.63128982906352
hold,138.5500030517578,138.625,138.75999450683594,138.5500030517578,17114,138.5500030517578,138.80702401044354,138.89828885957058,35.81391219805707,138.8455731787332,good,,,0.01650343329100412,138.86725006103515,138.57632853603647
hold,138.6699981689453,138.61000061035156,138.6699981689453,138.5500030517578,14881,138.6699981689453,138.7796188421439,138.87753516042284,40.88076172428024,138.83774201731316,good,,,0.0024779771685468077,138.85824966430664,138.55487943485937
hold,138.6750030517578,138.63499450683594,138.67999267578125,138.58999633789062,14642,138.6750030517578,138.75869568406668,138.8591231505442,41.08964504489773,138.82990971267338,good,,,0.0007746430115807001,138.84899978637696,138.53530167323672
hold,138.69000244140625,138.6750030517578,138.7449951171875,138.60000610351562,17986,138.69000244140625,138.7449570355346,138.84374854062256,41.753856659081634,138.81241348018463,good,,,-0.0193501675954999,138.83050003051758,138.52523037679194
hold,138.69000244140625,138.7100067138672,138.72999572753906,138.6699981689453,10204,138.69000244140625,138.73396611670896,138.82977162251197,41.753856659081634,138.79771784010003,good,,,-0.027879944733899542,138.81050033569335,138.5240219628365
hold,138.4600067138672,138.69000244140625,138.72000122070312,138.3800048828125,20019,138.4600067138672,138.67917423614062,138.796156630817,34.780174755988526,138.76999216869314,good,,,0.013646910600328965,138.79175033569337,138.46753952250444
hold,138.61000061035156,138.4600067138672,138.6199951171875,138.42999267578125,18437,138.61000061035156,138.66533951098282,138.77923335622924,41.62737831226384,138.76594163945146,good,,,0.0018072965161763932,138.78875045776368,138.4590255287258
hold,138.75,138.60499572753906,138.9149932861328,138.60499572753906,36186,138.75,138.68227160878627,138.77657577839022,47.19936409479653,138.76120804302312,good,,,-0.0071623549441013346,138.78175048828126,138.45498974876097
hold,138.77499389648438,138.74000549316406,138.7899932861328,138.6999969482422,8458,138.77499389648438,138.7008160663259,138.77643197094423,48.15092011676459,138.7576247334969,good,,,-0.007753237949581493,138.77550048828124,138.45327516264453
hold,138.8300018310547,138.77499389648438,138.8300018310547,138.6999969482422,12948,138.8300018310547,138.72665321927167,138.78130195822698,50.27488372535537,138.7552306540924,good,,,-0.0016538490190676214,138.77425079345704,138.45307623937006
hold,138.90989685058594,138.8300018310547,138.95989990234375,138.8000030517578,12098,138.90989685058594,138.76330194553452,138.79299240298687,53.26913919020162,138.75804626156994,good,,,0.004930107448153365,138.77724533081056,138.452207760152
hold,139.00999450683594,138.83999633789062,139.02999877929688,138.80999755859375,14740,139.00999450683594,138.81264045779483,138.81271986697314,56.78054642931363,138.77146107086023,good,,,0.02055381692016578,138.7919952392578,138.45311674848713
buy,138.99000549316406,139.0500030517578,139.1092987060547,138.97000122070312,21090,138.99000549316406,138.84811346486867,138.8288367420814,55.87758911851964,138.77694824644416,good,,,0.011091287822018181,138.79799575805663,138.4496863804301
sell,139.02000427246094,139.02999877929688,139.03500366210938,138.9499969482422,12098,139.02000427246094,138.88249162638715,138.84621560847953,56.98320086386337,138.78404269533428,good,,,0.01645577817008803,138.80774612426757,138.446289505547
hold,138.97999572753906,138.99000549316406,139.0399932861328,138.9499969482422,17535,138.97999572753906,138.90199244661753,138.85837743748493,55.00364071214812,138.7900320815755,good,,,0.006984633660822581,138.8117462158203,138.44456922967217
hold,139.0,138.99000549316406,139.0399932861328,138.97000122070312,27048,139.0,138.92159395729402,138.8712522158954,55.82987866853173,138.79631034640542,good,,,-0.0005539510024021865,138.81149597167968,138.44483972443112
hold,139.10000610351562,139.0,139.10000610351562,138.98500061035156,46408,139.10000610351562,138.95727638653835,138.89204802386087,59.80364951493111,138.8268409231486,good,,,0.004265326168262362,138.81299591064453,138.44190320021374
hold,139.33749389648438,139.0800018310547,139.33749389648438,139.0749969482422,13767,139.33749389648438,139.03331988852756,138.93254310319028,67.322092836282,138.83858550410292,good,,,0.04679601875976491,138.8263702392578,138.40351924521858
hold,139.26499938964844,139.30999755859375,139.32000732421875,139.22000122070312,9603,139.26499938964844,139.07965578875172,138.9627664019592,63.42238249680869,138.84784387833807,good,,,0.04376892020743206,138.84612045288085,138.38207179193358
hold,139.2550048828125,139.26499938964844,139.30999755859375,139.17999267578125,15862,139.2550048828125,139.11472560756388,138.98933353658225,62.88157944196268,138.88190765026775,good,,,0.03688635148111352,138.8783706665039,138.39518578055143
hold,139.3249969482422,139.27999877929688,139.4199981689453,139.2299041748047,22236,139.3249969482422,139.15677987569956,139.0198483921877,65.12437994502802,138.92431834943895,good,,,0.03683826113778377,138.91712036132813,138.42134679643976
hold,139.05499267578125,139.35000610351562,139.35899353027344,139.00999450683594,31346,139.05499267578125,139.1364224357159,139.02304332705984,52.05704125567024,138.94491001270302,good,,,0.006576545328251804,138.9363700866699,138.45067769496083
hold,139.0449981689453,139.0449981689453,139.08999633789062,138.9600067138672,17316,139.0449981689453,139.11813758236178,139.0250392217767,51.64395715952826,138.95966176545843,good,,,0.0037834266452874132,138.9548698425293,138.4824022752184
hold,139.17999267578125,139.0500030517578,139.19000244140625,139.00999450683594,19197,139.17999267578125,139.13050860104568,139.03912589941348,56.64786079344047,138.98314826063137,good,,,0.012758750223262894,138.97936935424804,138.5136121129328
hold,139.18499755859375,139.125,139.1999969482422,139.125,14709,139.18499755859375,139.1414063925553,139.05238695933895,56.82623849827675,138.99838795897807,good,,,0.009375383881105037,139.0041191101074,138.55003810872972
hold,139.07000732421875,139.1699981689453,139.18960571289062,139.03500366210938,13887,139.07000732421875,139.12712657888798,139.05398881069164,51.57544704647708,139.02896816743896,good,,,-0.031509657580741646,139.034619140625,138.65498097108832
hold,139.1300048828125,139.08999633789062,139.14999389648438,139.08999633789062,8869,139.1300048828125,139.12770223967289,139.06089936270263,53.96554745091252,139.05193187685546,good,,,-0.01883126359835119,139.06061935424805,138.73323486462215
hold,139.25999450683594,139.14999389648438,139.2899932861328,139.14500427246094,11261,139.25999450683594,139.1541606931055,139.0789989212602,58.71950416312724,139.0897909604221,good,,,0.0024792823314134793,139.08611907958985,138.78077849315434
hold,139.10000610351562,139.22999572753906,139.252197265625,138.9600067138672,17313,139.10000610351562,139.14332977518754,139.0809086651016,51.649740672168974,139.09769289022822,good,,,-0.013754569725510368,139.1023696899414,138.83245240936864
hold,139.19000244140625,139.14999389648438,139.22000122070312,139.13999938964844,9234,139.19000244140625,139.15266430843127,139.09082628112927,54.93650379386858,139.10983643294344,good,,,-0.007569305868293519,139.120369720459,138.87900198510022
hold,139.33999633789062,139.1999969482422,139.35499572753906,139.18580627441406,10532,139.33999633789062,139.19013071432315,139.1134781044712,59.836890569545865,139.12351500802518,good,,,0.013844510224192419,139.14187469482422,138.90271798384
hold,139.42999267578125,139.33999633789062,139.47000122070312,139.32000732421875,10058,139.42999267578125,139.23810310661477,139.14225215640846,62.47369099638083,139.13712767706514,good,,,0.03133492899551893,139.1628746032715,138.9010428535103
hold,139.4499969482422,139.47000122070312,139.55499267578125,139.3800048828125,17315,139.4499969482422,139.28048187494028,139.17022895566606,63.05431667909043,139.16178128299842,good,,,0.027662485197388342,139.18587417602538,138.90847366026165
hold,139.4199981689453,139.42999267578125,139.44000244140625,139.3699951171875,4845,139.4199981689453,139.3083851337413,139.19293524778237,61.517146056251285,139.1705484116819,good,,,0.019268536020122795,139.20587387084962,138.92160051859128
hold,139.3350067138672,139.39999389648438,139.42999267578125,139.30999755859375,8074,139.3350067138672,139.3137094497665,139.20585083560826,57.25820758248753,139.1847456193208,good,,,0.0022030029581898702,139.223624420166,138.95402864515435
hold,139.2100067138672,139.3350067138672,139.35000610351562,139.2100067138672,5654,139.2100067138672,139.29296890258664,139.2062286427227,51.60005349141577,139.2014612608133,good,,,-0.00684127046266525,139.23412475585937,138.98457242501172
hold,139.33999633789062,139.2100067138672,139.36000061035156,139.1750030517578,14104,139.33999633789062,139.30237438964744,139.21838934228342,56.42265269116052,139.22567152771651,good,,,0.00580611103253581,139.24612426757812,139.00047287128533
hold,139.17999267578125,139.33999633789062,139.36000061035156,139.17999267578125,11189,139.17999267578125,139.2778980468742,139.21489873623776,49.83974161280798,139.21814941056076,good,,,-0.0071741767701527515,139.23824920654295,138.99473013578097
hold,139.22999572753906,139.17999267578125,139.24000549316406,139.1199951171875,12297,139.22999572753906,139.2683175830072,139.21627118999243,51.7349145201818,139.21704433101314,good,,,-0.0014635517753602834,139.2364990234375,138.99327115746593
hold,139.18499755859375,139.2100067138672,139.2100067138672,139.1199951171875,6197,139.18499755859375,139.25165357812452,139.21342813259253,49.90749661923232,139.21402993099008,good,,,-0.0019019916120188718,139.23299865722657,138.98892331775
hold,138.99000549316406,139.17999267578125,139.1999053955078,138.99000549316406,7361,138.99000549316406,139.19932396113245,139.19311698355358,42.84496071189451,139.19761367913588,good,,,0.0007370789310012782,139.21624908447265,138.95439611611613
hold,139.06500244140625,139.00999450683594,139.10499572753906,138.99009704589844,9006,139.06500244140625,139.17245965718723,139.18147020699473,46.00959000451882,139.21195712476697,good,,,-0.0005009862229066187,139.2167495727539,138.9560958587539
hold,138.98500061035156,139.11000061035156,139.11000061035156,138.9600067138672,10598,138.98500061035156,139.13496784782012,139.1636093345726,43.25804736768235,139.2141482665768,good,,,0.0043457829904447465,139.21374969482423,138.944034717627
hold,139.08999633789062,138.98500061035156,139.16000366210938,138.98500061035156,9871,139.08999633789062,139.12597354583423,139.15691724396515,47.68035598786254,139.21146517537184,good,,,0.0004002542568493084,139.2092498779297,138.93447679533298
hold,139.0050048828125,139.08999633789062,139.08999633789062,138.96499633789062,14206,139.0050048828125,139.10177981322988,139.1431070293149,44.64698696873174,139.19945946085258,good,,,0.0035997342435312163,139.20025024414062,138.91145647361606
hold,139.0850067138672,139.0449981689453,139.10000610351562,139.01010131835938,7349,139.0850067138672,139.09842519335734,139.13782518245603,48.00045845650738,139.20411817905102,good,,,-0.0003812336822561768,139.20100021362305,138.91348819179976
hold,139.06500244140625,139.11000061035156,139.14999389648438,139.05499267578125,10933,139.06500244140625,139.09174064296712,139.1312049332697,47.22994834863341,139.19995398412374,good,,,0.000946243489607923,139.1977500915527,138.90566804669336
hold,139.22999572753906,139.05999755859375,139.22999572753906,139.05999755859375,15104,139.22999572753906,139.11939165988153,139.1401859145669,53.81503864122904,139.19890131496206,good,,,-0.0017832768242520558,139.19625015258788,138.90515565861233
hold,139.22000122070312,139.21499633789062,139.23989868164062,139.1999969482422,4812,139.22000122070312,139.13951357204584,139.14744185148837,53.38049183107994,139.20802738252905,good,,,0.0019685936304858487,139.20224990844727,138.91440923134903
buy,139.26499938964844,139.1999969482422,139.26499938964844,139.1999969482422,10814,139.26499938964844,139.16461073556638,139.158128900412,55.13695797903782,139.21193383968648,neutral,,,0.003559686129372963,139.20599975585938,138.91694351676685
sell,139.25779724121094,139.27000427246094,139.32000732421875,139.24000549316406,11097,139.25779724121094,139.18324803669532,139.16718965866644,54.78119926898847,139.2077532774497,good,,,-0.006854492280528035,139.2018898010254,138.91828528494375
hold,139.2198944091797,139.2550048828125,139.2550048828125,139.16000366210938,7090,139.2198944091797,139.1905773111922,139.17198099962218,52.848605612882864,139.19689410868895,good,,,-0.02165022172551101,139.1913848876953,138.92747437707817
hold,139.0279998779297,139.18499755859375,139.19000244140625,138.99000549316406,9691,139.0279998779297,139.15806182453971,139.15889180674102,44.3231886137429,139.16526256528644,good,,,-0.028974833818873336,139.1702850341797,138.92568161014023
hold,139.08999633789062,139.02000427246094,139.11000061035156,138.97999572753906,12122,139.08999633789062,139.1444487272099,139.15262858230008,47.28208204907119,139.15439764615328,good,,,-0.030858641208020288,139.15378494262694,138.9357029672546
hold,139.14999389648438,139.1199951171875,139.19500732421875,139.11000061035156,5219,139.14999389648438,139.1455577610648,139.15238906540773,50.04872380721735,139.14679048497203,good,,,-0.01844637618465539,139.1445343017578,138.9429107443836
hold,139.05499267578125,139.1649932861328,139.1699981689453,139.02999877929688,4802,139.05499267578125,139.1274447440081,139.14353484816897,45.93775018601573,139.14267292898938,good,,,-0.00466461855453959,139.13678359985352,138.93390930730956
hold,139.11000061035156,139.05499267578125,139.11000061035156,138.97999572753906,8066,139.11000061035156,139.1239559172768,139.14048628109467,48.57185688059828,139.12645250837608,good,,,-0.024443441661448073,139.12528381347656,138.94496914254384
hold,139.10000610351562,139.11000061035156,139.1300048828125,139.07000732421875,4750,139.10000610351562,139.11916595452456,139.1368062649511,48.11316203347182,139.1224572421954,good,,,-0.003939852219847495,139.12128448486328,138.94245892003156
hold,139.19000244140625,139.05999755859375,139.22500610351562,139.02499389648438,12953,139.19000244140625,139.13333325190092,139.14164228099247,52.466175995814304,139.11999907184423,good,,,-0.004349277611814806,139.11928482055663,138.94451813991788
hold,139.16000366210938,139.14999389648438,139.19000244140625,139.11000061035156,7099,139.16000366210938,139.13866733394264,139.14331149745766,50.93230232785835,139.1193496726538,good,,,-0.0020076390009560185,139.11803512573243,138.94481527197345
hold,139.1699981689453,139.16600036621094,139.17999267578125,139.13499450683594,4694,139.1699981689453,139.14493350094318,139.145737558502,51.44165260627931,139.12594981103504,good,,,-5.5582406954801655e-05,139.12703475952148,138.9628919609837
buy,139.19000244140625,139.17999267578125,139.24000549316406,139.1649932861328,8254,139.19000244140625,139.15394728903578,139.149761638766,52.50437671625539,139.1319522531707,neutral,,,0.00419608285697759,139.13328475952147,138.9695471877609
sell,139.16000366210938,139.1699981689453,139.1699981689453,139.1300048828125,2795,139.16000366210938,139.1551585636505,139.15069273179722,50.711985705190415,139.14147815389677,neutral,,,-0.004183043490324501,139.14203491210938,138.99287434796156
hold,139.16619873046875,139.13999938964844,139.23800659179688,139.0500030517578,11744,139.16619873046875,139.15736659701415,139.1521023680401,51.0833678348119,139.14607794108446,good,,,0.0015668894329134986,139.14584503173828,138.99831204819645
hold,139.2050018310547,139.2100067138672,139.30999755859375,139.2050018310547,8695,139.2050018310547,139.16689364382228,139.15691141013232,53.44934467801277,139.1610492772047,good,,,-0.002154942751497746,139.15584487915038,139.02131343557352
hold,139.14500427246094,139.19140625,139.19500732421875,139.1199951171875,4233,139.14500427246094,139.16251576955003,139.15582894307127,49.465450942374936,139.16402513475737,good,,,-0.0005966805598500713,139.1588447570801,139.0281443100302
hold,139.22000122070312,139.1300048828125,139.22000122070312,139.11000061035156,10251,139.22000122070312,139.17401285978065,139.16166278649234,54.07356087557488,139.17410777141583,good,,,0.002055625781682835,139.1665946960449,139.04078091615744
hold,139.33999633789062,139.19500732421875,139.33999633789062,139.19500732421875,12704,139.33999633789062,139.20720955540264,139.1778749275285,60.30979541355059,139.1819115621266,good,,,0.01745687446883526,139.1720947265625,139.02746487630037
hold,139.28500366210938,139.34500122070312,139.34500122070312,139.27000427246094,6201,139.28500366210938,139.222768376744,139.18761390339952,56.52186403307612,139.1847043317955,good,,,0.007297306808817794,139.17534484863282,139.02379875161262
hold,139.19000244140625,139.2799072265625,139.28500366210938,139.13999938964844,10811,139.19000244140625,139.21621518967646,139.1878310432183,50.60835229752688,139.1797369285664,good,,,-0.006599907264770444,139.1715950012207,139.0254945023857
hold,139.1750030517578,139.18499755859375,139.18499755859375,139.1750030517578,2469,139.1750030517578,139.20797276209274,139.18666486217643,49.72380226537077,139.17405983208445,good,,,-0.006856800582821787,139.16745529174804,139.0267678199974
hold,139.25,139.1999969482422,139.25,139.1699981689453,11402,139.25,139.2163782096742,139.19242260197856,54.04848931859568,139.17746269857477,good,,,0.003110482015511451,139.16896057128906,139.02544522435264
hold,139.2449951171875,139.25,139.27999877929688,139.1999969482422,4951,139.2449951171875,139.22210159117685,139.197201921543,53.71641576320935,139.1890231641548,good,,,-0.0007935493103072844,139.17981033325196,139.04825026147026
hold,139.1999969482422,139.22999572753906,139.25999450683594,139.1999969482422,7113,139.1999969482422,139.21768066258994,139.1974560148793,50.70030742532198,139.19759158442065,good,,,-0.0006741291998513255,139.18531036376953,139.060189461132
hold,139.25999450683594,139.22000122070312,139.27999877929688,139.21499633789062,9279,139.25999450683594,139.22614343143914,139.2031413323299,54.37848767746505,139.20299036203886,good,,,0.006060501828186737,139.1908103942871,139.0627466109334
hold,139.2899932861328,139.25999450683594,139.3000030517578,139.22999572753906,7785,139.2899932861328,139.23891340237788,139.2110369644938,56.140493057460965,139.21187363587407,good,,,0.0018232277198881874,139.2025604248047,139.08370657163553
hold,139.25999450683594,139.3000030517578,139.3000030517578,139.1999969482422,9386,139.25999450683594,139.24312962326948,139.21548765016124,53.89867518970245,139.21995498638535,good,,,0.0014303446934649244,139.2100601196289,139.096713184828
hold,139.22999572753906,139.22999572753906,139.22999572753906,139.13999938964844,6891,139.22999572753906,139.2405028441234,139.2168065662865,51.67638429755188,139.2239556622411,good,,,-0.003720114850680467,139.21655960083007,139.11489513798662
hold,139.3249969482422,139.19500732421875,139.33560180664062,139.1699981689453,7391,139.3249969482422,139.25740166494717,139.2266420555552,57.63373636110869,139.23165340865566,good,,,0.01168493968133344,139.2233093261719,139.1121153382233
hold,139.27000427246094,139.3249969482422,139.3249969482422,139.25,4358,139.27000427246094,139.25992218644993,139.2305840752739,53.52058188505739,139.2361167070183,good,,,0.0023617537085129925,139.22880935668945,139.11982466145918
hold,139.2899932861328,139.26100158691406,139.32000732421875,139.26100158691406,8671,139.2899932861328,139.26593640638652,139.2359849126247,54.783758002914496,139.2411205956762,good,,,0.00401877855591426,139.23480911254882,139.12622449579027
hold,139.32000732421875,139.27000427246094,139.3699951171875,139.25999450683594,22911,139.32000732421875,139.27675058995297,139.2436233136787,56.68718985750099,139.25423098130662,good,,,0.007524455657326179,139.24130935668944,139.12874015219893
hold,139.27999877929688,139.3300018310547,139.3300018310547,139.27999877929688,4434,139.27999877929688,139.27740022782177,139.24693017418943,53.45677265040134,139.25643053730292,good,,,0.0004968124733606416,139.24730911254883,139.14004733646692
hold,139.25999450683594,139.31500244140625,139.32000732421875,139.2550048828125,4357,139.25999450683594,139.2739190836246,139.24811784079364,51.865278351187264,139.2629750069682,good,,,-0.001368175472959976,139.2519989013672,139.15133352916297
hold,139.36500549316406,139.25999450683594,139.36500549316406,139.25999450683594,7663,139.36500549316406,139.29213636553249,139.25874399100914,58.799551642776905,139.27085157504192,good,,,0.012079441175827377,139.25999908447267,139.15050087226606
hold,139.39990234375,139.3699951171875,139.39990234375,139.35000610351562,8402,139.39990234375,139.313689561176,139.27157656853103,60.81953705050278,139.28050931971438,good,,,0.011150740205279064,139.27274398803712,139.16044994882606
hold,139.3699951171875,139.38499450683594,139.4199981689453,139.35000610351562,6625,139.3699951171875,139.32495067237832,139.28052370931798,58.18658036608994,139.28791519460893,good,,,0.008852290333694057,139.28024368286134,139.16311057022656
hold,139.3800048828125,139.3800048828125,139.41000366210938,139.3699951171875,4666,139.3800048828125,139.33596151446517,139.28956745236292,58.82900825245282,139.28642611253008,good,,,0.005209812398754288,139.28224411010743,139.15984908289892
hold,139.4600067138672,139.40989685058594,139.4600067138672,139.3800048828125,7831,139.4600067138672,139.36077055434558,139.3050619306815,63.63763943207986,139.2951183938087,good,,,0.02241216057989881,139.2909942626953,139.1461057964954
hold,139.4250030517578,139.4600067138672,139.47999572753906,139.4199981689453,7269,139.4250030517578,139.37361705382804,139.31596566896116,60.31811304243563,139.30864121505516,good,,,0.010871873540163612,139.3027442932129,139.15444656469066
hold,139.3300018310547,139.41000366210938,139.4250030517578,139.3300018310547,8487,139.3300018310547,139.36489400927337,139.31724168369692,52.33846986133212,139.31183902438494,good,,,-0.0028901843346251788,139.31049423217777,139.17397683479135
hold,139.36000061035156,139.32000732421875,139.36000061035156,139.27000427246094,11014,139.36000061035156,139.363915329489,139.32112885884737,54.39034799857498,139.3195861354674,good,,,0.002986776395719204,139.3159942626953,139.1808119253986
hold,139.32000732421875,139.35000610351562,139.36000061035156,139.32000732421875,5334,139.32000732421875,139.35513372843496,139.32102690115383,51.22422920230361,139.32191023457668,good,,,-0.0001672605121072479,139.3197448730469,139.18854639285385
hold,139.27999877929688,139.30999755859375,139.30999755859375,139.24000549316406,4676,139.27999877929688,139.34010673860735,139.3172970718941,48.2013884621142,139.3261736611206,good,,,-0.004575107729520855,139.3237449645996,139.2029266068475
hold,139.2550048828125,139.27000427246094,139.27000427246094,139.24000549316406,10916,139.2550048828125,139.32308636744838,139.31163414561394,46.36080018596277,139.32515018037722,good,,,0.00021185946306179204,139.32349548339843,139.20213221794205
hold,139.22999572753906,139.27000427246094,139.30999755859375,139.22000122070312,12069,139.22999572753906,139.30446823946653,139.3042124712435,44.528547482436736,139.319795314661,good,,,0.0021391020035732566,139.32049560546875,139.19314959431532
hold,139.27000427246094,139.24000549316406,139.27999877929688,139.2100067138672,10036,139.27000427246094,139.29757544606542,139.3011026349905,48.064734468072494,139.32017084580244,good,,,-0.00027172510937978345,139.32099609375,139.194529485678
buy,139.3800048828125,139.27000427246094,139.39999389648438,139.27000427246094,5919,139.3800048828125,139.31406133341486,139.3082755666107,56.31111970360691,139.32615477752634,neutral,,,0.0019548290666859813,139.32849655151367,139.20680444167166
sell,139.34500122070312,139.40499877929688,139.40499877929688,139.3300018310547,5684,139.34500122070312,139.32024931087253,139.31161426243727,53.40517290041669,139.32687185702733,neutral,,,0.0008586541267563419,139.32949676513672,139.20760747411808
hold,139.34500122070312,139.3300018310547,139.36500549316406,139.3300018310547,4562,139.34500122070312,139.32519969283865,139.31464944046144,53.40517290041671,139.3289181844955,good,,,0.0005566997129946571,139.33324661254883,139.21433084347635
hold,139.3249969482422,139.3300018310547,139.33999633789062,139.2899932861328,9429,139.3249969482422,139.32515914391936,139.31559012298698,51.63893414016161,139.33077015053698,good,,,0.0001234615035317077,139.3349967956543,139.2176590399509
hold,139.3800048828125,139.3000030517578,139.3800048828125,139.22999572753906,17233,139.3800048828125,139.336128291698,139.32144601024385,55.95284538212935,139.33776253432228,good,,,0.0031361045099709273,139.33799667358397,139.21928542485713
hold,139.3699951171875,139.36500549316406,139.41000366210938,139.3404998779297,6899,139.3699951171875,139.3429016567959,139.32585956542056,54.99155500366828,139.340770606686,good,,,0.0015522134542367283,139.3424964904785,139.226120392863
hold,139.41000366210938,139.3800048828125,139.4199981689453,139.34500122070312,9578,139.41000366210938,139.35632205785862,139.3335090287559,58.09079609373014,139.3469489700384,good,,,0.0032724753590507305,139.3499969482422,139.23655755114893
hold,139.46499633789062,139.38999938964844,139.46499633789062,139.3800048828125,24174,139.46499633789062,139.37805691386504,139.34546242049544,61.96742201543033,139.36196702800063,good,,,0.01113527734553088,139.35499649047853,139.23102699518893
hold,139.4499969482422,139.4499969482422,139.47000122070312,139.4199981689453,6669,139.4499969482422,139.39244492074047,139.3549655593815,60.32827168084164,139.3634655426327,good,,,0.0056911134585169165,139.3575012207031,139.2280985494331
hold,139.4149932861328,139.46499633789062,139.46499633789062,139.38999938964844,4218,139.4149932861328,139.39695459381895,139.3604226254498,56.5677439520812,139.36445095322043,good,,,0.003286537712088311,139.3597511291504,139.22801407662783
hold,139.44500732421875,139.4199981689453,139.4499969482422,139.3800048828125,9530,139.44500732421875,139.4065651398989,139.36811214351968,58.931653007422426,139.36828028759018,good,,,0.0058804924077060505,139.3630012512207,139.22631153439653
hold,139.52000427246094,139.4600067138672,139.52999877929688,139.4600067138672,6848,139.52000427246094,139.42925296641133,139.38192051887796,64.17815846861102,139.3700565648645,good,,,0.009753415038149527,139.3660011291504,139.21870530641883
hold,139.50010681152344,139.52499389648438,139.5511932373047,139.50010681152344,5356,139.50010681152344,139.44342373543375,139.39266472730029,61.91810197983682,139.3717200113429,good,,,0.009398906890845105,139.36975631713867,139.21310295751454
hold,139.48500061035156,139.5175018310547,139.5399932861328,139.48500061035156,5463,139.48500061035156,139.45173911041732,139.40105889848675,60.18523863051241,139.3772603036347,good,,,0.010259578222315824,139.37750625610352,139.21428801430267
hold,139.52999877929688,139.49000549316406,139.5699005126953,139.47999572753906,14678,139.52999877929688,139.46739104419325,139.41278070583311,63.46526201245709,139.3908263216052,good,,,0.015179345305016412,139.3860061645508,139.21010646278455
hold,139.60000610351562,139.54620361328125,139.60000610351562,139.52999877929688,10935,139.60000610351562,139.49391405605775,139.4298011965315,67.89644127592481,139.405242401094,good,,,0.024486289965874874,139.40000610351564,139.2039328077619
hold,139.6199951171875,139.6199951171875,139.66439819335938,139.6199951171875,7926,139.6199951171875,139.5191302682837,139.4470915529548,69.05068349306146,139.41740349444447,good,,,0.02213287334682512,139.41700592041016,139.2070358181004
hold,139.5800018310547,139.63499450683594,139.67999267578125,139.5500030517578,7759,139.5800018310547,139.5313045808379,139.45917430550932,64.08604471919736,139.43380845613092,good,,,0.00993734672711799,139.43325576782226,139.2256602961926
hold,139.4149932861328,139.5800018310547,139.5800018310547,139.4149932861328,6468,139.4149932861328,139.50804232189688,139.45515784920238,48.56970806559488,139.44684406696604,good,,,-0.008915263026265663,139.44250564575196,139.25660940123214
hold,139.5399932861328,139.40589904785156,139.55999755859375,139.40589904785156,21253,139.5399932861328,139.51443251474407,139.4628701616506,57.05271303077128,139.46654416578284,good,,,0.00011884233586112458,139.45600509643555,139.28344236494496
hold,139.47000122070312,139.52000427246094,139.52000427246094,139.4499969482422,3617,139.47000122070312,139.50554625593588,139.46351843974625,51.89151457859132,139.46933114778054,good,,,0.0007132323055714096,139.46050491333008,139.29144612268047
hold,139.49000549316406,139.47999572753906,139.50999450683594,139.4600067138672,10534,139.49000549316406,139.50243810338154,139.46592635369333,53.19476338863378,139.4741179734762,good,,,-0.0006782196099508475,139.46775512695314,139.3068935450089
hold,139.4199981689453,139.50999450683594,139.52000427246094,139.4199981689453,9908,139.4199981689453,139.4859501164943,139.46175106417078,48.26688146290751,139.47438406040334,good,,,-0.0032878441324157848,139.47150497436525,139.31898401111476
hold,139.49000549316406,139.44749450683594,139.5399932861328,139.42999267578125,8147,139.49000549316406,139.48676119182826,139.46431964862472,52.959822002905554,139.4821725665535,good,,,-0.005215328820695753,139.47975540161133,139.34276671767228
hold,139.51499938964844,139.49000549316406,139.52000427246094,139.49000549316406,4712,139.51499938964844,139.4924088313923,139.4689268978087,54.54519467001776,139.49254412090028,good,,,-0.0003309061053835549,139.48650512695312,139.35672816868615
hold,139.49000549316406,139.51499938964844,139.52499389648438,139.47000122070312,4144,139.49000549316406,139.49192816374668,139.4708431337501,52.63481285046589,139.49713382666323,good,,,-0.0039507181024966975,139.49250564575195,139.3742450520142
hold,139.6699981689453,139.50999450683594,139.6699981689453,139.50999450683594,7763,139.6699981689453,139.5275421647864,139.48894813694966,62.752227259951546,139.50921852647352,good,,,0.021365108962290158,139.50550537109376,139.37041651036768
hold,139.72999572753906,139.67799377441406,139.75,139.6300048828125,11733,139.72999572753906,139.56803287733695,139.51086155427595,65.4049262433081,139.53104474775876,good,,,0.031066460174655752,139.51875534057618,139.35353505973782
hold,139.69000244140625,139.74000549316406,139.77999877929688,139.69000244140625,10404,139.69000244140625,139.59242679015082,139.5271470894696,62.22378966805879,139.54384728468892,good,,,0.0176541142383968,139.53075561523437,139.35287564042525
hold,139.67999267578125,139.69500732421875,139.69500732421875,139.61000061035156,13285,139.67999267578125,139.60993996727692,139.54104214277066,61.41860901140805,139.55688152265776,good,,,0.011622681275369473,139.5440055847168,139.3631376899613
hold,139.77000427246094,139.69000244140625,139.77999877929688,139.69000244140625,5402,139.77000427246094,139.64195282831372,139.56185688183342,65.71496898663615,139.56945673577803,good,,,0.025164896577800633,139.5602554321289,139.36047576488096
hold,139.72000122070312,139.75,139.75,139.6999969482422,8383,139.72000122070312,139.6575625067916,139.5762336399125,61.61047107788887,139.5784558074929,good,,,0.01479390795442459,139.57025527954102,139.3597994887555
hold,139.77000427246094,139.72000122070312,139.77000427246094,139.6999969482422,3146,139.77000427246094,139.68005085992547,139.59384915196236,64.02994798163552,139.58427528086872,good,,,0.019954318089121514,139.5837501525879,139.3588969471351
hold,139.72579956054688,139.75,139.78939819335938,139.72000122070312,7471,139.72579956054688,139.68920060004976,139.60584464365186,60.405499627031546,139.59327895861887,good,,,0.010988641808062916,139.59579010009764,139.36761377551468
hold,139.69000244140625,139.6999969482422,139.72000122070312,139.69000244140625,2143,139.69000244140625,139.68936096832107,139.61349535253862,57.56383586561343,139.60015889718778,good,,,0.0067425382305197346,139.60379028320312,139.37418645733402
hold,139.7100067138672,139.69000244140625,139.75999450683594,139.69000244140625,8212,139.7100067138672,139.69349011743031,139.62226911265938,58.7321703737608,139.6057234626048,good,,,0.00722138469775313,139.6092903137207,139.37508861104462
hold,139.7100067138672,139.71499633789062,139.74000549316406,139.6999969482422,3484,139.7100067138672,139.6967934367177,139.6302452582237,58.73217037376079,139.60730736385807,good,,,0.006131473799086962,139.6137908935547,139.3755153036399
hold,139.67999267578125,139.6999969482422,139.7100067138672,139.6750030517578,5457,139.67999267578125,139.6934332845304,139.63476775072894,56.04710240607732,139.61121642155973,good,,,0.004395469735896107,139.61879043579103,139.37936723285526
hold,139.67999267578125,139.66000366210938,139.6999969482422,139.60000610351562,9554,139.67999267578125,139.6907451627806,139.63887910755187,56.04710240607732,139.62335018726205,good,,,-0.003339050629913576,139.63204040527344,139.41053710838358
hold,139.7550048828125,139.6999969482422,139.75999450683594,139.69500732421875,8408,139.7550048828125,139.703597106787,139.6494359962119,61.189915102602185,139.6430787602564,good,,,0.009080627525936968,139.6427909851074,139.4193386886661
hold,139.70010375976562,139.74000549316406,139.77499389648438,139.69000244140625,8306,139.70010375976562,139.70289843738271,139.65404215653496,56.02319388607371,139.650380887182,good,,,-0.0014140462767819884,139.65429611206054,139.44432671597795
hold,139.660400390625,139.660400390625,139.660400390625,139.660400390625,3780,139.660400390625,139.69439882803118,139.65462017781587,52.566394436363694,139.66238898025355,good,,,-0.003914673491944853,139.6628158569336,139.46684143505064
hold,139.63499450683594,139.64999389648438,139.66000366210938,139.6300048828125,5578,139.63499450683594,139.68251796379215,139.65283602590858,50.42241037942594,139.67850803657643,good,,,-0.01646799868061377,139.67356567382814,139.51137301257754
hold,139.60499572753906,139.61000061035156,139.6199951171875,139.57000732421875,11475,139.60499572753906,139.66701351654154,139.648486907875,47.936237827342005,139.6833538533993,good,,,-0.009796895794800253,139.67931518554687,139.53657159954292
hold,139.63999938964844,139.62989807128906,139.64999389648438,139.60000610351562,6229,139.63999938964844,139.6616106911629,139.64771531530894,50.97383493918901,139.6869784180445,good,,,-0.009651438399105317,139.68556518554686,139.56256643941364
hold,139.77000427246094,139.66990661621094,139.77000427246094,139.66000366210938,11573,139.77000427246094,139.68328940742254,139.65883249323184,60.24989875107836,139.6986864412737,good,,,-0.013501909187063621,139.6995651245117,139.60944314268113
hold,139.77999877929688,139.7899932861328,139.7899932861328,139.75999450683594,4058,139.77999877929688,139.7026312817974,139.66984761014683,60.86296876120322,139.70241867245653,good,,,0.007780952680280784,139.7050651550293,139.60956623431068
hold,139.7949981689453,139.78500366210938,139.80999755859375,139.72000122070312,15661,139.7949981689453,139.721104659227,139.68122493367397,61.81480823181215,139.70982827259354,good,,,0.007558572343624448,139.70831527709962,139.60549955167883
hold,139.85499572753906,139.7949981689453,139.85499572753906,139.7899932861328,5522,139.85499572753906,139.74788287288942,139.69702227857078,65.43594700135398,139.71667869864643,good,,,0.018592450796428572,139.71656494140626,139.59600456455254
hold,139.82000732421875,139.83999633789062,139.84500122070312,139.7899932861328,6132,139.82000732421875,139.7623077631553,139.70820273726605,61.75789467389462,139.72468722127044,good,,,0.009842913967528233,139.72356567382812,139.59624198145653
hold,139.82000732421875,139.86990356445312,139.86990356445312,139.8065948486328,7262,139.82000732421875,139.773847675368,139.7183667906254,61.75789467389462,139.72784169676348,good,,,0.005647988108070656,139.726065826416,139.59334352503186
hold,139.875,139.82000732421875,139.88999938964844,139.81500244140625,14196,139.875,139.7940781402944,139.7326061732958,65.31200424961081,139.74243587059402,good,,,0.016222808354404705,139.73381576538085,139.5861543797968
hold,139.8249969482422,139.86000061035156,139.8800048828125,139.80999755859375,4979,139.8249969482422,139.80026190188397,139.74100533465457,59.86407293211071,139.74460566864954,good,,,0.005233040638086273,139.73656539916993,139.5843335928305
hold,139.85000610351562,139.8300018310547,139.85000610351562,139.77000427246094,11013,139.85000610351562,139.8102107422103,139.75091449546008,61.58980100967876,139.75310951399734,good,,,0.009927409004717447,139.74277572631837,139.582866914077
hold,139.8325958251953,139.82000732421875,139.8325958251953,139.75999450683594,6324,139.8325958251953,139.8146877588073,139.75834007089057,59.66644103346399,139.75716738750216,good,,,0.006987386964940612,139.74990539550782,139.58735071051285
hold,139.89999389648438,139.82000732421875,139.89999389648438,139.82000732421875,6137,139.89999389648438,139.83174898634277,139.7712176913991,64.31259105889892,139.76531427096302,good,,,0.014916441152590387,139.75940475463867,139.58547946900148
hold,139.85000610351562,139.89500427246094,139.89500427246094,139.85000610351562,5907,139.85000610351562,139.83540040977732,139.77838027431878,58.89385675365124,139.76971263202586,good,,,0.006954511835455257,139.7664047241211,139.58974772796694
hold,139.8300018310547,139.8800048828125,139.88999938964844,139.8300018310547,7916,139.8300018310547,139.8343206940328,139.78307314311294,56.83025936330239,139.77575507375286,good,,,0.0035065521203136996,139.77390518188477,139.59984146709633
hold,139.77999877929688,139.8300018310547,139.83999633789062,139.77999877929688,3875,139.77999877929688,139.82345631108564,139.7827936554933,51.93193116777699,139.781789884058,good,,,-0.00029782435810865593,139.77890548706054,139.61025887658792
hold,139.77000427246094,139.77000427246094,139.7899932861328,139.76499938964844,6006,139.77000427246094,139.8127659033607,139.78163098430852,50.98598034717454,139.7828063055919,good,,,0.00032247523338302386,139.77965545654297,139.61130751935752
hold,139.84500122070312,139.77000427246094,139.84500122070312,139.75999450683594,10141,139.84500122070312,139.8192129668292,139.78739191488984,57.27500139554628,139.7913755804532,good,,,0.003850258977022847,139.78690032958986,139.62040890488746
hold,140.11000061035156,139.84500122070312,140.14999389648438,139.84500122070312,36980,140.11000061035156,139.87737049553368,139.8167199781136,71.29192627897757,139.85704512016775,good,,,0.045914120384438206,139.80938034057618,139.60111055808795
hold,139.97999572753906,140.08999633789062,140.11000061035156,139.97999572753906,14493,139.97999572753906,139.89789554193476,139.83156322806138,60.76041093098362,139.87246546371554,good,,,0.009811895079536725,139.82663040161134,139.62187229523536
hold,139.9600067138672,139.99000549316406,139.9949951171875,139.92999267578125,9546,139.9600067138672,139.91031777632125,139.8432399085892,59.309661707336566,139.89259892077445,good,,,-0.0010982098412326557,139.84438095092773,139.65891123235755
hold,140.0500030517578,139.97000122070312,140.0500030517578,139.97000122070312,8743,140.0500030517578,139.93825483140856,139.86203655796817,63.5315532009208,139.9076124947451,good,,,0.011563662089453253,139.8648811340332,139.6837190198127
hold,140.0,140.0283966064453,140.0749969482422,139.9600067138672,7857,140.0,139.95060386512685,139.87457868906196,59.81788437266253,139.91964078341883,good,,,0.010791271822285786,139.87638092041016,139.69160584336336
hold,140.07000732421875,139.99000549316406,140.07000732421875,139.94000244140625,12586,140.07000732421875,139.97448455694524,139.89234492862167,63.07246936620704,139.93185873556033,good,,,0.019320401299460777,139.89088134765626,139.6935463204522
hold,140.11000061035156,140.07000732421875,140.1300048828125,140.02000427246094,24469,140.11000061035156,140.00158776762652,139.91213180877892,64.82522911364902,139.9628098164043,good,,,0.023000199787892583,139.90663146972656,139.6928259949473
hold,140.13999938964844,140.1300048828125,140.14500427246094,140.1199951171875,8966,140.13999938964844,140.0292700920309,139.93284704340343,66.12409469912254,139.97303812890863,good,,,0.025348079937748125,139.92088165283204,139.68580852079242
hold,140.1300048828125,140.16000366210938,140.1699981689453,140.1300048828125,7120,140.1300048828125,140.04941705018723,139.95077048334971,65.25948707952061,139.98262244048516,good,,,0.019569848326983497,139.9363815307617,139.68937996887914
hold,140.14999389648438,140.1199951171875,140.14999389648438,140.07000732421875,9861,140.14999389648438,140.06953241944666,139.96888170272558,66.2110738339061,139.9956632755354,good,,,0.019303305225992773,139.952880859375,139.69531859979122
hold,140.19000244140625,140.14999389648438,140.25,140.13999938964844,18924,140.19000244140625,140.09362642383857,139.9889835880602,68.09480793745539,140.0199624881968,good,,,0.02334986013665663,139.9686309814453,139.69407990156657
hold,140.20989990234375,140.1999969482422,140.2100067138672,140.1699981689453,9469,140.20989990234375,140.1168811195396,140.0090668893587,69.01984345038706,140.03219778220162,good,,,0.02140804475467828,139.98787612915038,139.70254687379563
hold,140.27000427246094,140.20989990234375,140.2855987548828,140.19000244140625,11506,140.27000427246094,140.14750575012388,140.03278846964074,71.68996213428724,140.05310666581414,good,,,0.027518010066684973,140.00887603759764,139.70594629591162
hold,140.4199981689453,140.3000030517578,140.44000244140625,140.3000030517578,7910,140.4199981689453,140.20200423388818,140.06798935139568,77.01421345655962,140.0719175091404,good,,,0.04767177360536223,140.03824615478516,139.69779740389396
hold,140.4149932861328,140.4199981689453,140.49000549316406,140.39999389648438,14111,140.4149932861328,140.2446020443371,140.0995351636445,76.49723925823946,140.0968607693166,good,,,0.040276592727450655,140.0639961242676,139.69275758763555
hold,140.38999938964844,140.39999389648438,140.4600067138672,140.3800048828125,18001,140.38999938964844,140.2736815133994,140.12594100237214,73.8318154739957,140.12396540073755,good,,,0.02788911220032997,140.09099578857422,139.70759077608545
hold,140.30999755859375,140.39500427246094,140.43499755859375,140.3000030517578,9697,140.30999755859375,140.28094472243828,140.1426734165741,65.91492050984976,140.14047204560967,good,,,0.011138739502225548,140.11499557495117,139.7399432712668
hold,140.375,140.36940002441406,140.375,140.27859497070312,4831,140.375,140.29975577795062,140.16379401506737,68.83867976595565,140.15054237705468,good,,,0.009073832375783297,140.14474563598634,139.786695561888
hold,140.4600067138672,140.375,140.48500061035156,140.375,11119,140.4600067138672,140.33180596513395,140.190722442231,72.1973801425208,140.17288250820286,good,,,0.011320949437809702,140.17924575805665,139.83978955556756
hold,140.52999877929688,140.47000122070312,140.57000732421875,140.47000122070312,11415,140.52999877929688,140.37144452796656,140.22156574560063,74.62276152424661,140.20161469547895,good,,,0.02181255211586297,140.21349563598633,139.87763859632926
hold,140.63999938964844,140.5399932861328,140.65499877929688,140.52999877929688,12752,140.63999938964844,140.42515550030294,140.2596051677868,77.88759651837013,140.24008553433154,good,,,0.0501026139078542,140.23999557495117,139.86021957473787
hold,140.65499877929688,140.63999938964844,140.66000366210938,140.6199951171875,6312,140.65499877929688,140.47112415610172,140.29555004156043,78.29760025083468,140.2684538994021,good,,,0.03891507274946804,140.27374572753905,139.87299759350503
hold,140.69000244140625,140.64999389648438,140.72000122070312,140.6300048828125,24239,140.69000244140625,140.51489981316263,140.33140935063733,79.2638822507367,140.3233226379082,good,,,0.034370323095034294,140.31024551391602,139.89764688820642
hold,140.63499450683594,140.7050018310547,140.72000122070312,140.60000610351562,10925,140.63499450683594,140.5389187518973,140.35900800120083,73.70973345484892,140.34726054144747,good,,,0.02431620997858097,140.33949508666993,139.92192757144542
hold,140.77000427246094,140.6199951171875,140.77999877929688,140.6199951171875,13827,140.77000427246094,140.58513585601006,140.39637129858812,77.8180701321879,140.3818263519735,good,,,0.034153982264384375,140.37799530029298,139.9508538564946
hold,140.7949981689453,140.77499389648438,140.7949981689453,140.6999969482422,12749,140.7949981689453,140.6271083185971,140.43261010498424,78.48826327262067,140.41886088329622,good,,,0.034392564371277246,140.41424484252929,139.97492644367443
hold,140.7100067138672,140.7949981689453,140.7949981689453,140.69000244140625,25191,140.7100067138672,140.6436879976511,140.45782797851905,70.66916629559775,140.47868515420754,good,,,0.017544925370804876,140.4442451477051,140.0102144014732
hold,140.72999572753906,140.7100067138672,140.77000427246094,140.7100067138672,6072,140.72999572753906,140.6609495436287,140.48257050115723,71.39102948182985,140.49723003012278,good,,,0.016273530326804675,140.4737449645996,140.04628816631077
hold,140.66000366210938,140.74000549316406,140.74000549316406,140.64999389648438,19623,140.66000366210938,140.66076036732483,140.49870078851652,65.32822615329675,140.51969806152027,good,,,0.0021609453171977933,140.50024490356446,140.0962432463191
hold,140.7050018310547,140.67999267578125,140.72999572753906,140.6699981689453,9868,140.7050018310547,140.66960866007082,140.51745542874724,67.25363787590419,140.5408716098905,good,,,0.0022744761391635393,140.52799530029296,140.14853920630898
hold,140.77000427246094,140.7100067138672,140.77000427246094,140.6999969482422,16621,140.77000427246094,140.68968778254884,140.54041441453938,69.85765643955541,140.5816472252519,good,,,0.006663548687368959,140.5569953918457,140.19714995278667
hold,140.8800048828125,140.7899932861328,140.88999938964844,140.77000427246094,118113,140.8800048828125,140.72775120260158,140.57128627529147,73.67299116074112,140.68787332960366,good,,,0.0160490609053765,140.59050064086915,140.2415446212227
hold,140.83999633789062,140.86000061035156,140.9499969482422,140.83999633789062,28227,140.83999633789062,140.7502002296594,140.5957144628005,70.1928958805407,140.71172528445308,good,,,0.00840773301646891,140.61900024414064,140.2866940145348
hold,140.97000122070312,140.86000061035156,140.97000122070312,140.83999633789062,13571,140.97000122070312,140.79416042786818,140.62974053170072,74.42110285349406,140.72673474625307,good,,,0.03370239714579615,140.64650039672853,140.2941903506206
hold,140.90499877929688,140.9700927734375,140.97999572753906,140.88999938964844,13956,140.90499877929688,140.81632809815392,140.6547640087549,69.1400464247403,140.74452517889327,good,,,0.017621823382452106,140.6710006713867,140.31834433858936
hold,140.7899932861328,140.88999938964844,140.88999938964844,140.7899932861328,14018,140.7899932861328,140.8110611357497,140.66705757942563,60.90524717945543,140.76284602023392,good,,,-0.0009123931513088657,140.69100036621094,140.35963041842606
hold,140.86500549316406,140.8000030517578,140.8699951171875,140.77000427246094,7249,140.86500549316406,140.82185000723257,140.68505284431097,63.92343698263554,140.77632677181873,good,,,-0.010087754142107386,140.71875076293946,140.42935720188575
hold,140.88999938964844,140.8800048828125,140.93499755859375,140.8699951171875,9768,140.88999938964844,140.83547988371575,140.70368434843255,64.89589897900385,140.78423404660217,good,,,-0.008504238068396397,140.74450073242187,140.4928488091397
hold,141.01780700683594,140.91000366210938,141.0800018310547,140.8800048828125,36235,141.01780700683594,140.8719453083398,140.73224095374195,69.4332665850505,140.81361726804576,good,,,0.013527875235452846,140.77239074707032,140.52955505481856
hold,141.03500366210938,141.03500366210938,141.11000061035156,141.02999877929688,8701,141.03500366210938,140.90455697909374,140.75976483632078,69.99523038140438,140.82627308401376,good,,,0.017162743510379386,140.79764099121093,140.5558534614754
hold,141.02999877929688,141.03500366210938,141.05999755859375,141.02000427246094,12277,141.02999877929688,140.92964533913437,140.78433155840952,69.59420946471604,140.83823872807386,good,,,0.020028442995934093,140.81714096069337,140.56660539889717
hold,141.06500244140625,141.02000427246094,141.0800018310547,141.02000427246094,5795,141.06500244140625,140.95671675958874,140.8098470932274,70.85200907813405,140.84430888660327,good,,,0.021943511372568558,140.83764114379883,140.57665056346738
hold,141.13099670410156,141.07139587402344,141.14999389648438,141.0635986328125,11069,141.13099670410156,140.9915727484913,140.83904251239778,73.11048520821745,140.86186250754758,good,,,0.029886975276482985,140.85969085693358,140.57857987655802
hold,141.09500122070312,141.1300048828125,141.1898956298828,141.09500122070312,19819,141.09500122070312,141.01225844293367,140.86231148588007,69.92787309929946,140.87948914116754,good,,,0.014854735028446697,140.88269119262696,140.60361445581484
hold,141.1199951171875,141.11000061035156,141.1699981689453,141.08999633789062,9399,141.1199951171875,141.03380577778444,140.88573727054438,70.87591382057295,140.8889648227114,good,,,0.021694638897828966,140.9001907348633,140.60798900447338
hold,141.05999755859375,141.08999633789062,141.11000061035156,141.05999755859375,12026,141.05999755859375,141.0390441339463,140.9015791149125,65.53494456356309,140.89715103227627,good,,,0.01202440418792694,140.9134407043457,140.61751139948558
hold,141.17999267578125,141.05999755859375,141.17999267578125,141.05999755859375,11631,141.17999267578125,141.0672338423133,140.92688943862782,70.34770646296454,140.91799293771442,good,,,0.021050947717027313,140.93694000244142,140.63478408502482
hold,141.01499938964844,141.18499755859375,141.18499755859375,140.9810028076172,16174,141.01499938964844,141.05678695178034,140.93489943417515,58.29386149647431,140.92486993932238,good,,,0.0003067796514599763,140.95119018554686,140.66285115842953
hold,141.0050048828125,140.97999572753906,141.02000427246094,140.9499969482422,10264,141.0050048828125,141.0464305379868,140.94127265677855,57.64946859540619,140.940515140145,good,,,-0.010635651488666298,140.96844024658202,140.71237302459113
hold,140.9149932861328,141.0,141.0500030517578,140.9149932861328,18713,140.9149932861328,141.02014308761602,140.93888362308346,52.06716289196456,140.94520602662092,good,,,-0.012693119106954587,140.97893981933595,140.75129796504018
hold,140.90499877929688,140.9149932861328,140.9499969482422,140.89999389648438,11671,140.90499877929688,140.9971142259522,140.93580318273922,51.47118511925815,140.9514908745981,good,,,-0.007880261216630657,140.98568954467774,140.77592486321473
hold,140.83999633789062,140.90499877929688,140.94000244140625,140.8300018310547,29555,140.83999633789062,140.9656906483399,140.92709346957116,47.6509450965146,140.9686448071026,good,,,0.0019145288136845906,140.98368911743165,140.7692207810678
hold,140.77999877929688,140.82000732421875,140.8695068359375,140.77999877929688,10139,140.77999877929688,140.92855227453128,140.91372122500078,44.37698860560961,140.97473876258437,good,,,0.004551808206598729,140.98068923950194,140.7567939558898
hold,140.82949829101562,140.7899932861328,140.8300018310547,140.7700958251953,11222,140.82949829101562,140.90874147782816,140.90606459463848,47.57716493659498,140.96914097299168,good,,,0.0017636297999112927,140.9736640930176,140.7402533367896
hold,140.7926025390625,140.8000030517578,140.83999633789062,140.7700958251953,12354,140.7926025390625,140.88551369007504,140.89574986231338,45.47691702826622,140.96451715257533,good,,,0.004144921770188326,140.96804428100586,140.72316078997966
hold,140.77499389648438,140.7899932861328,140.82989501953125,140.77000427246094,5531,140.77499389648438,140.8634097313569,140.88477204723802,44.46800376607083,140.96970359145465,good,,,0.0010679363060539515,140.96729431152343,140.72015278689028
hold,140.84080505371094,140.77000427246094,140.85499572753906,140.7449951171875,14484,140.84080505371094,140.8588887958277,140.88077504782643,49.02018364607568,140.96570105591377,good,,,0.0007140907460234658,140.9660842895508,140.71672434372664
hold,140.80499267578125,140.85499572753906,140.85499572753906,140.77099609375,5147,140.80499267578125,140.84810957181844,140.8738857412769,46.77324138928612,140.96537882878997,good,,,0.0025263217720228326,140.96183395385742,140.7046561158267
hold,140.8126983642578,140.80499267578125,140.8126983642578,140.7899932861328,2850,140.8126983642578,140.8410273303063,140.86832325245695,47.33264014760744,140.95560215774591,good,,,-0.002638577430635891,140.95157852172852,140.6878714245418
hold,140.69000244140625,140.79580688476562,140.79580688476562,140.69000244140625,5712,140.69000244140625,140.81082235252632,140.85211226963415,40.10504448781472,140.9462396536362,good,,,0.002139335059991865,140.93432846069337,140.65035023435618
hold,140.6300048828125,140.6300048828125,140.6300048828125,140.6300048828125,8268,140.6300048828125,140.77465885858356,140.831920689014,37.12013735417659,140.93052533766712,good,,,0.003847886901486852,140.91432876586913,140.6049169239822
hold,140.59500122070312,140.6300048828125,140.64999389648438,140.58999633789062,9394,140.59500122070312,140.73872733100748,140.8103825555312,35.461857263349245,140.91382677775798,good,,,-0.001547300520521322,140.89082870483398,140.5601019575854
hold,140.60000610351562,140.59100341796875,140.61000061035156,140.57000732421875,15206,140.60000610351562,140.71098308550913,140.79125742352977,35.902770043138275,140.8838725239532,good,,,-0.016075293359807397,140.8642791748047,140.52970467685304
hold,140.59500122070312,140.60000610351562,140.6199951171875,140.57000732421875,12927,140.59500122070312,140.68778671254793,140.77341595054554,35.64055034763496,140.84983847968388,good,,,-0.016275099089591016,140.8392791748047,140.50268493020164
hold,140.6999969482422,140.60000610351562,140.72959899902344,140.60000610351562,15140,140.6999969482422,140.6902287596868,140.76674149579068,44.7561219486839,140.8296721974202,good,,,-0.029692169106454447,140.81827926635742,140.50260329238031
hold,140.7100067138672,140.6999969482422,140.74000549316406,140.69110107421875,26283,140.7100067138672,140.69418435052287,140.76158378834307,45.54793544619032,140.80626151253034,good,,,-0.024589190024859597,140.8007797241211,140.5023079043513
hold,140.77999877929688,140.69000244140625,140.80999755859375,140.6699981689453,70989,140.77999877929688,140.71134723627767,140.76325787842978,50.8525002122425,140.78635518405684,good,,,-0.05383514958960944,140.78078002929686,140.5382695078413
hold,140.77999877929688,140.8000030517578,140.80999755859375,140.72999572753906,11504,140.77999877929688,140.72507754488151,140.7647797785086,50.8525002122425,140.77408520308515,good,,,-0.02609760732793509,140.7690299987793,140.55157315141506
hold,140.75999450683594,140.77999877929688,140.7899932861328,140.75,3628,140.75999450683594,140.7320609372724,140.7643447538111,49.26179765272448,140.76603351116646,good,,,-0.02916312548935096,140.75677947998048,140.56818817989938
hold,140.6699981689453,140.75,140.75,140.6699981689453,9313,140.6699981689453,140.719648383607,140.75576779155057,42.77859047388004,140.7533948343606,good,,,-0.01664016524238754,140.7445297241211,140.5671422107799
hold,140.6199951171875,140.6999969482422,140.6999969482422,140.6199951171875,8185,140.6199951171875,140.6997177303231,140.74342482115392,39.65580086321543,140.7434541180152,good,,,-0.015970046148017225,140.73027954101562,140.56114713978442
hold,140.52000427246094,140.64500427246094,140.64500427246094,140.52000427246094,9520,140.52000427246094,140.66377503875069,140.72311386218183,34.26862295413055,140.72485582738315,good,,,-0.0004925018002754911,140.71427993774415,140.5298418653819
hold,140.48939514160156,140.53500366210938,140.53500366210938,140.4199981689453,6037,140.48939514160156,140.62889905932087,140.70186670576544,32.79969711448395,140.71734496043317,good,,,0.004969515470798491,140.6997497558594,140.4937795180227
hold,140.4499969482422,140.4499969482422,140.50929260253906,140.44000244140625,10176,140.4499969482422,140.59311863710514,140.6789694550815,30.96012860710954,140.70219495720505,good,,,-0.0008041870738217938,140.6807746887207,140.4569625293318
hold,140.40499877929688,140.47500610351562,140.47999572753906,140.375,8470,140.40499877929688,140.55549466554348,140.65406303001018,28.96219598191284,140.6881507049399,good,,,0.0031182694157472213,140.66139450073243,140.41380836871818
hold,140.34500122070312,140.3800048828125,140.4199981689453,140.32009887695312,9653,140.34500122070312,140.5133959765754,140.62596650189136,26.50608964762501,140.67372334226644,good,,,0.005822605705430028,140.63989486694337,140.36260452679426
hold,140.26499938964844,140.34500122070312,140.34500122070312,140.25999450683594,7600,140.26499938964844,140.46371665919,140.59315130986926,23.62865357294163,140.65213634861615,good,,,-8.648862698246162e-05,140.61110458374023,140.30514583772666
hold,140.2700958251953,140.26499938964844,140.35000610351562,140.25999450683594,13834,140.2700958251953,140.42499249239108,140.56378262944435,24.19322556834741,140.62919659623913,good,,,-0.004525963914081554,140.58435974121093,140.25803400810315
hold,140.360107421875,140.32000732421875,140.3800048828125,140.27999877929688,7117,140.360107421875,140.41201547828786,140.5452667014835,33.538190173513044,140.6201315904657,good,,,-0.018704136527147863,140.5617301940918,140.23913104085736
hold,140.36000061035156,140.3699951171875,140.38999938964844,140.36000061035156,4646,140.36000061035156,140.4016125047006,140.52842432956243,33.53290760446433,140.61413035550288,good,,,-0.007612878758245234,140.54523010253905,140.21685621093442
hold,140.35000610351562,140.3699951171875,140.3800048828125,140.35000610351562,7320,140.35000610351562,140.39129122446363,140.5122044908309,33.00898673761651,140.60639594084972,good,,,-0.004171369359473598,140.5312301635742,140.19473269135733
hold,140.3437957763672,140.36500549316406,140.37989807128906,140.2899932861328,8526,140.3437957763672,140.38179213484435,140.4968946076978,32.66744215044811,140.59838355707183,good,,,-0.0030992700475462875,140.51866989135743,140.17397801821306
hold,140.29379272460938,140.3300018310547,140.3300018310547,140.27499389648438,6498,140.29379272460938,140.36419225279735,140.4784308001443,29.97787282956768,140.59059735504607,good,,,-0.002911585673237571,140.50335922241212,140.1474580377824
hold,140.27000427246094,140.27999877929688,140.27999877929688,140.24000549316406,16540,140.27000427246094,140.34535465673008,140.45948293399127,28.764541465444864,140.57006107298005,good,,,-0.0035295354102293786,140.487109375,140.1199300204328
hold,140.19000244140625,140.26499938964844,140.26499938964844,140.17999267578125,8683,140.19000244140625,140.31428421366533,140.43498470739263,25.087087228942394,140.54936628726634,good,,,-0.012376245158529642,140.4616096496582,140.08636304183872
hold,140.22999572753906,140.18499755859375,140.24000549316406,140.18499755859375,8473,140.22999572753906,140.29742651644008,140.41634934558775,29.911125600428804,140.52009806645404,good,,,-0.020771785184681146,140.4376091003418,140.06761627244856
hold,140.25,140.22999572753906,140.28500366210938,140.21009826660156,13630,140.25,140.28794121315207,140.40122667780705,32.26083556882924,140.39670158939612,good,,,-0.03795891279534391,140.41110916137694,140.068065429344
hold,140.22999572753906,140.26499938964844,140.3000030517578,140.1999969482422,9160,140.22999572753906,140.27635211602947,140.3856602277827,31.13669063162104,140.36316387906936,good,,,-0.04543537662560215,140.38360900878905,140.0770173036515
hold,140.13999938964844,140.22500610351562,140.22999572753906,140.13999938964844,6624,140.13999938964844,140.24908157075328,140.3633274243159,26.639338495911502,140.34695353438195,good,,,-0.04700512328608131,140.35260925292968,140.08114939422978
hold,140.3800048828125,140.13999938964844,140.40499877929688,140.13999938964844,16535,140.3800048828125,140.27526623316513,140.3648435569065,48.14861598879145,140.33380366478306,good,,,-0.03986722141959831,140.33810958862304,140.10821297461848
hold,140.39999389648438,140.38499450683594,140.44000244140625,140.38499450683594,9791,140.39999389648438,140.30021176582898,140.36803904232266,49.47724721664725,140.32483061198326,good,,,-0.034085664078664646,140.32710952758788,140.13412639094446
hold,140.41000366210938,140.44000244140625,140.4550018310547,140.41000366210938,10397,140.41000366210938,140.32217014508507,140.37185400775783,50.16588067163236,140.31970431898034,good,,,-0.01584216855060605,140.3216094970703,140.14538775983667
hold,140.47959899902344,140.4199981689453,140.54989624023438,140.4199981689453,9571,140.47959899902344,140.35365591587276,140.38164900696378,54.780807611553854,140.32232240019647,good,,,-0.001646246318875999,140.3211196899414,140.14672108595366
hold,140.50999450683594,140.4600067138672,140.5800018310547,140.4600067138672,11224,140.50999450683594,140.38492363406542,140.39331677967942,56.668185499796046,140.3264770515666,good,,,0.009616944311785502,140.3241195678711,140.13920946605816
buy,140.59500122070312,140.52499389648438,140.60000610351562,140.52000427246094,8252,140.59500122070312,140.42693915139296,140.4116517288634,61.507072798739244,140.33446772733893,good,,,0.029777883645243364,140.3336196899414,140.11636909483266
sell,140.6199951171875,140.60000610351562,140.6199951171875,140.57000732421875,10316,140.6199951171875,140.46555034455187,140.43059203689288,62.82167359267303,140.34907111930983,good,,,0.03353521827500483,140.3473693847656,140.09673444334356
hold,140.5800018310547,140.60499572753906,140.60499572753906,140.57000732421875,12615,140.5800018310547,140.48844064185243,140.44417474545304,59.330064777437855,140.36685385026664,good,,,0.022846130512976792,140.36311950683594,140.0961134839172
hold,140.6699981689453,140.61000061035156,140.69000244140625,140.60000610351562,14048,140.6699981689453,140.52475214727102,140.4647041475887,64.15769934599317,140.39484421816735,good,,,0.033849626216642115,140.38311462402345,140.0885009464524
hold,140.7949981689453,140.69000244140625,140.7949981689453,140.67999267578125,9592,140.7949981689453,140.57880135160588,140.49473087680292,69.56207796150613,140.4150253992279,good,,,0.05096938347859403,140.40485916137695,140.06028745035238
hold,140.91000366210938,140.8300018310547,140.9199981689453,140.82000732421875,11354,140.91000366210938,140.64504181370657,140.53248294819443,73.51836615320727,140.44311842556738,good,,,0.06449191064978876,140.43235931396484,140.02451575832984
hold,141.05999755859375,140.89999389648438,141.05999755859375,140.89999389648438,17902,141.05999755859375,140.728032962684,140.5804388218671,77.60657543200344,140.49647890923538,good,,,0.08254104288543118,140.46785888671874,139.97926393158713
hold,141.10800170898438,141.08999633789062,141.16839599609375,141.07000732421875,14557,141.10800170898438,140.8040267119441,140.6283990843323,78.7378929879466,140.54167568188436,good,,,0.07660017899842053,140.5060691833496,139.94771162889617
hold,141.16000366210938,141.13999938964844,141.2100067138672,141.13499450683594,14099,141.16000366210938,140.87522210197716,140.67672677322113,79.92127688287525,140.58593526737806,good,,,0.0723227443027552,140.54937973022462,139.93231105799447
hold,141.13999938964844,141.16000366210938,141.1699981689453,141.11500549316406,10978,141.13999938964844,140.92817755951145,140.71884246562362,78.12004498774752,140.635575148635,good,,,0.05678377227895659,140.59287948608397,139.93915093511805
hold,141.3699951171875,141.13499450683594,141.3800048828125,141.13499450683594,32324,141.3699951171875,141.01654107104665,140.77803816122034,82.89364809422493,140.74537501850702,good,,,0.08044025053717263,140.65187911987306,139.94353107731595
hold,141.33920288085938,141.3699951171875,141.39999389648438,141.3000030517578,22051,141.33920288085938,141.08107343300918,140.82905313573298,80.36565142036055,140.81126177016768,good,,,0.06197755784205228,140.70733947753905,139.9668401760927
hold,141.33999633789062,141.3300018310547,141.3800048828125,141.32000732421875,28248,141.33999633789062,141.13285801398547,140.8755025177473,80.38225383366708,140.89202937684638,good,,,0.05095538092556584,140.7618392944336,140.00376452482098
hold,141.3000030517578,141.32000732421875,141.32000732421875,141.25,13159,141.3000030517578,141.16628702153994,140.9140934753846,76.85470103854391,140.93233707230155,good,,,0.03307765521356476,140.81533966064453,140.0639537880102
hold,141.27999877929688,141.3000030517578,141.3350067138672,141.27999877929688,9533,141.27999877929688,141.18902937309133,140.94735759392205,75.07986922500864,140.96221954793435,good,,,0.010755558008401778,140.87233963012696,140.16272743568973
hold,141.35499572753906,141.27000427246094,141.38999938964844,141.2449951171875,14390,141.35499572753906,141.2222226439809,140.98441560606904,77.20520687703176,141.01594287771275,good,,,0.028729446915254364,140.92108917236328,140.21955080847135
hold,141.44149780273438,141.35000610351562,141.4499969482422,141.3300018310547,16589,141.44149780273438,141.2660776757316,141.0259685330386,79.38869451473903,141.0608959411724,good,,,0.031208252401593306,140.9731643676758,140.2795032520371
hold,141.36000061035156,141.43649291992188,141.44000244140625,141.33999633789062,15373,141.36000061035156,141.2848622626556,141.0563350855216,72.35646217835318,141.09927008856738,good,,,0.011390951929479698,141.0206642150879,140.35836574687048
hold,141.2949981689453,141.37989807128906,141.38999938964844,141.2899932861328,15255,141.2949981689453,141.28688944391354,141.0780317294692,67.24039201676334,141.1288093895794,good,,,0.0012441614968716763,141.061434173584,140.43814289899333
hold,141.1999969482422,141.27999877929688,141.27999877929688,141.18499755859375,13685,141.1999969482422,141.26951094477928,141.08911947663034,60.50678947886565,141.15483390319736,good,,,-0.012116587968602488,141.0959342956543,140.52431049753096
hold,141.14999389648438,141.18499755859375,141.21499633789062,141.14999389648438,11726,141.14999389648438,141.2456075351203,141.0946535147989,57.25669826152299,141.169658706076,good,,,-0.014368831572242335,141.12368392944336,140.60016573792407
hold,141.19000244140625,141.16000366210938,141.1999969482422,141.1300048828125,15426,141.19000244140625,141.2344865163775,141.10332159903592,59.14752087034256,141.18878326838322,good,,,-0.017615988546249017,141.1521842956543,140.6821190252477
hold,141.16009521484375,141.1699981689453,141.27000427246094,141.16000366210938,16274,141.16009521484375,141.21960825607076,141.10848283683663,57.11361686638222,141.21156833312102,good,,,-0.036026710366565684,141.18118896484376,140.79115020129237
hold,141.22999572753906,141.19000244140625,141.22999572753906,141.16000366210938,10849,141.22999572753906,141.22168575036443,141.11952946326412,60.52987957530793,141.23648471301271,good,,,-0.03549997248224468,141.20918884277344,140.8974077040381
hold,141.19000244140625,141.1916046142578,141.1916046142578,141.19000244140625,17071,141.19000244140625,141.2153490885728,141.12593609764068,57.69794263013356,141.2472103329331,good,,,-0.031246565202636134,141.22893905639648,140.98112857344486
hold,141.13999938964844,141.19000244140625,141.21499633789062,141.1300048828125,13630,141.13999938964844,141.20027914878793,141.1272145787323,54.278645255990334,141.25453691968147,good,,,-0.021969114340125717,141.24043884277344,141.03520933506977
hold,141.0749969482422,141.1300048828125,141.14999389648438,141.0399932861328,19780,141.0749969482422,141.1752227086788,141.122467521415,50.12041048618723,141.25432566544566,good,,,-0.0012720528443033174,141.24118881225587,141.03850853768202
hold,141.0399932861328,141.0800018310547,141.0800018310547,141.02000427246094,12945,141.0399932861328,141.1481768241696,141.11496986366205,47.98842144463688,141.252332700973,good,,,0.005243682227051849,141.23778839111327,141.02429082837224
hold,141.14999389648438,141.05499267578125,141.17999267578125,141.0500030517578,17144,141.14999389648438,141.14854023863256,141.11815386664588,54.533675275982105,141.2509457287425,good,,,0.00019234913319898794,141.23728790283204,141.02301777148736
hold,141.1300048828125,141.13999938964844,141.16000366210938,140.9499969482422,38746,141.1300048828125,141.14483316746856,141.1192312317519,53.22296566881271,141.24115458055465,good,,,0.0003181660643170048,141.23678817749024,141.02156826994866
hold,140.9600067138672,141.1300048828125,141.1300048828125,140.86000061035156,39460,140.9600067138672,141.1078678767483,141.10475627558057,43.62073280041454,141.19892568339685,good,,,0.0012666388254922722,141.2162887573242,140.97877774356274
hold,140.90499877929688,140.9600067138672,140.9600067138672,140.85000610351562,30893,140.90499877929688,141.067294057258,141.08659650319117,41.040540843133336,141.16603987683564,good,,,0.004963384063771947,141.1945785522461,140.92833643805108
hold,140.97500610351562,140.90499877929688,141.0500030517578,140.89500427246094,31831,140.97500610351562,141.04883646650953,141.07645192140245,45.46195737307364,141.13662327910708,good,,,-0.0075587992459325015,141.17632904052735,140.9025301540594
hold,140.94000244140625,140.94000244140625,140.99000549316406,140.8800048828125,38313,140.94000244140625,141.0270696614889,141.06404742322096,43.69746857346715,141.11234969418217,good,,,-0.004118374737327457,141.15832901000977,140.8723555393587
hold,141.0500030517578,140.97000122070312,141.07000732421875,140.94000244140625,61813,141.0500030517578,141.03165633954268,141.06277066217885,50.2342987046773,141.10026610304362,good,,,-0.009547839920143186,141.1468292236328,140.8628608421818
hold,140.7949981689453,141.0500030517578,141.07989501953125,140.64999389648438,92216,140.7949981689453,140.9843247054232,141.03842770824852,38.9457636403903,141.04012431776314,good,,,-0.00427026005141995,141.11882934570312,140.81290054917295
hold,140.90499877929688,140.7949981689453,140.9199981689453,140.75999450683594,93587,140.90499877929688,140.96845952019794,141.02629780561654,44.71689490789559,141.00826980128815,good,,,-0.0365004166721139,141.09200439453124,140.81087127282865
hold,141.19000244140625,140.91000366210938,141.22999572753906,140.88499450683594,115983,141.19000244140625,141.0127681044396,141.04118004523377,56.25456081307005,141.03044662027622,good,,,-0.022733467143143393,141.083504486084,140.82601047170064
hold,141.22000122070312,141.19500732421875,141.35000610351562,141.1300048828125,126369,141.22000122070312,141.0542147276923,141.05743651573098,57.265538549921104,141.0548040774985,neutral,,,-0.010051481454864675,141.0797546386719,140.83271764112882
hold,340.8500061035156,342.70001220703125,342.70001220703125,340.79998779296875,0,340.8500061035156,0.0,0.0,50.0,0.0,bad,,,68.50533265655363,151.06225509643554,63.98132981343268
hold,343.3500061035156,342.70001220703125,343.5,342.70001220703125,58627,343.3500061035156,0.0,0.0,50.0,343.3500061035156,good,,,18.329477892540268,161.1722557067871,40.55092943389435
hold,343.5,343.3500061035156,343.5,342.6000061035156,23330,343.5,0.0,0.0,50.0,343.3927035864028,neutral,,,11.852829148455868,171.2877555847168,27.38141736638832
hold,343.45001220703125,343.5,343.5,342.5,25435,343.45001220703125,0.0,0.0,50.0,343.40627670884845,good,,,8.755456191975618,181.40225143432616,20.01372826298686
hold,343.1000061035156,343.45001220703125,344.0,343.1000061035156,22560,343.1000061035156,0.0,0.0,50.0,343.3531073474203,good,,,6.848743390906731,191.495751953125,16.72386878014106
hold,343.20001220703125,343.20001220703125,343.45001220703125,343.04998779296875,18469,343.20001220703125,0.0,0.0,50.0,343.3340567134275,good,,,5.55672635141593,201.59625244140625,16.572379558943112
hold,342.8999938964844,342.79998779296875,343.20001220703125,342.54998779296875,30014,342.8999938964844,0.0,0.0,50.0,343.2610443482092,neutral,,,4.565071573756718,211.68425216674805,19.09889357004428
hold,342.29998779296875,342.79998779296875,342.8500061035156,342.04998779296875,11384,342.29998779296875,0.0,0.0,50.0,343.2034069787949,neutral,,,3.7625834791694457,221.7455017089844,24.01041106862857
hold,343.1000061035156,342.5,343.1000061035156,342.29998779296875,21738,343.1000061035156,342.8611145019531,0.0,50.0,343.19278228555936,good,,,3.146785796390561,231.8485023498535,31.016256651702804
hold,343.79998779296875,343.45001220703125,344.70001220703125,343.29998779296875,32756,343.79998779296875,343.04888916015625,0.0,50.0,343.2741927041646,neutral,,,2.6004150403614146,241.98100204467767,40.02976079236268
hold,343.3500061035156,343.70001220703125,343.8999938964844,343.20001220703125,16272,343.3500061035156,343.10911254882814,0.0,50.0,343.2789268048774,good,,,2.060703817535736,252.09200210571288,51.10363222953976
hold,343.70001220703125,343.3999938964844,343.8500061035156,343.3500061035156,7887,343.70001220703125,343.2272924804688,0.0,50.0,343.2912971845326,neutral,,,1.5720046912737429,262.22900238037107,64.25518807606036
hold,343.3500061035156,343.75,343.95001220703125,343.3500061035156,21089,343.3500061035156,343.2518352050782,0.0,50.0,343.29557301032554,good,,,1.0663524528302437,272.351252746582,79.59230478477127
hold,343.25,343.25,343.25,343.1000061035156,4275,343.25,343.25146816406254,0.0,50.0,343.29490997169466,good,,,0.5499879114770234,282.4650024414062,97.26175429547696
hold,342.75,343.3999938964844,343.3999938964844,342.75,11271,342.75,343.15117453125004,0.0,63.01362418323878,343.2747803768608,good,,,-0.03085303971931408,292.5555023193359,117.5870439224448
hold,342.79998779296875,342.95001220703125,342.95001220703125,342.5,13719,342.79998779296875,343.0809371835938,0.0,63.28437861817397,343.2543501752511,good,,,-0.6974791637374023,302.6430015563965,141.0229246080414
hold,343.0,342.95001220703125,343.1000061035156,342.95001220703125,8004,343.0,343.06474974687507,0.0,64.40710602615178,343.24812119136743,bad,,,-1.5705258124096733,312.75325164794924,168.53479627655176
hold,343.0,343.0,343.1499938964844,342.8500061035156,4562,343.0,343.0517997975001,0.0,64.40710602615178,343.2447055118247,bad,,,-2.846063518297104,322.8580017089844,201.7500014410392
hold,343.20001220703125,343.0,343.25,343.0,1446,343.20001220703125,343.0814422794064,0.0,65.62615437617661,343.2445113437347,bad,,,-5.185882664192576,332.9585021972656,244.9745583490321
hold,342.75,343.25,343.25,342.29998779296875,21232,342.75,343.0151538235251,0.0,60.59736072711242,343.2148577022227,bad,,,-18.219332693674918,343.03500213623045,341.8204629208843
hold,342.45001220703125,342.75,342.75,342.45001220703125,13303,342.45001220703125,342.9021255002264,343.0071454729353,57.43764883216826,343.1871617647898,bad,,,-0.1115861292926068,343.11500244140626,342.36459826953774
hold,342.29998779296875,342.45001220703125,342.45001220703125,341.70001220703125,31161,342.29998779296875,342.7816979587749,342.94285841112014,55.8687119426734,343.0777427084526,bad,,,0.005234660310415862,343.06250152587893,342.24159625252184
hold,341.79998779296875,342.1499938964844,342.29998779296875,341.79998779296875,5424,341.79998779296875,342.58535592561367,342.83896108219733,50.88041588346184,343.02562546262607,good,,,0.016319251060359363,342.97750091552734,342.0154758353082
hold,342.04998779296875,341.95001220703125,342.20001220703125,341.79998779296875,7334,342.04998779296875,342.4782822990847,342.767236237722,53.1336156622961,342.96656128522164,good,,,-0.004511098881176956,342.9074996948242,341.89098884601106
hold,342.0,342.0,342.1499938964844,341.8999938964844,26840,342.0,342.3826258392678,342.6974874888382,52.613913809626325,342.8726128784592,good,,,0.004091974205255866,342.8524993896484,341.7669149538624
hold,341.70001220703125,342.0,342.0,341.5,9884,341.70001220703125,342.2461031128205,342.60680791776485,49.48575089222567,342.81374432846405,bad,,,0.006271080024577991,342.7774993896484,341.5953463213907
hold,341.5,341.6499938964844,341.8500061035156,341.5,8210,341.5,342.0968824902564,342.50618901614985,47.45969554619247,342.76559829251886,bad,,,0.01517061223450522,342.7074996948242,341.4031661466247
hold,341.8999938964844,341.70001220703125,342.1000061035156,341.5,7838,341.8999938964844,342.057504771502,342.4510803689075,51.71711011650349,342.76018671772533,neutral,,,0.004693593442972599,342.6875,341.34702024012813
hold,342.1499938964844,342.1000061035156,342.20001220703125,341.8999938964844,6836,342.1499938964844,342.0760025964985,342.4237088714145,54.214316227632494,342.7156192069989,good,,,-0.012213934760818557,342.63999938964844,341.2940383724318
hold,342.0,342.0,342.1499938964844,341.8999938964844,2266,342.0,342.0608020771988,342.3851898831041,52.46117302569382,342.5533265102675,neutral,,,-0.05064420528619884,342.55,341.28824854907907
hold,342.20001220703125,341.95001220703125,342.20001220703125,341.95001220703125,6604,342.20001220703125,342.0886441031653,342.36835554891564,54.5708019719424,342.4835367983807,neutral,,,-0.030434305978177534,342.4925003051758,341.27788587985617
hold,342.3500061035156,342.04998779296875,342.45001220703125,342.04998779296875,2424,342.3500061035156,342.14091650323536,342.3666874175156,56.14261930520191,342.4371306260991,neutral,,,-0.058386129320153746,342.425,341.3435625499937
hold,342.25,342.29998779296875,342.3999938964844,342.1499938964844,1707,342.25,342.1627332025883,342.3560794704687,54.78167634393408,342.33642535223885,good,,,-0.04082680727125476,342.36999969482423,341.37380465082424
hold,342.25,342.25,342.25,342.1499938964844,1573,342.25,342.1801865620706,342.3464358822443,54.78167634393408,342.3153362222216,bad,,,-0.03929616482735154,342.3199996948242,341.4087343966702
hold,342.25,342.25,342.45001220703125,342.1499938964844,2488,342.25,342.1941492496565,342.33766898385846,54.78167634393408,342.28765498867466,bad,,,-0.013511357237572241,342.29499969482424,341.4051095990345
hold,341.95001220703125,342.1499938964844,342.3500061035156,341.95001220703125,10235,341.95001220703125,342.1453218411315,342.3024274586924,50.22066801784148,342.22920369157407,bad,,,-0.018082186740830952,342.2525009155273,341.38216737307886
hold,342.0,342.0,342.1499938964844,341.8999938964844,1981,342.0,342.1162574729052,342.2749340533567,50.95345713524656,342.1909943890978,bad,,,-0.03353040060645185,342.20250091552737,341.3972178340449
hold,342.1000061035156,342.25,342.25,342.04998779296875,1233,342.1000061035156,342.11300719902727,342.259031512462,52.4611936302554,342.16862705278214,bad,,,-0.03861486567311445,342.1575012207031,341.4396704394352
hold,342.79998779296875,342.25,342.79998779296875,342.25,16193,342.79998779296875,342.2504033178156,342.3082093561444,61.4045077892637,342.21588813725003,bad,,,-0.03567056208703123,342.1375,341.5219735562118
buy,342.75,342.79998779296875,342.79998779296875,342.75,11790,342.75,342.3503226542525,342.3483721419495,60.52877012272785,342.18712376837817,excellent,,,0.0,342.1375,341.5219735562118
hold,343.70001220703125,343.45001220703125,343.79998779296875,343.45001220703125,72984,343.70001220703125,342.6202605648083,342.4712485115024,69.4469821859487,342.6420904495435,bad,,,0.10477399467967441,342.2,341.2878575185212
hold,343.54998779296875,343.70001220703125,343.70001220703125,343.54998779296875,10078,343.54998779296875,342.8062060104404,342.5693157189084,66.8772208499878,342.7346945309777,bad,,,0.06881616240606014,342.2625,341.1767409093161
hold,343.70001220703125,343.6499938964844,343.79998779296875,343.3999938964844,29272,343.70001220703125,342.9849672497586,342.67210630873774,68.14656776108197,342.87485783316214,bad,,,0.06972373332909676,342.3575012207031,341.1273481261639
hold,344.25,343.8500061035156,344.25,343.6499938964844,27969,344.25,343.2379737998069,342.8155511897616,72.33255928111453,343.04711049135017,neutral,,,0.10195786197517709,342.4675018310547,340.9970347205166
hold,344.0,344.20001220703125,344.25,343.79998779296875,4246,344.0,343.3903790398456,342.9232283543287,67.96064873839617,343.18345024836555,good,,,0.06566989425857983,342.5675018310547,340.97117101999754
hold,344.5,344.0,344.8999938964844,344.0,17983,344.5,343.61230323187647,343.06657123120794,71.65116655783925,343.3406304204954,bad,,,0.08564142104361405,342.70750122070314,340.9564230023016
hold,344.70001220703125,344.6000061035156,344.79998779296875,344.45001220703125,5539,344.70001220703125,343.82984502690744,343.2150658653737,72.99138940515891,343.43448419815115,bad,,,0.07859227844191352,342.8675018310547,341.00570637713486
hold,344.79998779296875,344.6000061035156,344.79998779296875,344.6000061035156,10154,344.79998779296875,344.0238735801197,343.35914967697323,73.66166330650377,343.540795538449,bad,,,0.07792149991157071,343.0125015258789,341.0270875277042
hold,344.45001220703125,344.3500061035156,344.5,344.3500061035156,3358,344.45001220703125,344.109101305502,343.4583189978876,67.3596626489081,343.5931148759847,good,,,0.04857816087340261,343.12750244140625,341.0894957163457
hold,344.1000061035156,344.5,344.5,344.1000061035156,4210,344.1000061035156,344.10728226510474,343.5166541893083,61.676630482962544,343.6168483965341,good,,,0.022606833983052077,343.23250274658204,341.2214653330733
hold,344.0,344.1000061035156,344.1000061035156,343.8500061035156,9019,344.0,344.08582581208384,343.560594717553,60.11597977966223,343.6692646957173,good,,,0.016791208237032507,343.32250213623047,341.343493550617
hold,343.5,343.95001220703125,344.0,343.3999938964844,11876,343.5,343.9686606496671,343.5550861068664,52.907692669261294,343.6739427242226,bad,,,0.0021214347479370232,343.3800018310547,341.4511675940318
hold,344.25,343.5,344.25,343.5,8816,344.25,344.0249285197337,343.6182600971513,60.54912437785986,343.70271390233387,neutral,,,0.018042689164876613,343.48000183105466,341.5888645940811
hold,344.25,344.29998779296875,344.29998779296875,344.04998779296875,1371,344.25,344.069942815787,343.67569099741024,60.54912437785986,343.7143531140069,neutral,,,0.011529165678858533,343.5800018310547,341.749046183251
hold,344.0,344.1000061035156,344.25,344.0,1442,344.0,344.0559542526296,343.70517363400927,56.97509640493638,343.729965160087,good,,,-0.0030284115488998786,343.66750183105466,341.9345066485784
hold,344.1000061035156,344.20001220703125,344.25,344.04998779296875,2041,344.1000061035156,344.0647646228068,343.7410674948735,58.04202602128605,343.8053883162161,good,,,-0.021670121954220356,343.7750015258789,342.22435474716025
hold,344.1499938964844,344.25,344.25,344.0,1642,344.1499938964844,344.0818104775424,343.7782426222926,58.59473129888858,343.82187737987937,good,,,-0.034141835708800805,343.88250122070315,342.5572546523132
hold,343.79998779296875,344.1499938964844,344.1499938964844,343.79998779296875,6808,343.79998779296875,344.02544594062766,343.7802194559904,53.30045771986149,343.829564732536,good,,,-0.056385100786104925,343.9675003051758,342.9218985577708
hold,343.95001220703125,343.79998779296875,344.0,343.79998779296875,2680,343.95001220703125,344.0103591939084,343.7956551606305,55.17021599383682,343.89942200945404,good,,,-0.025938040969364362,344.0250015258789,343.1263906389371
hold,343.8500061035156,344.1000061035156,344.1000061035156,343.79998779296875,5965,343.8500061035156,343.9782885758299,343.80059615543826,53.62879893496671,343.9552516667443,bad,,,-0.04447158929179462,344.0800018310547,343.3897842615713
hold,343.95001220703125,343.8500061035156,343.95001220703125,343.75,1706,343.95001220703125,343.97263330207016,343.8141794328558,54.98328324051205,344.06729895550274,good,,,-0.0019407833486861925,344.0925018310547,343.42147550458066
hold,343.95001220703125,344.0,344.0,343.95001220703125,928,343.95001220703125,343.9681090830624,343.82652786687174,54.98328324051207,344.0998072808868,good,,,-0.0067966832254295895,344.1125030517578,343.4849104308726
hold,343.79998779296875,343.8999938964844,343.8999938964844,343.70001220703125,2899,343.79998779296875,343.9344848250437,343.8241151328806,52.32419361247655,344.18272698136155,good,,,-0.0019550936000478636,344.1175018310547,343.5016479810137
hold,343.79998779296875,343.8999938964844,343.8999938964844,343.75,1603,343.79998779296875,343.9075854186287,343.8219217383431,52.32419361247655,344.15880152658053,neutral,,,-0.0031147987912816255,344.0950012207031,343.46738451070644
hold,343.5,343.8999938964844,343.8999938964844,343.5,11729,343.5,343.82606833490297,343.7926561257665,47.0476312056666,344.0956998452252,bad,,,0.007517146207236536,344.07000122070315,343.3914712075072
hold,343.79998779296875,343.6000061035156,343.95001220703125,343.6000061035156,9041,343.79998779296875,343.82085222651614,343.7933226409667,52.23495555988704,343.99899312084574,neutral,,,-0.01607661483792322,344.0350006103516,343.37689388033
hold,343.95001220703125,343.75,343.95001220703125,343.75,1396,343.95001220703125,343.8466842226192,343.8075671469726,54.62872351796273,343.9589529717429,good,,,-0.03252270603018026,343.99750061035155,343.4139974063365
hold,343.95001220703125,343.75,343.95001220703125,343.75,918,343.95001220703125,343.86734981950167,343.820516697887,54.62872351796274,343.8633882280177,neutral,,,-0.05030379424508791,343.9550018310547,343.5023371669092
hold,343.95001220703125,343.95001220703125,344.0,343.95001220703125,1619,343.95001220703125,343.88388229700763,343.8322890169001,54.62872351796274,343.84252789328,bad,,,-0.024969661686979894,343.9300018310547,343.5383345960571
hold,344.0,343.95001220703125,344.1499938964844,343.79998779296875,8023,344.0,343.90710583760614,343.8475354699092,55.55564833910405,343.844488246497,bad,,,-0.003283801564735178,343.9250015258789,343.53964082606194
hold,344.0,344.1499938964844,344.1499938964844,344.0,6970,344.0,343.92568467008493,343.8613958817356,55.55564833910406,343.84092690863054,bad,,,0.0,343.9250015258789,343.53964082606194
hold,343.8999938964844,343.6499938964844,344.0,343.6499938964844,1118,343.8999938964844,343.92054651536483,343.8649047921673,53.04138766751476,343.8932026484427,bad,,,-0.00939279978511287,343.94500122070315,343.6119805986737
hold,343.75,343.95001220703125,343.95001220703125,343.6000061035156,1676,343.75,343.88643721229187,343.85445890197025,49.42821455901,343.8459021512004,bad,,,-0.013339834685954788,343.9200012207031,343.60790671764755
sell,343.3999938964844,343.6499938964844,343.6499938964844,343.29998779296875,4737,343.3999938964844,343.78914854913035,343.8131439014715,42.20366502610925,343.810323688766,good,,,-0.0013432826268755527,343.8775009155273,343.52753011723394
hold,343.3999938964844,343.3500061035156,343.54998779296875,343.29998779296875,4236,343.3999938964844,343.7113176186012,343.775584810109,42.20366502610925,343.78444512388654,good,,,0.006355019506765203,343.8475006103516,343.4456537839074
hold,343.20001220703125,343.3999938964844,343.45001220703125,343.0,18302,343.20001220703125,343.60905653628714,343.72326002801105,38.47699470002115,343.6637979558825,bad,,,0.00782687424130124,343.80250091552733,343.3287104307586
hold,343.1000061035156,343.20001220703125,343.25,343.0,10649,343.1000061035156,343.50724644973286,343.6666005803296,36.73030292639103,343.59775955728907,bad,,,0.003011676363051663,343.75000152587893,343.21334316377005
hold,343.0,342.95001220703125,343.0,342.79998779296875,10214,343.0,343.40579715978635,343.60600052757235,35.0183361882188,343.5274432687546,bad,,,0.014731975004544928,343.71000213623046,343.0826241597944
hold,343.1000061035156,343.1000061035156,343.20001220703125,342.95001220703125,10203,343.1000061035156,343.3446389485322,343.5600010344763,38.12415855804508,343.4792248037798,bad,,,0.00011683929395100989,343.66750183105466,342.99722122807907
hold,343.3999938964844,343.79998779296875,343.79998779296875,343.1499938964844,8925,343.3999938964844,343.3557099381227,343.54545493102245,46.40000288607212,343.4542543498519,bad,,,-0.005319585229002222,343.64500122070314,342.97053734918825
hold,344.0,343.3999938964844,344.0,343.3999938964844,1951,344.0,343.48456795049816,343.5867772100204,58.387998365904615,343.4561238433432,bad,,,0.0021361092022775807,343.6475006103516,342.9681810887061
hold,344.0,344.1499938964844,344.20001220703125,343.8999938964844,8769,344.0,343.5876543603986,343.62434291820034,58.387998365904615,343.4906172871191,bad,,,0.002115447357953215,343.65,342.96589581538365
buy,344.45001220703125,344.1499938964844,344.45001220703125,344.0,20508,344.45001220703125,343.7601259297251,343.6994037626395,65.16497415888713,343.6223151692619,excellent,,,0.033321589849455435,343.6825012207031,342.9161606588817
hold,345.3999938964844,344.45001220703125,345.5,344.1000061035156,125764,345.3999938964844,344.088099523077,343.8540028657163,74.57757948452382,344.4593717853738,bad,,,0.11192222252649486,343.7625015258789,342.6906464700436
hold,345.20001220703125,345.5,346.5,345.20001220703125,39658,345.20001220703125,344.31048205986787,343.97636735129043,70.27289580217085,344.5972338835787,bad,,,0.0712855226850051,343.84750213623045,342.6148307172599
hold,345.29998779296875,345.29998779296875,345.6000061035156,345.0,16068,345.29998779296875,344.5083832064881,344.0966964823521,71.16884504976986,344.65855143893526,bad,,,0.06590268671851085,343.9225021362305,342.53741361155426
hold,344.6499938964844,345.25,345.25,344.6499938964844,4458,344.6499938964844,344.53670534448736,344.1469962472732,58.76751810362929,344.66167177139846,good,,,0.020538224794552917,343.95750122070314,342.53649173129696
hold,345.20001220703125,344.8500061035156,345.3500061035156,344.8500061035156,3360,345.20001220703125,344.6693667169962,344.2427249708876,64.4177267150805,344.6696863001341,bad,,,0.046947841956912484,344.02000122070314,342.49934397393565
hold,344.75,345.1499938964844,345.25,344.75,2791,344.75,344.68549337359696,344.2888408826251,57.4777702218937,344.67419148170575,good,,,0.020916324184971913,344.06000061035155,342.50706834891656
hold,344.3999938964844,344.8999938964844,344.8999938964844,344.3999938964844,3393,344.3999938964844,344.6283934781745,344.2989457020669,52.720408976248166,344.68893612648293,good,,,0.0077202095768447165,344.08000030517576,342.5203856958226
hold,344.5,344.8500061035156,344.8500061035156,344.3999938964844,10806,344.5,344.6027147825396,344.3172233655153,53.89463909698395,344.6979100102709,good,,,0.01014529089757854,344.1050003051758,342.5353195514323
hold,344.3999938964844,344.29998779296875,344.5,344.1499938964844,7311,344.3999938964844,344.56217060532856,344.3247479592398,52.49070540076279,344.69381160186026,good,,,0.007830690158727727,344.13000030517577,342.55825083820133
hold,344.5,344.3999938964844,344.6000061035156,344.29998779296875,7737,344.5,344.5497364842629,344.3406799629453,53.787134038522616,344.6940689426592,neutral,,,0.0101913720711444,344.1675003051758,342.59801908662564
hold,344.79998779296875,344.5,344.79998779296875,344.3999938964844,2815,344.79998779296875,344.59978674600404,344.38243522022015,57.530869577624536,344.71428860640066,bad,,,0.014925799916820637,344.2375,342.6864144661734
hold,344.70001220703125,344.79998779296875,344.95001220703125,344.70001220703125,2044,344.70001220703125,344.6198318382095,344.4113058553848,55.90542825379599,344.7318296750199,neutral,,,0.00800324355045845,344.30250091552733,342.78874199455805
hold,344.3500061035156,344.79998779296875,344.79998779296875,344.3500061035156,7972,344.3500061035156,344.5658666912708,344.4057331506694,50.52358706407803,344.81366252740537,good,,,-0.008535162692135945,344.3600006103516,342.9332573645994
hold,344.29998779296875,344.3500061035156,344.5,344.29998779296875,1070,344.29998779296875,344.51269091161043,344.3961199363329,49.785985059694205,344.8734937585116,neutral,,,-0.01770383724658542,344.41999969482424,343.1144730558973
hold,344.1499938964844,344.45001220703125,344.45001220703125,344.1000061035156,5733,344.1499938964844,344.44015150858525,344.3737448418012,47.54439353819205,344.92493965102204,bad,,,-0.030881824257322776,344.4774993896484,343.3362387950007
hold,344.1499938964844,344.0,344.1499938964844,344.0,4750,344.1499938964844,344.3821199861651,344.3534038467724,47.54439353819205,344.9771946107474,bad,,,-0.03548190328444001,344.5299987792969,343.56386968844816
hold,344.25,344.04998779296875,344.29998779296875,344.0,593,344.25,344.3556959889321,344.3440034970658,49.30921459568168,345.0263577914624,neutral,,,-0.027522485869113655,344.57249908447267,343.74395942177114
hold,344.3500061035156,344.25,344.79998779296875,344.25,6226,344.3500061035156,344.3545580118488,344.3445491885612,51.08162964404582,345.0185212484961,neutral,,,-0.005085217996203539,344.5899993896484,343.7965244279041
hold,344.6499938964844,344.6499938964844,344.70001220703125,344.3999938964844,827,344.6499938964844,344.41364518877594,344.3723168892815,56.04633276964707,345.0500186733473,good,,,-0.004343288374952792,344.6224990844727,343.8765248178431
hold,344.8500061035156,344.6499938964844,344.8500061035156,344.5,3158,344.8500061035156,344.5009173717239,344.4157431814846,59.03175822671935,345.0955225555449,bad,,,0.006333857039386714,344.6424987792969,343.8946490621303
hold,344.70001220703125,344.8999938964844,344.95001220703125,344.70001220703125,2374,344.70001220703125,344.5407363387854,344.44158582017064,55.9619870027165,344.80087559218737,good,,,-0.034544069393416255,344.60749969482424,343.9439627748478
hold,344.54998779296875,344.79998779296875,344.79998779296875,344.54998779296875,1636,344.54998779296875,344.5425866296221,344.45144054497047,52.99362440421014,344.6301536528778,good,,,-0.02625271871624646,344.5749984741211,343.9696033674927
hold,344.6499938964844,344.75,344.75,344.54998779296875,738,344.6499938964844,344.5640680829946,344.46949084965354,54.71787304788708,344.49545026327485,good,,,-0.03756904964622443,344.54249877929686,344.0342849712776
hold,344.75,344.54998779296875,344.8500061035156,344.3999938964844,6067,344.75,344.6012544663957,344.4949916815032,56.43866738084357,344.50595870587216,good,,,0.003206548249590213,344.54749908447263,344.03322136404444
hold,344.3999938964844,344.6499938964844,344.75,344.3999938964844,1362,344.3999938964844,344.5610023524135,344.4863555192288,49.36769993767817,344.4747716747237,good,,,-0.03861178259468856,344.5074981689453,344.08645403606704
hold,344.70001220703125,344.3500061035156,344.70001220703125,344.25,2969,344.70001220703125,344.58880432333706,344.50577885448354,54.61646608866017,344.4735223424029,neutral,,,-0.0022399311612963935,344.5049987792969,344.0891814186735
hold,344.6000061035156,344.54998779296875,344.70001220703125,344.54998779296875,754,344.6000061035156,344.5910446793728,344.51434496803193,52.65695059649476,344.4780042998888,bad,,,0.0026201850595874987,344.51499938964844,344.1001450756847
hold,344.6499938964844,344.6000061035156,344.6499938964844,344.3999938964844,2712,344.6499938964844,344.6028345227951,344.5266766888003,53.55395785368092,344.4813268401305,bad,,,0.0033477273654103357,344.52249908447266,344.1035971542292
hold,344.6000061035156,344.75,344.75,344.6000061035156,1736,344.6000061035156,344.6022688389392,344.533342999229,52.48307084382944,344.4939807739132,bad,,,0.002135525745594613,344.5324996948242,344.1162320625064
hold,344.5,344.70001220703125,344.70001220703125,344.5,1414,344.5,344.58181507115137,344.5303118174809,50.31536698843361,344.4933124759932,good,,,0.0,344.5324996948242,344.1162320625064
hold,344.3999938964844,344.5,344.6000061035156,344.29998779296875,4990,344.3999938964844,344.545450836218,344.51846473375394,48.172644709319634,344.47083550806025,good,,,-0.010195245188338031,344.5125,344.11140104546115
sell,344.25,344.20001220703125,344.3500061035156,344.1000061035156,1875,344.25,344.48636066897444,344.4940588488672,45.07232176244694,344.455866654164,good,,,-0.004828579169524616,344.48999938964846,344.08305425095006
hold,344.1000061035156,344.29998779296875,344.29998779296875,343.95001220703125,4598,344.1000061035156,344.4090897558827,344.45823587201704,42.15087659802166,344.44161156254955,good,,,0.005258853302447797,344.4774993896484,344.0399166265926
hold,343.70001220703125,343.95001220703125,343.95001220703125,343.70001220703125,3935,343.70001220703125,344.26727424611244,344.3893064479274,35.53601201777845,344.3942754113269,bad,,,0.02388847824024154,344.44750061035154,343.8975241036515
hold,344.3500061035156,343.8500061035156,344.8999938964844,343.8500061035156,19770,344.3500061035156,344.28382061759305,344.38573368934453,49.425507672638254,344.4015219996659,bad,,,-0.0014292709712315776,344.45750122070314,343.9224562731466
hold,344.5,344.3500061035156,344.5,344.29998779296875,403,344.5,344.32705649407444,344.39612153576775,51.9958843532737,344.4196391037979,neutral,,,-0.00038001999765890915,344.4750015258789,343.958767924164
hold,344.45001220703125,344.5,344.5,344.3500061035156,680,344.45001220703125,344.3516476366658,344.4010206877008,51.064435874775896,344.42141633320034,neutral,,,-5.011076545935467e-05,344.4850021362305,343.9789420226159
hold,344.1000061035156,344.45001220703125,344.45001220703125,344.1000061035156,4412,344.1000061035156,344.3013193300358,344.37365572550215,44.98758119764186,344.40675797085504,neutral,,,0.0034721793976011384,344.47250213623045,343.9419633140288
hold,344.70001220703125,344.3500061035156,344.79998779296875,344.29998779296875,2092,344.70001220703125,344.38105790543494,344.4033244965502,54.896668743068304,344.41285079319096,neutral,,,0.0018208975511635472,344.4750030517578,343.94068299315927
buy,345.0,344.79998779296875,345.1000061035156,344.79998779296875,5018,345.0,344.504846324348,344.4575677241366,58.88428509997951,344.4353686367196,bad,,,0.009272945074467742,344.48250274658204,343.92368985777387
hold,344.75,345.0,345.1000061035156,344.70001220703125,4136,344.75,344.5538770594784,344.4841524764878,54.55551502483284,344.44480874615766,neutral,,,0.0019705023600158356,344.4850021362305,343.9218895898032
hold,344.70001220703125,344.8999938964844,344.8999938964844,344.70001220703125,1658,344.70001220703125,344.583104088989,344.5037760883554,53.70537299763293,344.4483289079315,neutral,,,0.004264568738454599,344.4925033569336,343.92217721717793
hold,344.3999938964844,344.70001220703125,344.70001220703125,344.3999938964844,1833,344.3999938964844,344.5464820504881,344.49434134363986,48.7910728708593,344.4450501657334,good,,,-0.004609746908079693,344.4800033569336,343.9130837402916
hold,344.5,344.54998779296875,344.54998779296875,344.3500061035156,796,344.5,344.5371856403905,344.4948557669453,50.41968131276326,344.4181465335392,neutral,,,-0.007535229197697113,344.4675033569336,343.9140838167773
hold,344.5,344.3999938964844,344.6499938964844,344.3999938964844,6178,344.5,344.5297485123124,344.4953234244957,50.41968131276326,344.4255176005004,neutral,,,0.001239568882782649,344.4725036621094,343.9198076551295
hold,344.54998779296875,344.5,344.70001220703125,344.3999938964844,1139,344.54998779296875,344.5337963684437,344.5002929125387,51.317220041313554,344.4159181061746,bad,,,-0.004651746780559574,344.4650024414062,343.92085491234093
hold,344.3999938964844,344.5,344.5,344.29998779296875,1334,344.3999938964844,344.50703587405184,344.49117482017016,48.48118607686506,344.4136546708874,good,,,-0.0037532336631618257,344.4550018310547,343.91380269119554
sell,344.3500061035156,344.3999938964844,344.45001220703125,344.3500061035156,1187,344.3500061035156,344.4756299199446,344.47834130047426,47.538283418604486,344.40329818919673,good,,,-0.006043822670609433,344.44000244140625,343.9046548705057
hold,344.20001220703125,344.25,344.25,344.1000061035156,1560,344.20001220703125,344.4205063773619,344.4530386556158,44.72728580656042,344.3937542077535,good,,,-0.0045035917920044355,344.42000274658204,343.8801917624049
hold,344.1499938964844,344.1499938964844,344.29998779296875,344.1499938964844,920,344.1499938964844,344.36640388118644,344.4254891320584,43.79724104823649,344.3882883024406,neutral,,,-0.0018635367152852744,344.4025024414062,343.8516196048351
hold,344.1000061035156,344.1499938964844,344.1499938964844,344.0,4871,344.1000061035156,344.3131243256523,344.3958997658272,42.83853483772251,344.3669032084244,neutral,,,0.00016610885942291986,344.3875030517578,343.8210478274044
hold,344.25,344.0,344.25,344.0,1279,344.25,344.3004994605219,344.38263615075203,46.614730871711394,344.36793086830465,good,,,0.0,344.3875030517578,343.8210478274044
hold,344.5,344.1000061035156,344.5,344.1000061035156,1167,344.5,344.3403995684175,344.3933055915928,52.27396474841332,344.3894639708585,neutral,,,0.0017563294308464705,344.40750274658205,343.85498868916085
hold,344.25,344.45001220703125,344.45001220703125,344.25,1614,344.25,344.32231965473403,344.38027781053887,46.91774905983325,344.4295609592978,neutral,,,-0.020272642877983138,344.4350021362305,343.9799199807362
hold,344.3500061035156,344.25,344.5,344.25,484,344.3500061035156,344.32785694449035,344.3775258371731,49.16180619475912,344.46544166715347,bad,,,0.0,344.4350021362305,343.9799199807362
hold,344.3500061035156,344.3500061035156,344.3500061035156,344.1499938964844,291,344.3500061035156,344.3322867762954,344.37502404320423,49.16180619475912,344.4643274849416,neutral,,,-0.0020551285662695484,344.42750244140626,343.9720085257323
hold,344.3500061035156,344.1499938964844,344.3500061035156,344.1499938964844,2029,344.3500061035156,344.33583064173945,344.3727496850507,49.16180619475912,344.4592767168627,bad,,,-0.0011320213491705644,344.4225021362305,343.9659120645292
hold,344.3500061035156,344.29998779296875,344.3500061035156,344.20001220703125,780,344.3500061035156,344.33866573409466,344.3706820867293,49.16180619475912,344.49643350395274,bad,,,-0.003011266717800609,344.4350021362305,344.00129729384946
hold,344.45001220703125,344.3500061035156,344.45001220703125,344.29998779296875,3935,344.45001220703125,344.360935028682,344.37789391584766,51.89704392638211,344.48201585723695,bad,,,-0.008612808622743273,344.4225021362305,344.0060001755813
buy,344.6000061035156,344.3999938964844,344.6000061035156,344.20001220703125,3978,344.6000061035156,344.4087492436487,344.39808593290843,55.743117183862296,344.4302808326144,good,,,-0.029759792900307946,344.4025024414062,344.06862415939145
hold,344.5,344.6000061035156,344.75,344.3999938964844,2548,344.5,344.426999394919,344.40735084809853,52.71668147641181,344.4013600363281,neutral,,,-0.014132782366937935,344.39000244140624,344.0923450018188
hold,344.79998779296875,344.6000061035156,344.8999938964844,344.6000061035156,1064,344.79998779296875,344.50159707452895,344.443045115814,59.7721904219054,344.39953826584144,good,,,0.00815695188816079,344.39500122070314,344.07422655383164
hold,344.75,344.6000061035156,344.79998779296875,344.6000061035156,146,344.75,344.5512776596232,344.4709501052855,58.213397562937445,344.4008876557133,neutral,,,0.015350459319796173,344.4125015258789,344.0563117092366
hold,344.75,344.75,344.75,344.75,686,344.75,344.5910221276985,344.4963182775323,58.213397562937445,344.40520595746455,bad,,,0.011707068244581897,344.4250015258789,344.0409494032551
hold,344.6000061035156,344.75,344.75,344.54998779296875,1929,344.6000061035156,344.592818922862,344.5057444435308,53.36984344509562,344.39883492704496,good,,,0.0032852910050840123,344.4300018310547,344.0396220327825
hold,344.70001220703125,344.6000061035156,344.70001220703125,344.54998779296875,153,344.70001220703125,344.61425757969585,344.5234051493035,55.99857108792071,344.3948892850343,neutral,,,0.006360951748063393,344.4375030517578,344.0326906160958
hold,344.70001220703125,344.54998779296875,344.70001220703125,344.5,185,344.70001220703125,344.63140850516294,344.5394603363697,55.99857108792071,344.3965006006512,good,,,0.008779767694977458,344.4525039672852,344.0324160929367
hold,344.6000061035156,344.70001220703125,344.70001220703125,344.6000061035156,105,344.6000061035156,344.6251280248335,344.5449644970193,52.56203984673104,344.3990761976739,bad,,,0.004184136560292373,344.4650039672852,344.04298615273507
hold,344.5,344.6000061035156,344.70001220703125,344.5,1144,344.5,344.60010241986686,344.54087681547213,49.30362141014897,344.4136113640197,bad,,,-0.0008092089634703648,344.4800033569336,344.07577578872605
hold,344.5,344.6000061035156,344.6499938964844,344.3500061035156,2044,344.5,344.5800819358936,344.5371607413383,49.30362141014897,344.42738326340447,bad,,,-0.0034588918891187426,344.4975036621093,344.1227055717679
hold,344.5,344.3500061035156,344.5,344.20001220703125,636,344.5,344.5640655487149,344.53378249212574,49.30362141014897,344.49001785478106,bad,,,-0.007907632285364397,344.5175033569336,344.18997619489306
hold,344.6000061035156,344.5,344.6499938964844,344.3999938964844,2455,344.6000061035156,344.57125365967505,344.5398028204339,52.946779730695546,344.5110971660333,bad,,,-0.001422671213169302,344.5350036621094,344.22988281622384
sell,344.29998779296875,344.3500061035156,344.54998779296875,344.29998779296875,309,344.29998779296875,344.5170004863338,344.5180014543007,42.97033529672981,344.50912536126185,good,,,0.0019118693336706016,344.52500305175784,344.2032887029301
hold,344.1499938964844,344.3999938964844,344.5,344.04998779296875,5172,344.1499938964844,344.443599168364,344.4845462217719,39.01255948270211,344.4612684928832,good,,,0.004193593661594441,344.520002746582,344.1788266224953
hold,344.0,344.0,344.0,343.8500061035156,21355,344.0,344.3548793346912,344.44049656524714,35.492103855304805,344.2689683658993,good,,,0.013236150132889257,344.50250244140625,344.0981796687584
hold,344.1000061035156,344.0,344.1000061035156,343.95001220703125,5343,344.1000061035156,344.3039046884561,344.4095428869079,39.41746377840455,344.2524252672929,neutral,,,0.005728094285539775,344.49000244140626,344.05342308061296
hold,344.20001220703125,343.95001220703125,344.20001220703125,343.95001220703125,912,344.20001220703125,344.28312619217115,344.39049464328275,43.14337389909348,344.2479464643327,bad,,,0.001966195394720316,344.48250274658204,344.0316417603979
hold,344.25,344.20001220703125,344.25,344.1000061035156,438,344.25,344.27650095373696,344.3777224029843,44.96535242008283,344.24650327768984,good,,,0.000845205929134174,344.4775024414063,344.0187257528045
hold,344.20001220703125,344.25,344.25,344.04998779296875,929,344.20001220703125,344.2612032043959,344.3615669306249,43.46535643467733,344.230124828958,bad,,,0.0009191365357708037,344.4650024414062,343.99055531743784
hold,344.1000061035156,344.20001220703125,344.20001220703125,344.04998779296875,1499,344.1000061035156,344.22896378421984,344.33778867361497,40.55088589989674,344.19615199034536,bad,,,-0.0011211594080795528,344.44000244140625,343.94442263852886
hold,344.29998779296875,344.20001220703125,344.5,344.1499938964844,21891,344.29998779296875,344.24316858596967,344.33435222991983,48.0521191389437,344.2180668207661,neutral,,,-0.00208236265987205,344.4300018310547,343.93160422759104
hold,344.5,344.3500061035156,344.5,344.3500061035156,864,344.5,344.2945348687757,344.34941111810895,54.26744244141973,344.2125594720226,good,,,-0.012519079558326318,344.4150024414063,343.94478730903865
hold,344.3500061035156,344.6499938964844,344.6499938964844,344.3500061035156,3274,344.3500061035156,344.3056291157237,344.34946520769137,49.48578840488679,344.21776864654447,good,,,-0.013150007241147232,344.395002746582,343.9501403504747
hold,344.5,344.45001220703125,344.5,344.3999938964844,994,344.5,344.344503292579,344.3631501888103,53.86369313875936,344.2165879741661,neutral,,,-0.011569555058044134,344.382502746582,343.9650367885345
hold,344.45001220703125,344.45001220703125,344.45001220703125,344.29998779296875,628,344.45001220703125,344.3656050754695,344.3710467359213,52.238813884688994,344.2081559657305,good,,,-0.005262555515672673,344.3750030517578,343.96818268865724
buy,344.5,344.5,344.5,344.45001220703125,1612,344.5,344.39248406037564,344.38276975992846,53.74161033315025,344.21366096758766,good,,,-0.009653336318971029,344.36500244140626,343.981464416935
hold,344.3999938964844,344.3500061035156,344.45001220703125,344.29998779296875,236,344.3999938964844,344.3939860275974,344.3843355905245,50.32970723777456,344.21302065010326,neutral,,,-0.013459890434508459,344.3500015258789,343.99786536170154
hold,344.45001220703125,344.29998779296875,344.45001220703125,344.29998779296875,343,344.45001220703125,344.4051912634842,344.3903061920251,51.972062639850805,344.2135846867222,good,,,-0.006693472450169935,344.3425018310547,344.0059385146746
hold,344.29998779296875,344.29998779296875,344.45001220703125,344.29998779296875,391,344.29998779296875,344.3841505693811,344.3820954284745,46.95687471020145,344.2094644553328,bad,,,-0.005080668009149747,344.33250122070314,344.00344929296864
hold,344.3500061035156,344.29998779296875,344.45001220703125,344.04998779296875,6419,344.3500061035156,344.377321676208,344.37917821711454,48.73313173950681,344.2135368752322,bad,,,-0.004756821159901392,344.3250015258789,344.0048448370104
hold,344.5,344.3500061035156,344.54998779296875,344.25,2032,344.5,344.40185734096644,344.39016201555864,53.73631259138882,344.2187239474821,good,,,0.0,344.3250015258789,344.0048448370104
hold,344.6000061035156,344.5,344.6000061035156,344.45001220703125,278,344.6000061035156,344.44148709347627,344.40923875082746,56.76583449364577,344.207644631772,good,,,0.0,344.3250015258789,344.0048448370104
hold,344.5,344.6000061035156,344.6000061035156,344.3999938964844,658,344.5,344.453189674781,344.4174897734795,53.026361803809685,344.2098213309733,neutral,,,0.005405439299455139,344.33500213623046,344.0062164728877
hold,344.5,344.5,344.6000061035156,344.5,142,344.5,344.4625517398248,344.42499070316313,53.026361803809685,344.2148133988308,neutral,,,0.003911808730450161,344.3525024414063,344.02773449509743
hold,344.6499938964844,344.6000061035156,344.6499938964844,344.5,1900,344.6499938964844,344.5000401711567,344.4454455389196,57.85561032588779,344.32142748381153,neutral,,,0.004202661595908985,344.38500213623047,344.0782482654734
hold,344.54998779296875,344.6499938964844,344.70001220703125,344.3999938964844,4554,344.54998779296875,344.5100296955191,344.4549493801968,53.87840774641996,344.365911183512,bad,,,0.00024042458020012702,344.4075012207031,344.1224177107113
hold,344.70001220703125,344.5,344.70001220703125,344.5,2715,344.70001220703125,344.5480261978216,344.47722781899995,58.48860662196581,344.3863444932674,bad,,,0.010252493486340164,344.4325012207031,344.13707812591383
hold,344.70001220703125,344.70001220703125,344.70001220703125,344.45001220703125,1611,344.70001220703125,344.5784233996635,344.4974809451846,58.48860662196581,344.39701161758165,bad,,,0.009246077394808871,344.4550018310547,344.1502055359333
hold,344.70001220703125,344.45001220703125,344.70001220703125,344.45001220703125,845,344.70001220703125,344.6027411611371,344.51589287807974,58.48860662196581,344.4053133978352,bad,,,0.00557107001497581,344.48000183105466,344.1809987261961
hold,344.75,344.79998779296875,345.1499938964844,344.70001220703125,12957,344.75,344.63219292890966,344.5371753437089,60.14643151299126,344.4818358387533,bad,,,-7.931379953918238e-05,344.5125015258789,344.2462715731735
hold,345.0,344.95001220703125,345.1499938964844,344.95001220703125,3527,345.0,344.7057543431277,344.57925031246265,67.20129709245828,344.60816033999265,bad,,,0.026683576013719623,344.5475021362305,344.2242734989834
hold,345.5,345.1499938964844,345.5,345.0,14091,345.5,344.86460347450225,344.66295482951153,76.25473049529036,344.82199254197747,bad,,,0.07296337979885159,344.59750213623045,344.072644157874
hold,345.54998779296875,345.5,345.6000061035156,345.5,7047,345.54998779296875,345.0016803381956,344.74359418982584,76.94005084705218,344.927985970578,bad,,,0.05536927929785662,344.6575012207031,344.0015505633281
hold,345.70001220703125,345.54998779296875,345.70001220703125,345.54998779296875,3825,345.70001220703125,345.1413467119627,344.830541282299,78.90759831890266,344.9793211335323,neutral,,,0.056959337378659214,344.7175018310547,343.9248635299622
hold,345.75,345.6499938964844,345.8500061035156,345.6499938964844,6900,345.75,345.26307736957017,344.91412843845364,79.53418705179959,345.0577042500018,bad,,,0.049930369863582236,344.7825012207031,343.88234781837485
hold,345.79998779296875,345.75,345.79998779296875,345.6499938964844,2273,345.79998779296875,345.3704594542499,344.9946611070459,80.16863194507769,345.09325673191324,bad,,,0.04543214293715181,344.8475006103516,343.85529555991445
hold,346.04998779296875,345.75,346.04998779296875,345.75,17335,346.04998779296875,345.50636512199367,345.09059989667526,83.00603120764013,345.2796768533758,bad,,,0.05454894656153897,344.9300003051758,343.83164303333336
hold,345.8999938964844,345.8999938964844,345.8999938964844,345.6000061035156,5088,345.8999938964844,345.58509087689185,345.1641811693852,75.9818471080919,345.3160530119692,neutral,,,0.036499339036555334,345.00249938964845,343.85034313888406
hold,345.5,345.8999938964844,345.8999938964844,345.3999938964844,2991,345.5,345.5680727015136,345.19471015398653,61.126570925666414,345.32580181780764,bad,,,0.009261729114484751,345.0625,343.93828445306457
hold,345.5,345.5,345.6000061035156,345.5,1499,345.5,345.55445816121085,345.2224637763514,61.126570925666414,345.39651707949264,bad,,,0.006631465592787933,345.11999969482423,344.03032658978475
hold,345.5,345.5,345.54998779296875,345.25,2572,345.5,345.5435665289687,345.24769434213766,61.126570925666414,345.4190138553856,good,,,0.006658793586011846,345.16999969482424,344.10727320229824
hold,345.5,345.3999938964844,345.5,345.29998779296875,2126,345.5,345.534853223175,345.27063122012515,61.126570925666414,345.42323821198704,neutral,,,0.005945119758044015,345.2149993896484,344.1766886417332
hold,345.75,345.75,345.75,345.6000061035156,1524,345.75,345.57788257854,345.3142102001138,66.61391025941374,345.43481120782485,neutral,,,0.009497010283321394,345.2774993896484,344.2688049292631
hold,345.8500061035156,345.75,346.0,345.6499938964844,8670,345.8500061035156,345.6323072835351,345.36291891860486,68.52775984822466,345.4706832206759,good,,,0.00876339114264102,345.3449996948242,344.37345912597465
hold,345.79998779296875,345.8999938964844,345.95001220703125,345.75,3047,345.79998779296875,345.66584338542185,345.40265245263794,66.47523087315645,345.4950441886478,good,,,0.006243023846241869,345.4024993896484,344.466837891431
hold,345.5,345.6000061035156,345.79998779296875,345.5,1762,345.5,345.6326747083375,345.4115022296709,55.69977921422876,345.53715657540164,bad,,,-0.010936321578403074,345.45,344.59971576715753
hold,345.70001220703125,345.70001220703125,345.75,345.5,336,345.70001220703125,345.64614220807624,345.43773040943086,60.31830569722758,345.5604261898254,neutral,,,-0.005009706893521759,345.5,344.71706439636904
hold,345.54998779296875,345.5,345.79998779296875,345.5,3721,345.54998779296875,345.6269113250548,345.44793562611613,55.633176955193775,345.5736172845577,bad,,,-0.014112201664018276,345.54249877929686,344.8509301011632
hold,345.79998779296875,345.5,345.8500061035156,345.5,1444,345.79998779296875,345.6615266186376,345.47994036855727,61.060937056574126,345.58398449441466,good,,,-0.01607213673361363,345.5974975585938,345.0165748724972
hold,345.75,345.79998779296875,345.79998779296875,345.6499938964844,776,345.75,345.6792212949101,345.50449124414297,59.49367455289405,345.70473857624944,good,,,-0.027959253048137622,345.6474975585937,345.2133637730113
hold,345.8999938964844,345.6000061035156,345.8999938964844,345.6000061035156,1052,345.8999938964844,345.72337581522504,345.54044603071947,62.5960216343347,345.73529093896155,bad,,,-0.016923797444223787,345.692497253418,345.3619333169401
hold,345.8999938964844,345.8500061035156,345.8999938964844,345.79998779296875,843,345.8999938964844,345.7586994314769,345.57313220033444,62.5960216343347,345.7814526796051,bad,,,0.005604853512575225,345.7124969482422,345.3825386208892
hold,345.8500061035156,345.8999938964844,345.8999938964844,345.70001220703125,1085,345.8500061035156,345.7769607658846,345.5983025551691,60.796303662161534,345.8062172837241,bad,,,0.003278070988299575,345.72749786376954,345.4011969346103
hold,345.79998779296875,345.8500061035156,345.8500061035156,345.6499938964844,5262,345.79998779296875,345.78156617130145,345.6166375767872,58.9693244181323,345.8115291324709,bad,,,0.0017980490404134741,345.7324966430664,345.4049722761955
hold,345.75,345.6499938964844,345.79998779296875,345.6000061035156,2143,345.75,345.7752529370412,345.6287614334429,57.12185042799578,345.8159944039955,bad,,,0.0,345.7324966430664,345.4049722761955
hold,345.6000061035156,345.75,345.75,345.6000061035156,797,345.6000061035156,345.7402035703361,345.6261473125404,51.87054476743808,345.8138755762737,bad,,,-0.001923911047807536,345.7224975585938,345.39163199422654
hold,345.3500061035156,345.6000061035156,345.70001220703125,345.3500061035156,6079,345.3500061035156,345.66216407697203,345.60104356626545,44.52360533770649,345.682992190218,bad,,,-0.009504241888258491,345.68749847412107,345.3545235739748
sell,345.0,345.29998779296875,345.5,345.0,5943,345.0,345.52973126157764,345.5464032420595,36.68863291521593,345.5867944098493,good,,,0.01616350568365288,345.6424987792969,345.208595145446
hold,344.8999938964844,344.8999938964844,345.0,344.75,6048,344.8999938964844,345.403783788559,345.4876387560981,34.804061304106966,345.5181493178333,good,,,0.021793812913584176,345.6124984741211,345.07317129141444
hold,344.8999938964844,344.8500061035156,345.0,344.79998779296875,945,344.8999938964844,345.30302581014405,345.4342164961332,34.804061304106966,345.5082347464805,bad,,,0.015075135864672795,345.58249816894534,344.9609878230472
hold,344.95001220703125,344.79998779296875,344.95001220703125,344.79998779296875,1304,344.95001220703125,345.2324230895215,345.3901979243966,36.690412189015966,345.4953631194841,neutral,,,0.008844533432683654,345.55499877929685,344.8753689144718
hold,344.8500061035156,344.95001220703125,344.95001220703125,344.75,2323,344.8500061035156,345.1559396923203,345.34108957704376,34.53867240934704,345.4679781318957,neutral,,,0.00977356616054248,345.52249908447266,344.77653005432217
hold,344.8500061035156,344.79998779296875,344.8500061035156,344.75,356,344.8500061035156,345.0947529745594,345.29644562490483,34.53867240934704,345.45593053160843,bad,,,0.0005172197755420882,345.4774993896484,344.6847396956801
hold,344.8500061035156,344.8500061035156,344.95001220703125,344.8500061035156,20268,344.8500061035156,345.04580360035067,345.2558602138694,34.53867240934704,345.2163982046175,bad,,,-0.007090165507261936,345.42749938964846,344.6092908301516
hold,344.6000061035156,344.75,344.75,344.29998779296875,4497,344.6000061035156,344.9566441009837,345.1962371129282,29.19319666295145,345.1484698522593,good,,,-0.0011509232932249702,345.3675003051758,344.49327768371086
hold,344.75,344.6000061035156,344.75,344.54998779296875,2182,344.75,344.91531528078696,345.15567010266204,35.63016510917707,345.1263812916702,good,,,2.409714126017093e-05,345.33000030517576,344.41819424935375
hold,344.70001220703125,344.70001220703125,344.70001220703125,344.5,391,344.70001220703125,344.8722546660358,345.11424665760467,34.50437955070794,345.1210528655202,good,,,-0.007871690098826267,345.2800003051758,344.3454493313432
hold,344.54998779296875,344.70001220703125,344.75,344.5,1237,344.54998779296875,344.80780129142244,345.0629503971832,31.3072153653432,345.0856165537113,bad,,,-0.002053688574132906,345.2300003051758,344.25255950002474
hold,344.5,344.5,344.6499938964844,344.45001220703125,2947,344.5,344.74624103313795,345.0117730883484,30.29978065938356,345.0441387106162,bad,,,-0.015147950779603736,345.16500091552734,344.17500405350256
hold,344.70001220703125,344.5,344.70001220703125,344.45001220703125,3474,344.70001220703125,344.7369952679166,344.9834311900468,38.78747934923584,345.01893858580394,bad,,,-0.020501796465988154,345.1125015258789,344.14097326730683
hold,344.8500061035156,344.6000061035156,344.8500061035156,344.6000061035156,1305,344.8500061035156,344.7595974350364,344.9713016367258,44.268464050636254,345.0024134007052,good,,,-0.03382351483266488,345.0600021362305,344.15303227115766
hold,344.70001220703125,344.70001220703125,344.8500061035156,344.70001220703125,489,344.70001220703125,344.7476803894354,344.946638961299,40.3751686303129,344.9893184381044,bad,,,-0.03887801176556405,345.0000030517578,344.16753918229193
hold,344.8500061035156,344.79998779296875,344.8500061035156,344.70001220703125,2426,344.8500061035156,344.7681455322515,344.937854156046,45.53380184588522,344.9712569486605,good,,,-0.04209610865796298,344.9500030517578,344.2131211933416
hold,345.0,344.79998779296875,345.0,344.79998779296875,838,345.0,344.8145164258012,344.94350377822366,50.17606928835414,344.90554148275965,neutral,,,-0.04347954484845706,344.9100036621094,344.2834254982045
hold,345.0,344.8500061035156,345.0,344.8500061035156,971,345.0,344.8516131406409,344.9486397983852,50.17606928835414,344.87903800571235,good,,,-0.048217259762295406,344.8725036621093,344.37503376943727
hold,344.8999938964844,345.0,345.1499938964844,344.8999938964844,2366,344.8999938964844,344.8612892918096,344.9442174436669,47.073631482411,344.8711296182327,good,,,-0.047052114573942205,344.83750305175784,344.46753642439523
hold,345.0,345.0,345.0,344.8999938964844,465,345.0,344.8890314334477,344.9492885851517,50.37783535874144,344.8242161599602,good,,,-0.026113716968112488,344.820002746582,344.5226823156284
hold,344.8999938964844,344.8500061035156,345.0,344.75,3865,344.8999938964844,344.89122392605503,344.9448072498183,47.20417919154399,344.8114079685758,good,,,-0.004071419215478933,344.81500244140625,344.52673287828867
hold,344.79998779296875,344.8999938964844,345.0,344.75,244,344.79998779296875,344.8729766994378,344.9316418446502,44.20516791416708,344.80122601227083,neutral,,,-0.0022060768961607025,344.8100021362305,344.5243455114887
hold,344.95001220703125,345.0,345.0,344.79998779296875,1460,344.95001220703125,344.8883838009565,344.9333118775939,49.398880255365874,344.8035457432805,good,,,0.0018710895188123189,344.8125030517578,344.5228902938424
hold,344.95001220703125,345.0,345.0,344.79998779296875,203,344.95001220703125,344.90070948217146,344.9348300893609,49.398880255365874,344.8004627988068,good,,,0.0,344.8125030517578,344.5228902938424
hold,344.95001220703125,344.95001220703125,344.95001220703125,344.79998779296875,175,344.95001220703125,344.9105700271434,344.9362102818764,49.39888025536587,344.798690077054,neutral,,,0.003133175926439691,344.8175033569336,344.52207824777975
hold,345.0,344.95001220703125,345.0,344.8500061035156,564,345.0,344.92845602171474,344.9420093471603,51.28597625515509,344.8005815991046,bad,,,0.005173228605404034,344.8250030517578,344.51922415669185
hold,345.0,344.95001220703125,345.0,344.95001220703125,1446,345.0,344.9427648173718,344.9472812246912,51.28597625515509,344.77796702158963,bad,,,0.004867997878132968,344.832502746582,344.51742258719827
buy,345.0,344.95001220703125,345.0,344.95001220703125,711,345.0,344.95421185389745,344.9520738406284,51.28597625515508,344.8124839601043,bad,,,0.002612703739135469,344.8525024414063,344.5484042930427
hold,345.0,345.0,345.0,345.0,1112,345.0,344.963369483118,344.9564307642076,51.28597625515509,344.82540530737515,bad,,,0.0043921516493572454,344.86500244140626,344.55824449171706
hold,344.8500061035156,345.0,345.1499938964844,344.75,5071,344.8500061035156,344.9406968071975,344.9467557950538,44.57650576436773,344.8309451505153,bad,,,-0.0005240765185599017,344.8725021362305,344.5750528455104
hold,344.3999938964844,344.8500061035156,344.8500061035156,344.29998779296875,5116,344.3999938964844,344.83255622505493,344.8970501679111,31.332485034074978,344.7782555691394,neutral,,,0.008652432993616621,344.86500244140626,344.53018785710066
hold,344.45001220703125,344.45001220703125,344.5,344.25,1680,344.45001220703125,344.7560474214502,344.8564103532857,33.69067005467615,344.78615911270526,neutral,,,0.002582285317243027,344.8625030517578,344.5162750336136
hold,344.29998779296875,344.45001220703125,344.45001220703125,344.20001220703125,4233,344.29998779296875,344.66483549575395,344.80582648416595,30.32658018744688,344.73553479358804,good,,,0.015534111504167392,344.8425018310547,344.4226474830008
hold,344.3500061035156,344.25,344.3500061035156,344.25,1483,344.3500061035156,344.6018696173063,344.7643882677432,32.73803567313239,344.71488286315576,neutral,,,0.007706625823855617,344.8175018310547,344.3460394050995
hold,344.3999938964844,344.25,344.45001220703125,344.25,462,344.3999938964844,344.561494473142,344.73126150671965,35.153594704893735,344.7109217570895,bad,,,0.004924328772326625,344.80250091552733,344.2990344102301
hold,344.29998779296875,344.3999938964844,344.3999938964844,344.25,2020,344.29998779296875,344.50919313710733,344.6920548054695,32.62895989296237,344.67706630596723,bad,,,0.004985933737833292,344.775,344.22681585244703
hold,344.29998779296875,344.29998779296875,344.29998779296875,344.20001220703125,1386,344.29998779296875,344.46735206827964,344.6564123497876,32.62895989296237,344.65442339058416,bad,,,-0.0023744521193691526,344.73999938964846,344.16501416540865
hold,344.29998779296875,344.29998779296875,344.29998779296875,344.20001220703125,383,344.29998779296875,344.4338792132175,344.62401011734954,32.62895989296237,344.6407406000012,bad,,,-0.005099524291518609,344.7049987792969,344.1126223662282
hold,344.20001220703125,344.29998779296875,344.29998779296875,344.20001220703125,807,344.20001220703125,344.3871058119803,344.58546485277515,29.943873258712216,344.61127331566723,bad,,,-0.0009701972659925673,344.66999969482424,344.04597426297653
hold,344.04998779296875,344.04998779296875,344.1000061035156,344.0,4058,344.04998779296875,344.319682208178,344.5367851200655,26.429151445471533,344.54387962177964,bad,,,-0.003363177698845199,344.6224990844727,343.9625858939219
hold,344.0,344.20001220703125,344.20001220703125,344.0,2328,344.0,344.2557457665424,344.4879864727868,25.3609923793519,344.46825334305385,bad,,,-0.0015292445857295611,344.57749938964844,343.87786671686865
hold,343.8500061035156,344.1499938964844,344.20001220703125,343.8500061035156,6714,343.8500061035156,344.17459783393707,344.42998825739846,22.43142265969821,344.3660642391217,good,,,0.0035001286868840964,344.5300003051758,343.7707834039748
hold,344.0,343.6000061035156,344.0,343.6000061035156,7001,344.0,344.1396782671497,344.3908984158168,31.0133939490006,344.29332384401937,bad,,,-0.011503786413968875,344.48249969482424,343.7155035173296
hold,343.75,344.0,344.0,343.6000061035156,1872,343.75,344.0617426137198,344.3326349234697,25.874947714129632,344.26966356731964,good,,,-0.008276067690393685,344.42249908447263,343.6240753786055
hold,343.6499938964844,343.75,343.75,343.6000061035156,820,343.6499938964844,343.9793928702727,344.2705766482893,24.151130672762463,344.2569331363611,neutral,,,-0.010489856069217929,344.3574981689453,343.5302867254724
hold,343.6499938964844,343.6499938964844,343.75,343.6499938964844,2372,343.6499938964844,343.913513075515,344.2141600344889,24.151130672762463,344.22054058446525,bad,,,-0.019672961822814194,344.28999786376954,343.4631941712611
hold,343.75,343.70001220703125,343.75,343.70001220703125,596,343.75,343.880810460412,344.17196366771714,29.591241440257008,344.1925158855463,bad,,,-0.028521313772689183,344.22749786376954,343.4366260171152
hold,343.75,343.75,343.75,343.70001220703125,376,343.75,343.8546483683296,344.1336033342883,29.591241440257008,344.1776730878245,neutral,,,-0.035123300089356935,344.16499786376954,343.432807854472
hold,343.75,343.70001220703125,343.75,343.70001220703125,1556,343.75,343.8337186946637,344.09873030389844,29.591241440257008,344.1462850230771,neutral,,,-0.043524744946221716,344.10249786376954,343.45792347582045
hold,343.5,343.3500061035156,343.6000061035156,343.25,13827,343.5,343.7669749557309,344.0443002762713,24.177091919106843,343.93466287697805,bad,,,-0.03296961824569289,344.0349975585938,343.4365846591035
hold,343.3999938964844,343.5,343.5,343.29998779296875,2727,343.3999938964844,343.69357874388163,343.98572696901795,22.4106751406206,343.86696255766094,bad,,,-0.00414926930704107,343.98499755859376,343.35088442742546
hold,343.3500061035156,343.6000061035156,343.75,343.3500061035156,3350,343.3500061035156,343.62486421580843,343.9279341630632,21.562641235463275,343.8205126504754,good,,,-0.010260408432249957,343.929997253418,343.2762431453662
hold,343.6000061035156,343.45001220703125,343.6499938964844,343.3500061035156,813,343.6000061035156,343.6198925933499,343.8981225212861,34.84224502541436,343.780315200004,good,,,-0.012501804370756986,343.89499816894534,343.2493241629096
hold,343.6000061035156,343.54998779296875,343.6000061035156,343.3999938964844,968,343.6000061035156,343.61591529538305,343.8710210287615,34.84224502541436,343.76158879072875,bad,,,-0.01766577187045648,343.8574981689453,343.2351899320569
hold,343.75,343.54998779296875,343.75,343.54998779296875,1049,343.75,343.6427322363065,343.8600191170559,41.70921298078003,343.75600749199305,bad,,,-0.02421386090566413,343.8249984741211,343.25360240357975
hold,343.6499938964844,343.6000061035156,343.79998779296875,343.6000061035156,1315,343.6499938964844,343.64418456834204,343.8409259151858,38.77502083011476,343.73321121661354,good,,,-0.020808512957692926,343.79249877929686,343.2602667823159
hold,343.45001220703125,343.70001220703125,343.70001220703125,343.45001220703125,6084,343.45001220703125,343.6053500960799,343.8053883053535,33.67356569025824,343.69070519944654,bad,,,-0.022286549437910974,343.75,343.2520073250736
hold,343.6000061035156,343.5,343.6000061035156,343.5,229,343.6000061035156,343.60428129756707,343.78671719609554,40.044977021432246,343.68638789241845,bad,,,-0.02917722653535959,343.71500091552736,343.2824511727945
hold,343.95001220703125,343.6000061035156,343.95001220703125,343.6000061035156,731,343.95001220703125,343.6734274794599,343.8015621970897,51.70366938885032,343.6826151327833,neutral,,,-0.016603649771496087,343.70250091552737,343.314592226803
hold,344.0,343.95001220703125,344.04998779296875,343.8999938964844,2063,344.0,343.73874198356793,343.81960199735425,53.10620117674272,343.66789390452595,bad,,,-0.003177920550712088,343.7000015258789,343.3205283673459
hold,343.6499938964844,344.0,344.0,343.5,2523,343.6499938964844,343.7209923661512,343.8041830790934,43.566269042996055,343.6535341545777,bad,,,-0.012506161981262753,343.6825012207031,343.32855889344256
hold,344.04998779296875,343.45001220703125,344.04998779296875,343.45001220703125,4549,344.04998779296875,343.7867914515147,343.826528962173,53.78400713582366,343.6623693625431,neutral,,,0.011194516525447895,343.69250030517577,343.31004384586134
hold,343.95001220703125,344.1000061035156,344.1000061035156,343.70001220703125,539,343.95001220703125,343.81943560261806,343.83775471170554,51.28464803196284,343.61669611455085,good,,,-0.0029035025939094794,343.6900009155273,343.3150352918591
hold,343.79998779296875,343.70001220703125,343.8999938964844,343.6000061035156,1725,343.79998779296875,343.8155460406882,343.8343213554567,47.70230221562807,343.61807820348537,good,,,0.0013734600415427067,343.69250030517577,343.31530847632365
hold,343.75,343.79998779296875,343.8999938964844,343.6499938964844,637,343.75,343.8024368325506,343.8266557776879,46.535882664439605,343.6192829613633,good,,,0.0015302595615107606,343.69750061035154,343.32004392731307
hold,343.8999938964844,343.95001220703125,343.95001220703125,343.75,162,343.8999938964844,343.8219482453373,343.8333228793967,50.45099892023189,343.61868558545774,bad,,,0.006342270225534463,343.7100006103516,343.3232217637432
hold,343.8999938964844,343.8999938964844,343.8999938964844,343.75,164,343.8999938964844,343.83755737556675,343.8393838809501,50.45099892023189,343.6179776993216,bad,,,0.004659701024833929,343.7175003051758,343.3221872722329
hold,343.8999938964844,343.8999938964844,343.8999938964844,343.79998779296875,2627,343.8999938964844,343.8500446797503,343.84489388236227,50.45099892023189,343.6324874638981,bad,,,0.00444498540104199,343.725,343.3218908975653
hold,343.8999938964844,343.8999938964844,343.8999938964844,343.70001220703125,714,343.8999938964844,343.8600345230971,343.8499029745552,50.45099892023189,343.63266162593527,bad,,,0.004242528645415078,343.73249969482424,343.3222905536082
hold,343.79998779296875,343.8999938964844,343.8999938964844,343.79998779296875,2269,343.79998779296875,343.84802517707146,343.8453652307745,47.34200037686844,343.69549082665054,bad,,,0.0004698079596243687,343.7474990844727,343.35067252306646
hold,344.25,344.1000061035156,344.25,344.1000061035156,3346,344.25,343.9284201416572,343.88215020979504,59.45110956701998,343.7697080735644,bad,,,0.01915086939909827,343.7899993896484,343.3697665030691
hold,344.20001220703125,344.29998779296875,344.29998779296875,343.95001220703125,1214,344.20001220703125,343.982738554732,343.9110467549983,57.859463174004006,343.826894717427,bad,,,0.00801095748976799,343.8324996948242,343.4271925780376
hold,344.3999938964844,344.04998779296875,344.3999938964844,344.04998779296875,3130,344.3999938964844,344.0661896230825,343.95549649513345,62.21747637442344,343.8817884649591,bad,,,0.02746780567366436,343.8724990844727,343.4126367855042
hold,344.70001220703125,344.29998779296875,344.70001220703125,344.29998779296875,6497,344.70001220703125,344.19295413987226,344.0231797416696,67.6265156410501,344.0162404335428,good,,,0.047084908679706494,343.92749938964846,343.3605088179437
hold,344.79998779296875,344.8999938964844,344.8999938964844,344.54998779296875,3067,344.79998779296875,344.3143608704916,344.09379865542405,69.20846089358594,344.07779921216263,bad,,,0.0467590419567232,343.97999877929686,343.3044252741409
hold,344.79998779296875,344.75,344.8500061035156,344.54998779296875,1176,344.79998779296875,344.41148625498704,344.1579976679281,69.20846089358594,344.1102960533252,bad,,,0.036991536557606786,344.0374984741211,343.29193127176995
hold,344.70001220703125,344.70001220703125,344.70001220703125,344.54998779296875,987,344.70001220703125,344.4691914453959,344.20727171693744,65.49661265908792,344.2302266060008,bad,,,0.018735657595669863,344.0999984741211,343.352333897137
hold,344.70001220703125,344.54998779296875,344.70001220703125,344.5,975,344.70001220703125,344.515355597723,344.25206630694595,65.49661265908792,344.2456342401248,bad,,,0.01786150199634129,344.1549987792969,343.4007395352683
hold,344.70001220703125,344.75,344.75,344.5,1597,344.70001220703125,344.5522869195847,344.2927886614992,65.49661265908792,344.2692007504558,bad,,,0.019426783179876672,344.1924987792969,343.40873476154485
hold,344.25,344.70001220703125,344.70001220703125,344.1000061035156,1290,344.25,344.49182953566776,344.2888987831811,50.32318961376912,344.2827404100481,bad,,,0.002255520838168046,344.2049987792969,343.4259537500507
hold,344.1000061035156,344.0,344.1000061035156,343.95001220703125,1296,344.1000061035156,344.41346484923736,344.2717267213933,46.45973815226774,344.3185560048021,bad,,,-0.00521041149498247,344.2274993896484,343.48893005902823
hold,344.1499938964844,344.20001220703125,344.20001220703125,344.0,472,344.1499938964844,344.3607706586868,344.260660100947,47.89542015809774,344.3522638161733,bad,,,0.00042644868836205774,344.23249969482424,343.4974595661045
hold,344.0,344.1499938964844,344.20001220703125,344.0,4289,344.0,344.28861652694945,344.2369637281336,44.07618765366516,344.3178787949096,bad,,,-0.00029809790857981966,344.23499908447263,343.5034866864228
hold,343.95001220703125,344.0,344.1000061035156,343.79998779296875,1290,343.95001220703125,344.22089566296586,344.2108772262152,42.84985984993182,344.3291375405744,neutral,,,-0.002195651207348437,344.2425003051758,343.5260633892034
sell,343.6499938964844,343.8999938964844,343.95001220703125,343.6499938964844,1729,343.6499938964844,344.10671530966954,344.1598878326033,36.31855959538646,344.3081057381329,good,,,0.002875687981274133,344.2375,343.50614283615386
hold,343.54998779296875,343.54998779296875,343.54998779296875,343.3999938964844,1588,343.54998779296875,343.99536980632945,344.1044423744547,34.43444727863148,344.2794586303812,neutral,,,0.008471492877593079,344.2199996948242,343.4419182136377
hold,343.6499938964844,343.54998779296875,343.6499938964844,343.54998779296875,1273,343.6499938964844,343.9262946243604,344.0631288764574,37.90364433291014,344.2613555492591,bad,,,0.004406284885982714,344.2074996948242,343.40171661532986
hold,343.54998779296875,343.54998779296875,343.70001220703125,343.54998779296875,2178,343.54998779296875,343.8510332580821,344.0164796870493,35.86025421116284,344.24649407090857,bad,,,0.006566755598624852,344.18999938964845,343.3440598259158
hold,343.70001220703125,343.79998779296875,343.8500061035156,343.5,1275,343.70001220703125,343.82082904787194,343.9877099161386,40.99892028494708,344.2355173927146,bad,,,0.0023220680253288606,344.1800003051758,343.3160496877561
hold,343.79998779296875,343.70001220703125,343.79998779296875,343.6000061035156,902,343.79998779296875,343.8166607968913,343.97064426857776,44.20682137630411,344.25056298071723,bad,,,0.0,344.1800003051758,343.3160496877561
hold,343.25,343.70001220703125,343.75,343.25,6873,343.25,343.7033286375131,343.90513115325246,33.43655750761366,344.09104315072534,bad,,,0.011347901700409224,344.13000030517577,343.1768944393822
hold,342.8999938964844,343.0,343.0,342.6499938964844,14531,342.8999938964844,343.5426616893073,343.81375503900085,28.65240149503508,343.781915699733,good,,,0.021499285233606003,344.06499938964845,342.97270220703894
hold,342.8999938964844,342.8999938964844,343.1499938964844,342.75,3636,342.8999938964844,343.4141281307428,343.7306858442266,28.652401495035065,343.69159310469,bad,,,0.007005325855646838,343.98999938964846,342.7985228136995
hold,342.8999938964844,343.0,343.0,342.75,1369,342.8999938964844,343.3113012838911,343.6551683944318,28.652401495035065,343.5441716727601,bad,,,-0.013606656839437736,343.8999984741211,342.6654886415527
hold,342.8500061035156,342.8500061035156,343.0,342.8500061035156,1514,342.8500061035156,343.21904224781605,343.5819718225304,27.939315459200174,343.44658897545685,bad,,,-0.025854685558068802,343.80249938964846,342.5597239144825
hold,342.95001220703125,342.95001220703125,342.95001220703125,342.75,2504,342.95001220703125,343.16523623965907,343.52452094839407,31.60658170637663,343.39161253197386,bad,,,-0.037203913967631674,343.7100006103516,342.50309670309883
hold,342.8999938964844,342.75,342.8999938964844,342.6499938964844,8324,342.8999938964844,343.11218777102414,343.4677457618568,30.76331607351814,343.30021750606613,neutral,,,-0.037970226897721115,343.61999969482423,342.45406060329805
hold,343.3500061035156,342.75,343.3999938964844,342.75,2162,343.3500061035156,343.15975143752246,343.4570421565531,44.98492002896863,343.27929696945966,good,,,-0.05045639486414011,343.55249938964846,342.4930265476566
hold,343.29998779296875,343.3500061035156,343.6499938964844,343.04998779296875,4927,343.29998779296875,343.1877987086117,343.44276448713634,43.90542677832296,343.24512998407647,good,,,-0.05986019534073295,343.4824981689453,342.5593095059957
hold,343.5,343.29998779296875,343.6000061035156,343.29998779296875,659,343.5,343.2502389668894,343.4479677155785,49.15926796272391,343.2271604823955,good,,,-0.031048043596026975,343.4449981689453,342.5912407337904
hold,343.3999938964844,343.29998779296875,343.45001220703125,343.1000061035156,2357,343.3999938964844,343.2801899528084,343.4436064592972,46.79907221562926,343.21582427416456,good,,,-0.026033722924811986,343.4099975585938,342.6108732971549
hold,343.04998779296875,343.25,343.45001220703125,342.8500061035156,5588,343.04998779296875,343.2341495208405,343.4078229441764,39.62807732856716,343.1959944644172,good,,,-0.03407979658460736,343.354997253418,342.6181784553453
hold,343.29998779296875,343.04998779296875,343.3500061035156,342.95001220703125,1113,343.29998779296875,343.2473171752662,343.3980197486121,45.993631510493,343.1453403549899,neutral,,,-0.028185835962302175,343.3199966430664,342.64516238947414
hold,343.25,343.29998779296875,343.3500061035156,343.04998779296875,2864,343.25,343.2478537402129,343.38456340782915,44.972557011010615,343.1343810956332,bad,,,-0.029022893997254773,343.28499603271484,342.67499842389816
hold,343.5,343.25,343.6000061035156,343.25,3339,343.5,343.2982829921704,343.39505764348104,50.84946278178196,343.1391553212916,bad,,,-0.0064325328814951455,343.2774963378906,342.68212019279355
hold,343.25,343.54998779296875,343.54998779296875,343.1000061035156,2531,343.25,343.2886263937363,343.3818705849827,45.60429023795236,343.133836966006,bad,,,-0.008214351023683175,343.2624969482422,342.68036833831763
hold,343.1499938964844,343.25,343.3500061035156,343.0,2235,343.1499938964844,343.260899894286,343.3607908860283,43.66399396435644,343.12507640911656,neutral,,,-0.014938135341258096,343.2374969482422,342.6817323138472
hold,342.95001220703125,343.0,343.1499938964844,342.8999938964844,2313,342.95001220703125,343.198722356835,343.32344736975585,39.99910336768765,343.1063428773286,bad,,,-0.010462362181040685,343.20749816894534,342.65770365143425
hold,342.6499938964844,342.6499938964844,342.8500061035156,342.6000061035156,6209,342.6499938964844,343.08897666476486,343.26222432673114,35.222686287579606,343.0590696815757,bad,,,-0.014580289989363227,343.15499725341795,342.6028226305127
hold,342.20001220703125,342.6000061035156,342.70001220703125,342.20001220703125,24246,342.20001220703125,342.91118377321817,343.1656595885766,29.52747257619434,342.84257104455554,bad,,,-0.004932826539560953,343.0749984741211,342.45977955051177
hold,342.6499938964844,342.3999938964844,342.70001220703125,342.20001220703125,6695,342.6499938964844,342.8589457978714,343.11878088929546,39.97891179517345,342.8013106706794,neutral,,,-0.0025911962591607107,343.0449981689453,342.40868462821646
hold,342.79998779296875,342.45001220703125,342.8999938964844,342.45001220703125,2003,342.79998779296875,342.84715419689087,343.0897996987203,43.01278292768454,342.7847192760493,good,,,0.0002974455260984499,343.03999786376954,342.3976617531792
hold,342.54998779296875,342.75,342.79998779296875,342.54998779296875,2762,342.54998779296875,342.7877209161064,343.0407258891065,39.43490764828956,342.7722654543146,neutral,,,0.004379197686277259,343.0224975585937,342.34761061401
hold,343.25,342.5,343.25,342.5,8329,343.25,342.8801767328852,343.05975080827864,51.58004263251888,342.813314624456,bad,,,0.006407656666973516,343.03999786376954,342.36058827598936
hold,343.1499938964844,343.0,343.20001220703125,343.0,1296,343.1499938964844,342.934140165605,343.06795472538823,50.03631438456048,342.81743318287573,bad,,,0.0031397497620488934,343.054997253418,342.3797951260087
hold,342.95001220703125,343.20001220703125,343.20001220703125,342.8999938964844,2506,342.95001220703125,342.93731457389026,343.0572326782649,47.00663463532296,342.8174360507514,bad,,,0.0,343.054997253418,342.3797951260087
hold,343.0,342.79998779296875,343.1499938964844,342.70001220703125,1973,343.0,342.94985165911226,343.0520297075135,47.85653826566506,342.81363830102123,bad,,,0.0005260872105949943,343.0599975585937,342.3879874157423
hold,342.79998779296875,342.79998779296875,343.0,342.79998779296875,940,342.79998779296875,342.9198788858836,343.0291168061912,44.76307262539034,342.7998259823953,bad,,,-0.009374650009830177,343.0324966430664,342.36520925738137
hold,342.6000061035156,342.8999938964844,342.8999938964844,342.6000061035156,3590,342.6000061035156,342.85590432941,342.99010674231164,41.8502095683932,342.76174427360667,bad,,,-0.006255073821237467,342.9974975585937,342.3167097636505
hold,342.54998779296875,342.6000061035156,342.70001220703125,342.45001220703125,13023,342.54998779296875,342.79472102212173,342.95009592873504,41.12930950244768,342.72791935940364,bad,,,-0.018027505183881853,342.9499969482422,342.28366516365537
hold,342.1000061035156,342.3999938964844,342.5,341.54998779296875,26601,342.1000061035156,342.6557780384005,342.8728150355333,35.24697421025334,342.57572387849734,good,,,-0.0007473377819589011,342.88499755859374,342.15623435900807
hold,342.1499938964844,342.1499938964844,342.45001220703125,341.8999938964844,2350,342.1499938964844,342.55462121001733,342.8071040228924,36.336266093800376,342.5444998393263,bad,,,0.005001082033007087,342.83999786376955,342.04905056330745
hold,342.1000061035156,342.1499938964844,342.45001220703125,341.95001220703125,1584,342.1000061035156,342.463698188717,342.74282239385815,35.689701674134184,342.5313390136107,bad,,,-0.007943842197200013,342.7799987792969,341.9563498943867
hold,341.95001220703125,342.0,342.0,341.75,5739,341.95001220703125,342.36096099237983,342.67074874051025,33.74913546482411,342.4864836985707,good,,,-0.005729663968456755,342.7149993896484,341.8460384494843
hold,341.8500061035156,341.8999938964844,342.0,341.70001220703125,5938,341.8500061035156,342.25877001460697,342.59613577351075,32.48103683395702,342.42817863610344,good,,,-0.02415009743690355,342.6324996948242,341.7640149210331
hold,341.95001220703125,341.79998779296875,342.0,341.79998779296875,1720,341.95001220703125,342.1970184530918,342.5373972674672,35.10690868698566,342.404397984168,bad,,,-0.018923153002092796,342.56750030517577,341.6990173585909
hold,341.54998779296875,342.0,342.0,341.45001220703125,10760,341.54998779296875,342.0676123210672,342.44763276978546,30.06938616684772,342.32122973461924,good,,,-0.004917473242571635,342.4875,341.55590512082114
hold,341.5,341.70001220703125,341.8500061035156,341.20001220703125,21393,341.5,341.9540898568538,342.3614843361686,29.499740555900388,342.19411946532745,bad,,,-0.0013248795858511464,342.4149993896484,341.4154537895999
hold,341.75,341.5,342.0,341.5,1020,341.75,341.9132718854831,342.3058948510624,36.027092256963854,342.17139106735914,bad,,,-0.003178334406450656,342.36999969482423,341.3363692625917
hold,341.70001220703125,341.95001220703125,341.95001220703125,341.6000061035156,3228,341.70001220703125,341.87061994979274,342.2508146106959,35.32286813721687,342.1534440514529,neutral,,,0.003989041571905716,342.3449996948242,341.2726707490264
hold,341.25,341.70001220703125,341.70001220703125,341.25,2866,341.25,341.7464959598342,342.15983146426896,29.695369123752712,342.10400731489364,bad,,,0.0058842193087604855,342.275,341.1124639306165
hold,341.70001220703125,341.25,341.70001220703125,341.25,13309,341.70001220703125,341.7371992092736,342.118029713611,39.99115331802747,342.05229284967163,bad,,,-0.01615194826549704,342.2200012207031,341.057938225173
hold,341.95001220703125,341.6000061035156,342.0,341.54998779296875,6356,341.95001220703125,341.7797618088251,342.10275539483104,44.82525959919233,342.03724145102,bad,,,-0.010092150943263878,342.19000244140625,341.03259530281207
hold,341.29998779296875,341.8500061035156,341.8500061035156,341.29998779296875,9426,341.29998779296875,341.6838070056539,342.0297765219345,36.57512434028786,341.9115175874087,bad,,,-0.041788523303654124,342.0925018310547,340.98107389437376
hold,341.29998779296875,341.29998779296875,341.3500061035156,341.20001220703125,5167,341.29998779296875,341.6070431631168,341.9634320920285,36.57512434028787,341.8773583365399,bad,,,-0.04478036284539799,342.00000152587893,340.9497612490719
hold,340.1000061035156,341.29998779296875,341.6000061035156,340.1000061035156,56489,340.1000061035156,341.30563575119663,341.7940297294364,26.23657314910075,341.3445219525114,bad,,,0.016781239072183318,341.8575012207031,340.6071925575057
hold,340.5,340.0,340.54998779296875,340.0,5611,340.5,341.1445086009573,341.6763906631239,33.03182792929047,341.3039107665582,bad,,,-0.031223898803833805,341.7325012207031,340.4643241928519
hold,339.70001220703125,340.5,340.5,339.70001220703125,35035,339.70001220703125,340.85560932217214,341.4967198943882,27.562878476158872,341.05478597065047,neutral,,,0.008621065437508513,341.57750244140624,340.1247563213352
hold,339.25,339.70001220703125,339.70001220703125,339.1499938964844,10197,339.25,340.5344874577377,341.29247263126194,25.0503514444745,340.9540730427086,neutral,,,0.021755286909264093,341.41000213623045,339.7151284962235
hold,339.25,339.29998779296875,339.3999938964844,339.25,7371,339.25,340.2775899661902,341.10679330114726,25.0503514444745,340.8104465773811,neutral,,,-0.0017439699220411775,341.24500274658203,339.3911133627613
hold,339.25,339.45001220703125,339.5,339.1499938964844,6818,339.25,340.0720719729522,340.93799391013386,25.0503514444745,340.59882904008043,neutral,,,0.001451542910957393,341.1025024414063,339.10113252476344
hold,339.04998779296875,339.25,339.5,339.04998779296875,11498,339.04998779296875,339.86765513695553,340.7663569903916,23.84379456148605,340.50198302237663,bad,,,-0.007987113129248602,340.94750213623047,338.8185360088479
hold,339.25,339.1000061035156,339.25,338.95001220703125,14746,339.25,339.74412410956444,340.62850635490145,27.5992427135396,340.41253192279083,bad,,,-0.026024460283424755,340.8050018310547,338.6228191977214
hold,339.70001220703125,338.95001220703125,339.75,338.95001220703125,9637,339.70001220703125,339.7353017290578,340.54409779600417,35.32665800996601,340.3467685602491,bad,,,-0.037401733699504724,340.6925018310547,338.5261023510782
hold,339.79998779296875,339.70001220703125,339.8500061035156,339.70001220703125,8868,339.79998779296875,339.74823894184,340.4764514320919,36.93700723451975,340.2897324491332,bad,,,-0.04012131664952179,340.59000091552736,338.4586600254796
hold,339.6000061035156,339.8500061035156,339.8500061035156,339.5,7372,339.6000061035156,339.7185923741751,340.39677458403946,35.05662628755839,340.2576070286544,bad,,,-0.05017171209107385,340.4725006103516,338.39560858001335
hold,335.8999938964844,339.6499938964844,339.6499938964844,335.8999938964844,176761,335.8999938964844,338.954872678637,339.9879763397162,17.4035663025126,338.3596815555308,bad,,,0.13401040161697964,340.1900009155273,337.37155737355056
hold,334.3500061035156,336.25,336.25,333.25,261985,334.3500061035156,338.0338993636127,339.47543359097074,14.181818111297815,336.6501005842589,bad,,,0.16142653420363473,339.83250122070314,336.1028513399886
hold,331.1000061035156,334.20001220703125,335.1499938964844,331.1000061035156,141721,331.1000061035156,336.6471207115933,338.7140310921112,10.00116794270386,335.6534917673258,neutral,,,0.2800147936766084,339.3000015258789,334.0758271017826
hold,327.3500061035156,331.25,332.25,322.79998779296875,444542,327.3500061035156,334.78769778997776,337.6809379113297,7.319857347164387,332.65070704361733,bad,,,0.3813240528431461,338.58250122070314,331.32707294067416
hold,328.5,327.3500061035156,331.20001220703125,327.20001220703125,305669,328.5,333.5301582319822,336.8463071921179,14.858396270250466,331.8100684507553,good,,,0.13564768779967817,337.94500122070315,329.58295178577214
hold,330.25,329.25,333.8500061035156,329.25,262641,330.25,332.8741265855858,336.2466429019253,24.872795759906367,331.5072773709878,bad,,,-0.035648437555291235,337.37250061035155,328.5614036177715
hold,329.0,329.70001220703125,330.29998779296875,328.54998779296875,111296,329.0,332.0993012684687,335.5878571835685,22.809090366008405,331.3247885499511,bad,,,-0.05674649277309651,336.725,327.4628494472638
hold,330.20001220703125,328.8500061035156,330.29998779296875,328.79998779296875,80871,330.20001220703125,331.71944345618124,335.0980530947924,28.90737873928559,331.23061327806323,bad,,,-0.11251884818488378,336.1700012207031,326.7421526453396
hold,329.95001220703125,330.0,331.8500061035156,329.1499938964844,101255,329.95001220703125,331.36555720635124,334.6300493777232,28.40392544078827,331.14242786808563,bad,,,-0.1460669365655365,335.6025024414063,326.1119592787794
hold,328.25,329.6000061035156,329.95001220703125,328.1000061035156,154489,328.25,330.742445765081,334.05004488883924,25.19105279697699,330.7009617678366,neutral,,,-0.0910148195395144,335.01000213623047,325.24104448112774
hold,326.1000061035156,329.0,329.0,326.0,135331,326.1000061035156,329.8139578327679,333.32731409017345,21.8282329815706,330.40480624750865,good,,,-0.09565480501598778,334.2900024414063,324.1308427332039
hold,325.8500061035156,326.25,327.1499938964844,325.70001220703125,73992,325.8500061035156,329.0211674869175,332.6475588186591,21.469341241096515,330.1200364895109,neutral,,,-0.10993708079707343,333.59750213623045,323.1245194765495
hold,326.6499938964844,325.79998779296875,326.8500061035156,325.0,130302,326.6499938964844,328.54693276883086,332.10232564391595,25.680262173640727,329.89722694137134,bad,,,-0.15993713716093705,332.9675018310547,322.4148153493963
hold,326.04998779296875,326.8500061035156,327.1000061035156,325.70001220703125,104395,326.04998779296875,328.0475437736585,331.5521131120117,24.614204637370364,329.71226748234034,neutral,,,-0.19303853334660115,332.3075012207031,321.7579404619615
hold,326.25,326.1499938964844,326.29998779296875,325.6000061035156,77197,326.25,327.6880350189268,331.0701028291016,25.721164302001924,329.5851700333011,neutral,,,-0.24525712591644266,331.6575012207031,321.29882183817386
hold,326.25,326.25,326.8500061035156,326.0,78862,326.25,327.4004280151415,330.6319116628196,25.721164302001924,329.4465219789258,neutral,,,-0.28349735626513883,331.0175018310547,320.9884298888862
hold,323.70001220703125,326.5,326.6499938964844,323.70001220703125,195146,323.70001220703125,326.66034485351946,330.00173898502067,21.132866041316333,329.0042355904688,neutral,,,-0.3059545241990813,330.24000244140626,320.47687853167446
hold,322.25,323.6499938964844,324.0,322.0,157694,322.25,325.7782758828156,329.29703544092786,19.05167294965445,328.6161868610663,neutral,,,-0.3825172729973625,329.3675018310547,320.0324479979955
hold,323.45001220703125,322.20001220703125,323.5,322.0,170764,323.45001220703125,325.3126231476587,328.76548787420995,25.58332340482116,328.3068279619492,neutral,,,-0.5324851673097819,328.5500030517578,320.2009913096123
