action,close,open,high,low,volume,price,time,sma_5,sma_10,sma_20,sma_50,ema_5,ema_9,ema_12,ema_21,ema_26,rsi_7,rsi_14,rsi_21,roc_5,roc_10,roc_14,bb_20,20,2.0,atr_7,atr_14,atr_21,vwap,vwma_5,vwma_10,vwma_20,volume_avg_5,volume_avg_10,volume_avg_20,mfi_14,macd_12_26_9,12,26,stoch_14_3_3,14,cci_14,adx_14,typical_price
hold,255.2100067138672,255.0399932861328,255.77000427246094,254.9499969482422,1213211,255.2100067138672,2025-10-01 13:30:00+00:00,0.0,0.0,0.0,0.0,0.0,0.0,0.0,0.0,0.0,50.0,50.0,50.0,0.0,0.0,0.0,0.0,0.0,0.0,0.0,0.0,0.0,255.2100067138672,255.2100067138672,255.2100067138672,255.2100067138672,0.0,0.0,0.0,50.0,0.0,0.0,0.0,0.0,0.0,0.0,0.0,255.31000264485678
hold,256.05999755859375,255.1699981689453,256.30999755859375,255.0500030517578,365479,256.05999755859375,2025-10-01 13:31:00+00:00,0.0,0.0,0.0,0.0,0.0,0.0,0.0,0.0,0.0,50.0,50.0,50.0,0.0,0.0,0.0,0.0,0.0,0.0,0.0,0.0,0.0,255.406786198085,255.406786198085,255.406786198085,255.406786198085,0.0,0.0,0.0,99.99999893038937,0.0,0.0,0.0,0.0,0.0,0.0,0.0,255.8066660563151
hold,255.94000244140625,256.05999755859375,256.5599060058594,255.8300018310547,301178,255.94000244140625,2025-10-01 13:32:00+00:00,0.0,0.0,0.0,0.0,0.0,0.0,0.0,0.0,0.0,50.0,50.0,50.0,0.0,0.0,0.0,0.0,0.0,0.0,0.0,0.0,0.0,255.49221400563906,255.49221400563906,255.49221400563906,255.49221400563906,0.0,0.0,0.0,99.9999994139251,0.0,0.0,0.0,61.49449799539367,20.498165998464557,0.0,0.0,256.10997009277344
hold,256.2950134277344,255.9149932861328,256.5,255.85499572753906,176949,256.2950134277344,2025-10-01 13:33:00+00:00,0.0,0.0,0.0,0.0,0.0,0.0,0.0,0.0,0.0,50.0,50.0,50.0,0.0,0.0,0.0,0.0,0.0,0.0,0.0,0.0,0.0,255.561279243305,255.561279243305,255.561279243305,255.561279243305,0.0,0.0,0.0,99.99999953695973,0.0,0.0,0.0,82.45631764575101,47.983605213714895,0.0,0.0,256.2166697184245
hold,256.5174865722656,256.2950134277344,256.79998779296875,256.2950134277344,216541,256.5174865722656,2025-10-01 13:34:00+00:00,256.00450134277344,0.0,0.0,0.0,256.00450134277344,0.0,0.0,0.0,0.0,50.0,50.0,50.0,0.0,0.0,0.0,0.0,0.0,0.0,0.0,0.0,0.0,255.6523595268417,255.6523595268417,255.6523595268417,255.6523595268417,454671.6,0.0,0.0,99.99999963169599,0.0,0.0,0.0,70.87574132045494,71.60885232053322,0.0,0.0,256.53749593098956
hold,257.4231872558594,256.489990234375,257.4287109375,256.4100036621094,401003,257.4231872558594,2025-10-01 13:35:00+00:00,256.4471374511719,0.0,0.0,0.0,256.47739664713544,0.0,0.0,0.0,0.0,50.0,50.0,50.0,0.8671997507031651,0.0,0.0,0.0,0.0,0.0,0.0,0.0,0.0,255.91788360224487,256.50564257813755,255.91788360224487,255.91788360224487,292230.0,0.0,0.0,99.999999733054,0.0,0.0,0.0,99.64900373297135,84.32702089972577,0.0,0.0,257.08730061848956
hold,258.42498779296875,257.42999267578125,258.5221862792969,257.3999938964844,595172,258.42498779296875,2025-10-01 13:36:00+00:00,256.9201354980469,0.0,0.0,0.0,257.1265936957466,0.0,0.0,0.0,0.0,50.0,50.0,50.0,0.923607848521448,0.0,0.0,0.0,0.0,0.0,0.8715406145368304,0.0,0.0,256.37426627689644,257.27757375465677,256.37426627689644,256.37426627689644,338168.6,0.0,0.0,99.99999981068883,0.0,0.0,0.0,95.6357906275692,88.72017856033182,0.0,0.0,258.11572265625
hold,258.5299987792969,258.41668701171875,258.7900085449219,258.239990234375,439154,258.5299987792969,2025-10-01 13:37:00+00:00,257.438134765625,0.0,0.0,0.0,257.59439539026334,0.0,0.0,0.0,0.0,96.62933388196667,50.0,50.0,1.0119544866705887,0.0,0.0,0.0,0.0,0.0,0.8256088568239797,0.0,0.0,256.6295314290538,257.7985955245821,256.6295314290538,256.6295314290538,365763.8,0.0,0.0,99.99999984417875,0.0,0.0,0.0,89.07524234497615,94.7866789018389,0.0,0.0,258.51999918619794
hold,258.43499755859375,258.5299987792969,258.7699890136719,258.4100036621094,295172,258.43499755859375,2025-10-01 13:38:00+00:00,257.8661315917969,0.0,0.0,0.0,257.8745961130402,256.9817420111762,0.0,0.0,0.0,93.7117575985989,50.0,50.0,0.8349690859134763,0.0,0.0,0.0,0.0,0.0,0.7590912132151969,0.0,0.0,256.76263378065727,258.03172116318586,256.76263378065727,256.76263378065727,389408.4,0.0,0.0,99.99999986073863,0.0,0.0,0.0,74.45991042416792,86.39031446557108,0.0,0.0,258.538330078125
hold,258.04998779296875,258.44500732421875,258.635009765625,257.8999938964844,269885,258.04998779296875,2025-10-01 13:39:00+00:00,258.1726318359375,257.0885665893555,0.0,0.0,257.9330600063497,257.19539116753475,0.0,0.0,0.0,82.00485161432172,50.0,50.0,0.5974256340888447,0.0,0.0,0.0,0.0,0.0,0.755651878347401,0.0,0.0,256.8439296040881,258.198100932856,256.8439296040881,256.8439296040881,400077.2,427374.4,0.0,91.15425934911116,0.0,0.0,0.0,16.852969414346454,60.12937406116351,0.0,0.0,258.1949971516927
hold,258.0899963378906,258.0400085449219,258.44000244140625,258.010009765625,185042,258.0899963378906,2025-10-01 13:40:00+00:00,258.3059936523438,257.37656555175784,0.0,0.0,257.98537211686335,257.37431220160596,0.0,0.0,0.0,82.27332615161261,50.0,50.0,0.2590322531312969,1.1284783308878574,0.0,0.0,0.0,0.0,0.7091291351236652,0.0,0.0,256.89564203894287,258.36103230781157,257.5257403476772,256.89564203894287,356885.0,324557.5,0.0,85.94222646398931,0.0,0.0,0.0,21.839483653711238,37.71745449740853,0.0,0.0,258.1800028483073
hold,257.79998779296875,258.0799865722656,258.0799865722656,257.6708984375,199437,257.79998779296875,2025-10-01 13:41:00+00:00,258.1809936523438,257.5505645751953,0.0,0.0,257.92357734223185,257.45944731987856,257.2313041687012,0.0,0.0,73.05593531451179,50.0,50.0,-0.24184967767153553,0.6795244282453143,0.0,0.0,0.0,0.0,0.6676961015903737,0.0,0.0,256.9343606670862,258.25304740915266,257.71745555142985,256.9343606670862,277738.0,307953.3,0.0,80.95937684290979,0.0,0.0,0.0,13.389465687515827,17.36063958519117,0.0,0.0,257.8502909342448
hold,258.125,257.80999755859375,258.1481018066406,257.6202087402344,124544,258.125,2025-10-01 13:42:00+00:00,258.09999389648436,257.76906433105466,0.0,0.0,257.9907182281546,257.5925578559029,257.36879583505487,0.0,0.0,76.49848678484692,50.0,50.0,-0.15665446223229834,0.853714752579161,0.0,0.0,0.0,0.0,0.6477242394212132,0.0,0.0,256.9653651013558,258.12496399029203,257.9193526854925,256.9653651013558,214816.0,290289.9,0.0,81.62496952366914,0.0,0.0,0.0,61.57540110933254,32.2681168168532,0.0,0.0,257.9644368489583
hold,257.573486328125,258.1600036621094,258.2300109863281,257.4901123046875,160581,257.573486328125,2025-10-01 13:43:00+00:00,257.9276916503906,257.89691162109375,0.0,0.0,257.8516409281448,257.5887435503473,257.4002866801426,0.0,0.0,61.05509637315674,50.0,50.0,-0.33335702927519467,0.49882862849811416,0.0,0.0,0.0,0.0,0.6608920168811291,0.7044775826590401,0.0,256.98511946918825,257.9332958995627,257.99968635999267,256.98511946918825,187897.8,288653.1,0.0,78.10731049558576,0.0,0.0,0.0,11.268302742833574,28.744389846560647,32.227543444856195,0.0,257.76453653971356
hold,257.6700134277344,257.6000061035156,257.67999267578125,257.3599853515625,92281,257.6700134277344,2025-10-01 13:44:00+00:00,257.85169677734376,258.0121643066406,0.0,0.0,257.791098428008,257.60499752582473,257.441783102849,0.0,0.0,62.59692763571957,73.02056470843578,50.0,-0.14724835621353533,0.44929757844951523,0.96391467777565,0.0,0.0,0.0,0.6121942036436464,0.6770154213418766,0.0,256.9976705724146,257.86007046339495,258.10486593012627,256.9976705724146,152377.0,276227.1,0.0,76.22107455393888,0.0,0.0,0.0,35.634361078957525,36.15935497704121,9.154110301994422,47.88592564450864,257.5699971516927
hold,257.04168701171875,257.6499938964844,257.6791076660156,256.93499755859375,226575,257.04168701171875,2025-10-01 13:45:00+00:00,257.64203491210935,257.97401428222656,0.0,0.0,257.5412946225783,257.49233542300357,257.38022985805975,0.0,0.0,48.12721782328759,64.81253891160785,50.0,-0.4061797594043248,-0.1481996428555763,0.3833825909884115,0.0,0.0,0.0,0.6310393327548219,0.6818078989190194,0.0,256.99956579060364,257.57631882448226,258.1174112931869,256.99956579060364,160683.6,258784.3,0.0,69.19786883320093,0.0,0.0,0.0,8.238482384823849,18.38038206887165,-34.53943906875765,25.91997760374842,257.2185974121094
hold,256.67999267578125,257.0400085449219,257.0599060058594,256.6600036621094,138645,256.67999267578125,2025-10-01 13:46:00+00:00,257.41803588867185,257.7995147705078,0.0,0.0,257.25419397364595,257.3298668735591,257.2725010607861,0.0,0.0,41.65984841678536,60.590346379529514,50.0,-0.43444343297911003,-0.6752424106083205,0.28912644655632136,0.0,0.0,0.0,0.5980197628969902,0.6616717878355179,0.0,256.99136204069237,257.34891094089795,257.9380142329957,256.99136204069237,148525.2,213131.6,0.0,63.86494681323855,0.0,0.0,0.0,1.9597283307901745,15.27752393152385,-89.34439280901523,13.16866702304498,256.7999674479167
hold,256.33990478515625,256.6300048828125,256.7200012207031,256.2799987792969,136049,256.33990478515625,2025-10-01 13:47:00+00:00,257.06101684570314,257.58050537109375,0.0,0.0,256.9494309108161,257.1318744558786,257.12902471068924,0.0,0.0,36.307659700674435,56.84084378023017,50.0,-0.6915623108353511,-0.8471334098486092,0.017515501695288618,0.0,0.0,0.0,0.5754458598268845,0.6458382630905702,0.0,256.9753548633598,257.038710837389,257.6768881519714,256.9753548633598,150826.2,182821.1,0.0,59.55476027666053,0.0,0.0,0.0,4.28172577760328,4.826645497739101,-134.2239771963404,3.711806510928732,256.44663492838544
hold,255.85000610351562,256.32000732421875,256.572509765625,255.85000610351562,196915,255.85000610351562,2025-10-01 13:48:00+00:00,256.71632080078126,257.32200622558594,0.0,0.0,256.5829559750493,256.875500785406,256.9322526172779,0.0,0.0,29.860447842852224,51.86209654017279,50.0,-0.6691217520788686,-1.0002482169590992,-0.2602085642071651,0.0,0.0,0.0,0.5964541172958117,0.6513143630204848,0.0,256.93670727386836,256.633950885021,257.3395883461135,256.93670727386836,158093.0,172995.4,0.0,53.66865019176226,0.0,0.0,0.0,0.0,2.0804847027978184,-161.02356984024928,11.997703414214039,256.09084065755206
hold,255.4499969482422,255.84030151367188,255.9499969482422,255.42999267578125,197318,255.4499969482422,2025-10-01 13:49:00+00:00,256.27231750488284,257.06200714111327,257.0752868652344,0.0,256.2053029661136,256.59040001797325,256.7042132835801,0.0,0.0,25.540201979590535,48.15329244732039,50.0,-0.8615734714178563,-1.007553174857157,-0.7665161513426466,259.1574189626656,257.0752868652344,254.99315476780316,0.5855327108908296,0.6419350708376601,0.0,256.8872471105316,256.26630870175234,256.99894578637355,256.8872471105316,179100.4,165738.7,296556.55,44.75227952034025,0.0,0.0,0.0,1.5507085235740816,1.9441447670591205,-166.0159902486755,36.026278409090914,255.60999552408853
hold,255.6750030517578,255.41000366210938,255.8000030517578,255.27999877929688,201384,255.6750030517578,2025-10-01 13:50:00+00:00,255.9989807128906,256.8205078125,257.0985366821289,0.0,256.028536327995,256.4073206247302,256.54587324791515,257.00860668364027,0.0,31.996920900228503,50.306056044720336,50.0,-0.531697397355873,-0.9357175095508586,-1.0641326772216102,259.1058774101197,257.0985366821289,255.09119595413807,0.576171505400845,0.6332257280964656,0.6442485990978423,256.84743855604256,255.9276242112666,256.7190252856105,257.25126607365024,174062.2,167372.9,245965.2,30.113230766644563,0.0,0.0,0.0,30.560999220834415,10.7039025814695,-131.79762783339058,80.94116832300287,255.58500162760416
hold,255.83999633789062,255.69000244140625,255.88999938964844,255.5601043701172,127915,255.83999633789062,2025-10-01 13:51:00+00:00,255.8309814453125,256.6245086669922,257.08753662109376,0.0,255.96568966462692,256.2938557673623,256.4372768002191,256.90236937948123,0.0,36.69325287552003,51.88375290733226,53.960664833762785,-0.3272543095914939,-0.7602760077134426,-1.0404991506237788,259.11977795771503,257.08753662109376,255.05529528447252,0.5409891502766172,0.6115592489132359,0.6292793810232427,256.826854191816,255.79323193737324,256.5142921222754,257.3057033250492,171916.2,160220.7,234087.0,21.5077625242683,0.0,0.0,0.0,83.58195358582523,38.56455377674458,-98.69236428572913,90.55329157891859,255.76336669921875
hold,255.82000732421875,255.83999633789062,255.9488067626953,255.72999572753906,103465,255.82000732421875,2025-10-01 13:52:00+00:00,255.727001953125,256.3940093994141,257.0815368652344,0.0,255.91712888449086,256.19908607873356,256.3423122654498,256.8039728290028,0.0,36.33854597337762,51.66972715108208,53.818635503842884,-0.2028156565686629,-0.8929753707627118,-1.0118560795087808,259.1279532517422,257.0815368652344,255.03512047872658,0.4949637052594219,0.5835058050734512,0.6097332693152906,256.81048474964956,255.70664881933524,256.3419859088921,257.36315202551594,165399.4,158112.8,224201.35,15.05671794610366,0.0,0.0,0.0,80.7419406356232,64.96163114742761,-80.38872554000515,87.26347477064222,255.83293660481772
hold,256.1499938964844,255.8300018310547,256.1700134277344,255.7899932861328,137012,256.1499938964844,2025-10-01 13:53:00+00:00,255.78699951171876,256.25166015625,257.07428588867185,0.0,255.99475055515538,256.1892676422837,256.3127248240705,256.74452019877384,0.0,46.330737416730415,54.971957125795015,55.83368675540312,0.1172514308431857,-0.5526548760640783,-0.736289085976909,259.13279028684576,257.07428588867185,255.01578149049794,0.478543196165442,0.5689711148254591,0.5987945489479701,256.7965643578067,255.74903527535756,256.19813211046466,257.36827992237767,153418.8,155755.9,222204.5,22.102154900284845,0.0,0.0,0.0,96.71762027469916,87.01383816538252,-56.7496083126446,71.89202417953548,256.0366668701172
hold,256.25,256.1597900390625,256.29998779296875,256.0199890136719,116187,256.25,2025-10-01 13:54:00+00:00,255.9470001220703,256.1096588134766,257.06091156005857,0.0,256.0798337034369,256.201414113827,256.30307485113656,256.69956381706714,0.0,49.15256374432208,55.954174791831385,56.43852802992351,0.31317403065771204,-0.5510976651276611,-0.7129281893908462,259.1371122286214,257.06091156005857,254.98471089149578,0.450179708041361,0.5483302337162745,0.5836137980122037,256.78696744516793,255.9199063472547,256.1160561205708,257.38078115483864,137192.6,158146.5,217186.8,28.195128965064626,0.0,0.0,0.0,91.23008968009637,89.56321686347292,-37.226319768497525,65.01224021839747,256.1899922688802
hold,255.97000122070312,256.239990234375,256.239990234375,255.9698944091797,85288,255.97000122070312,2025-10-01 13:55:00+00:00,256.00599975585936,256.002490234375,256.9882522583008,0.0,256.043222875859,256.15513153520226,256.2518327541468,256.63323994467044,256.815797659067,41.94821738309052,52.50108953486506,54.254273937679784,0.11538013705844927,-0.41693073348322907,-0.7098474239398456,259.10986957944095,256.9882522583008,254.86663493716068,0.4258834055812112,0.5291713306522773,0.5691610262411613,256.77657152691796,256.01394951316365,255.96178244782914,257.34668809207903,113973.4,144017.8,201401.05,29.78626815943096,-0.6606661238647575,0.0,-0.6606661238647575,35.296053615773566,74.41458785685636,-41.953115006411856,61.594165523359564,256.0599619547526
hold,256.4100036621094,255.9600067138672,256.45001220703125,255.86500549316406,133635,256.4100036621094,2025-10-01 13:56:00+00:00,256.1200012207031,255.97549133300782,256.8875030517578,0.0,256.1654831379425,256.20610596058367,256.27616673998716,256.61294573716486,256.7857388444776,54.24368807327821,56.99268624431096,57.00016032019505,0.22279836318709728,-0.10518506364962565,-0.6644053609261501,258.91597314899104,256.8875030517578,254.8590329545245,0.4486153067649221,0.5331595723104852,0.5699155827947816,256.7694056148651,256.1445603793045,255.9341353604609,257.1316450375253,115117.4,143516.8,178324.2,30.068377473063777,-0.5796328838939075,0.0,-0.5796328838939075,93.16101098098542,73.22905142561845,-15.45870879727597,54.197714364461426,256.2416737874349
hold,256.3299865722656,256.44000244140625,256.4841003417969,256.30999755859375,112107,256.3299865722656,2025-10-01 13:57:00+00:00,256.2219970703125,255.97449951171876,256.7775024414062,0.0,256.22031761605024,256.23088208292006,256.28444671418384,256.5872221767195,256.75197941690635,51.91096514603887,55.956401196292816,56.354244920875985,0.19935080660072935,-0.003869164615215746,-0.4827747504552042,258.6719408490202,256.7775024414062,254.88306403379227,0.4093992319703797,0.5075126588028166,0.551067354242798,256.76231565063756,256.2376188479165,255.92646342651227,256.9143343861131,116845.8,141122.6,161971.85,36.40344672297761,-0.5210973339862903,0.0,-0.5210973339862903,75.1065979838809,67.85455419354663,15.601214160745755,50.4647264970288,256.37469482421875
hold,256.3500061035156,256.3349914550781,256.3999938964844,256.239990234375,89993,256.3500061035156,2025-10-01 13:58:00+00:00,256.2619995117187,256.0244995117188,256.67325286865236,0.0,256.2635471118721,256.25470688703916,256.29453277408106,256.56565707915547,256.72220361591445,52.50712177799927,56.1711230672827,56.48378707237251,0.0780840178790241,0.19542700335043278,-0.5122859686538406,258.41466539807993,256.67325286865236,254.93184033922478,0.3737712934188076,0.4826905876104279,0.5324452736650159,256.7570436477603,256.2787940608477,255.96722958983727,256.74966718079196,107442.0,130430.4,151712.9,36.45318174588778,-0.4674967288752896,0.0,-0.4674967288752896,78.34027555270747,82.2026281725246,29.41410113800251,49.45322622441047,256.3299967447917
hold,256.5050048828125,256.3500061035156,256.5599060058594,256.29998779296875,105222,256.5050048828125,2025-10-01 13:59:00+00:00,256.31300048828126,256.13000030517577,256.5960037231445,0.0,256.3440330355189,256.30476648619384,256.3269130985013,256.5601432431243,256.70611482086986,57.289759637118095,57.88314178412865,57.50903606319582,0.0995141006097561,0.41299978358742045,-0.208791863742235,258.2193427334261,256.5960037231445,254.97266471286295,0.35750656762906724,0.46677827513044196,0.5194677945805212,256.7533310949996,256.33038191566146,256.0981024286997,256.6184009621321,105249.0,121220.8,143479.75,44.4228106817631,-0.4013483346760154,0.0,-0.4013483346760154,82.83888199942764,78.76191851200535,78.64985109104937,32.51432411805579,256.45496622721356
hold,256.6300048828125,256.5150146484375,256.6400146484375,256.29998779296875,101725,256.6300048828125,2025-10-01 14:00:00+00:00,256.44500122070315,256.2255004882812,256.52300415039065,0.0,256.4393569846168,256.3698141655176,256.3735426037799,256.56649430127777,256.7004770476804,60.98621618366719,59.26505791888676,58.340162061710615,0.2578441453927661,0.37352178337956676,-0.01947475237460007,257.99532959709103,256.52300415039065,255.05067870369024,0.3550094658918791,0.457724602297464,0.5109229879561511,256.75159952176097,256.4431833261469,256.2233222815517,256.5210931763728,108536.4,111254.9,139313.9,50.84325945077856,-0.33066288216281237,0.0,-0.33066288216281237,97.49771132133048,86.22562295782187,107.68265344223468,20.77073326535877,256.52333577473956
hold,256.6199951171875,256.6400146484375,256.739990234375,256.489990234375,94049,256.6199951171875,2025-10-01 14:01:00+00:00,256.48699951171875,256.3035003662109,256.46400451660156,0.0,256.4995696954737,256.4198503558516,256.4114583750734,256.571358011815,256.69451542319945,60.49705888647188,59.09783497263655,58.24437046010727,0.08189674820754904,0.3048775760091562,0.10926520873369266,257.81661769068285,256.46400451660156,255.1113913425203,0.3400081136216106,0.442887130704788,0.49849808376776295,256.74991304239404,256.4850499610222,256.303364167446,256.4294231425339,100619.2,107868.3,134044.5,57.2580808076678,-0.2746650673478257,0.0,-0.2746650673478257,72.72853377722292,84.3550423659937,122.99431222362789,1.6337380757888365,256.6166585286458
hold,256.3500061035156,256.6199951171875,256.625,256.30999755859375,71953,256.3500061035156,2025-10-01 14:02:00+00:00,256.4910034179687,256.35650024414065,256.37525482177733,0.0,256.44971516482104,256.40588150538446,256.40200417944914,256.5512351110605,256.66899621433396,48.30498081699971,54.62107063507887,55.65624577971448,0.007810062145950298,0.20717643816856365,0.19542700335043278,257.4927852660319,256.37525482177733,255.25772437752275,0.3364358747337019,0.4337525100406067,0.48976019603626236,256.7460304020326,256.5016111731053,256.3543267542733,256.3469027678182,92588.4,104717.1,131414.95,61.52113829212524,-0.2631147089495016,0.0,-0.2631147089495016,11.367734775974476,60.53132662484263,66.16221247455171,10.950261575700784,256.42833455403644
hold,256.239990234375,256.3699951171875,256.40301513671875,256.03009033203125,69676,256.239990234375,2025-10-01 14:03:00+00:00,256.4690002441406,256.36549987792966,256.30858001708987,0.0,256.3798068546724,256.3727032511826,256.37707895713004,256.52294012227094,256.63721799359627,44.08163007376208,52.863775274355675,54.61784656122351,-0.042916273267495045,0.035134233861037846,0.3092555472971395,257.28202735961827,256.30858001708987,255.3351326745615,0.3416485790128159,0.42940767394395624,0.4841966059720356,256.7413171189489,256.4912518271592,256.3747685043138,256.26634166758004,88525.0,97983.5,126869.7,66.5716155403845,-0.2645147424136667,-0.418133200685563,0.1536184582718963,29.56753503568051,37.88793452962597,9.547464412866194,19.51921135858959,256.224365234375
hold,256.42999267578125,256.2300109863281,256.5400085449219,256.20001220703125,51259,256.42999267578125,2025-10-01 14:04:00+00:00,256.45399780273436,256.3834991455078,256.2465789794922,0.0,256.3965354617087,256.38416113610236,256.38521952923026,256.5144903544082,256.62186797005444,52.45697471289876,55.525043314230665,56.10302350656829,-0.029243954544091743,0.07024104420731707,0.29529270167666744,256.99789198645874,256.2465789794922,255.4952659725257,0.34141254456678866,0.42302114994014683,0.4773299265395875,256.73919840180696,256.4794492664189,256.3937072751571,256.2178137852494,77732.4,91490.7,124818.6,77.3524373108575,-0.2377068339520747,-0.38204792733886533,0.14434109338679063,67.22068328716529,36.05198436627342,47.985751013757074,35.59422549052831,256.39000447591144
hold,256.3197937011719,256.4200134277344,256.4200134277344,256.2726135253906,53847,256.3197937011719,2025-10-01 14:05:00+00:00,256.39195556640624,256.41847839355466,256.21048431396486,0.0,256.3709548748631,256.37128764911625,256.3751540172213,256.49679065865945,256.5994920982854,47.629809224681075,53.633682045954366,55.00675535188333,-0.12087876543597456,0.13665370113709185,0.1875380590013676,256.8691896027176,256.21048431396486,255.5517790252121,0.3151220596844796,0.40404672140089526,0.4620941752943988,256.7362213206797,256.4092809389755,256.43010597952593,256.1398423904254,68156.8,88346.6,116182.2,72.02775501263663,-0.22820444916914084,-0.3512792317049205,0.12307478253577964,56.813693219223175,51.200637180689654,19.877758226079024,32.206745260304274,256.3374735514323
hold,256.114990234375,256.319091796875,256.3299865722656,256.0799865722656,98374,256.114990234375,2025-10-01 14:06:00+00:00,256.29095458984375,256.38897705078125,256.1822341918945,0.0,256.2856333280338,256.320028166168,256.3351288198603,256.46208152917904,256.56360307132906,39.70725299227732,50.210540072489614,52.98632725860135,-0.1967909330611146,-0.1150553502285099,0.11530877246141165,256.80548099960964,256.1822341918945,255.55898738417935,0.30581890830098246,0.3930433841579742,0.4519944526613322,256.7282682726178,256.26796903021324,256.3967262857897,256.10597409894933,69021.8,84820.5,114168.65,64.47580340142714,-0.24357490516104008,-0.3297383663961444,0.08616346123510432,7.609128300384769,43.88116826892442,-67.77537144476976,16.24210143249412,256.17498779296875
hold,256.0350036621094,256.1400146484375,256.2099914550781,255.99000549316406,76064,256.0350036621094,2025-10-01 14:07:00+00:00,256.2279541015625,256.35947875976564,256.1669891357422,0.0,256.202090106059,256.2630232653563,256.28895571866786,256.4232562685363,256.524447559535,36.90984817201192,48.89791084995941,52.200064882762376,-0.12287982598254756,-0.1150793608273713,-0.04489175760881337,256.78897812194936,256.1669891357422,255.545000149535,0.2935570588171368,0.3806821397119805,0.4409464292924146,256.72147310046387,256.2003237312762,256.37206115668545,256.0892319328337,69844.0,81216.2,111169.4,56.724623334811646,-0.2614242941787097,-0.3160755519526575,0.0546512577739478,10.464497356374862,24.962439625327605,-119.67062648533783,0.6731488406881025,256.0783335367839
hold,255.85000610351562,256.04998779296875,256.0899963378906,255.77000427246094,110357,255.85000610351562,2025-10-01 14:08:00+00:00,256.14995727539065,256.3094787597656,256.1669891357422,0.0,256.0847287718779,256.1804198329882,256.2214250086445,256.3711426171708,256.47448893316323,31.014083636629834,45.908575825404704,50.384390782086335,-0.1521948742281282,-0.19504583112750037,-0.15609517911585366,256.78897812194936,256.1669891357422,255.545000149535,0.29733348833321543,0.3763471344061024,0.4351866976799038,256.7092539611404,256.0940818757368,256.30524326859216,256.09892241328095,77980.2,83252.6,106841.5,47.72894345986486,-0.2940691001750224,-0.3116742615971305,0.017605161422108107,14.286492819967847,10.78670615890916,-167.8067373099188,20.042636708175415,255.90333557128906
hold,255.85009765625,255.85499572753906,255.92999267578125,255.72999572753906,61344,255.85009765625,2025-10-01 14:09:00+00:00,256.0339782714844,256.2439880371094,256.1869941711426,0.0,256.00651840000194,256.11435539764057,256.1642977236607,256.3237748934507,256.42823772746596,31.020445295399,45.91033816077854,50.385287533265625,-0.22614165116966006,-0.25531947295207846,-0.04684281903399353,256.73702869348216,256.1869941711426,255.63695964880304,0.28342826832021145,0.3637506925372513,0.42398718580191735,256.7026094615507,256.0136155102648,256.24318799296225,256.15528867302936,79997.2,78864.8,100042.8,48.65962432265316,-0.31388232982538966,-0.3121158752427824,-0.0017664545826072686,25.02145786311473,16.59081601315248,-169.6514546840741,19.593013858286476,255.8366953531901
hold,256.0,255.8800048828125,256.07989501953125,255.877197265625,54492,256.0,2025-10-01 14:10:00+00:00,255.97001953125,256.1809875488281,256.2032440185547,0.0,256.00434560000133,256.09148431811246,256.13902115078986,256.2943408122279,256.39651641432033,41.35162284438082,48.84891326019674,51.8804940805691,-0.124763560610814,-0.24549151339500827,-0.1599015858404914,256.70925600294254,256.2032440185547,255.69723203416686,0.2757667104575027,0.354182597590394,0.4147400513961713,256.697815534868,255.97061156541,256.17224156183727,256.2028946940651,80126.2,74141.5,92698.2,45.125837952942305,-0.3050320962078672,-0.31069911943579936,0.005667023227932166,75.00105963633281,38.10300343980513,-94.26204806445715,23.74061457480613,255.9856974283854
hold,255.7949981689453,255.9884033203125,256.0419006347656,255.7801055908203,58278,255.7949981689453,2025-10-01 14:11:00+00:00,255.90602111816406,256.0984878540039,256.20099411010744,0.0,255.93456312298267,256.03218708827904,256.0860945381984,256.2489460264749,256.3519595072555,33.376070799038644,45.22996186873002,49.72853032900991,-0.12494077958375555,-0.32148584051895346,-0.20871081470972822,256.71380112959446,256.20099411010744,255.68818709062046,0.27377075809861834,0.3475834866157453,0.4074569558032733,256.6912753260772,255.90283033834484,256.08140855740714,256.21558785486974,72107.0,70564.4,89216.35,37.11865492640927,-0.3197724189764699,-0.3125137793439335,-0.007258639632536423,18.577471545069994,39.53332968150585,-109.67940678150785,30.209961269280424,255.8723347981771
hold,255.52999877929688,255.7949981689453,255.80999755859375,255.52999877929688,106940,255.52999877929688,2025-10-01 14:12:00+00:00,255.80502014160157,256.01648712158203,256.18649368286134,0.0,255.7997083417541,255.93174942648264,256.00054134452125,256.1835871858224,256.29107352740675,25.855442919168922,41.0013500678658,47.078043290625544,-0.1972405630438553,-0.31987802016576755,-0.31987802016576755,256.75495366409433,256.18649368286134,255.61803370162835,0.274660475412655,0.3427560075215403,0.40138751882677814,256.67604084006615,255.77528093727176,255.97569577883556,256.19747166742957,78282.2,74063.1,89390.1,36.56326202174263,-0.3593241009241126,-0.32187584365996935,-0.03744825726414325,0.0,31.19284372713427,-147.09103264356438,36.568909749187505,255.62333170572916
hold,255.65499877929688,255.52000427246094,255.75999450683594,255.43499755859375,89792,255.65499877929688,2025-10-01 14:13:00+00:00,255.76601867675782,255.9579879760742,256.16174392700196,0.0,255.75147182093502,255.8763992970455,255.94738094987133,256.1355336943201,256.24395687939864,34.035244656803386,43.67628199280558,48.43915730479049,-0.07621939400691317,-0.2282982662241951,-0.3313799291768053,256.7756881168311,256.16174392700196,255.54779973717288,0.2818514001025882,0.34148750328730076,0.3977498726084643,256.66491646573036,255.7239204784828,255.913637032016,256.17322420237565,74169.2,76074.7,87029.1,27.492655871431097,-0.36755758235312896,-0.33101219139860133,-0.036545390954527635,36.24981143460552,18.275760993225173,-123.11352076984369,51.14498942411302,255.61666361490884
hold,255.97999572753906,255.65699768066406,255.99000549316406,255.65699768066406,51912,255.97999572753906,2025-10-01 14:14:00+00:00,255.79199829101563,255.91298828125,256.1482437133789,0.0,255.82764645646972,255.89711858314422,255.95239860797406,256.1213938791582,256.22440420148314,50.57491891919506,50.020998072929956,51.82188460827306,0.050771163458217,-0.1754853024588055,-0.25328649920349633,256.7656958166799,256.1482437133789,255.53079161007793,0.2894450163546738,0.34102458975729266,0.394762103144594,256.6606292492602,255.73928558757115,255.88339923146205,256.161918859032,72282.8,76140.0,83815.35,24.03197351816975,-0.32728561833891945,-0.33026687678666494,0.002981258447745494,98.19646441041432,44.81542528167328,-50.984599733540904,40.15498597428744,255.87566630045572
hold,256.0544128417969,255.9875030517578,256.0950012207031,255.94000244140625,56805,256.0544128417969,2025-10-01 14:15:00+00:00,255.802880859375,255.8864501953125,256.15246429443357,0.0,255.9032352515788,255.92857743487477,255.96809310548528,256.1153046939435,256.2118122489138,53.67766188738069,51.371786760846724,52.57002434915323,0.021255016326904297,-0.10353506279908757,-0.2203968070112181,256.76612757010383,256.15246429443357,255.5388010187633,0.2702384110607025,0.32773703186726283,0.38334480200898835,256.65650526441163,255.74944142949164,255.8653656596601,256.1681460970312,72745.4,76435.8,82391.2,21.217131095140346,-0.28323481403904793,-0.32086046423714154,0.03762565019809361,93.85027974291395,76.0988518626446,0.9096798186942371,39.81452768056233,256.02980550130206
hold,256.3699951171875,256.05120849609375,256.3999938964844,256.0249938964844,97595,256.3699951171875,2025-10-01 14:16:00+00:00,255.91788024902343,255.91195068359374,256.1504638671875,0.0,256.0588218734484,256.01686097133734,256.0299241842087,256.1384583687838,256.2235294984156,64.65530708665503,56.714553342047076,55.63747940819436,0.22478819068323547,0.09956655898162808,0.007797547570099655,256.7610088988262,256.1504638671875,255.53991883554878,0.285204352337745,0.33111295816245834,0.3829474304847508,256.6531952956022,255.893118004478,255.8977038250554,256.160315531281,80608.8,76357.9,80589.2,30.116373515509594,-0.20666852707825,-0.29802207680536325,0.09135354972711324,95.96245866962397,96.00306760765075,83.65471150809888,15.41460697625844,256.26499430338544
hold,256.3399963378906,256.3699951171875,256.4700012207031,256.29998779296875,97508,256.3399963378906,2025-10-01 14:17:00+00:00,256.0798797607422,255.94244995117188,256.1509643554688,0.0,256.15254669492913,256.08148804464804,256.0776275924675,256.15678000233896,256.23215667171,62.999559985227144,56.0837548682991,55.28063523422275,0.3169872666470565,0.11912147613368926,0.03902829664649629,256.762113326561,256.1509643554688,255.53981538437654,0.268748505965835,0.3196058488461667,0.3728077160680662,256.6496214746943,256.1024769225884,255.93933761608557,256.15937575580057,78722.4,78502.3,79859.25,38.498937097654306,-0.15066862706197526,-0.26855138685668567,0.11788275979471041,75.4707203316635,88.42781958140047,109.61407794079771,0.6098218273095403,256.3699951171875
hold,256.7124938964844,256.3500061035156,256.7250061035156,256.3500061035156,75679,256.7124938964844,2025-10-01 14:18:00+00:00,256.2913787841797,256.02869873046876,256.16908874511716,0.0,256.33919576211423,256.2076892150153,256.175299331547,256.2072994472613,256.2677372068785,73.01178536961858,61.76976485529764,58.73158105979125,0.4136414786477223,0.33710680961242256,0.11016699636235885,256.822792540777,256.16908874511716,255.51538494945729,0.2853572573457157,0.32427755718751194,0.37338876604696775,256.65017339774636,256.3300017171462,256.03045577090364,256.174982858898,75899.8,75034.5,79143.55,39.88340707637866,-0.06004799186320042,-0.22685070785798864,0.16680271599478821,98.21257302293138,89.88191734140628,164.1231566556617,6.19586070577292,256.59583536783856
hold,256.9800109863281,256.7200012207031,257.0299987792969,256.7099914550781,128216,256.9800109863281,2025-10-01 14:19:00+00:00,256.4913818359375,256.1416900634766,256.19283905029295,256.5332504272461,256.5528008368522,256.3621535692779,256.29910112459027,256.2775459508128,256.32049822757847,77.99977686737779,65.24957334084361,61.000993637635176,0.3906614874130487,0.4416309942536084,0.2575756150638754,256.9236080907029,256.19283905029295,255.462070009883,0.2903072668990063,0.3239725405468861,0.37084679262657644,256.6550070324699,256.5527099910933,256.19297326587275,256.2176339590753,91160.6,81721.7,80293.25,48.37698893523339,0.04165534169942475,-0.17314949794650597,0.21480483964593072,93.15246018143054,88.94525117867515,202.00720390492427,18.093098809614457,256.9066670735677
hold,256.92999267578125,256.9855041503906,257.0198974609375,256.8901062011719,80864,256.92999267578125,2025-10-01 14:20:00+00:00,256.6664978027344,256.2346893310547,256.2078384399414,256.56765014648437,256.6785314498286,256.4757213905786,256.396161363235,256.3368592894463,256.3656459644824,74.97701474970283,64.07521505422957,60.349461544937014,0.3419506909749498,0.3632783889770508,0.3182173915944662,256.9847424006418,256.2078384399414,255.430934479241,0.26737640873709473,0.31010244906251033,0.3593679577284359,256.657525296096,256.6752751381156,256.27608700581817,256.2275113745585,95972.4,84358.9,79250.2,56.18445157299767,0.11007542609621623,-0.11650451313796154,0.22657993923417777,85.29306166412351,92.21936495616181,157.37604524334037,28.376514085478576,256.94666544596356
hold,257.17999267578125,256.92999267578125,257.3299865722656,256.9150085449219,101944,257.17999267578125,2025-10-01 14:21:00+00:00,256.8284973144531,256.3731887817383,256.23583831787107,256.5900500488281,256.84568519181283,256.61657564761913,256.51675079593446,256.4135077791131,256.4259679430971,79.58938776123452,67.24810525542934,62.454027544464125,0.3159486578074387,0.5414470637620474,0.4472001864178394,257.1050252585393,256.23583831787107,255.36665137720283,0.2884623542523312,0.3175935617968846,0.3620160562815461,256.6634883886842,256.8430671302477,256.41154372891805,256.2652959737461,96842.2,88725.5,79644.95,63.65427919169567,0.19060770452205134,-0.05508206960595897,0.2456897741280103,75.8072455207718,84.75092245544195,146.88862229325653,42.25738251033583,257.14166259765625
hold,256.75,257.17999267578125,257.2200012207031,256.739990234375,90032,256.75,2025-10-01 14:22:00+00:00,256.910498046875,256.4951889038086,256.25583801269534,256.60625,256.8137901278752,256.6432605180953,256.5526352888676,256.4440979810119,256.44997031768247,58.09981103708691,57.793458941566264,56.991037923507534,0.15994525550703956,0.4774395282476595,0.35176622044724204,257.1525830026864,256.25583801269534,255.35909302270426,0.31582644454887315,0.3291948064062589,0.3676348624742404,256.6643516978623,256.92838582291904,256.5548708293855,256.28860090089245,95347.0,87034.7,80548.9,64.75656825984535,0.1932902004128323,-0.005407615602200717,0.198697816015033,1.6965809755340608,54.26562938680979,91.44545503761724,44.93796700522215,256.90333048502606
hold,256.7149963378906,256.7799987792969,256.80999755859375,256.625,56912,256.7149963378906,2025-10-01 14:23:00+00:00,256.91099853515624,256.60118865966797,256.2795883178711,256.6146496582031,256.78085886454704,256.6576076820544,256.5776139117942,256.4687251043645,256.46960187473496,56.64719667260873,57.089802154788984,56.56809360856421,0.000974803122460831,0.4146203139602328,0.3380489941429174,257.19828865649845,256.2795883178711,255.36088797924376,0.29713660369814127,0.3188950029910797,0.3589378480037408,256.66466916693616,256.93754380498046,256.66223550651495,256.30590397414215,91593.6,83746.7,79910.7,64.99522310018375,0.18800580731942773,0.033275068982124976,0.15473073833730275,12.765681139344617,30.08983587855016,54.749914185844844,40.52415981358799,256.71666463216144
hold,256.7226867675781,256.7300109863281,256.7799987792969,256.6400146484375,71708,256.7226867675781,2025-10-01 14:24:00+00:00,256.8595336914062,256.6754577636719,256.2942230224609,256.6187536621094,256.7614681655574,256.67062349915915,256.599932812684,256.491812528293,256.48834890383444,56.923255981578144,57.2130601857045,56.64232183170489,-0.10013394339985851,0.2901363592604989,0.2822995185852051,257.23118437007946,256.2942230224609,255.3572616748424,0.27468625043546036,0.3061156549816722,0.34851148052067576,256.665123814392,256.88560353555954,256.70860548916266,256.32043819021703,80292.0,85726.3,80933.15,59.351812706910295,0.18227459532471357,0.06307497425064269,0.11919962107407088,16.417910447761194,10.29339085421329,46.994351180449314,36.66844838622401,256.7142333984375
hold,256.66119384765625,256.7284851074219,256.82000732421875,256.5899963378906,66864,256.66119384765625,2025-10-01 14:25:00+00:00,256.80577392578124,256.7361358642578,256.31129302978513,256.6035137939453,256.7280433929237,256.6687375688586,256.6093575872951,256.5072108300533,256.5011522330064,53.73145980489959,55.83204815643014,55.841054217905246,-0.10461948226659391,0.23697346166585087,0.33862885705796325,257.2618369644446,256.31129302978513,255.36074909512567,0.26830406984869815,0.3006796072207045,0.34286859984484,256.66509530639115,256.83761300026083,256.7477965639145,256.3344231566814,77492.0,86732.2,81584.0,58.90751732446922,0.16758533585220903,0.08397704657095596,0.08360828928125306,30.953960461722172,20.04585068294266,36.81256849322923,39.50853463025584,256.6903991699219
hold,256.2699890136719,256.6700134277344,256.6700134277344,256.1669921875,187501,256.2699890136719,2025-10-01 14:26:00+00:00,256.6237731933594,256.72613525390625,256.31904296875,256.5604138183594,256.5753585998398,256.5889878578213,256.5571470375069,256.48564521038224,256.4840290315742,37.94137739986764,47.90914285341794,51.01996574868109,-0.35383921301241655,-0.03900850544928704,0.28959035647870646,257.2655775810883,256.31904296875,255.37250835641174,0.30183509418950916,0.3151325810073953,0.3504949160538655,256.6572183689579,256.5388211624396,256.6927231004505,256.3399467441904,94603.4,95722.8,86040.35,55.10887515380059,0.10495882624707065,0.08817340250617892,0.01678542374089173,15.77250210300028,21.048124337494546,-25.98229380840798,29.61542072159464,256.36899820963544
hold,256.45001220703125,256.2900085449219,256.4800109863281,256.23388671875,73011,256.45001220703125,2025-10-01 14:27:00+00:00,256.56377563476565,256.7371368408203,256.3397933959961,256.51881408691406,256.5335764689036,256.5611927276633,256.5406647558953,256.4824058464412,256.48150926679324,46.39818231353835,51.33173906346339,52.98140424398447,-0.11684042569376826,0.042917949095859886,0.3109712039781777,257.27867590949955,256.3397933959961,255.40091088249264,0.29387640467359716,0.3102034157624474,0.3455248851740683,256.6556222236485,256.48290645321725,256.7105986895799,256.35812814857246,91199.2,93273.1,85887.7,61.743910083830876,0.07968346087005784,0.08647541417895471,-0.00679195330889687,43.340499112066546,30.022320558929664,-39.50231397938207,34.870636042172706,256.3879699707031
hold,256.6499938964844,256.44000244140625,256.6698913574219,256.3800048828125,75340,256.6499938964844,2025-10-01 14:28:00+00:00,256.5507751464844,256.7308868408203,256.37979278564455,256.48311401367187,256.5723822780972,256.57895296142755,256.55748462367825,256.49764112371787,256.4939896097333,54.44381323437402,54.87844115940906,55.07961980825269,-0.025320858669546982,-0.024346302375607098,0.2617384874318256,257.2997749165575,256.37979278564455,255.4598106547316,0.2933064146644226,0.3087522056800851,0.34287543705194007,256.6555778374555,256.48159890650635,256.705547817763,256.40451923046703,94884.8,93239.2,84136.85,62.45934624057099,0.08496335169422764,0.08617300168200931,-0.001209649987781669,96.02014196444821,51.71104772650501,-13.021905187737786,33.73573004525307,256.56663004557294
hold,256.1614074707031,256.6300048828125,256.6452941894531,256.1614074707031,124063,256.1614074707031,2025-10-01 14:29:00+00:00,256.4385192871094,256.64902648925784,256.3953582763672,256.4453424072266,256.43539067563256,256.4954438632827,256.4965496770667,256.46707442798925,256.46935389573105,38.13026671709851,46.04897069444686,49.421912686512414,-0.21863252677125095,-0.3185475448004987,0.0417858953176318,257.28912615805064,256.3953582763672,255.50159039468372,0.3212035591096836,0.3215975071158826,0.3498140555628596,256.6492426662527,256.37337166426283,256.59491009030484,256.40672453544016,105355.8,92823.9,87272.8,55.0245700940829,0.02608996755162707,0.07415639485593287,-0.0480664273043058,0.0,46.45354702550492,-92.8965427942441,18.759392324497696,256.3227030436198
hold,256.1499938964844,256.17999267578125,256.2590026855469,256.1000061035156,68923,256.1499938964844,2025-10-01 14:30:00+00:00,256.336279296875,256.57102661132814,256.4028579711914,256.40654235839844,256.34025841591654,256.42635386992305,256.44323340313093,256.43824892512515,256.44569759949053,37.821404656732035,45.863334152856794,49.297705762732996,-0.19917305904658994,-0.3035841674899948,-0.08581395049859941,257.28568023364505,256.4028579711914,255.52003570873774,0.2980311338127645,0.3099831553241231,0.3407275092042115,256.64571214801043,256.3078680348735,256.53187265377363,256.40926366866654,105767.6,91629.8,87994.35,48.733633849012975,-0.019343729567481205,0.05545636997125005,-0.07480009953873126,8.771554032344437,34.930565332264216,-132.31267404147016,4.001123516606982,256.16966756184894
hold,256.0199890136719,256.1376953125,256.24200439453125,255.9492950439453,80557,256.0199890136719,2025-10-01 14:31:00+00:00,256.286279296875,256.4550262451172,256.4141075134277,256.3709423828125,256.23350194850167,256.34508089867285,256.3781188816757,256.40022529681124,256.4141636301706,34.14589163782263,43.70225786877022,47.85917626388933,-0.09755336587096923,-0.45104739682132083,-0.12483706358368567,257.2710135515502,256.4141075134277,255.55720147530525,0.2972708790660749,0.3087493121285384,0.3384409302223889,256.6405827317595,256.26973448484284,256.41196379365323,256.4117546635629,84378.8,89491.1,89108.3,41.779849067891014,-0.06908273149775823,0.030548549677448397,-0.09963128117520663,10.15719202858834,6.309582020310926,-141.6457817801261,5.935720620992694,256.0704294840495
hold,255.88999938964844,256.0,256.0199890136719,255.835205078125,76331,255.88999938964844,2025-10-01 14:32:00+00:00,256.1742767333984,256.36902618408203,256.43210754394534,256.3262423706055,256.11900109555063,256.254064596868,256.3030235752099,256.3538411234328,256.3753366493912,30.669110846930778,41.59194239473911,46.436551555959724,-0.2183711408563771,-0.33495642077957644,-0.32039519945125716,257.2268403091597,256.43210754394534,255.63737477873102,0.28120131570618917,0.2998946423727053,0.33112393047593586,256.6347974840937,256.17061306286246,256.3322141986056,256.4428520657315,85042.8,88121.0,87577.85,35.86243476172004,-0.12127205252323847,0.00018442923731102484,-0.12145648176054949,12.929358392741413,10.61936815122473,-141.86620666583514,23.801132424312456,255.9150644938151
hold,255.45989990234375,255.88499450683594,255.90699768066406,255.39999389648438,115045,255.45989990234375,2025-10-01 14:33:00+00:00,255.9362579345703,256.24351654052737,256.42235260009767,256.28397064208986,255.89930069781502,256.09523165796315,256.1733122409228,256.2725737396974,256.3075265199803,22.015827961923108,35.48608667550516,42.089920582619776,-0.46370310634826284,-0.4889065514096051,-0.5915289201482866,257.2587002943292,256.42235260009767,255.58600490586616,0.3134588112024032,0.31468815250177545,0.33949916160468596,256.62130556372955,255.91706234207678,256.20218683338925,256.4190223881962,92983.8,93934.3,88840.5,26.1306102964747,-0.21229486201713144,-0.04231142901357747,-0.16998343300355395,7.114638831503027,10.067063084277594,-168.2924351122371,55.41980162995414,255.5889638264974
hold,255.8459014892578,255.4600067138672,255.8459014892578,255.4600067138672,73191,255.8459014892578,2025-10-01 14:34:00+00:00,255.87315673828124,256.1558380126953,256.41564788818357,256.2474884033203,255.8815009616293,256.0453656242221,256.1229413560513,256.2337853532938,256.2733320732601,39.800300671969005,43.502359578041926,46.783941084649584,-0.1231668675467426,-0.3415301114833311,-0.42194030180487613,257.2680685056587,256.41564788818357,255.56322727070844,0.32382206487549736,0.3197819692455103,0.3417135628098944,256.6156817559852,255.8312688846397,256.1347982940598,256.408368555318,82809.4,94082.6,89904.45,25.65970082238877,-0.22796644903803553,-0.0794424330184691,-0.14852401601956644,71.9211458948612,30.655047706368546,-123.89414236394596,55.41980162995416,255.71726989746094
hold,255.96499633789062,255.8350067138672,255.97959899902344,255.8282012939453,58704,255.96499633789062,2025-10-01 14:35:00+00:00,255.8361572265625,256.0862182617187,256.41117706298826,256.22595458984375,255.90933275371643,256.0292917669558,256.0986421224881,256.20934998825715,256.2504923891587,44.3671483435914,45.74246143024133,48.14560393156597,-0.0722223552613128,-0.27125156683361323,-0.47243034936326983,257.2720255793915,256.41117706298826,255.55032854658504,0.29919001347587276,0.30775452180498275,0.3326509029179054,256.61191849424023,255.7963105668021,256.0863726343589,256.40507893986205,80765.6,93266.6,89999.4,22.99503917340094,-0.22120062220290038,-0.10779407085535536,-0.11340655134754501,97.4805844412268,58.83878972253034,-72.49097893598592,68.68530250003693,255.92426554361978
hold,255.8800048828125,255.96499633789062,255.99000549316406,255.83999633789062,52851,255.8800048828125,2025-10-01 14:36:00+00:00,255.80816040039062,256.04721984863284,256.38667755126954,256.2099548339844,255.89955679674847,255.99943439012716,256.0650056240765,256.1794095241258,256.2230488701701,41.731341239313814,44.389804510785005,47.23985665372435,-0.05467703182031604,-0.1521770584063862,-0.33884912061830574,257.2781644274278,256.38667755126954,255.4951906751113,0.2778784623040963,0.2964869956241581,0.3239536768395974,256.60812723719124,255.7601639538706,256.02956300049874,256.39121950874295,75224.4,79801.6,87762.2,23.724949596086475,-0.22361448004292583,-0.13095815269286948,-0.09265632735005636,79.24512005527725,82.88228346378843,-65.6439481266402,64.88086642599278,255.90333557128906
hold,255.7899932861328,255.8699951171875,255.92999267578125,255.75,45713,255.7899932861328,2025-10-01 14:37:00+00:00,255.7881591796875,255.98121795654296,256.35917739868165,256.1989566040039,255.86303562654325,255.9575461693283,256.0226960336236,256.1440080479446,256.1909706787599,38.87755742407867,42.94152148593018,46.27184690054808,-0.039081677187135344,-0.2573674749391731,-0.36032295150389854,257.2878831713076,256.35917739868165,255.4304716260557,0.2638947785151183,0.2881659727782361,0.3170983910749142,256.60447807723403,255.73542652569998,255.97552395201285,256.37801736099993,69100.8,77071.8,85172.45,23.955793075644237,-0.23342450943161452,-0.1514514240406185,-0.08197308539099601,16.663487825036558,64.4630641071802,-72.25679425689084,64.41322797775825,255.82332865397134
hold,255.77000427246094,255.82000732421875,255.8300018310547,255.610107421875,67069,255.77000427246094,2025-10-01 14:38:00+00:00,255.85018005371094,255.89321899414062,256.31205291748046,256.1973565673828,255.8320251751825,255.92003778995485,255.9838203780601,256.11000770471884,256.15978798199706,38.200742049224864,42.60905361742982,46.05180770775598,0.12139062539198246,-0.3428753730570386,-0.37109400307098345,257.2597184862351,256.31205291748046,255.3643873487258,0.2576090114671996,0.28328943252119687,0.3124696300322844,256.59905269315067,255.8497588079777,255.89079863339484,256.33902151563404,59505.6,76244.7,84741.95,24.056657314876304,-0.2397501920422087,-0.16911117764093656,-0.07063901440127215,42.089408362453305,45.999338747589036,-81.27100581617442,66.88152519291873,255.73670450846353
hold,255.8300018310547,255.77000427246094,255.92999267578125,255.75999450683594,43719,255.8300018310547,2025-10-01 14:39:00+00:00,255.8470001220703,255.86007843017578,256.2545524597168,256.20495666503905,255.83135072713992,255.90203059817483,255.96015598621312,256.0845526252948,256.13535937822354,41.75168437615335,44.010277286013334,46.84839089905977,-0.006214544814114436,-0.1293737581006772,-0.32384795073263967,257.17220483031696,256.2545524597168,255.33690008911665,0.24509317682121573,0.2751971994086337,0.3056852747424286,256.5958071711326,255.84758973039814,255.8376827262892,256.27416638699384,53611.2,68210.3,80517.1,28.373218685598474,-0.2333287800487085,-0.18195469812249096,-0.051374081926217535,68.74165235642053,42.498182847970135,-49.26068938946912,58.00671809826141,255.83999633789062
hold,255.73500061035156,255.82000732421875,255.83999633789062,255.6649932861328,70933,255.73500061035156,2025-10-01 14:40:00+00:00,255.8010009765625,255.8185791015625,256.19480285644534,256.20615661621093,255.79923402154384,255.8686246006102,255.92551669761903,256.0527751693909,256.105703173196,37.745191388282336,42.251205848386235,45.725853124015394,-0.08985436713207966,-0.16201182745314455,-0.2087596777833284,257.0839309353204,256.19480285644534,255.3056747775703,0.23508030181215814,0.26804047457643215,0.2994623117431612,256.58995321257754,255.79450618494084,255.7955713012568,256.2171326731222,56057.0,68411.3,80020.55,31.608041325706935,-0.23707857258580134,-0.19297947301515306,-0.04409909957064828,39.04312154169052,49.958060753521444,-67.07613390322702,50.08555708632052,255.74666341145834
hold,255.6999969482422,255.74000549316406,255.7449951171875,255.58999633789062,48855,255.6999969482422,2025-10-01 14:41:00+00:00,255.76499938964844,255.78657989501954,256.12080307006835,256.20335662841796,255.76615499710996,255.8348990701366,255.89082135156104,256.0207044220137,256.07565086023646,36.24989188624785,41.5915708709675,45.305867588406905,-0.07034857399379535,-0.12498714130192368,-0.2924606056105693,256.9104179435621,256.12080307006835,255.33118819657457,0.22364008430997484,0.2599660677707495,0.2925830959123856,256.5858042071833,255.76143957555672,255.76070416585358,256.13736746203483,55257.8,65241.1,77366.1,25.072010368515095,-0.24075179009986414,-0.2025339364320953,-0.038217853667768836,32.35346916793824,46.712747688683095,-82.65620501574486,52.14933458956542,255.67832946777344
hold,255.67999267578125,255.69000244140625,255.6999969482422,255.5424041748047,52968,255.67999267578125,2025-10-01 14:42:00+00:00,255.7429992675781,255.7655792236328,256.0673027038574,256.2005563354492,255.73743422333374,255.80391779126555,255.85838617067185,255.98973062690163,256.0463428465731,35.31705207930105,41.19573893829302,45.05753226632029,-0.043004266483760836,-0.0820691368822923,-0.3779471045280287,256.8234293447841,256.0673027038574,255.3111760629308,0.21420475418533558,0.2526536896040888,0.28615498531834344,256.5812487904097,255.74162129282504,255.73821882302818,256.0848050784313,56708.8,62904.8,75512.9,17.934726122343037,-0.24242505530756375,-0.21051216020718902,-0.03191289510037473,46.23391273137466,39.2101678136678,-91.68253637379367,70.79480415156686,255.64079793294272
hold,255.58999633789062,255.7100067138672,255.72500610351562,255.5500030517578,45981,255.58999633789062,2025-10-01 14:43:00+00:00,255.70699768066407,255.7785888671875,256.01105270385744,256.18935638427735,255.68828826151938,255.76113350059057,255.81709542716706,255.95339114608242,256.0125394014855,31.11450900894654,39.379941776705905,43.920321581364554,-0.07037882924635591,0.05092636284466086,-0.22306683057940788,256.73267179437823,256.01105270385744,255.28943361333666,0.2086045109814037,0.2471072154722119,0.28086203610117527,256.5769400780204,255.70780425258195,255.78322686279546,256.04570937372034,52491.2,55998.4,74966.35,19.494865231025486,-0.25140590089495163,-0.21869090834474156,-0.03271499255021007,23.491752654967236,34.02637818476004,-93.02570093459316,63.5853069315108,255.62166849772134
hold,255.5500030517578,255.60499572753906,255.625,255.5,36560,255.5500030517578,2025-10-01 14:44:00+00:00,255.6509979248047,255.7489990234375,255.9524185180664,256.1753564453125,255.64219319159886,255.71890741082404,255.77600429248872,255.91671950114383,255.97827744965383,29.30649947315645,38.566416119275466,43.4091038587386,-0.10944720216270057,-0.11565494533138881,-0.23423418271445734,256.6219041333273,255.9524185180664,255.2829329028055,0.19666100941263176,0.23838527150991104,0.2734400343820717,256.5734030669049,255.66428016951252,255.75816943288305,256.0001768820716,51059.4,52335.3,73208.95,20.22441228786637,-0.25937003882978615,-0.2268267344417505,-0.032543304388035654,22.22297572222976,30.64954703619055,-113.91312696279321,63.30229412682724,255.55833435058594
hold,255.5800018310547,255.55999755859375,255.64999389648438,255.50999450683594,48906,255.5800018310547,2025-10-01 14:45:00+00:00,255.6199981689453,255.71049957275392,255.89835891723632,256.16755645751954,255.62146273808418,255.69112629487017,255.7458500676527,255.88610880386298,255.9487755519798,32.72739110806677,39.57477616341283,43.923182476082644,-0.06060913794629057,-0.1504090451210444,-0.17185657429025647,256.5015069682649,255.89835891723632,255.29521086620778,0.18856649230346115,0.23135770851980578,0.26708571796618436,256.56884713813724,255.6251061246261,255.71756028417144,255.95540687843328,46654.0,51355.5,72311.05,26.833362314632296,-0.2576492571096196,-0.23299123897532434,-0.024658018134295273,35.55540485555405,27.090044410917017,-95.51276414902061,56.1336428603942,255.57999674479166
hold,255.89999389648438,255.60000610351562,255.94500732421875,255.56500244140625,59855,255.89999389648438,2025-10-01 14:46:00+00:00,255.65999755859374,255.7124984741211,255.87985916137694,256.15735626220703,255.71430645755092,255.73289981519304,255.76956450285758,255.8873710850104,255.94516209601719,58.01240678824432,49.160619684114316,49.10176192511608,0.07821546759058824,0.00781187013070034,0.0039057825080216126,256.45847592272094,255.87985916137694,255.30124240003295,0.21591483380475243,0.2419753638264268,0.27246282105410413,256.56511385865593,255.67748511671195,255.7220443184158,255.90815798551938,48854.0,52055.9,65928.75,34.67217442068845,-0.21226228082414877,-0.22884544734508924,0.016583166520940468,89.8847894664655,49.221056681416435,51.89109015784245,22.577281341180957,255.80333455403647
hold,255.82009887695312,255.88999938964844,255.89739990234375,255.69859313964844,46889,255.82009887695312,2025-10-01 14:47:00+00:00,255.68801879882812,255.71550903320312,255.84836349487304,256.1471585083008,255.7495705973517,255.7503396275451,255.7773390219492,255.88125542973245,255.9358981538643,52.287717400966585,47.149427057485994,47.94110172629575,0.05479748325460049,0.011769651515114459,0.14100020188963924,256.36462777574013,255.84836349487304,255.33209921400595,0.21384139423777887,0.2390771776128204,0.2690789132341915,256.5618704595397,255.70500167365645,255.72490310502974,255.87435379913245,47638.2,52173.5,64622.65,44.045107886214154,-0.18555852631919834,-0.22018806313991107,0.034629536820712736,71.28626047914693,65.57548493372217,45.472397485509255,8.432685961438544,255.80536397298178
hold,255.6699981689453,255.83999633789062,255.8625946044922,255.66099548339844,40806,255.6699981689453,2025-10-01 14:48:00+00:00,255.70401916503906,255.70550842285155,255.7993637084961,256.13355834960936,255.7230464545496,255.73427133582516,255.760825044564,255.86205022420634,255.9162018586851,42.98943724936344,43.54510661839007,45.80522882681891,0.0313008459646147,-0.03910001245067531,-0.06875362055384954,256.1664678751578,255.7993637084961,255.43225954183433,0.2120924980743462,0.23640017357574394,0.2658655897989324,256.5585041905382,255.7215658037188,255.71427618560682,255.8212695697187,46603.2,49547.2,62895.95,35.85949926466019,-0.18193052285994327,-0.21253655508391753,0.03060603222397426,27.6300995823964,62.93371650933628,-8.03382332790313,4.806243637597552,255.73119608561197
hold,255.80999755859375,255.66000366210938,255.82000732421875,255.58999633789062,32416,255.80999755859375,2025-10-01 14:49:00+00:00,255.75601806640626,255.70350799560546,255.78179321289062,256.119658203125,255.75203015589767,255.7494165803789,255.76839004672243,255.8573181636961,255.90833487349317,52.23267379150892,47.57086540098263,48.07097004629183,0.10173919144241979,-0.007819361418817464,-0.060554677988964724,256.1094180875874,255.78179321289062,255.4541683381938,0.2146522821106003,0.23594380305805687,0.2641582277288939,256.5562666187299,255.7614961489673,255.71023522993517,255.78477386209434,45774.4,48416.9,58313.6,33.424270357909265,-0.15891829311428296,-0.20181290268999064,0.042894609575707676,71.56755683510374,56.827972298882365,8.875084824730557,14.193715320702646,255.74000040690103
hold,255.6300048828125,255.80999755859375,255.80999755859375,255.61000061035156,51495,255.6300048828125,2025-10-01 14:50:00+00:00,255.76601867675782,255.69300842285156,255.75579376220702,256.099658203125,255.71135506486928,255.7255342408656,255.7471000215055,255.83665331997943,255.88771783714648,42.01506520807222,43.29613561720359,45.50288253903407,0.01956454002643989,-0.04105645581890386,-0.09770204597053005,256.04237318143754,255.75579376220702,255.46921434297647,0.21255866298654133,0.23337617057120905,0.2611029287057174,256.55188874550936,255.7705906329676,255.69756522415943,255.7559258296214,46292.2,46473.1,57442.2,33.49193802104698,-0.16218359628086887,-0.1938870414081663,0.03170344512729742,14.676742233417297,37.958132883639145,-27.150092035863715,15.324313338365938,255.68333435058594
hold,255.7449951171875,255.6300048828125,255.77999877929688,255.52999877929688,48963,255.7449951171875,2025-10-01 14:51:00+00:00,255.73501892089843,255.6975082397461,255.7420440673828,256.082158203125,255.72256841564203,255.72942641613002,255.74677619007196,255.82832075608925,255.8771457838162,49.39352932711042,46.59769008938826,47.38828812801578,-0.060570059786548676,0.01759803264855762,-0.017591841012707825,256.00172664874515,255.7420440673828,255.48236148602047,0.21790742541703542,0.2345635869589798,0.2605742178149689,256.54827879410203,255.72979312480945,255.70230559227028,255.73640706623766,44113.8,46483.9,55862.5,40.37683395493725,-0.14771936768616456,-0.18465350666376595,0.036934138977601394,74.13448384720614,53.4595943052424,-18.18736541113186,14.511424760732245,255.68499755859375
hold,255.72500610351562,255.75,255.8000030517578,255.67999267578125,36654,255.72500610351562,2025-10-01 14:52:00+00:00,255.71600036621095,255.70200958251954,255.73379440307616,256.069658203125,255.7233809782666,255.72854235360717,255.74342694598636,255.8189285149462,255.86587617786802,48.15092565552752,46.09525825170282,47.09092427312209,-0.03717173664421053,0.017605377434226906,-0.01759321585551442,255.98447890236466,255.73379440307616,255.48310990378766,0.203922132639825,0.22638121474595,0.2538807015369495,256.5455307099003,255.7088273756164,255.70679572124808,255.72513938736498,42066.8,44852.5,53878.65,47.73628504414828,-0.13733382426084972,-0.1751895701831827,0.037855745922332984,69.64577656675749,52.81900088246031,30.814092961503174,0.9573974690253841,255.73500061035156
hold,255.69000244140625,255.72999572753906,255.76950073242188,255.64999389648438,39144,255.69000244140625,2025-10-01 14:53:00+00:00,255.72000122070312,255.7120101928711,255.74529953002929,256.0586584472656,255.71225479931314,255.720834371167,255.73520779143558,255.8072079628062,255.85284849368566,45.797124913462234,45.176643272334005,46.55378907872268,0.007824254939650286,0.039127549962251526,-0.054723601081350284,255.9636871534739,255.74529953002929,255.52691190658467,0.19186280453949284,0.21874733054534642,0.24748194603221382,256.5424917909647,255.71288916341112,255.71746659367395,255.75422982409643,41734.4,44168.8,50083.6,41.44513849959674,-0.13201412251865463,-0.16655448065027711,0.034540358131622484,59.259677875105965,67.67997942968987,10.778706463961495,14.23500941113202,255.70316569010416
hold,255.8000030517578,255.69000244140625,255.92999267578125,255.69000244140625,57994,255.8000030517578,2025-10-01 14:54:00+00:00,255.71800231933594,255.73701019287108,255.7430046081543,256.04605865478516,255.74150421679474,255.7366681072852,255.7451762930236,255.8065529708927,255.84893401650584,54.0350887718046,48.64053311933367,48.492391246070106,-0.003907003999579117,0.09782821248856188,0.02541789010151583,255.95805444336912,255.7430046081543,255.5279547729395,0.19873815165885103,0.2202646808188931,0.24712519785806078,256.53860480522843,255.72101815851266,255.74102212859253,255.75011926044317,46850.0,46312.2,49323.75,51.23311717475801,-0.11226590922063906,-0.1556967663643495,0.04343085714371045,53.57493188010899,60.826795440657484,115.59657850085436,14.652862160227706,255.8066660563151
hold,255.86000061035156,255.8000030517578,255.94369506835938,255.8000030517578,39583,255.86000061035156,2025-10-01 14:55:00+00:00,255.76400146484374,255.76501007080077,255.73775482177734,256.03686279296875,255.78100301464704,255.7613346078985,255.76284157261253,255.81141184720713,255.8497537641981,58.08846060011161,50.47840911206784,49.54058547090817,0.0899721171794753,0.10955425983679341,0.06257476105553585,255.93528390290126,255.73775482177734,255.54022574065343,0.19087441807923838,0.2147952048033695,0.242199808274418,256.5361886978416,255.76684060462318,255.76875331335685,255.741575634758,44467.6,45379.9,48367.7,58.18087511149525,-0.08841915629960795,-0.1422412443514012,0.053822088051793254,71.50353283458021,61.44604752993172,143.45986075482088,26.072065643952907,255.8678995768229
hold,255.7270050048828,255.8699951171875,255.8699951171875,255.6750030517578,33146,255.7270050048828,2025-10-01 14:56:00+00:00,255.76040344238282,255.74771118164062,255.73010482788087,256.0291030883789,255.76300367805896,255.75446868729537,255.75732825450027,255.8037384979049,255.84066126350808,47.30116947657839,46.50567039553717,47.300182192797436,-0.00703439466975456,-0.06760019371924614,0.01838717555079766,255.91654448032355,255.73010482788087,255.54366517543818,0.19146265341501684,0.2133806948481065,0.23995182051990702,256.53378335852494,255.76562634463178,255.7471204150549,255.73334570755208,41304.2,42709.0,47382.45,60.04379760004064,-0.08619257621271004,-0.13103151072366298,0.044838934510952944,19.353739564995173,48.14406809322813,35.835699396302815,15.61022688237122,255.75733439127603
hold,255.73219299316406,255.7270050048828,255.818603515625,255.70199584960938,25799,255.73219299316406,2025-10-01 14:57:00+00:00,255.7618408203125,255.73892059326172,255.72721481323242,256.023046875,255.75273344976068,255.75001354846913,255.75346129121777,255.79723436111027,255.83262657681593,47.74281822266873,46.68195117839345,47.397618645534465,0.0028103976838026934,-0.034362383634033516,0.05563467166588679,255.91163249639965,255.72721481323242,255.5427971300652,0.1807690837865323,0.2064683356457864,0.23407828935303646,256.5319330258816,255.7688274489798,255.73774356860832,255.73052241249675,39133.2,40600.0,46386.75,62.06733974112358,-0.08261302834679896,-0.12134781424829019,0.03873478590149124,21.284570390141404,37.380614263238925,23.369072344907728,13.285373314956136,255.7509307861328
hold,255.67999267578125,255.72000122070312,255.7550048828125,255.58099365234375,41308,255.67999267578125,2025-10-01 14:58:00+00:00,255.7598388671875,255.73992004394532,255.72271423339845,256.0196466064453,255.7284865251009,255.73600937393158,255.74215842730445,255.78657602608035,255.82132036192448,43.466664708249894,45.072536131656655,46.489524427154905,-0.003914805244406782,0.003909143390900791,0.050866610241092444,255.90712860235672,255.72271423339845,255.53829986444018,0.17980367616970624,0.2041499709902838,0.2312179532156895,256.52879587342346,255.76587511255545,255.73867553179116,255.7252724926208,39566.0,40650.2,45098.7,61.57704200471763,-0.08531098799289794,-0.11414044899721175,0.028829461004313814,34.25554382259768,24.964617925911416,-82.07132344198948,5.068046829937494,255.6719970703125
hold,255.52999877929688,255.689697265625,255.69000244140625,255.52999877929688,37925,255.52999877929688,2025-10-01 14:59:00+00:00,255.70583801269532,255.71192016601563,255.70771408081055,256.01324462890625,255.66232394316623,255.69480725500466,255.7095184814571,255.7632508218273,255.79974098543352,33.42929914776134,40.72751315929487,43.94905666239391,-0.10555288085993715,-0.10945576090423939,-0.01956454002643989,255.9032501764435,255.70771408081055,255.5121779851776,0.17697510273251607,0.20099666321307602,0.2278267964963412,256.52543053032656,255.7044171682092,255.71385570741953,255.71189971312918,35552.2,41201.1,44809.0,54.46222502065197,-0.10493373042885423,-0.11229910528354026,0.007365374854686024,0.0,18.51337140424636,-194.79783648768588,2.6256245159526816,255.58333333333334
hold,255.5500030517578,255.52999877929688,255.61000061035156,255.49000549316406,54491,255.5500030517578,2025-10-01 15:00:00+00:00,255.64383850097656,255.70391998291015,255.69846420288087,256.0042446899414,255.6248836460301,255.66584641435531,255.68497764611874,255.7438646609119,255.78124187923532,35.73823587287684,41.536972869798475,44.37472293961709,-0.12115905489496358,-0.031295947082331924,-0.13676860221737222,255.90514697073203,255.69846420288087,255.4917814350297,0.1688351047975138,0.19521083849696347,0.2226919546244916,256.52073106092337,255.6287815495582,255.70274602289246,255.70000921059608,38533.8,41500.7,43986.9,44.75845042389253,-0.11539546488000951,-0.11291837720283411,-0.002477087677175402,22.640640294812,18.965394705803224,-179.8771476966921,48.19894989621067,255.5500030517578
hold,255.5850067138672,255.5399932861328,255.63999938964844,255.52999877929688,39348,255.5850067138672,2025-10-01 15:01:00+00:00,255.61543884277344,255.68792114257812,255.6927146911621,256.00004486083986,255.61159133530913,255.6496784742577,255.6695975026954,255.72942302936238,255.76670594105988,39.98744888491986,43.00374883616075,45.140179800208855,-0.05552729599789968,-0.06255778465850431,-0.09189745610997299,255.9052225486347,255.6927146911621,255.48020683368952,0.16043017701952073,0.18912439362943484,0.2173257001353045,256.5174869822642,255.60374940869823,255.68621523606024,255.69480999433742,39774.2,40539.2,43511.55,44.03553340673741,-0.11702746680217047,-0.11374019512270139,-0.0032872716794690726,47.50133516441596,23.38065848640932,-119.41662003870242,42.49765184721353,255.58500162760416
hold,255.5800018310547,255.5823974609375,255.61900329589844,255.52999877929688,39199,255.5800018310547,2025-10-01 15:02:00+00:00,255.58500061035156,255.67342071533204,255.68771514892578,256.001044921875,255.60106150055765,255.63574314561714,255.65581355321223,255.71583928406167,255.75287600698545,39.55119164066266,42.83825593050376,45.04711504387498,-0.05951192938522339,-0.05670320422330573,-0.03520019499165323,255.9058162163898,255.68771514892578,255.46961408146174,0.15022651124552672,0.18197297384172967,0.21121516758607872,256.5142602510366,255.58375328425504,255.67252366182566,255.69047177330341,42454.2,40793.7,42823.1,44.159908147726654,-0.11713286136830448,-0.11441872837182201,-0.00271413299648246,60.0,43.380658486409324,-105.73884132547568,39.58470394736842,255.57633463541666
hold,255.42999267578125,255.5800018310547,255.6199951171875,255.41000366210938,49878,255.42999267578125,2025-10-01 15:03:00+00:00,255.53500061035157,255.64741973876954,255.67971496582032,255.9965447998047,255.54403855896555,255.59459305164998,255.6210718797613,255.68985322876344,255.72895872319253,28.629255186319256,38.10496530798179,42.30238304852826,-0.09777847589233005,-0.1016894532998347,-0.14854966046644022,255.9219678199558,255.67971496582032,255.43746211168485,0.1587643603644693,0.18397429393004364,0.21115689556189046,256.50953232108486,255.53102426919614,255.64199575358788,255.68074070123873,44168.2,41867.1,43017.95,37.41683203707263,-0.13436567154255386,-0.1184081170059684,-0.015957554536585455,8.691036953493,38.73079070596965,-147.67044791421165,43.32606892827524,255.48666381835938
hold,255.45489501953125,255.42999267578125,255.5800018310547,255.3800048828125,60921,255.45489501953125,2025-10-01 15:04:00+00:00,255.51997985839844,255.61290893554687,255.674959564209,255.98604278564454,255.51432404582079,255.56665344522625,255.5955062089567,255.6684933915605,255.70865770810653,32.25253892218056,39.303910262849875,42.90872064083309,-0.029391367011468845,-0.13491322443680126,-0.06850129481534258,255.93057598676197,255.674959564209,255.41934314165601,0.1646547300612862,0.1851187692380539,0.21062546949904745,256.50394519059586,255.51216339773526,255.59322455669053,255.67059175432865,48767.4,42159.8,44236.0,36.836291961837794,-0.14200426288027757,-0.12312734618083024,-0.018876916699447327,31.205493387589012,33.29884344702734,-124.58527216292757,45.39643607038668,255.4716339111328
hold,255.3112030029297,255.4600067138672,255.4698944091797,255.3000030517578,57359,255.3112030029297,2025-10-01 15:05:00+00:00,255.47221984863282,255.5580291748047,255.66151962280273,255.9711785888672,255.44661703152377,255.51556335676696,255.5517672541833,255.6360124471395,255.67921661883418,24.037486001008958,35.0811679758753,40.34023713772395,-0.09344552767614706,-0.2144913648529366,-0.16961900429724547,255.96031319759368,255.66151962280273,255.36272604801178,0.16540281968422746,0.18403109696546968,0.20868574987632493,256.4980254051078,255.45708219600448,255.53237373066477,255.65247232102305,49341.0,43937.4,44658.65,28.343025219500518,-0.1636532620672142,-0.13123252935810703,-0.03242073270910717,3.500071527347289,14.4655339561431,-153.2533496449875,45.396436070386684,255.36036682128906
hold,255.4250030517578,255.33990478515625,255.4600067138672,255.3101043701172,62347,255.4250030517578,2025-10-01 15:06:00+00:00,255.44021911621093,255.5278289794922,255.6377700805664,255.95227874755858,255.4394123716018,255.49745129576513,255.53226506919475,255.61682977483207,255.66038598423592,38.50901733053369,40.530549734668725,43.169118379037,-0.06260291406236615,-0.1180954483548711,-0.11731471095805682,255.93244864976475,255.6377700805664,255.34309151136807,0.16318846597933784,0.18159332887865043,0.20588654006078566,256.4922677516216,255.43100318963005,255.50431954951333,255.6200970128106,53940.8,46857.5,44783.25,31.21914888521728,-0.1629346884707843,-0.1375729611806425,-0.0253617272901418,44.643051771117165,26.449538895351157,-112.67834913338562,49.026777892050426,255.39837137858072
hold,255.52499389648438,255.42930603027344,255.57960510253906,255.3699951171875,59686,255.52499389648438,2025-10-01 15:07:00+00:00,255.42921752929686,255.50710906982422,255.62301483154297,255.93597869873048,255.46793954656266,255.50295981590898,255.53114642723932,255.60848105861865,255.65035694069877,48.555589983901385,44.90656528775086,45.55105262921922,-0.021522785106901376,-0.08102190586745021,-0.06453460962349838,255.90912586801426,255.62301483154297,255.3369037950717,0.16982011160394134,0.18359451862671558,0.2060638469793941,256.48732444057043,255.43020830482695,255.4950751929263,255.60352591571592,58038.2,50246.2,45423.1,39.30214942543752,-0.14739712478979072,-0.13953779390247215,-0.007859330887318577,80.46823837590046,42.870453891454964,-56.58858033521044,27.301380657096853,255.4915313720703
hold,255.44500732421875,255.52499389648438,255.6199951171875,255.30999755859375,74856,255.44500732421875,2025-10-01 15:08:00+00:00,255.43222045898438,255.48361053466797,255.61176528930665,255.91062896728516,255.46029547244802,255.49136931757096,255.51789425754384,255.59361981003684,255.63514585799655,42.13143017703537,42.229595982585266,44.0020076934178,0.005878185361167895,-0.09190603813121842,-0.13877862521652656,255.9071449841447,255.61176528930665,255.31638559446858,0.18984546117391402,0.19262330719578946,0.2110130713419825,256.4806862795466,255.4337573548323,255.4738322090981,255.58805817159129,63033.8,53601.0,47125.6,29.736671477912182,-0.1437765404255913,-0.14038554320709598,-0.003390997218495312,43.551880291395946,56.22105681280453,-67.39177209742465,58.673154155081875,255.45833333333334
hold,255.3865966796875,255.44000244140625,255.47999572753906,255.36500549316406,37628,255.3865966796875,2025-10-01 15:09:00+00:00,255.41856079101564,255.46927032470703,255.59059524536133,255.87876068115236,255.43572920819452,255.47041478999427,255.49769463018131,255.57479952545964,255.61673480775144,37.86348009986383,40.33850282371165,42.8837985035546,-0.02673596833543868,-0.05611947728032999,-0.18502459530007112,255.88680033497704,255.59059524536133,255.29439015574562,0.17915185734549774,0.18707808770859022,0.2064405552959357,256.47719489876914,255.4232656064341,255.4637286355887,255.5724682106043,58375.2,53571.3,47386.2,23.94413615715655,-0.1463200177571764,-0.14157243811711206,-0.004747579640064337,24.709588501673558,49.576569056323315,-86.10181006455079,61.472865170747035,255.41053263346353
hold,255.3300018310547,255.375,255.4199981689453,255.3000030517578,27424,255.3300018310547,2025-10-01 15:10:00+00:00,255.4223205566406,255.44727020263673,255.57559509277343,255.84676086425782,255.40048674914792,255.44233219820637,255.47189573800796,255.55254518960461,255.59549532799613,33.97319672832377,38.53775857502884,41.803030364179804,0.007363103500313021,-0.08608930466675324,-0.15524491589010894,255.89199452136774,255.57559509277343,255.25919566417912,0.17070089446578376,0.18228644695708376,0.20232410586220065,256.47453299950786,255.43804043396548,255.4472761261833,255.562061435627,52388.2,50864.6,46182.65,24.150962354852382,-0.15316312978976043,-0.14389057645164174,-0.009272553338118689,9.374850984693147,25.878773259254217,-114.17323591156207,58.24709339465952,255.3500010172526
hold,255.35000610351562,255.32000732421875,255.4936981201172,255.3000030517578,55329,255.35000610351562,2025-10-01 15:11:00+00:00,255.40732116699218,255.42377014160155,255.55584564208985,255.8101611328125,255.3836598672705,255.42386697926824,255.45314348654762,255.5341325454147,255.5773109409976,36.657007747689754,39.56471816467367,42.34233172879361,-0.02936163153416526,-0.09194616435957476,-0.1494480945770694,255.87676189279424,255.55584564208985,255.23492939138546,0.17398577645058252,0.18310134848581885,0.20191319931444704,256.4692931525668,255.42212186325605,255.4266876390327,255.53981480268655,50984.6,52462.7,46500.95,31.057652951780057,-0.15344396172935149,-0.1458012535071837,-0.007642708222167782,25.815345832676854,19.966595106347853,-86.02847432046211,43.489341983317885,255.38123575846353
hold,255.3249969482422,255.35000610351562,255.42999267578125,255.1999969482422,48172,255.3249969482422,2025-10-01 15:12:00+00:00,255.36732177734376,255.3982696533203,255.53584518432618,255.78166107177734,255.36410556092773,255.40409297306306,255.43342863450064,255.51512021839903,255.55862101560828,34.605381023474706,38.6942510849234,41.833445909636104,-0.0782690355226887,-0.09977497495326929,-0.13884376474823354,255.86191624754923,255.53584518432618,255.20977412110312,0.18198719803465108,0.18645094698962197,0.20325046256323825,256.4646696536739,255.3776751846973,255.40624459748503,255.52161455391789,48681.8,53360.0,47076.85,30.7577669048476,-0.15452804254522334,-0.14754661131479163,-0.006981431230431712,42.56026600166251,25.916820939677507,-122.74016818679257,41.9470009520787,255.31832885742188
hold,255.60000610351562,255.35000610351562,255.6352996826172,255.32119750976562,47832,255.60000610351562,2025-10-01 15:13:00+00:00,255.39832153320313,255.41527099609374,255.53134536743164,255.75936126708984,255.4427390751237,255.4432755991536,255.459055937426,255.52283711704598,255.5616865776755,61.936044397238376,51.36554907616328,48.92141570909627,0.0606779443139187,0.06655969643712671,0.02739691016835007,255.85120749021462,255.53134536743164,255.21148324464866,0.20086076586563845,0.19556889169404632,0.20852911543411085,256.46121452337104,255.40352872294116,255.42145188349397,255.51862394551728,43277.0,53155.4,47511.25,37.02804033605859,-0.11841097852189364,-0.14171948475621204,0.023308506234318405,91.89217610768368,53.42259598067435,59.75678448572857,7.188289910621358,255.51883443196616
hold,255.5500030517578,255.5800018310547,255.625,255.47999572753906,57346,255.5500030517578,2025-10-01 15:14:00+00:00,255.43100280761718,255.4247817993164,255.51884536743165,255.73590759277343,255.47849373400177,255.46462108967444,255.47304780116934,255.52530674747433,255.5608211313112,56.89224954575553,49.36754895715421,47.809175893394666,0.06398392640599734,0.03723085134825498,0.0,255.81434665196122,255.51884536743165,255.2233440829021,0.192881266807824,0.19195713317739568,0.2055041229115788,256.45686996709753,255.4418036952366,255.43155551641257,255.50333415473585,47220.6,52797.9,47478.85,44.87807050517569,-0.09620004163676299,-0.13261559613232224,0.03641555449555925,80.40521592821088,71.61921934585236,89.82021034850119,2.9874974096843165,255.55166625976562
hold,255.33999633789062,255.5384063720703,255.5800018310547,255.30999755859375,69670,255.33999633789062,2025-10-01 15:15:00+00:00,255.43300170898436,255.4276611328125,255.4928451538086,255.70948364257814,255.43232793529808,255.4396961393177,255.4525783452803,255.5084603466031,255.54446373920598,40.6657139111893,41.98163454928542,43.45263762973619,0.0039143487895130355,0.011277740507378791,-0.09586257782752367,255.75310844327532,255.4928451538086,255.23258186434185,0.20389883904398307,0.1975319288405058,0.20857555860440538,256.45043769280596,255.4273367337495,255.43252605418533,255.47730719650096,55669.8,54029.0,48983.2,37.793987183488596,-0.10476759988827666,-0.12704599688351315,0.022278396995236482,9.221820910924528,60.50640431560637,-31.949226851784527,22.11737698075519,255.40999857584634
hold,255.27999877929688,255.33999633789062,255.41000366210938,255.22000122070312,35311,255.27999877929688,2025-10-01 15:16:00+00:00,255.41900024414062,255.4131607055664,255.4704948425293,255.6896838378906,255.38155154996434,255.40775666731355,255.4260276428213,255.4876911132116,255.52487374217569,37.13543954557819,40.134227096192994,42.29646147195676,-0.0274162218701377,-0.05676980355425686,-0.1173812698992477,255.72314753466705,255.4704948425293,255.21784215039153,0.20191363938144977,0.19699410830948752,0.2076911244521123,256.4470311986683,255.42375983407635,255.42294628671885,255.46178143684574,51666.2,51325.4,49091.45,37.99358665254497,-0.1171170748621364,-0.12506021247923782,0.007943137617101415,14.814256649837992,34.81376449632446,-124.5296755685696,28.411504364149582,255.30333455403647
hold,255.38999938964844,255.27999877929688,255.41000366210938,255.27999877929688,39300,255.38999938964844,2025-10-01 15:17:00+00:00,255.43200073242187,255.3996612548828,255.45338516235353,255.66848358154297,255.38436749652573,255.40420521178055,255.42048483464086,255.47881004743314,255.51488304939588,46.9806071555828,44.91991273132988,45.10814593444599,0.02545870642639305,-0.05283025538027214,-0.015657239666281558,255.6775751206464,255.45338516235353,255.22919520406066,0.1916409598715998,0.19220916363113125,0.20399177961213075,256.44361828754603,255.43751287674223,255.40796128730454,255.45193808620192,49891.8,49286.8,49766.5,43.90179791743635,-0.11067783761532723,-0.12218373750645571,0.011505899891128477,47.221633535370664,23.752570365377732,-58.19789042051968,19.76595973401723,255.36000061035156
hold,255.3699951171875,255.38499450683594,255.46499633789062,255.3699951171875,40637,255.3699951171875,2025-10-01 15:18:00+00:00,255.38599853515626,255.39216003417968,255.43788528442383,255.64288360595702,255.379576703413,255.39736319286195,255.41271718580188,255.46891778104717,255.504150609973,45.46978081686125,44.227491728485965,44.69231769693391,-0.08998864664931686,-0.02936530559630088,-0.03323479173779732,255.63893438149765,255.43788528442383,255.23683618735,0.17783528284753197,0.18526573913627367,0.1988017529974162,256.44004580298736,255.39410529155396,255.39855115146148,255.43911922524737,48452.8,45864.9,49732.95,50.85182231440879,-0.10678741711106454,-0.11910447342737748,0.012317056316312941,61.223218734429494,41.086369639879386,-7.732792021221553,10.93700846378548,255.40166219075522
hold,255.4199981689453,255.3699951171875,255.5,255.36399841308594,36049,255.4199981689453,2025-10-01 15:19:00+00:00,255.35999755859376,255.39550018310547,255.43238525390626,255.62805541992188,255.3930505252571,255.40189018807862,255.41383733705473,255.46447054358333,255.4979170958228,50.145228401536244,46.44953743734432,45.99886441131295,-0.05087258120132735,0.013078794929753307,0.04261276619905182,255.62902387850454,255.43238525390626,255.23574662930798,0.17185904057132204,0.18174687112040147,0.19581126889820888,256.43704366638775,255.35787046635576,255.40122681688948,255.43495325741154,44193.4,45707.0,49639.15,57.63028566825496,-0.0960269077441751,-0.11448896029073702,0.018462052546561913,63.63573311138854,57.360195127062894,18.269909220884305,0.36987117199009345,255.4279988606771
hold,255.39999389648438,255.41000366210938,255.44000244140625,255.35000610351562,46739,255.39999389648438,2025-10-01 15:20:00+00:00,255.3719970703125,255.40249938964843,255.42488479614258,255.61305541992186,255.3953649823329,255.4015109297598,255.411707576967,255.45860903021068,255.49066352550145,48.21571584906067,45.665686048670246,45.54689009030631,0.023497125187687172,0.027412393736635562,-0.009791193099592444,255.61431755980843,255.42488479614258,255.23545203247673,0.16016436875979387,0.17519326160398888,0.19077246265975253,256.43310143852904,255.3741003312841,255.4052060533153,255.42693001356025,39607.2,47638.5,49251.55,49.73848101795037,-0.0891525957416377,-0.10942168738091715,0.020269091639279452,33.326551373346895,52.72850107305498,-19.684148221584824,1.0521761970242358,255.39666748046875
hold,255.49000549316406,255.41259765625,255.5,255.36940002441406,30572,255.49000549316406,2025-10-01 15:21:00+00:00,255.41399841308595,255.41649932861327,255.4201347351074,255.6024557495117,255.42691181927665,255.41920984244067,255.42375341022807,255.46146325411553,255.49061478236533,56.91805142805889,49.77293062979581,47.962613091067716,0.08226524399537836,0.05482646810342489,-0.013692751846610606,255.5976589727756,255.4201347351074,255.24261049743922,0.15594088402067152,0.1720080268884138,0.187907106132428,256.43076225709996,255.40962220959165,255.4177089240353,255.42253397109056,38659.4,45162.8,48812.75,47.475301969793,-0.0714049399246619,-0.1018183378896661,0.030413397965004196,93.33672431332656,63.43300293268734,55.79309569445707,7.54229902823223,255.45313517252603
hold,255.22999572753906,255.4958038330078,255.50999450683594,255.2100067138672,71277,255.22999572753906,2025-10-01 15:22:00+00:00,255.38199768066406,255.40699920654296,255.40263442993165,255.58925567626954,255.3612731220308,255.38136701946036,255.39394453596825,255.4404207516995,255.471309667193,36.33829048499819,40.29694527887159,42.2743245639629,-0.0626507155690374,-0.037207959204395104,-0.08417138347385592,255.5826591032439,255.40263442993165,255.2226097566194,0.176519013870397,0.18114943875129494,0.1932442816960624,256.42385846051536,255.35621143010758,255.39893308117468,255.4028022643743,45054.8,47473.3,50416.65,47.74241355068495,-0.08994264773264149,-0.09944319985826118,0.00950055212561969,6.663275686673448,44.44218379111563,-104.0442318726155,16.487205002153544,255.31666564941406
hold,255.4250030517578,255.23500061035156,255.4468994140625,255.2100067138672,46597,255.4250030517578,2025-10-01 15:23:00+00:00,255.39299926757812,255.38949890136718,255.40238494873046,255.58855773925782,255.38251643193985,255.39009422591985,255.39872276916665,255.43901914261386,255.4678795475311,51.63851979579749,48.25402467925125,47.205163248574785,0.021540484638796247,-0.06846754600112877,0.01503852299597491,255.58227105259343,255.40238494873046,255.2224988448675,0.18514382620252778,0.18513110028301047,0.19532277781507432,256.4201181189832,255.36765159678794,255.3811865597842,255.40248216824946,46246.8,47349.8,50252.6,54.229500119212155,-0.07778532161125895,-0.09511162420886074,0.01732630259760179,71.66836215666328,57.222787385554426,-43.412338141441786,16.487205002153548,255.36063639322916
hold,255.22999572753906,255.4250030517578,255.4250030517578,255.22999572753906,21423,255.22999572753906,2025-10-01 15:24:00+00:00,255.35499877929686,255.3574981689453,255.39113998413086,255.57623962402343,255.3316761971396,255.3580745262437,255.37276476276242,255.42001701397066,255.45025852382798,40.3302258910909,42.19743837398856,43.319833780651294,-0.07438824006277478,-0.12522297804627194,-0.039167392315218985,255.5841305555511,255.39113998413086,255.19814941271062,0.1865528973477024,0.185836544849849,0.19530775621524935,256.4180727316842,255.3453253518357,255.35166039456016,255.3953482116481,43321.6,43757.5,48277.7,54.73336140042392,-0.09218399758427154,-0.09452609888394291,0.0023421012996713703,6.663275686673448,28.331637843336722,-110.349973790456,10.846506318276223,255.2949981689453
hold,255.19500732421875,255.27000427246094,255.30999755859375,255.17999267578125,33506,255.19500732421875,2025-10-01 15:25:00+00:00,255.31400146484376,255.34299926757814,255.3853302001953,255.56083984375,255.286119906166,255.32546108583873,255.34541746452493,255.3995615876296,255.43135102756062,38.56252509674702,41.19828672759559,42.658371445709676,-0.08026099340813128,-0.05678272724654209,-0.060700519127475754,255.59395897616767,255.3853302001953,255.17670142422295,0.17847460955695918,0.18184856899003835,0.1921980955770232,256.41479396813224,255.3079967276603,255.34060892126547,255.3933453075975,40675.0,40141.1,47085.05,47.78747066198322,-0.10588994172189814,-0.09679886745153396,-0.00909107427036418,5.625428767436542,27.985688870257757,-146.30790547485492,24.298579277609804,255.22833251953125
hold,255.2075958251953,255.21499633789062,255.22999572753906,255.10000610351562,35649,255.2075958251953,2025-10-01 15:26:00+00:00,255.25751953125,255.33575897216798,255.37445983886718,255.54739166259765,255.2599452125091,255.30188803371004,255.3242141353973,255.38211015468102,255.41477656812614,39.67244216670873,41.732855558332304,42.98724545677143,-0.11053648357931803,-0.028362172691860085,-0.045981053343818815,255.59594668209544,255.37445983886718,255.15297299563892,0.17154818305217037,0.17814435863528114,0.18923578740780483,256.4113605492151,255.26413260665905,255.3341332881245,255.38395129613164,41690.4,40174.9,45750.15,48.766737743759066,-0.11288853441610058,-0.10001680084444728,-0.012871733571653304,33.1048406028452,15.13118168565173,-160.83757266060135,22.64890542470849,255.17919921875
hold,255.1699981689453,255.21499633789062,255.22999572753906,255.11500549316406,32411,255.1699981689453,2025-10-01 15:27:00+00:00,255.24552001953126,255.31375885009766,255.35671005249023,255.53499176025392,255.2299628646545,255.27551006075709,255.300488602097,255.36282724688687,255.39664483485348,37.32298725974472,40.54723337206605,42.227735659703846,-0.02350725212478477,-0.08614324023215537,-0.16823471216826313,255.58392144404095,255.35671005249023,255.1294986609395,0.1634684760982889,0.17363334975954678,0.18570028488243318,256.40815892503895,255.26048951744352,255.31510041283298,255.36665691829305,33917.2,39486.0,44386.4,42.00794354201229,-0.12113477409639017,-0.10424039549483585,-0.016894378601554322,33.33091120476675,24.020393525016164,-139.2915357500217,57.94742358452226,255.17166646321616
hold,255.47659301757812,255.17999267578125,255.47659301757812,255.17999267578125,48571,255.47659301757812,2025-10-01 15:28:00+00:00,255.2558380126953,255.3244186401367,255.3582893371582,255.52912353515626,255.31217291562905,255.31572665212133,255.3275815890941,255.373169589677,255.4025669224627,59.910209847473716,52.41845732215658,49.81918735639559,0.02019769607670656,0.041742531397123604,-0.02872628969009224,255.58835485677136,255.3582893371582,255.12822381754503,0.18391510074607798,0.18313059967906575,0.19145716887054648,256.40457222851336,255.2769882697552,255.32903582697574,255.36604713713794,34312.0,40279.4,43072.15,41.13810221852583,-0.08684027034138353,-0.1007603704641454,0.013920100122761875,100.0,55.47858393587065,39.43297994436236,17.37347405900305,255.37772623697916
hold,255.52450561523438,255.47000122070312,255.5449981689453,255.38999938964844,34263,255.52450561523438,2025-10-01 15:29:00+00:00,255.3147399902344,255.33486938476562,255.36518478393555,255.52301361083985,255.38295048216418,255.35748244474397,255.3578775931157,255.38692741018218,255.41159941822357,62.381841390520215,53.96541078186187,50.878325882570095,0.11538999828597934,0.040915921634271164,0.07226023341035434,255.60623511822516,255.36518478393555,255.12413444964594,0.17978419768190612,0.1811211839374807,0.18972105508132403,256.40218844402807,255.3284384218162,255.33756004566825,255.37147324600912,36880.0,40100.8,42903.9,49.982430104808394,-0.05411697347960853,-0.09143169106723804,0.03731471758762951,95.23420865862313,76.18837328779664,125.4951718990574,8.34429551676325,255.48650105794272
hold,255.75,255.5301055908203,255.7899932861328,255.52040100097656,86616,255.75,2025-10-01 15:30:00+00:00,255.4257385253906,255.3698699951172,255.3861846923828,255.52331359863283,255.5053003214428,255.4359859557952,255.41820411725172,255.4199340092565,255.43666612798478,71.89568084689895,60.47793118733055,55.517876337325134,0.21747787372507094,0.13704233041504504,0.18411204283554783,255.67894784086673,255.3861846923828,255.0934215438989,0.19261392446395526,0.18744054831024992,0.19352444698965382,256.3977530353944,255.50099839828906,255.41196902608516,255.40845667009077,47502.0,44088.5,45863.5,60.090912323383904,-0.0006801721895897117,-0.07328138729170838,0.07260121510211867,93.44373014483328,96.22597960115213,226.09142745495478,40.12527856411492,255.68679809570312
hold,255.6800994873047,255.75489807128906,255.82969665527344,255.6699981689453,45214,255.6800994873047,2025-10-01 15:31:00+00:00,255.5202392578125,255.38887939453124,255.40268936157227,255.52291564941407,255.56356671006344,255.48480866209712,255.4584957126445,255.4435854163518,255.45469822867514,65.87087397195486,57.75052348203802,53.86203237941974,0.18514482712850633,0.07440369096775146,0.11359101701302109,255.72149345183198,255.40268936157227,255.08388527131257,0.1879117190159795,0.18545897245438386,0.19191368695815245,256.39521433681097,255.57610670534956,255.43334540948732,255.4255607699806,49415.0,45552.7,45357.75,60.48229241213524,0.030110433421981497,-0.05260302314897041,0.08271345657095192,65.97723486951693,84.88505789099112,188.42030638349217,42.38270495841424,255.72659810384116
hold,255.71009826660156,255.69000244140625,255.72999572753906,255.6199951171875,47079,255.71009826660156,2025-10-01 15:32:00+00:00,255.62825927734374,255.4368896484375,255.42194442749025,255.52351776123047,255.61241056224281,255.52986658299804,255.49720379786868,255.4678138572836,255.473616750003,67.2451863973894,58.61315118698616,54.47390286367763,0.2116628528165194,0.18810584457126855,0.1331805442757641,255.76523124994742,255.42194442749025,255.07865760503307,0.1767815606353485,0.1800690894470395,0.18801306426260056,256.39270003151194,255.6504948360181,255.4971561039695,255.4456919544075,52348.6,43132.9,45303.1,53.24847513691642,0.05624983299503583,-0.030832451920169163,0.08708228491520499,61.3320177602368,73.584327591529,129.30991355933216,32.56657009332188,255.68669637044272
hold,255.61000061035156,255.6999969482422,255.6999969482422,255.55999755859375,33006,255.61000061035156,2025-10-01 15:33:00+00:00,255.65494079589843,255.45538940429688,255.42244415283204,255.5239178466797,255.61160724494573,255.54589338846876,255.51455715363528,255.48073992574433,255.48371925817696,58.13250005498844,54.6067588268606,52.05524114070232,0.05221910594535694,0.07242734907837632,0.07438824006277478,255.76679379644992,255.42244415283204,255.07809450921417,0.17297001025998623,0.177928490772809,0.1862077139647535,256.39069140781476,255.6793765102989,255.51412047290782,255.44349502465818,49235.6,41773.8,44561.8,47.62971823639058,0.06217413029179397,-0.012231135477776536,0.0744052657695705,18.54031117397454,48.61652126790943,83.23528053790653,22.954852470671884,255.62333170572916
hold,255.5659942626953,255.61000061035156,255.6300048828125,255.51499938964844,36729,255.5659942626953,2025-10-01 15:34:00+00:00,255.66323852539062,255.4889892578125,255.4232437133789,255.52423767089843,255.59640291752896,255.54991356331408,255.52247055502914,255.48849032001257,255.4898137029561,54.35452462998419,52.894974978097785,51.00974954392403,0.016236660887394727,0.13164539465609373,0.06499622951370107,255.7688463640354,255.4232437133789,255.0776410627224,0.16468936496056855,0.17343399094361284,0.18281713202186345,256.3883429876452,255.68396912023667,255.53257604981258,255.4416474486138,49728.8,43304.4,43530.95,48.418317427315436,0.06009986035797965,0.002235063689374702,0.057864796668604945,23.718949609652235,34.53042618128786,52.71725773957847,19.501914120264804,255.5703328450521
hold,255.69000244140625,255.5449981689453,255.75,255.50999450683594,35562,255.69000244140625,2025-10-01 15:35:00+00:00,255.65123901367187,255.53848876953126,255.44074401855468,255.52643768310546,255.6276027588214,255.57793133893253,255.54824469139487,255.50680960377562,255.50464249839683,62.390208562595866,56.98685946022545,53.75776519107694,-0.023459455950635387,0.19396739864844664,0.07827975417517405,255.80276911175463,255.44074401855468,255.07871892535474,0.175448811846782,0.17818909824507354,0.18554038731434913,256.3864228609728,255.6561095437695,255.57143832298564,255.4606717449324,39518.0,43510.0,41825.55,48.84401467843457,0.07328884053569595,0.016445819058638952,0.056843021477057,75.00158942081505,39.086950068147274,73.04993529553619,23.65085398943491,255.6499989827474
hold,255.75999450683594,255.6999969482422,255.7949981689453,255.67999267578125,28624,255.75999450683594,2025-10-01 15:36:00+00:00,255.66721801757814,255.5937286376953,255.46474380493163,255.5236376953125,255.67173334149294,255.61434397251324,255.58082158607812,255.52982641314472,255.52355746198492,66.29715087055664,59.144078760610235,55.24552820148798,0.03124803991059814,0.216450721168578,0.2076553650310972,255.8441836257025,255.46474380493163,255.08530398416076,0.16681405203496494,0.17367598359642988,0.18218158283100214,256.38503955552596,255.66654557623258,255.61434634940684,255.47868467035548,36200.0,42807.5,41491.2,57.59138828062624,0.09078651052831788,0.03131395735257474,0.05947255317574314,87.71817111039726,62.14623671362151,93.63959379482397,45.70008140481452,255.7449951171875
hold,255.7899932861328,255.75999450683594,255.86000061035156,255.75999450683594,27615,255.7899932861328,2025-10-01 15:37:00+00:00,255.68319702148438,255.65572814941407,255.48474349975587,255.5230355834961,255.71115332303958,255.64947383523716,255.61300184762501,255.55347794705273,255.54329344895885,67.96137387386753,60.06845487756136,55.884280362848806,0.031244374028573562,0.24297335957850652,0.14289526476037293,255.88775060378197,255.48474349975587,255.08173639572976,0.15727005938934496,0.16841384930494382,0.17826846476836514,256.3837745631627,255.67495603210008,255.6598299643148,255.4934524774842,32307.2,42327.9,40906.95,56.12248747740043,0.10618038627831083,0.04628724313772196,0.05989314314058888,79.99825616880285,80.90600556667174,98.40769201871262,48.86656080600121,255.80332946777344
hold,255.82000732421875,255.80999755859375,255.86000061035156,255.76100158691406,26971,255.82000732421875,2025-10-01 15:38:00+00:00,255.7251983642578,255.69006958007813,255.50724411010742,255.52603576660155,255.74743799009934,255.68358053303348,255.64484884402407,255.57770789043147,255.56379077305218,69.70739373857606,61.018742522735145,56.53596300568324,0.08215903656575585,0.13442104522546075,0.23116859560250577,255.9317868572708,255.50724411010742,255.08270136294405,0.14894562568193853,0.16345564745726926,0.17449372946689537,256.3826064411326,255.71390174338146,255.69274217858023,255.51063695418094,31100.2,40167.9,40223.65,60.44576600596892,0.11978975998130181,0.06098774650643793,0.058802013474863885,77.78248707298465,81.83297145072825,91.68740909183661,48.8665608060012,255.81366984049478
hold,255.8300018310547,255.8300018310547,255.85699462890625,255.78500366210938,27990,255.8300018310547,2025-10-01 15:39:00+00:00,255.7779998779297,255.72061920166016,255.5277442932129,255.52643585205078,255.7749592704178,255.71286479263773,255.67333391895187,255.60064370321538,255.583510110682,70.33544750840487,61.348599613815395,56.75930054941687,0.10330308972484133,0.1195565235846009,0.24882716691600207,255.97256746322088,255.5277442932129,255.0829211232049,0.13795210298407232,0.1569224559815268,0.16961264553022773,256.38142073823224,255.77305966785846,255.71703666840253,255.52596373205355,29352.4,39540.6,39820.7,66.17615428625709,0.12935468195573208,0.07466113359629677,0.05469354835943531,70.00305157155935,75.92793160444894,89.02342185001847,55.858115370834824,255.8240000406901
hold,255.77000427246094,255.83999633789062,255.88999938964844,255.75999450683594,42652,255.77000427246094,2025-10-01 15:40:00+00:00,255.79400024414062,255.72261962890624,255.5462448120117,255.52923583984375,255.7733076044322,255.7242926886024,255.6882062810302,255.61604011860132,255.59732449303598,61.41738509313552,58.166597021304355,54.97861602167582,0.031288603500647494,0.007821807413856305,0.2203729263806267,255.99898372411099,255.5462448120117,255.09350589991243,0.13681678581670484,0.15499977218373914,0.16772656159128832,256.37942815098074,255.79141082587134,255.71534086175066,255.5465316557443,30770.4,35144.2,39616.35,65.32756227175972,0.12696819556640548,0.08512254599031852,0.04184564957608697,7.699530516431925,51.82835638699198,79.36408554687588,69.53940266282835,255.8066660563151
hold,255.72999572753906,255.8000030517578,255.87130737304688,255.72999572753906,37330,255.72999572753906,2025-10-01 15:41:00+00:00,255.78800048828126,255.72760925292968,255.55824432373046,255.52893585205078,255.75887031213452,255.72543329638972,255.69463542664695,255.62639971941383,255.60715199188806,55.90299718517206,56.0778256654283,53.79689319917308,-0.011729269604779099,0.019515105138971717,0.21946058024540238,256.0170655056711,255.55824432373046,255.0994231417898,0.1374589086297202,0.15402204884974438,0.16646870844445613,256.37758102809744,255.7828393319758,255.72157116243957,255.55726497152736,32511.6,34355.8,39954.25,64.74268806595326,0.11828130450166441,0.0917542976925877,0.026527006809076714,0.0,25.900860695997093,60.87614301743469,64.684978590778,255.777099609375
hold,255.74000549316406,255.72000122070312,255.8070068359375,255.69000244140625,21008,255.74000549316406,2025-10-01 15:42:00+00:00,255.7780029296875,255.73059997558593,255.58374481201173,255.52923583984375,255.7525820391444,255.72834773574462,255.70161543688036,255.63672751702748,255.61699299198258,57.029151391349046,56.498721956238015,54.05631596640088,-0.019542513108725273,0.011695754983958018,0.10310630515094327,256.02303261488083,255.58374481201173,255.14445700914266,0.13453683518708162,0.15137793068413763,0.16411326492477965,256.3765621420879,255.77580244391606,255.72449222970536,255.59354328660385,31190.2,31748.7,37440.8,58.95623368076135,0.11135474376203547,0.09567438690647725,0.015680356855558214,25.001907377737087,10.900479298056338,29.451914962264567,46.50048982257539,255.74567159016928
hold,255.74000549316406,255.77000427246094,255.77000427246094,255.69000244140625,14312,255.74000549316406,2025-10-01 15:43:00+00:00,255.76200256347656,255.74360046386718,255.59949493408203,255.5302359008789,255.74838985715095,255.73067928722853,255.70752159938556,255.646116423949,255.62610502910715,57.029151391349046,56.498721956238015,54.056315966400874,-0.03127270298030112,0.05086064023397805,0.08433628602893553,256.03747347142576,255.59949493408203,255.16151639673828,0.12674612031102533,0.14627963785346262,0.16010795855001336,256.37586987438283,255.76390662429034,255.73788255750762,255.60742912884012,28658.4,29879.3,35826.55,54.55287706033208,0.10457425812137444,0.0974543611494567,0.007119896971917741,27.57953206530887,17.52714648101532,5.826762847407581,41.764252848594964,255.73333740234375
hold,255.7949981689453,255.74000549316406,255.82000732421875,255.7100067138672,19667,255.7949981689453,2025-10-01 15:44:00+00:00,255.7550018310547,255.7665008544922,255.62774505615235,255.53013580322266,255.76392596108244,255.7435430635719,255.72097953316398,255.65965112803957,255.63861563205813,63.91942893467449,59.00197369518546,55.56743216734782,-0.013682391376634066,0.08960656401516696,0.01759459196297654,256.0388062338705,255.62774505615235,255.2166838784342,0.12435390460253064,0.14368827874618403,0.15772189435008713,256.3750030991595,255.75473023987166,255.7642785803461,255.62390239115038,26993.8,28173.1,35738.75,47.69816916991003,0.10492743151377226,0.09894897522231982,0.005978456291452439,80.76291079812206,44.44811674705601,45.6484326480873,22.10776545166403,255.7750040690104
hold,256.0199890136719,255.7949981689453,256.0400085449219,255.7949981689453,82161,256.0199890136719,2025-10-01 15:45:00+00:00,255.80499877929688,255.79949951171875,255.668994140625,255.53333557128906,255.8492803119456,255.7988322535919,255.76698099170366,255.69240911764248,255.66686551217768,79.56199648558476,67.29421246960696,61.06822782455271,0.0977380994780918,0.12905728386515405,0.13293546390538075,256.06330876051885,255.668994140625,255.27467952073115,0.14159054337024948,0.1509255714054968,0.1618784887132526,256.37280371779093,255.87590573521322,255.83631230545637,255.68535325253336,34895.6,32833.0,38171.5,51.725319211890884,0.1319667414142316,0.10555252846070218,0.026414212953529415,94.28023367338042,67.54089217893711,188.38624986394942,40.6353168532088,255.95166524251303
hold,255.9467010498047,256.0150146484375,256.0400085449219,255.9250030517578,34581,255.9467010498047,2025-10-01 15:46:00+00:00,255.84833984375,255.81817016601562,255.70594940185546,255.5377294921875,255.88175389123197,255.82840601283448,255.79463023141153,255.71552656602086,255.68759407052042,68.30768785157863,62.835912665116176,58.58746132663839,0.08473989202913376,0.07300068305395578,0.09252774325574134,256.0564744345087,255.70594940185546,255.35542436920227,0.13779267905507991,0.14835985153110864,0.15964644130614833,256.3716955383553,255.92187929448605,255.8542665598426,255.719548612093,34345.8,33428.7,38118.1,60.49228494408952,0.14081194231405902,0.11260441123137355,0.028207531082685477,71.72515836685625,82.25610094611959,167.62089304863284,50.56790017026229,255.97057088216147
hold,255.89999389648438,255.94129943847656,255.9698028564453,255.83999633789062,28203,255.89999389648438,2025-10-01 15:47:00+00:00,255.88033752441407,255.82917022705078,255.74244918823243,255.5410855102539,255.88783389298277,255.84272358956449,255.8108400260381,255.73229632333573,255.7033273909622,61.80714854095108,60.10301578248979,57.036977930667966,0.06255900519427689,0.043004266483760836,0.11345146333882074,256.0024891260532,255.74244918823243,255.48240925041162,0.13665179898359528,0.1470346134613643,0.1582254926036978,256.37069714705,255.939783940807,255.8634178984878,255.74975431933527,35784.8,33487.5,37907.7,61.114779880764566,0.13939619860229868,0.11796276870555858,0.021433429896740103,42.85358410662017,69.61965871561894,97.58565469803644,45.4307006952829,255.90326436360678
hold,255.77999877929688,255.89999389648438,255.91990661621094,255.75,29528,255.77999877929688,2025-10-01 15:48:00+00:00,255.88833618164062,255.8251693725586,255.75761947631835,255.54308563232422,255.8518888550875,255.83017862751097,255.80609521884713,255.73663291024127,255.70900675306106,48.09005642055359,53.64751701400891,53.23647390693064,0.015638259667544084,-0.015639333819254156,0.08373747736625245,255.9875027344348,255.75761947631835,255.5277362182019,0.1414024871589299,0.14866832794347667,0.15878173658499492,256.36939104665487,255.9302088552687,255.85958787302235,255.76891352005262,38828.0,33743.2,36955.55,62.07467209445818,0.12117187444991373,0.1186045898544296,0.0025672845954841234,10.344101862569715,41.64094811201537,9.065774729518278,37.01924019848196,255.81663513183594
hold,255.68499755859375,255.77999877929688,255.77999877929688,255.6199951171875,36070,255.68499755859375,2025-10-01 15:49:00+00:00,255.8663360595703,255.8106689453125,255.76564407348633,255.54618560791016,255.79625842292293,255.80114241372755,255.7874648095774,255.73193878736421,255.70722829421163,39.9090436712061,49.14682495055283,50.44241552783742,-0.04300342506263951,-0.056679932542351145,-0.001957402622203391,255.9724655178878,255.76564407348633,255.55882262908486,0.14405979786613635,0.14947799466961229,0.1588399235147273,256.36754748644836,255.90082966477962,255.84375814980936,255.77613064706662,42108.6,34551.2,37045.9,54.22381041231953,0.09391411951591522,0.11366649578672673,-0.019752376270811514,18.582333696837512,23.926673222009132,-132.32424701717795,4.823499796681061,255.69499715169272
hold,255.6649932861328,255.6855926513672,255.72000122070312,255.6186981201172,32152,255.6649932861328,2025-10-01 15:50:00+00:00,255.7953369140625,255.8001678466797,255.76139373779296,255.54848541259764,255.75250337732624,255.7739125882086,255.76862303673977,255.7258528327068,255.70409977509468,38.30807626177813,48.2292979106466,49.863794263435814,-0.13865937925655686,-0.04105680282049855,-0.03714467576772872,255.97277022002834,255.76139373779296,255.55001725555758,0.13795169825467937,0.14603693080649263,0.15610007480383256,256.3658646124503,255.79261045569874,255.83599156974577,255.77422235269813,32106.8,33501.2,34322.7,47.592018098389175,0.06981281311391285,0.10489575925216396,-0.03508294613825111,15.369807497467072,14.765414352291435,-144.9531207990929,1.1131839521105338,255.66789754231772
hold,255.55499267578125,255.66000366210938,255.7899932861328,255.5500030517578,48986,255.55499267578125,2025-10-01 15:51:00+00:00,255.7169952392578,255.7826675415039,255.7551383972168,255.54788513183593,255.68666647681127,255.73012860572314,255.7357568273615,255.71032009116811,255.69305480477516,30.467225317169806,43.42808363738901,46.76641606863708,-0.15304294699513044,-0.06843274339403853,-0.09187247997175761,255.98256317323458,255.7551383972168,255.527713621199,0.15252863198615377,0.152747881061386,0.16009484430722148,256.36291607981127,255.69561349446187,255.8076988313616,255.7648290326587,34987.8,34666.8,34511.3,39.74965054303794,0.03707380094797941,0.09133136759132707,-0.05425756664334766,2.0790946083418107,12.010411934215467,-142.5878156135981,0.4398647823076596,255.63166300455728
hold,255.625,255.55499267578125,255.63499450683594,255.55499267578125,32412,255.625,2025-10-01 15:52:00+00:00,255.66199645996093,255.7711669921875,255.75088348388672,255.54878509521484,255.66611098454086,255.70910288457853,255.71871731545974,255.70256371924376,255.68801370812514,39.640303139047795,47.041429002745055,48.88804341086306,-0.10746147051320931,-0.044969692145852634,-0.07622833188789782,255.98461642852615,255.75088348388672,255.5171505392473,0.14216766042451573,0.1475517346323361,0.15628089129519604,256.3611449481062,255.6506625876098,255.795132831023,255.76193443889068,35829.6,35807.2,33777.95,33.76967255533512,0.021089176453386926,0.07728292936373904,-0.05619375291035211,31.25,16.23296736860296,-135.22145967730714,0.4398647823076646,255.60499572753906
hold,255.69000244140625,255.62010192871094,255.72999572753906,255.55999755859375,34501,255.69000244140625,2025-10-01 15:53:00+00:00,255.6439971923828,255.76616668701172,255.75488357543946,255.55398529052735,255.674074803496,255.70528279594407,255.71429964252843,255.70142178489488,255.6881610217015,47.18764514017655,50.220704770315365,50.79977101354292,-0.03518505681450078,-0.01955229947750552,-0.054723601081350284,255.9814642231914,255.75488357543946,255.52830292768752,0.14614344735605814,0.14915505136897725,0.15693409499282063,256.3594346322242,255.63729216939402,255.7876297548065,255.76567565022617,36824.2,37826.1,33852.7,34.64054653903628,0.017121774242582433,0.06525069833950772,-0.04812892409692529,58.3354526958291,30.554849101390303,-79.19055658300864,10.861707511024353,255.65999857584634
hold,255.7899932861328,255.6699981689453,255.7899932861328,255.64999389648438,28647,255.7899932861328,2025-10-01 15:54:00+00:00,255.6649963378906,255.76566619873046,255.76608352661134,255.56068725585936,255.7127142977083,255.72222489398183,255.72594481846758,255.70947373955286,255.6957041524001,56.8667741416174,54.723479670634546,53.6027242600631,0.04106448502712846,-0.001956599170557048,0.00781522983069647,255.97572068499193,255.76608352661134,255.55644636823075,0.14526572482639805,0.14850107553179587,0.1561276804526119,256.3582322568777,255.65231042371937,255.78743037891664,255.77768022590115,35339.6,38724.1,33448.6,41.62564040381769,0.02652074158172013,0.05750470698795021,-0.03098396540623008,100.0,63.195150898609704,-14.521151398912043,13.62322901525367,255.74332682291666
hold,255.9149932861328,255.7899932861328,255.94000244140625,255.72000122070312,43352,255.9149932861328,2025-10-01 15:55:00+00:00,255.71499633789062,255.75516662597656,255.77733306884767,255.57276306152343,255.78014062718313,255.76077857241205,255.7550291981084,255.72815733469648,255.71194779193587,65.96444379106427,59.6385800194203,56.83092510158895,0.09778421237365387,-0.04101075386479122,0.07234096964943092,255.99347812746046,255.77733306884767,255.56118801023487,0.15594222423735907,0.1536082287583194,0.15916927760739824,256.35682045591255,255.710746639427,255.7484639727413,255.79108345060845,37579.6,34843.2,33838.1,50.038693067780386,0.04883078047618028,0.05576992168559623,-0.006939141209415953,93.41872791519435,83.91806020367449,63.10583526592582,30.132684788966536,255.85833231608072
hold,256.0000915527344,255.9199981689453,256.0299987792969,255.91000366210938,67384,256.0000915527344,2025-10-01 15:56:00+00:00,255.80401611328125,255.76050567626953,255.7893379211426,255.58426483154298,255.85345760236692,255.80864116847653,255.79273109882007,255.75287862724537,255.73329177421724,70.84807588043054,62.61409809627061,58.876243136495376,0.1741695093853303,0.020860008240269616,0.10169940329389122,256.0259945579192,255.7893379211426,255.552681284366,0.15080692323023634,0.1512072922175466,0.1573038413969269,256.3550630315351,255.84224206978655,255.7749579632939,255.81201039887867,41259.2,38123.5,35776.1,58.347198559358915,0.0753493942592911,0.05968581620033521,0.015663578058955893,92.12977834885962,95.18283542135133,118.1628421387367,41.169057632284634,255.98003133138022
hold,256.0046081542969,256.0169982910156,256.0799865722656,255.9886932373047,43688,256.0046081542969,2025-10-01 15:57:00+00:00,255.87993774414062,255.77096710205078,255.8000686645508,255.5938571166992,255.9038411196769,255.8478345656406,255.82532756889344,255.77576312970461,255.75338928385275,71.10480408648306,62.77097304298264,58.984540044619905,0.14850196745110023,0.04088091453992693,0.1034654944276543,256.05465447929674,255.8000686645508,255.54548284980487,0.14230498204890793,0.14692772384207453,0.15416048394759407,256.3539472199201,255.9072076879084,255.79135887356,255.82434265006572,43514.4,39672.0,36579.75,63.07855735053531,0.0944452817878414,0.06663770931783645,0.02780757247000494,79.06069854187861,88.20306826864419,118.08986966121353,43.86386834267817,256.02442932128906
hold,256.0050048828125,255.9949951171875,256.0412902832031,255.94000244140625,30933,256.0050048828125,2025-10-01 15:58:00+00:00,255.94293823242188,255.79346771240233,255.80931854248047,255.6050570678711,255.93756237405546,255.879268629075,255.8529702325733,255.79660328907806,255.7720274763683,71.13085774210654,62.7857444336823,58.994499516914644,0.12319701138038658,0.08796860762743786,0.08209961702553857,256.0791183882629,255.80931854248047,255.53951869669808,0.13644539058433178,0.14366773226741741,0.1516427390832741,256.35316235599265,255.95636078242785,255.80880101577065,255.8320991569292,42800.8,39812.5,36777.85,58.4010379697766,0.10724115270670609,0.07475839799561039,0.0324827547110957,55.8886894075404,75.69305543275955,87.00067390777149,34.86203855360968,255.99543253580728
hold,256.1000061035156,256.0132141113281,256.1199951171875,256.0132141113281,33449,256.1000061035156,2025-10-01 15:59:00+00:00,256.00494079589845,255.83496856689453,255.82281875610352,255.61932525634765,255.99171028387553,255.92341612396314,255.89097575117984,255.82418536311783,255.79632218949033,76.93971017890462,66.24005861528155,61.3539912341951,0.12119818035102911,0.16231243478678098,0.03125423532436639,256.12094159262494,255.82281875610352,255.52469591958206,0.13338036826871294,0.14161933956081615,0.14989738171621342,256.3525481197415,256.00010145686747,255.84472001957428,255.8442715305454,43761.2,39550.4,37050.8,54.532675134482844,0.1270939344728106,0.08522550529105044,0.04186842918176015,88.89454052221092,74.61464282387665,115.86362931653792,25.16043941904042,256.07773844401044
hold,256.239990234375,256.1000061035156,256.2699890136719,256.0899963378906,58047,256.239990234375,2025-10-01 16:00:00+00:00,256.0699401855469,255.89246826171876,255.84631805419923,255.63752502441406,256.0744702673754,255.98673094604553,255.944670287056,255.8619858059594,255.8291864891114,82.86629148597078,70.57430444473658,64.51322519478245,0.12699410224816945,0.22490249480446767,0.11458994523755996,256.19404911713696,255.84631805419923,255.49858699126153,0.14003926934193253,0.14436029214799,0.15133049095740564,256.3520761713033,256.07553767892074,255.91288065614947,255.87882672698362,46700.2,42139.9,37820.55,56.48704686123918,0.15754445693411867,0.0996892956196641,0.057855161314454576,90.9090909090909,78.56410694628075,148.40257982518187,35.37769259614183,256.1999918619792
hold,256.4200134277344,256.2300109863281,256.44000244140625,256.2300109863281,53255,256.4200134277344,2025-10-01 16:01:00+00:00,256.1539245605469,255.97897033691407,255.88081893920898,255.65892517089844,256.1896513208284,256.0733874423833,256.0178000010065,255.9127155897571,255.87295144752792,87.63443957582848,75.0165156485027,68.04106162476344,0.1640319237594877,0.33848712674166526,0.20321201393242558,256.30422742690513,255.88081893920898,255.4574104515128,0.15003243873281716,0.14904823235728534,0.1541238702012494,256.3523365106463,256.18233762499415,256.0175135070029,255.92333683522375,43874.4,42566.8,38616.8,63.32559056757861,0.20043599485538266,0.11983863546680781,0.08059735938857485,95.31641043975688,91.70668062368622,165.7021597114148,54.3816227086395,256.36334228515625
hold,256.4100036621094,256.42498779296875,256.4700012207031,256.3876037597656,35931,256.4100036621094,2025-10-01 16:02:00+00:00,256.23500366210936,256.057470703125,255.91431884765626,255.6806253051758,256.2631021012554,256.14071068632853,256.07813902579153,255.95792359633458,255.91273309305245,86.08046045377812,74.34446617673203,67.64843080775012,0.15835476975795826,0.3070918971577017,0.24630732888387724,256.3905828299834,255.91431884765626,255.43805486532915,0.14037029904777185,0.14428746297015782,0.15070832690297561,256.3524852232595,256.2576863171729,256.0800147280373,255.95044081319136,42323.0,42918.7,39362.95,68.83536373175507,0.22797759327607992,0.14146642702866224,0.08651116624741767,84.21137166720206,90.14562433868328,145.5373498772662,67.96393362483364,256.4225362141927
hold,256.3299865722656,256.4100036621094,256.4100036621094,256.32000732421875,37914,256.3299865722656,2025-10-01 16:03:00+00:00,256.3,256.12146911621096,255.94381790161134,255.69522491455078,256.2853969249255,256.1785658635159,256.11688480217214,255.9917475032374,255.94364075817936,73.86488271508986,69.021288692764,64.52323262725727,0.12694349065632013,0.25029689262333726,0.25225923297438163,256.44564008771977,255.94381790161134,255.4419957155029,0.13317401888246513,0.1404095254644769,0.1478172798071494,256.35242416760116,256.30598265690764,256.13302731796597,255.97190176421722,43719.2,43260.0,40543.05,68.60545423067089,0.23492510533657196,0.1601581626902442,0.07476694264632777,41.658189216683624,73.72865710788085,108.02229547904614,77.84103979756154,256.35333251953125
hold,256.3599853515625,256.3240966796875,256.3999938964844,256.2699890136719,29151,256.3599853515625,2025-10-01 16:04:00+00:00,256.35199584960935,256.17846832275393,255.9720672607422,255.71142456054687,256.3102597338045,256.21484976112527,256.15428488669374,256.025223671267,255.97448109842998,75.39226812127828,69.89167959329745,65.15687908780882,0.1015147371538099,0.22283595151905755,0.2718370068959236,256.5001231365915,255.9720672607422,255.44401138489283,0.1327212851581844,0.1396663367036214,0.14696907042645183,256.3524399113399,256.34547878979873,256.170992678589,255.98993343097072,42859.6,43310.4,41017.25,68.95223884087036,0.240368662695289,0.17620026269125316,0.06416840000403584,44.99542264266097,56.95499450884889,91.57684949632967,70.03505395559833,256.34332275390625
hold,256.3399963378906,256.3550109863281,256.389892578125,256.3085021972656,29806,256.3399963378906,2025-10-01 16:05:00+00:00,256.3719970703125,256.22096862792966,255.98806762695312,255.73142456054688,256.32017193516657,256.23987907647836,256.1828558791856,256.0538393682328,256.001556301353,72.11592098989955,68.5104050892003,64.35271087793072,0.03902829664649629,0.1660719625296147,0.30717602262042176,256.53982302876176,255.98806762695312,255.43631222514452,0.12538829882978306,0.1355037684290324,0.14384627568516245,256.35241347570104,256.3775113616187,256.2094507910095,256.0003041106324,37211.4,41955.8,38399.5,76.64857350589882,0.23832277512536848,0.18862476517807622,0.04969800994729226,50.0,45.55120395311487,79.6927166734622,68.01842777076793,256.34613037109375
hold,256.3599853515625,256.3399963378906,256.3818054199219,256.30999755859375,36059,256.3599853515625,2025-10-01 16:06:00+00:00,256.3599914550781,256.2569580078125,256.008731842041,255.75302429199218,256.3334430739652,256.2639003314952,256.2101065672436,256.0816708212628,256.0281066013685,73.46143235128623,69.16664107228488,64.8087588302212,-0.02341005889885129,0.14058346489067142,0.28752483190709044,256.58323014866943,256.008731842041,255.4342335354126,0.11773395061526047,0.13095406077896757,0.140415875001494,256.3524328864995,256.36036460820844,256.2597700287634,256.01956858077693,33772.2,38823.3,38473.4,82.55851574209902,0.23579373012671567,0.19805855816780413,0.037735171958911545,69.22535211267606,54.74025825177901,69.9527005208308,68.01842777076793,256.35059611002606
hold,256.5199890136719,256.3599853515625,256.5299987792969,256.3500061035156,61226,256.5199890136719,2025-10-01 16:07:00+00:00,256.3819885253906,256.30849609375,256.0397315979004,255.77562408447267,256.39562505386743,256.31511806793054,256.257780789771,256.1215179296636,256.06454233561317,81.7054399308349,73.86218114507275,68.22534729817569,0.04289432939107786,0.20131702436558255,0.3246065799760099,256.65301485693624,256.0397315979004,255.42644833886462,0.12662805421040182,0.1344568189934163,0.14230048456243477,256.35315905293686,256.4015149357965,256.32650638878346,256.0619504968925,38831.2,40577.1,40124.55,83.35419327024184,0.2505757323173725,0.20856199299771783,0.042013739319654686,95.48084871865528,71.56873361044377,95.23083451503993,69.57456311763721,256.46666463216144
hold,256.5199890136719,256.5199890136719,256.55999755859375,256.489990234375,53146,256.5199890136719,2025-10-01 16:08:00+00:00,256.41998901367185,256.35999450683596,256.0767311096191,255.79862396240233,256.4370797071356,256.35609225707884,256.298120516525,256.15774257366434,256.09827912658045,81.7054399308349,73.86218114507275,68.22534729817569,0.07412415689129048,0.20116174333978798,0.2853886964696355,256.7117726122098,256.0767311096191,255.44168960702845,0.11853937849730871,0.1298532836523687,0.13885795311749738,256.3537843031995,256.44453721843774,256.3737694492402,256.10149538180474,41877.6,42798.4,41305.45,84.0221968861424,0.2578131304983913,0.21841222049785253,0.03940091000053875,83.99658203125,82.90092762086044,104.67681960380601,68.71609403254972,256.52332560221356
hold,256.489990234375,256.5400085449219,256.54998779296875,256.42999267578125,36062,256.489990234375,2025-10-01 16:09:00+00:00,256.44598999023435,256.39899291992185,256.1169807434082,255.82002380371094,256.4547165495487,256.3828718525381,256.32763893465574,256.1879469064562,256.12729476419486,75.70410875351463,71.49472607235771,66.88311757179133,0.05071184671594366,0.1522780638676531,0.22468279050743084,256.74964429046224,256.1169807434082,255.48431719635414,0.11874734116733603,0.1291491289048781,0.13795972283511654,256.354129806372,256.4635104829096,256.40476888515053,256.1366399680679,43259.8,43059.7,41305.05,77.8774266931697,0.255577088343216,0.22584519406692521,0.029731894276290805,66.6618224095335,82.04641771981294,86.34646443864352,53.4925288888192,256.489990234375
hold,256.5400085449219,256.4599914550781,256.6400146484375,256.45001220703125,41214,256.5400085449219,2025-10-01 16:10:00+00:00,256.4859924316406,256.4289947509766,256.16073150634764,255.8428240966797,256.4831472146731,256.41429919101483,256.360311182389,256.2199525099531,256.15786615535984,78.74150444641995,73.04601509011017,67.98577062624005,0.07802614101921379,0.11708488993948887,0.21090499964773668,256.7832575046832,256.16073150634764,255.53820550801206,0.1289266412014666,0.13349579408354753,0.14043794752898003,256.354667114596,256.4935238497987,256.44135658654403,256.1747029768986,45541.4,41376.4,41758.15,76.88386202001895,0.2564330356549931,0.2319627623845388,0.024470273270454285,52.3830281894798,67.6804775434211,104.79453481758684,53.49398723757859,256.54334513346356
hold,256.6300048828125,256.54998779296875,256.69500732421875,256.5343933105469,66750,256.6300048828125,2025-10-01 16:11:00+00:00,256.5399963378906,256.4499938964844,256.21448211669923,255.86562408447264,256.5320997707196,256.4574403293744,256.4018025209157,256.25722999839485,256.1928393944304,83.16063520130517,75.61719072023129,69.88039790857567,0.10532826754522759,0.08189355123690682,0.24429119968758192,256.8032449724838,256.21448211669923,255.62571926091465,0.13345340869723923,0.13543280976842806,0.1413987125834036,256.35595014688533,256.54741503185727,256.4734890956271,256.2459265763746,51679.6,42725.9,42646.35,77.77272798707257,0.26460093494398507,0.2384903968964281,0.026110538047556975,75.4721326577614,64.83899441892491,135.38393509443154,53.7319253146984,256.6198018391927
hold,256.7130126953125,256.6199951171875,256.7200012207031,256.5201110839844,64500,256.7130126953125,2025-10-01 16:12:00+00:00,256.57860107421874,256.4802947998047,256.26888275146484,255.89528442382812,256.59240407891724,256.508554802562,256.4496810092844,256.2986647890237,256.23137075005127,86.23885610137545,77.72754632192485,71.51310855877887,0.07524703333366248,0.1181736394350755,0.2765601449175159,256.8301426720728,256.26888275146484,255.70762283085688,0.14294436984316936,0.1400369045505939,0.1441840184946106,256.3575507122042,256.5946506347582,256.51238615173474,256.30270813020695,52334.4,45582.8,44250.75,83.80017934429382,0.27718405251073364,0.2462291280192892,0.030954924491444435,97.41155193851023,75.08890426191715,133.29060139162505,62.785344331478996,256.6510416666667
hold,256.8890075683594,256.7099914550781,256.9200134277344,256.69000244140625,45102,256.8890075683594,2025-10-01 16:13:00+00:00,256.65240478515625,256.53619689941405,256.3288330078125,255.92456451416015,256.6912719087313,256.5846453557215,256.5172697106806,256.3523323144178,256.2800845884445,90.52373879877925,81.40278495841419,74.58067738149052,0.14385567226413387,0.2180864609596304,0.30808334480274696,256.88608253950116,256.3288330078125,255.7715834761238,0.15538245791244873,0.14646362467756038,0.1482710169628732,256.35921134666046,256.6626401821801,256.56400829176573,256.3558360736882,50725.6,46301.6,44780.8,84.09429272487353,0.3045607672769961,0.2578954558708306,0.04666531140616548,92.24664224664225,88.37677561430462,196.64005090362835,66.9815334865118,256.8330078125
hold,256.6400146484375,256.8699951171875,256.8699951171875,256.6199951171875,44243,256.6400146484375,2025-10-01 16:14:00+00:00,256.6824096679687,256.56419982910154,256.37133407592773,255.95276489257813,256.67418615530005,256.5957192142647,256.53615354725855,256.37848525387415,256.3067460743699,59.79320962662129,65.04865437474297,64.29561581593035,0.05849133290753801,0.10923284165856785,0.15611318658598516,256.88572578558484,256.37133407592773,255.85694236627063,0.17161531409236677,0.15521711228429716,0.15402060906806375,256.36006942681263,256.68259778840593,256.58348134381276,256.3874232466158,52361.8,47810.8,45560.6,76.77119740024294,0.2889731398947788,0.26411099267562027,0.024862147219158526,29.983211233211232,73.21380180612123,111.56863234426986,50.269673939691096,256.7100016276042
hold,256.42999267578125,256.6400146484375,256.6400146484375,256.42999267578125,43375,256.42999267578125,2025-10-01 16:15:00+00:00,256.6604064941406,256.5731994628906,256.39708404541017,255.97746459960936,256.5927883287938,256.56257390656805,256.51982110549284,256.3831677467748,256.31587545225227,44.82028354931859,55.00967238863862,57.29746906793025,-0.042884487984789506,0.0351081919233539,0.003891758647648384,256.86717485603276,256.39708404541017,255.9269932347876,0.17710197960149296,0.15913174516800807,0.1566873406675012,256.36027828092386,256.66335289815646,256.58470113467274,256.41192541415427,52794.0,49167.7,45561.75,69.4598587653633,0.24669845431577642,0.26062848500365154,-0.013930030687875128,0.0,40.7432844932845,-6.262300948269585,13.840237930723701,256.5
hold,256.510009765625,256.44000244140625,256.5199890136719,256.44000244140625,37301,256.510009765625,2025-10-01 16:16:00+00:00,256.63640747070315,256.58820190429685,256.4225799560547,256.00351287841795,256.5651954744042,256.55206107837944,256.51831166859006,256.3946988393975,256.33025577176136,50.34697632487382,57.68889284265255,59.0792432416645,-0.0467580231868423,0.05852099494262419,0.039002418816471186,256.857798338252,256.4225799560547,255.98736157385738,0.1646583164999404,0.15419350179105212,0.1535115786305071,256.3606619010938,256.648454990667,256.59548782308667,256.44757154253176,46904.2,49291.9,44057.6,63.568153735463085,0.22180530661808007,0.25286384932653727,-0.031058542708457204,18.185601331668746,16.056270854959994,-15.290758479717663,11.218424962852902,256.49000040690106
hold,256.45001220703125,256.5199890136719,256.54998779296875,256.44000244140625,39480,256.45001220703125,2025-10-01 16:17:00+00:00,256.58380737304685,256.5812042236328,256.4448501586914,256.0291131591797,256.52680105194656,256.5316513041098,256.50780405911945,256.3997273273642,256.3391266188184,46.29113201337944,55.04210088728788,57.2002002438382,-0.10244922355899426,-0.02727928022673329,0.04682465612808311,256.83554391698084,256.4448501586914,256.05415640040195,0.15684789293744889,0.151035776774727,0.1514389011510782,256.3609035389222,256.5911832208541,256.59310889386825,256.46974917524227,41900.2,47117.3,43847.2,63.407632727303564,0.19252468529140288,0.24079601651951038,-0.048271331228107506,9.53211275791921,9.239238029862653,-28.51555351185339,21.955458290422246,256.48000081380206
hold,256.3699951171875,256.42999267578125,256.44500732421875,256.3399963378906,26099,256.3699951171875,2025-10-01 16:18:00+00:00,256.4800048828125,256.5662048339844,256.46309967041014,256.0469812011719,256.4745324070269,256.4993200667254,256.4866026834376,256.3970243991663,256.34141317425315,41.135091580366264,51.6392612737176,54.76119258039854,-0.202037625542916,-0.05847259586323337,0.003904574113340263,256.8003493051906,256.46309967041014,256.1258500356297,0.15015760382361693,0.14810578337229113,0.1494663758172471,256.3609197637147,256.4903671385919,256.5887474799797,256.48324799309387,38099.6,44412.6,43605.5,63.716905685211785,0.15790689247222645,0.2242181917100536,-0.06631129923782716,14.285714285714286,14.001142791767414,-92.76081554923331,15.848364414552119,256.38499959309894
hold,256.20001220703125,256.3699951171875,256.3699951171875,256.20001220703125,49143,256.20001220703125,2025-10-01 16:19:00+00:00,256.3920043945312,256.53720703125,256.4680999755859,256.0604913330078,256.38302567369504,256.43945849478655,256.44251184091354,256.37911419988126,256.330939028533,32.23626846067941,45.240691584529756,50.00518577193325,-0.17144732555014638,-0.11305627446855698,-0.05460877461933684,256.7860825520984,256.4680999755859,256.15011739907345,0.1529897904425645,0.14966843528543108,0.1504433536429139,256.36038087734755,256.383458331031,256.55475361346515,256.4820089828281,39079.6,45720.7,44390.2,57.178867522354835,0.10851946625354003,0.2010784466187509,-0.09255898036521087,0.0,7.939275681211165,-164.23294345850732,1.6006649328364173,256.2566731770833
hold,255.9499969482422,256.20001220703125,256.2099914550781,255.9499969482422,46940,255.9499969482422,2025-10-01 16:20:00+00:00,256.29600524902344,256.478205871582,256.4536003112793,256.06449127197266,256.2386827652108,256.3415661854777,256.3667403189641,256.34010354064134,256.30272109665964,23.509234903751775,37.81820054030313,44.091298845522104,-0.18718392592474464,-0.22998814104131152,-0.1599268320904566,256.8324819504319,256.4536003112793,256.07471867212666,0.16827617849876061,0.1575488689676101,0.15566007522353406,256.35907228170475,256.2710499711267,256.49474584860366,256.46954836917024,39792.6,46293.3,43834.85,50.72864241698169,0.038845088818050044,0.16863177505861074,-0.1297866862405607,0.0,4.761904761904762,-243.01619858446153,16.69725980720826,256.0366617838542
hold,256.0400085449219,255.9600067138672,256.1300048828125,255.9499969482422,37596,256.0400085449219,2025-10-01 16:21:00+00:00,256.20200500488284,256.419206237793,256.43460006713866,256.071689453125,256.1724580251145,256.28125465736656,256.31647389218836,256.3128221773941,256.28326090764205,31.318988063247417,41.53712413503021,46.48386503580246,-0.18322919293970963,-0.2299015417780321,-0.1871123067623468,256.85423475763486,256.43460006713866,256.01496537664246,0.16995214365183944,0.15915308793923172,0.15681949709719017,256.3582594823094,256.18272391769756,256.43451968688845,256.4538568480919,39851.6,43377.9,43051.9,48.878597758743574,-0.0020062502754853995,0.13450416999179152,-0.13651042026727692,21.431425976385103,7.1438086587950345,-173.03278968546147,30.64343460445199,256.0400034586589
hold,255.9949951171875,256.0299987792969,256.06988525390625,255.93760681152344,23292,255.9949951171875,2025-10-01 16:22:00+00:00,256.1110015869141,256.34740447998047,256.4138496398926,256.0773873901367,256.1133037224722,256.2240027493308,256.2670156191113,256.2839288082844,256.2619078861269,29.558239756274617,40.24098716219847,45.46229341951256,-0.17742915507308155,-0.2796966038403361,-0.20466003390339854,256.87526101634586,256.4138496398926,255.95243826343932,0.16457018632769274,0.15723347039948748,0.15565087544412456,256.35768706997294,256.10119706521283,256.36268502431574,256.4431164787483,36614.0,39257.1,42419.95,42.466999183835995,-0.037905136796098304,0.10002230863421356,-0.13792744543031188,21.06884768360316,14.166757886662756,-139.78460797722303,34.552444671900936,256.0008290608724
hold,255.98500061035156,256.0,256.0299987792969,255.9600067138672,27592,255.98500061035156,2025-10-01 16:23:00+00:00,256.03400268554685,256.2570037841797,256.3966003417969,256.0848873901367,256.070536018432,256.17620232153496,256.22362869468674,256.2567535175632,256.2413962360695,29.13395726457729,39.94295806544768,45.23055019793091,-0.15017143744140393,-0.3519056601778696,-0.19688472971673823,256.89367780093846,256.3966003417969,255.89952288265533,0.15105902619940628,0.1510019414730732,0.15157188449105613,256.35699269144567,256.04581514716307,256.2716084588196,256.4331518504786,36912.6,37506.1,41903.85,43.07791628909016,-0.06519391453451817,0.06697906400046721,-0.13217297853498539,24.633198509001506,22.377824056329924,-113.36955435499769,31.174439820952728,255.99166870117188
hold,256.06500244140625,255.99000549316406,256.1000061035156,255.960205078125,24016,256.06500244140625,2025-10-01 16:24:00+00:00,256.0070007324219,256.1995025634766,256.38185119628906,256.0948675537109,256.0686914927568,256.1539623455092,256.1992246557205,256.2393216015489,256.22833002905736,37.51057027233434,43.54708168970382,47.480655550345205,-0.0526970176394452,-0.22405399556220404,-0.1851586839065877,256.89947958927047,256.38185119628906,255.86422280330765,0.1494507403695804,0.1502018760386126,0.1510113673910356,256.35651993790816,256.0011771478746,256.2116896089871,256.42509774875435,31887.2,35483.4,41647.1,41.37116188078774,-0.07436768354813239,0.038709714490747296,-0.11307739803887969,78.44592690031006,41.382657697638244,-82.86541189772751,33.47313307243319,256.04173787434894
hold,256.23590087890625,256.0799865722656,256.23590087890625,256.05999755859375,35273,256.23590087890625,2025-10-01 16:25:00+00:00,256.0641815185547,256.1800933837891,256.3766464233398,256.10578552246096,256.1244279548066,256.17035005218867,256.20486715159524,256.2390106267632,256.22889083274987,51.730261618241016,50.39535294205397,51.91193595106901,0.11170304124749708,-0.07568997481523196,-0.1535689500088712,256.8979339905896,256.3766464233398,255.85535885609002,0.15322968036142606,0.15203769348674742,0.1521966984825339,256.35623378867973,256.07346435788094,256.1868436432316,256.4201633926848,29553.8,34673.2,41920.45,37.96864264694188,-0.058540780561202155,0.019259615480357407,-0.07780039604155956,100.0,67.69304180310385,-40.183311174211184,24.64606902745383,256.17726643880206
hold,256.2099914550781,256.2439880371094,256.2760009765625,256.2099914550781,32468,256.2099914550781,2025-10-01 16:26:00+00:00,256.0981781005859,256.15009155273435,256.3691467285156,256.11478546142575,256.1529491215638,256.1782783327666,256.20565550597723,256.2363725202464,256.22749087884824,49.7287522659424,49.41660290839064,51.2239306279238,0.06638919875150165,-0.11696163858127948,-0.19594691946192877,256.89546887654484,256.3691467285156,255.8428245804864,0.14076965766470448,0.14589282405800655,0.1480925471969073,256.3559151374765,256.11335868374664,256.15378459252844,256.41458864167873,28528.2,34189.9,41740.9,34.075889353839216,-0.04921254608166237,0.005565183167953453,-0.05477772924961582,79.09741012756088,85.8477790092903,-19.20532632855963,23.125639161666317,256.23199462890625
hold,256.20001220703125,256.2099914550781,256.2699890136719,256.1099853515625,42117,256.20001220703125,2025-10-01 16:27:00+00:00,256.13918151855466,256.1250915527344,256.35314788818357,256.12298583984375,256.16863681671964,256.1826251076195,256.2047873061394,256.2330670372268,256.2254554216766,48.87894272181154,49.02169631943256,50.95084094636246,0.08008636643458548,-0.09748488520178966,-0.26820741294069583,256.8796094444358,256.35314788818357,255.82668633193134,0.1435173725853717,0.14690074106167575,0.14865974314512004,256.3554757245431,256.15303583331666,256.1254911840586,256.395598341371,32293.2,34453.6,40785.45,25.401825378652603,-0.042830314057084706,-0.0041139162770541795,-0.038716397780030526,64.82057078270698,81.30599363675594,-21.137805380353473,51.51125229536103,256.1933288574219
hold,256.1700134277344,256.17999267578125,256.260009765625,256.1200866699219,26205,256.1700134277344,2025-10-01 16:28:00+00:00,256.1761840820312,256.10509338378904,256.33564910888674,256.1299859619141,256.1690956870579,256.1801027716425,256.19943747869246,256.22733489090933,256.2213486073105,46.11512146074508,47.78544275772121,50.10763939302355,0.07227486647330185,-0.07800510717399389,-0.1831363754194621,256.8620305247764,256.33564910888674,255.8092676929971,0.14300390445933647,0.14640233782177928,0.14824371231454883,256.35515105616724,256.18477844623754,256.1103606928381,256.3797225460396,32015.8,34464.2,39438.4,26.339754775496814,-0.04124583566800766,-0.011540300155244876,-0.029705535512762782,36.158088235294116,60.02535638185399,-13.954181834585738,48.334023622159705,256.18336995442706
hold,256.1600036621094,256.1700134277344,256.2130126953125,256.1499938964844,19017,256.1600036621094,2025-10-01 16:29:00+00:00,256.1951843261719,256.10109252929686,256.31914978027345,256.13658599853517,256.1660650120751,256.1760829497359,256.1933707376797,256.22121387010935,256.2168045372956,45.12190772144815,47.35629979900274,49.818782473157334,0.037100431451917576,-0.015616137008434144,-0.10528761119345238,256.8458323332468,256.31914978027345,255.79246722730008,0.13157746079773483,0.14044637075080396,0.1441853831009096,256.354903454495,256.2002891404745,256.0993543083764,256.3691554547485,31016.0,31451.6,38586.15,27.71792090810527,-0.04072158755968758,-0.017376557636133418,-0.02334502992355416,31.26072859050162,44.079795869500906,-9.098220486705085,37.15844146820227,256.17433675130206
hold,256.29998779296875,256.1636047363281,256.30999755859375,256.1499938964844,30870,256.29998779296875,2025-10-01 16:30:00+00:00,256.2080017089844,256.1360916137695,256.3071487426758,256.1471856689453,256.21070593903966,256.2008639183825,256.2097733615703,256.22837513582385,256.22296625993806,59.39165636656562,53.62820981388058,53.73507306069482,0.025010903562958042,0.13674188275037844,-0.08187671617499394,256.82400087777825,256.3071487426758,255.79029660757337,0.13563834669939773,0.14184332013355902,0.14493863448226507,256.3547905820061,256.2123783415655,256.14359812519444,256.35710265978366,30135.4,29844.6,38068.95,34.81869933225768,-0.02210234155558055,-0.018321714420022846,-0.0037806271355577056,94.72923027478708,54.04934903352761,48.063823831267285,23.520485584218502,256.2533264160156
hold,256.3629150390625,256.29998779296875,256.389892578125,256.2900085449219,30839,256.3629150390625,2025-10-01 16:31:00+00:00,256.23858642578125,256.1683822631836,256.2937942504883,256.15984405517577,256.26144230571396,256.2332741425185,256.23333361964603,256.24060603611827,256.2333328361695,64.26490894407905,56.156920075557665,55.37877994938715,0.059686815145609744,0.12611563949544685,-0.033962629683338345,256.7899771988363,256.2937942504883,255.79761130214027,0.13053058762850162,0.1388462282099566,0.1427931772784965,256.35480722989075,256.2440453122366,256.18013727533963,256.33224012219057,29809.6,29168.9,36273.4,42.32283355421393,-5.86936509989755e-05,-0.014669110266218073,0.014610416615219097,88.7546113725989,71.58152341262921,118.92973355054878,17.509264357894423,256.3476053873698
hold,256.2900085449219,256.3599853515625,256.3599853515625,256.19000244140625,61256,256.2900085449219,2025-10-01 16:32:00+00:00,256.2565856933594,256.19788360595703,256.27264404296875,256.17084411621096,256.27096438544993,256.2446210229992,256.2420528389192,256.2450971732822,256.2375310368178,55.29543090495897,52.57946997456739,53.08444630208317,0.03512737455215277,0.11524187322464094,-0.031199662124681515,256.7300959404793,256.27264404296875,255.81519214545818,0.13658516048960853,0.14127954031326326,0.14422743539172286,256.35454455704263,256.27181241714544,256.2136349399664,256.294652381457,33637.4,32965.3,36111.2,39.26475529728072,0.007089986181370023,-0.010317290976700455,0.01740727715807048,58.36407581732604,80.61597248823735,84.1342619089101,17.509264357894423,256.2799987792969
hold,256.1199951171875,256.2900085449219,256.2900085449219,256.1099853515625,39092,256.1199951171875,2025-10-01 16:33:00+00:00,256.24658203125,256.2113830566406,256.2341934204102,256.1784439086914,256.22064129602916,256.2196958418368,256.22327472788356,256.2337242590918,256.2288246724007,40.077446982096966,45.327820066973004,48.19539042074583,-0.01952543542376211,0.05273531906715888,-0.03123227401686829,256.59754996274495,256.2341934204102,255.87083687807538,0.14279059375671802,0.14404694410227123,0.1459319952949444,256.3539393547021,256.2537689687628,256.2213965908112,256.24769112488497,36214.8,34115.3,35810.7,40.09421371958841,-0.009128830563895463,-0.010079598894139457,0.0009507683302439947,3.5761011774967293,50.23159612247389,15.48707865650608,12.384806284874255,256.17332967122394
hold,256.07000732421875,256.1127014160156,256.2099914550781,256.05999755859375,27565,256.07000732421875,2025-10-01 16:34:00+00:00,256.22858276367185,256.2118835449219,256.20569305419923,256.1839440917969,256.1704299720924,256.1897581383132,256.1996951273197,256.21884090137604,256.2170604243872,36.62030395382077,43.43116846841659,46.86292144331577,-0.035132860947853374,0.001954536061071148,0.04688821152860995,256.5238630313716,256.20569305419923,255.88752307702688,0.14381963700352615,0.14447172641527864,0.14612541916110777,256.3534236973175,256.2364595062783,256.2201866087354,256.21587657407144,37924.4,34470.2,34976.8,41.79170335405436,-0.02730228607401841,-0.01352413633011525,-0.013778149743903161,3.336724313326551,21.75896710271644,-34.25587568733114,10.515611915300866,256.1133321126302
hold,256.05999755859375,256.0700988769531,256.1000061035156,256.0299987792969,21685,256.05999755859375,2025-10-01 16:35:00+00:00,256.1805847167969,256.1942932128906,256.1871932983398,256.1847442626953,256.1336191675929,256.16380602236933,256.17820319366956,256.2044005974867,256.2054261380322,35.89689983309394,43.042778808547695,46.59208134628579,-0.09363645954164333,-0.06864897530328103,0.007806988363058094,256.4938633848269,256.1871932983398,255.8805232118527,0.13327502089141527,0.13915284054409802,0.14250074797337645,256.3530050705081,256.2043835155133,256.2080216474107,256.19718866802447,36087.4,33111.4,33892.3,34.78245971338447,-0.04162011566285173,-0.019143332196662546,-0.022476783466189185,11.53755868544601,6.1501280587564295,-76.42688186425485,6.346891788181122,256.06333414713544
hold,256.2749938964844,256.07000732421875,256.29998779296875,256.07000732421875,39870,256.2749938964844,2025-10-01 16:36:00+00:00,256.1630004882812,256.20079345703124,256.1754425048828,256.1913101196289,256.1807440772234,256.18604359719234,256.19309407102566,256.2108181701228,256.2105793053249,57.12192639582773,52.80509926185663,52.750601143680356,-0.03429557764418784,0.02537076756339029,0.10937666151195621,256.4478280993172,256.1754425048828,255.9030569104485,0.14852005138907023,0.1463555115320196,0.14714310446869186,256.35280097466705,256.1934385656251,256.215720627238,256.18459863796505,37893.6,33851.6,34020.75,42.23017986373119,-0.024535708132589207,-0.02022180738384788,-0.004313900748741328,90.74262461851475,35.205635872429106,38.96504905943167,26.742633588971344,256.2149963378906
hold,256.489990234375,256.2796936035156,256.489990234375,256.2796936035156,40537,256.489990234375,2025-10-01 16:37:00+00:00,256.2029968261719,256.22979125976565,256.17744140625,256.2031100463867,256.2838261296073,256.2468329246289,256.2387704038486,256.2361974486912,256.2312764111805,69.0699608900142,60.159020255023506,57.85354760562405,0.07802945209940665,0.11318423634945937,0.19727313038630304,256.4583119817591,256.17744140625,255.89657083074093,0.15801666374643522,0.15125842770049142,0.15037421082211724,256.35316493087436,256.22962144282326,256.2506817432908,256.1873883805178,33749.8,33693.6,34073.6,49.68078210069247,0.015556513448416354,-0.013066143217395033,0.02862265666581139,100.0,67.42672776798692,193.45979149621954,38.61004865610283,256.4198913574219
hold,256.44500732421875,256.489990234375,256.510009765625,256.3949890136719,54296,256.44500732421875,2025-10-01 16:38:00+00:00,256.26799926757815,256.2572906494141,256.1811920166016,256.21641021728516,256.3375531944778,256.2864678045469,256.27049916082865,256.25518016464827,256.2471083306648,64.67115217918271,58.1185066317751,56.51270860774298,0.12689841216127656,0.10734819926999412,0.1484017258076703,256.4739972925911,256.1811920166016,255.88838674061208,0.1518743906331052,0.14867002228996526,0.14869071278073664,256.3534901289382,256.3164920246458,256.28537784782884,256.2003829243782,36790.6,36502.7,35483.45,52.727658880039584,0.039359473882086604,-0.0025810197974987046,0.04194049367958531,85.2267998335414,91.98980815068539,173.55375760918804,35.877157222448695,256.4500020345052
hold,256.4800109863281,256.4551086425781,256.5,256.3800048828125,35474,256.4800109863281,2025-10-01 16:39:00+00:00,256.35,256.28929138183594,256.19519195556643,256.23231048583983,256.3850391250946,256.32517644090314,256.302731749367,256.2756193302555,256.26436037923247,66.60213031404373,59.27605514714146,57.32090530188466,0.16011389478747337,0.12492478124760613,0.09526772266671495,256.51572066239834,256.19519195556643,255.8746632487345,0.14732020871230445,0.1466218147826463,0.14732425584772538,256.353782144289,256.3821382829668,256.30972659337243,256.2146612922405,38372.4,38148.4,34800.0,52.75021002492367,0.06081606167066411,0.010098396496133859,0.05071766517453025,86.97495693653107,90.7339189233575,136.5465235173503,25.148478664758013,256.4533386230469
hold,256.53289794921875,256.4649963378906,256.6300048828125,256.4649963378906,34014,256.53289794921875,2025-10-01 16:40:00+00:00,256.444580078125,256.3125823974609,256.2243370056152,256.2496685791016,256.4343253998027,256.36672074256626,256.3381419339596,256.2990082956158,256.28425205108334,69.5370842286377,61.02865305100592,58.54319727582184,0.18468343166987145,0.09087404110145245,0.12603196788179938,256.5561891796933,256.2243370056152,255.89248483153713,0.14984711388510025,0.14793515264973406,0.1481663648512563,256.3541776611093,256.44146293927355,256.3302440472921,256.24869544660413,40838.2,38462.8,34153.7,52.899320891898995,0.0824686914829158,0.02457245549349025,0.05789623598942555,61.1572265625,77.78632777752416,148.53450981819228,31.31166326616171,256.5426330566406
hold,256.4200134277344,256.5199890136719,256.54998779296875,256.3999938964844,28359,256.4200134277344,2025-10-01 16:41:00+00:00,256.473583984375,256.31829223632815,256.2433372497559,256.2669689941406,256.4295547424466,256.3773792795999,256.35073754838646,256.310008762172,256.2943084493538,57.05213030051361,55.53490276476569,55.01222704761778,0.05658746842408545,0.022272483780727336,0.0858708861127397,256.57431199876413,256.2433372497559,255.9123625007476,0.14986808282785377,0.14808220578077982,0.1482533901671191,256.3542986449398,256.47275230007,256.3342692656493,256.2675489666431,38536.0,38214.8,33691.85,54.38356078235109,0.08307083024607209,0.03627213044400662,0.04679869980206547,16.00341796875,54.711867155927024,83.80268185342229,35.66066066066065,256.4566650390625
hold,256.27099609375,256.42999267578125,256.45001220703125,256.27099609375,27126,256.27099609375,2025-10-01 16:42:00+00:00,256.42978515625,256.31639099121094,256.257137298584,256.27988891601564,256.3767018595478,256.3561026424299,256.33846963228854,256.3064621559518,256.29258160819796,44.693640984266615,49.23419871678212,50.76799317668462,-0.08538116455339559,-0.007418334908886058,0.03942017438513046,256.56794392409086,256.257137298584,255.94633067307714,0.15403208717833894,0.150291770602242,0.1497182817439825,256.35415247574184,256.4383257511655,256.33712798746234,256.27705480506825,35853.8,34801.8,33883.55,54.27966624033715,0.06352103423193967,0.041721911201593236,0.02179912303034643,0.0,25.72021484375,13.72936827485307,20.903780334028156,256.33066813151044
hold,256.3500061035156,256.2799987792969,256.4599914550781,256.2799987792969,29962,256.3500061035156,2025-10-01 16:43:00+00:00,256.41078491210936,256.3393920898437,256.2753875732422,256.2930889892578,256.36780327420377,256.35488333464707,256.3402444740158,256.3104206966394,256.2968352745178,51.2287060352759,52.32281315127544,52.79548112280269,-0.037045455356834726,0.0898059467098161,0.07417334427308753,256.5620611086933,256.2753875732422,255.9887140377911,0.15902684062830838,0.15305631279694795,0.1515886188670369,256.35414445508405,256.41890460053213,256.36331366614667,256.29211878818796,30987.0,33888.8,34002.05,59.07396217384576,0.058048060129294754,0.04498714098713354,0.01306091914216121,28.31984248523299,14.774420151327663,25.55576577990829,21.563823814627675,256.3633321126302
hold,256.260009765625,256.3500061035156,256.3500061035156,256.25,24283,256.260009765625,2025-10-01 16:44:00+00:00,256.3667846679688,256.3583923339844,256.28513793945314,256.3024893188477,256.33187210467753,256.33590862084264,256.3279006727249,256.30583788472904,256.29410745904426,44.27629236636325,48.68909250258523,50.31715290094923,-0.08577714101659656,0.07419941264955782,-0.015598138606250353,256.5553163101954,256.28513793945314,256.0149595687109,0.15059530675506788,0.14926701213399632,0.14913230861220775,256.3539971076396,256.3769819379808,256.37992975971736,256.2989902681491,28748.8,33560.6,34015.4,53.61789145749224,0.04180116179838933,0.0443499451493847,-0.0025487833509953706,4.76674901903793,11.028863834756974,-20.223308281694273,11.594712227298533,256.2866719563802
hold,256.1499938964844,256.25,256.260009765625,256.1199951171875,28864,256.1499938964844,2025-10-01 16:45:00+00:00,256.2902038574219,256.3673919677734,256.28084259033204,256.3071893310547,256.27124603527983,256.298725675971,256.30053039945716,256.29167024943405,256.28343238033614,37.09621526825231,44.61047930517395,47.45766519181362,-0.14926118864106533,0.03514658234347257,-0.08305458008451878,256.55668761342355,256.28084259033204,256.00499756724054,0.14908378413827247,0.14860612901281803,0.14869813431817405,256.35361824933904,256.291443530575,256.38080745572216,256.29591075735453,27718.8,34278.5,33694.95,47.571203537028715,0.015293295634876358,0.038538615246483034,-0.023245319611606675,8.823265416030877,13.969952306767267,-72.26050034838647,6.701524603318408,256.1766662597656
hold,256.2950134277344,256.1451110839844,256.29998779296875,256.1400146484375,29051,256.2950134277344,2025-10-01 16:46:00+00:00,256.26520385742185,256.36939392089846,256.2850936889648,256.3130877685547,256.27916849943136,256.2979832263237,256.2996816345767,256.2919741747341,256.28429023569896,49.6523280379299,50.4971154489404,51.28907832704993,-0.048748145017638474,0.007811738065277789,0.0019528201044258643,256.559054224917,256.2850936889648,256.0111331530126,0.15063940705155496,0.14941805869270602,0.14923503956641576,256.3535089124487,256.26601093411045,256.386007941012,256.30003250795113,27857.2,33196.6,33524.1,57.21140564090893,0.013692990624747381,0.03356949032213591,-0.019876499697388528,76.09128300384768,29.893765812972163,-32.88185508731971,5.449189985272464,256.24500528971356
hold,256.5299987792969,256.2799987792969,256.5400085449219,256.260009765625,32742,256.5299987792969,2025-10-01 16:47:00+00:00,256.31700439453124,256.37339477539064,256.3015930175781,256.3235955810547,256.3627785927199,256.3443863369183,256.33511504145673,256.3136127751489,256.3024908685581,63.44587381789518,58.24144798798002,56.665430346192,0.10106593781378433,0.015598481985716502,0.160082644825047,256.59230489009275,256.3015930175781,256.0108811450635,0.16911931737231495,0.15874525302157524,0.15546188431548524,256.353879239153,256.3247282919572,256.3875485408839,256.3177937942032,28980.4,32417.1,33055.35,65.22449344744804,0.04189546836022373,0.03523468592975347,0.006660782430470261,97.61679866308218,60.843782360986914,64.26365121574614,29.790737073182367,256.44333902994794
hold,256.44000244140625,256.5400085449219,256.55999755859375,256.4200134277344,27280,256.44000244140625,2025-10-01 16:48:00+00:00,256.3350036621094,256.3728942871094,256.3150924682617,256.33229553222657,256.3885198756154,256.3635095578159,256.35125156452585,256.32510274480865,256.3126769109913,56.52632021280554,54.71125158850059,54.25723159589779,0.03510682104461661,-0.0019516397939353981,0.1444898295797043,256.605184260931,256.3150924682617,256.02500067559237,0.1649571478704664,0.15740517286713238,0.15472484843662285,256.3540295415795,256.34151429256934,256.3818651780137,256.3286766578253,28444.0,29715.5,33109.1,71.27734716384236,0.050832646824630956,0.03835427810872897,0.012478368715901987,71.42857142857143,81.71221769850042,71.91164369474484,36.109074915701505,256.4733378092448
hold,256.42498779296875,256.45001220703125,256.4549865722656,256.3999938964844,14209,256.42498779296875,2025-10-01 16:49:00+00:00,256.3679992675781,256.3673919677734,256.3283416748047,256.33879516601564,256.4006758480665,256.37580520484653,256.3625955996709,256.33418320373227,256.3209962355822,55.35131509402167,54.121845906933856,53.85628167666273,0.06437915439659846,-0.021453209218050155,0.14254090363782024,256.6130449786102,256.3283416748047,256.04363837099913,0.1492479375720069,0.15008999450385505,0.14997569735779556,256.3540939842131,256.3654669615488,256.37146648589635,256.3356378994911,26429.2,27589.0,32868.7,72.46724366012644,0.05480896926434298,0.04164521633985177,0.013163752924491207,54.99491353001017,74.68009454055459,35.55381828608973,37.20534988546516,256.42665608723956
hold,256.5,256.42498779296875,256.5199890136719,256.41009521484375,26801,256.5,2025-10-01 16:50:00+00:00,256.43800048828126,256.3641021728516,256.3383422851563,256.3439953613281,256.433783898711,256.40064416387725,256.3837347381831,256.34925745793845,256.33425577368723,60.17628273954303,56.63532470391696,55.578284659035546,0.13664107431408717,-0.012824066418671268,0.08779869627331272,256.63226140662834,256.3383422851563,256.0444231636842,0.14362591775145234,0.14721883766987434,0.14806703552304934,256.35434349409326,256.4409959277746,256.3638510105041,256.3440651845173,26016.6,26867.7,32665.25,71.63858064038854,0.06638839019001352,0.04659385110988412,0.019794539080129403,62.502384131222584,62.9752896966014,65.10192604739264,29.527863777089784,256.47669474283856
hold,256.4750061035156,256.510009765625,256.5400085449219,256.42999267578125,30401,256.4750061035156,2025-10-01 16:51:00+00:00,256.4739990234375,256.3696014404297,256.3439468383789,256.34509521484375,256.4475246336459,256.41551655180496,256.39777648669576,256.3606891529909,256.3446817240449,57.75029418486612,55.54341043997758,54.862002246798255,0.07022870768104164,0.021446327471138803,-0.005841994397396493,256.64374250496263,256.3439468383789,256.04415117179514,0.13882448223561986,0.14456148277492797,0.14625507521912437,256.35457709929824,256.4811295392829,256.370450163103,256.3492721014149,26286.6,27071.9,32643.35,70.95921315953767,0.07083482776005212,0.051442046439917725,0.019392781320134396,53.5745422842197,57.02394664848415,63.14495689695134,16.70260733189571,256.48166910807294
hold,256.44000244140625,256.4700012207031,256.56500244140625,256.42999267578125,23940,256.44000244140625,2025-10-01 16:52:00+00:00,256.45599975585935,256.3865020751953,256.3514465332031,256.3456951904297,256.44501723623273,256.4204137297252,256.40427278742044,256.3678994519378,256.3517425179235,54.18135183037787,53.97395290357214,53.84161264760982,-0.03508218856230241,0.06594829310860581,-0.0019516397939353981,256.65296921541284,256.3514465332031,256.04992385099337,0.13827952271981703,0.14387921726421884,0.14571958428607085,256.3547071375731,256.46005281822784,256.3867579555168,256.35869834352303,24526.2,26753.3,30777.55,62.61200997123147,0.06867121180169988,0.054887879512274154,0.013783332289425729,19.30654058313633,45.127822332859544,57.99822801453482,17.143878579089343,256.47833251953125
hold,256.3800048828125,256.45001220703125,256.4599914550781,256.3699951171875,21178,256.3800048828125,2025-10-01 16:53:00+00:00,256.4440002441406,256.389501953125,256.36444702148435,256.3466955566406,256.42334645175936,256.4123319603427,256.4005392636346,256.3689999456536,256.3538360264338,48.22201941674158,51.29832924799054,52.09770937375629,-0.0233963336540908,0.011702273681538871,-0.03899177293818656,256.6467394963683,256.36444702148435,256.0821545466004,0.1313819248870753,0.140030440166105,0.1430660963624782,256.3547411582263,256.45019878278146,256.3904609356865,256.3750671701067,23305.8,25874.9,29881.85,55.59847204712135,0.0584959339089437,0.05560949039160806,0.002886443517335635,5.13302034428795,26.004701070547995,3.4681296177864525,11.78513832030765,256.40333048502606
hold,256.4049987792969,256.375,256.4175109863281,256.29010009765625,16568,256.4049987792969,2025-10-01 16:54:00+00:00,256.44000244140625,256.4040008544922,256.3811965942383,256.3475958251953,256.41723056093855,256.41086532413357,256.4012253429672,256.3722725668939,256.3576258599792,50.84940453841116,52.35786851428058,52.766885752125916,-0.00779526747526401,0.056578868394050914,-0.049856829648099524,256.6293030040175,256.3811965942383,256.1330901844591,0.13081463399918955,0.13912904363080286,0.14232061028197326,256.3547939773552,256.44691291117556,256.40403921096214,256.3902466354568,23777.6,25103.4,29332.0,48.85638242349228,0.053239464154387406,0.055135485144163936,-0.0018960209897765298,41.7961811722913,22.078580699905192,-13.477269727021287,10.058166132932488,256.37086995442706
hold,256.3800048828125,256.3901062011719,256.42999267578125,256.3500061035156,26538,256.3800048828125,2025-10-01 16:55:00+00:00,256.41600341796874,256.427001953125,256.3971969604492,256.34839599609376,256.4048220015632,256.40469323586933,256.39796065678956,256.3729755047047,256.3592835653742,48.007345406281736,51.159247123553826,52.00408505749398,-0.04678172210038987,0.08979542916603672,-0.015602738798370128,256.59694496077316,256.3971969604492,256.19744896012526,0.12355348232296604,0.13490458139043301,0.13935232275738527,256.35483634607846,256.4199506998012,256.4309580915637,256.4018945427018,23725.0,24870.8,29574.65,56.49887365999874,0.04540967049513256,0.05319032221435767,-0.0077806517192251096,52.91898688701276,33.282729467864,4.5224623253609,1.866278868460235,256.3866678873698
hold,256.3699951171875,256.375,256.4100036621094,256.35009765625,13195,256.3699951171875,2025-10-01 16:56:00+00:00,256.39500122070314,256.4345001220703,256.4019470214844,256.3485961914063,256.3932130401047,256.397753612133,256.39365826608156,256.37270456038493,256.3600770136567,46.78555761902847,50.659060786105734,51.68986474705972,-0.040943945347150755,0.029256007930199952,0.03863060000800239,256.5942235972833,256.4019470214844,256.20967044568545,0.11446098568531017,0.1295475402810717,0.13556916480986098,256.35484900216363,256.3969480746431,256.4444641897806,256.41010712772044,20283.8,23285.2,28240.9,58.77934358307695,0.037676598476309664,0.050087577466748065,-0.012410978990438401,57.11169284467714,50.608953634660395,-7.849266739364332,14.959033016954661,256.37669881184894
hold,256.3999938964844,256.3699951171875,256.44000244140625,256.3399963378906,21237,256.3999938964844,2025-10-01 16:57:00+00:00,256.3869995117187,256.42149963378904,256.39744720458987,256.3461962890625,256.3954733255646,256.39820166900324,256.3946329784512,256.37518540912123,256.36303381979207,51.13388619406238,52.16840030569146,52.5912781544103,-0.01560152259436065,-0.05067823780108792,0.019499821251638527,256.5854358469725,256.39744720458987,256.20945856220726,0.11239600251821229,0.12743743765496837,0.13387568570061165,256.3549095843042,256.38716204784026,256.42754510278746,256.40377737107406,19743.2,22134.7,27275.9,57.71026870090219,0.03516784921117733,0.04710363181563392,-0.011935782604456595,59.99389685688129,56.674858862857064,6.0672304358527525,17.163176610035567,256.39333089192706
hold,256.44000244140625,256.3999938964844,256.44989013671875,256.38299560546875,22060,256.44000244140625,2025-10-01 16:58:00+00:00,256.3989990234375,256.42149963378904,256.3971969604492,256.3445965576172,256.41031636417847,256.40656182348386,256.4016128958289,256.3810778666017,256.3687351991709,56.64599773569409,54.18145103764176,53.798481641528696,0.02340180881936327,0.0,0.07023830052370286,256.5849448654085,256.3971969604492,256.2094490554899,0.1058957923370391,0.12311294434032778,0.1306861069172492,256.3550280346836,256.40038754958755,256.42724422734113,256.4009728766939,19919.6,21612.7,25664.1,64.69634773520332,0.037826624312970125,0.04524823031510117,-0.007421606002131043,91.0024993057484,69.3693630024356,29.552098986235993,22.924019309561476,256.42429606119794
hold,256.45318603515625,256.44000244140625,256.4986877441406,256.43499755859375,34661,256.45318603515625,2025-10-01 16:59:00+00:00,256.40863647460935,256.4243194580078,256.39585571289064,256.3438604736328,256.4246062545044,256.41588666581833,256.4095472249562,256.38763315465206,256.3749908166513,58.44789915042458,54.85568193356892,54.20197771495728,0.018793415139637216,0.010996682667395336,0.1183650774531743,256.5815904774271,256.39585571289064,256.2101209483542,0.09986641993844422,0.11886846156936688,0.12749582494723136,256.35524225260576,256.4152880046306,256.4311804629186,256.39903317377394,23538.2,23657.9,25623.45,73.78674378758534,0.04089584916704325,0.04437775408548959,-0.0034819049184463408,71.32692307692308,74.10777307985093,63.971842341917736,52.34197362437472,256.46229044596356
hold,256.6466064453125,256.4599914550781,256.6492919921875,256.4599914550781,48827,256.6466064453125,2025-10-01 17:00:00+00:00,256.4619567871094,256.43898010253906,256.4015411376953,256.34599243164064,256.49860631810714,256.4620306217172,256.4460178742418,256.41117618107575,256.3951104928484,75.72047931125856,63.37171079166737,59.63284283725454,0.10398687784636701,0.057156508893762184,0.1371829334000137,256.60935638639234,256.4015411376953,256.19372588899824,0.11361492523741647,0.12438542553092997,0.13076297409408938,256.35613525396224,256.50266426545346,256.4647226296556,256.4133234087098,27996.0,25860.5,26364.1,75.23170577456807,0.06692012886878729,0.048886229042149135,0.018033899826638153,98.99151959660784,87.10698065975977,216.58423840111755,59.086472769861395,256.5852966308594
hold,256.79400634765625,256.6401062011719,256.79998779296875,256.610107421875,55380,256.79400634765625,2025-10-01 17:01:00+00:00,256.5467590332031,256.47088012695315,256.4202407836914,256.3492724609375,256.59707299462355,256.528425766905,256.4995545624594,256.44597892349213,256.4246583339453,82.27225931770666,68.28212071266859,63.131209887779036,0.16539034931717855,0.12437868663579392,0.10291489089605906,256.68954732586144,256.4202407836914,256.1509342415213,0.1245099889311784,0.12906363592827427,0.13357808823693038,256.35765212282257,256.6008450022786,256.5279247299647,256.45101488595117,36433.0,28358.4,27715.15,76.70222047698331,0.10376743295972801,0.05986246982566491,0.0439049631340631,98.36120401337793,89.55988222896961,279.0038634515736,53.80818053596615,256.7347005208333
hold,256.7900085449219,256.7850036621094,256.8298034667969,256.7300109863281,39058,256.7900085449219,2025-10-01 17:02:00+00:00,256.6247619628906,256.50588073730466,256.44619140625,256.3508123779297,256.661384844723,256.5807423225084,256.5442397905306,256.4772543436221,256.4517213125361,81.57571136247205,68.01579094210761,62.97578367922079,0.1521118009834897,0.13648654663212992,0.13648654663212992,256.7506961161722,256.44619140625,256.14168669632784,0.12097891629368863,0.12697283910973683,0.13196924977177893,256.3587058809812,256.6591182043143,256.5692412569136,256.48302209866205,39997.2,29870.2,28311.75,77.40121563736176,0.12902100997229127,0.07369417785499019,0.05532683211730108,89.2391483743192,95.53062399476833,214.60167239984077,54.45458496305954,256.7832743326823
hold,256.7099914550781,256.7950134277344,256.8016052246094,256.69500732421875,19540,256.7099914550781,2025-10-01 17:03:00+00:00,256.678759765625,256.53887939453125,256.4641906738281,256.34723205566405,256.6775870481747,256.60659214902233,256.5697400466148,256.49841226284536,256.4708524342059,68.1103272623845,62.740944275766104,59.877681025816095,0.10528350144340862,0.12870994850649797,0.11114504267403143,256.78589705314215,256.4641906738281,256.1424842945141,0.11892448545039383,0.125517486344086,0.13076109027743826,256.3591336848356,256.6886309156149,256.5919902497328,256.4981718099335,39493.2,29706.4,27790.65,76.36396790044023,0.1357397148164523,0.08610328524728261,0.04963642956916969,45.46464786775941,77.68833341848551,131.50893502519452,51.22760733585806,256.73553466796875
hold,256.6000061035156,256.7099914550781,256.75,256.58770751953125,24468,256.6000061035156,2025-10-01 17:04:00+00:00,256.7081237792969,256.5583801269531,256.48119049072267,256.34643188476565,256.65172673328834,256.605274939921,256.5743963630611,256.5076480665427,256.4804193726733,53.85485467215733,56.280067275307466,55.90815394231695,0.05725024150772218,0.0760544159229144,0.038988734314083826,256.79374483308067,256.48119049072267,256.16863614836467,0.125119913310159,0.12814427163870484,0.13226258504845312,256.359500446206,256.7206284972157,256.60279220206996,256.5130549037887,37454.6,30496.4,27799.9,70.06143804867594,0.12485556724772096,0.09385374164737029,0.03100182560035067,5.080045380057985,46.594613874045535,66.60414996723817,25.688110258367825,256.6459045410156
hold,256.510009765625,256.598388671875,256.6000061035156,256.489990234375,45503,256.510009765625,2025-10-01 17:05:00+00:00,256.68080444335936,256.5713806152344,256.4991912841797,256.3480322265625,256.6044877440672,256.58622190506185,256.5644907326863,256.50786276645925,256.4826112536327,44.88635542060085,51.59789804953565,52.895351900123494,-0.05322364537736706,0.05070788686189599,0.013647981782383583,256.7723615167833,256.4991912841797,256.2260210515761,0.12296219271451128,0.12684938574598487,0.13120321762427084,256.35992543104385,256.6881765164205,256.608010785997,256.5311131675631,36789.8,32392.9,28631.85,60.11946818117706,0.10361065142916459,0.09580512360372916,0.007805527825435435,6.42444422681422,18.98971249154387,5.765941209013797,9.240695512703681,256.53333536783856
hold,256.5350036621094,256.510009765625,256.5799865722656,256.510009765625,19860,256.5350036621094,2025-10-01 17:06:00+00:00,256.62900390625,256.58788146972654,256.5111907958984,256.34853210449216,256.58132638341465,256.5759782564714,256.5599542602898,256.51033012060924,256.4864921727791,47.70790002131856,52.77300296350082,53.62411451915388,-0.10086009764426844,0.0643634388050946,0.037046178364793826,256.768026947413,256.5111907958984,256.25435464438385,0.11539285184681325,0.12278705866703059,0.1282876742440972,256.36014093066734,256.62819585940304,256.6131248995911,256.5434234843698,29685.8,33059.4,28172.3,65.58606001958563,0.08948608369229305,0.09454131562144194,-0.00505523192914889,17.312206572769952,9.605565393214052,7.887832714443401,6.447734275193505,256.5416666666667
hold,256.6099853515625,256.5299987792969,256.6499938964844,256.5299987792969,31391,256.6099853515625,2025-10-01 17:07:00+00:00,256.59299926757814,256.6088806152344,256.5151901245117,256.3517315673828,256.5908793727973,256.58277967548963,256.5676513512549,256.5193896870595,256.49563981565194,55.6539419749114,56.20790298382644,55.7791762101203,-0.07010521724714318,0.0818999454278085,0.08970296605428363,256.7755401869378,256.5151901245117,256.25484006208563,0.11605031832405421,0.12258763427563554,0.12789279057473543,256.36062606924634,256.57923572866736,256.62611898777595,256.5479227154011,28152.4,34074.8,28104.75,71.48744916563906,0.08713985983769135,0.09306102446469183,-0.005921164627000486,74.99523173755483,32.91062751237967,31.14224944805358,22.18098136738178,256.59665934244794
hold,256.6199951171875,256.6099853515625,256.6400146484375,256.55999755859375,19593,256.6199951171875,2025-10-01 17:08:00+00:00,256.575,256.6268798828125,256.5241897583008,256.35673156738284,256.6005846209274,256.5902227638292,256.57570423832146,256.528535635253,256.50485131946937,56.679185098732354,56.6610669353521,56.06535182927447,-0.035057590622207445,0.0701890009622724,0.08385029110750107,256.78596134027964,256.5241897583008,256.26241817632194,0.11090271425543932,0.11954688110192943,0.12561299530183137,256.36094003628597,256.566762851525,256.6379013403659,256.5557800689075,28163.0,33828.1,27720.4,75.62249087886627,0.08537144435985056,0.09152310844372358,-0.006151664083873021,78.56987137562678,56.95910322865052,29.17835827188244,35.33135997368854,256.60666910807294
hold,256.5400085449219,256.614013671875,256.6499938964844,256.510009765625,30884,256.5400085449219,2025-10-01 17:09:00+00:00,256.56300048828126,256.63556213378905,256.5299407958984,256.3635314941406,256.58039259559223,256.5801799200478,256.57021259318304,256.5295786270411,256.50745555839177,46.6291170366418,52.02794092676293,53.17787027305928,-0.023381744803835366,0.033855110598517896,0.06240879127157764,256.78776613254087,256.5299407958984,256.272115459256,0.11505720234171586,0.12100668465603269,0.12629733509028582,256.36128106413776,256.55562609435543,256.6480031511047,256.55818136557025,29446.2,33450.4,28554.15,68.61753166889932,0.07272436165601448,0.08776335908618177,-0.015038997430167289,21.43012862437323,58.33174391251828,-2.5394408740691343,25.6212577779517,256.56667073567706
hold,256.37310791015625,256.5150146484375,256.5299987792969,256.37310791015625,35089,256.37310791015625,2025-10-01 17:10:00+00:00,256.5356201171875,256.60821228027345,256.5235961914062,256.3719937133789,256.5112977004469,256.5387655180695,256.5398887957943,256.5153540164152,256.4975038807447,32.57016258464405,43.95199280117213,47.78582023814715,-0.05337096029657407,-0.10656619970329838,0.0012141799071795172,256.79015370630384,256.5235961914062,256.2570386765086,0.12246340697370288,0.12428482394957499,0.12823082555101625,256.3613065992829,256.5239874766461,256.61814461823053,256.5496639843096,27363.4,32076.6,28968.55,65.26249649353508,0.041261637324794265,0.07846301473390427,-0.037201377409110004,0.0,33.333333333333336,-103.37050241472647,6.861080595226208,256.42540486653644
hold,256.3786926269531,256.37701416015625,256.42999267578125,256.3299865722656,34675,256.3786926269531,2025-10-01 17:11:00+00:00,256.5043579101563,256.5666809082031,256.51878051757814,256.3787673950195,256.46709600928233,256.50675093984626,256.51508938520334,256.5029302537368,256.4887030471305,33.35459583501574,44.26375427375292,47.97117317515015,-0.060931659588308026,-0.16173030150121942,-0.00830782762804975,256.79207039144967,256.51878051757814,256.2454906437066,0.11925522076540604,0.12255062963286427,0.1268867911683786,256.3613436152931,256.4893188027751,256.5580161097834,256.54339517778794,30326.4,30006.1,29182.25,58.758195532087115,0.018047892715742364,0.06637999033027189,-0.04833209761452953,15.220293724966622,12.21680744977995,-133.22621335892475,1.0994781581279371,256.3795572916667
hold,256.3900146484375,256.385009765625,256.44000244140625,256.3550109863281,28546,256.3900146484375,2025-10-01 17:12:00+00:00,256.4603637695312,256.5266815185547,256.5162811279297,256.38666778564453,256.4414022223341,256.48340368156454,256.4958471180086,256.4926651987096,256.4813927953755,35.139255549011295,44.93250625668961,48.36138258380436,-0.08572180183231541,-0.15576692362405586,-0.01949297788677555,256.79329610969114,256.5162811279297,256.23926614616823,0.11436039709579446,0.11986783145038289,0.12489177516408081,256.3613937802951,256.44480832791703,256.5101591658906,256.5401598607517,29757.4,28954.9,29412.55,59.32978409102301,0.0020108861890548724,0.053506169502028494,-0.05149528331297362,30.01220628623741,15.077500003734677,-118.57693372433435,1.086207462343713,256.39500935872394
hold,256.2051086425781,256.3883972167969,256.3883972167969,256.20001220703125,31785,256.2051086425781,2025-10-01 17:13:00+00:00,256.37738647460935,256.4761932373047,256.50753631591795,256.39106994628906,256.3626376957488,256.4277446737673,256.45111812178857,256.4665236936067,256.46092730257567,23.2676117916387,37.10279534070134,42.850446241337636,-0.1616734792703561,-0.19667439106605625,-0.09673398736567733,256.81098784961506,256.50753631591795,256.20408478222083,0.12516640342585952,0.12487744644723055,0.12799228308037458,256.36108989698096,256.3761578253007,256.46509281661196,256.5280403919514,32195.8,30179.4,29942.9,52.24251678357436,-0.03318262880839029,0.03616840983994474,-0.06935103864833503,2.1236012207527977,15.785367077318943,-170.273851883947,20.643242128825133,256.26450602213544
hold,256.0400085449219,256.19000244140625,256.20989990234375,256.0249938964844,31910,256.0400085449219,2025-10-01 17:14:00+00:00,256.2773864746094,256.4201934814453,256.4892868041992,256.39057006835935,256.25509464547315,256.3501974479982,256.3878704945783,256.4277495891808,256.42974813534204,17.21061038171959,31.77810794547895,38.71440477320521,-0.19490137340992822,-0.21823754687201372,-0.23635531706119864,256.8531058645005,256.4892868041992,256.1254677438979,0.13370063234493318,0.12916520069095513,0.13070246035556507,256.36046434716275,256.2787108998251,256.41055357340093,256.50600434050193,32401.0,30923.6,30710.0,43.31511736684864,-0.07955068734383985,0.013024590403187822,-0.09257527774702767,3.6179130818442533,11.91790686294482,-190.81488792908394,50.870428452219954,256.0916341145833
hold,256.0199890136719,256.0400085449219,256.0799865722656,255.9949951171875,53138,256.0199890136719,2025-10-01 17:15:00+00:00,256.2067626953125,256.37119140625,256.4712860107422,256.38625183105466,256.17672610153943,256.2841557611329,256.33127334366964,256.3906804459527,256.3993956078109,16.59931733339441,31.193528889370384,38.24440963017905,-0.13773632475061406,-0.1910337738479915,-0.3014156541241405,256.8868913162287,256.4712860107422,256.05568070525567,0.12674217844967486,0.12600993314718154,0.12852574581854412,256.35936330447055,256.1839601012763,256.3307754470036,256.4709199010061,36010.8,31687.1,32040.0,31.10064209378382,-0.11523984667798004,-0.012628297013045752,-0.10261154966493428,6.353269723062602,4.031594675219885,-165.4746065963531,76.62835249042146,256.0316569010417
hold,256.125,256.010009765625,256.1612854003906,255.98300170898438,47539,256.125,2025-10-01 17:16:00+00:00,256.15602416992186,256.33019104003904,256.4590362548828,256.3845520019531,256.159484067693,256.25232460890635,256.2995389831051,256.3665276781388,256.3790700072323,31.49056798477818,37.67053263265847,42.11483076996637,-0.0989523054173084,-0.15982367172372478,-0.2589697896308691,256.89955682772563,256.4590362548828,256.01851568203995,0.1341052517291856,0.12974377302282927,0.13089517179891108,256.3586872241228,256.1344299662841,256.2906119545436,256.4485350710269,38583.6,34455.0,33757.2,32.37048215573539,-0.12674539832596565,-0.035451717275629735,-0.09129368105033592,62.58238063214526,24.18452114568404,-121.1988083015488,67.45574880714176,256.0897623697917
hold,256.215087890625,256.1300048828125,256.2200012207031,256.1011962890625,25069,256.215087890625,2025-10-01 17:17:00+00:00,256.12103881835935,256.2907012939453,256.44979095458984,256.384853515625,256.178018675337,256.2448772652501,256.2865465073389,256.35276042472844,256.36692318377993,41.8774398487396,42.65751398845685,45.20811054391273,-0.06822682156805518,-0.15389013813958954,-0.19278702852503835,256.90247344116904,256.44979095458984,255.99710846801062,0.13191949171653408,0.12896242720981468,0.13031944607708792,256.3584691079187,256.10659065572594,256.25537311250747,256.44143405649663,37888.2,33822.8,33948.8,37.4368808430425,-0.12204591852980684,-0.05277055752646516,-0.06927536100334168,97.92686067473603,55.6208370099813,-75.50520597067273,56.647225061631886,256.1787618001302
hold,256.05499267578125,256.2099914550781,256.2300109863281,256.0282897949219,27905,256.05499267578125,2025-10-01 17:18:00+00:00,256.091015625,256.2342010498047,256.43054046630857,256.38255310058594,256.13701000881844,256.2069003473564,256.2509228409454,256.3256906293696,256.3438172202245,31.862067795694017,36.99302438387286,41.1089964919012,-0.05859210520516825,-0.22017085658046143,-0.2123980571982176,256.9148885659758,256.43054046630857,255.94619236664136,0.14189116310077923,0.13415948179527434,0.1337195291880004,256.3579568698782,256.0819559757961,256.218622217879,256.4257335080322,37112.2,34654.0,34241.05,37.16331883610629,-0.13691687286808474,-0.06959982059478909,-0.06731705227329565,29.145045712873735,63.21809567325167,-85.81191379000741,55.12680877547845,256.10443115234375
hold,256.0950012207031,256.04998779296875,256.15008544921875,256.04998779296875,16741,256.0950012207031,2025-10-01 17:19:00+00:00,256.1020141601563,256.1897003173828,256.4126312255859,256.3812530517578,256.12300707944667,256.18452052202576,256.22693489936967,256.30471886494536,256.3253864054451,36.3035066045813,39.167042999128775,42.47758984009286,0.021478157298062114,-0.17346507733542318,-0.16179038989592306,256.91832369215905,256.4126312255859,255.9069387590128,0.1359206621220965,0.13172649425632618,0.1321184876195242,256.3576908652577,256.09109333532115,256.18253514597967,256.4160044459003,34078.4,33239.7,33345.05,39.63029264131194,-0.14086588341933748,-0.08385303315969878,-0.0570128502596387,33.07110438729198,53.38100359163392,-75.24231012115096,50.16071613728269,256.0983581542969
hold,256.17999267578125,256.0950012207031,256.2200012207031,256.0950012207031,22991,256.17999267578125,2025-10-01 17:20:00+00:00,256.13401489257814,256.17038879394534,256.38930053710936,256.37885314941406,256.1420022782249,256.1836149527769,256.2197130188176,256.2933801204759,256.31461649954406,45.16245258784315,43.61770454289749,45.31241340964245,0.06249655065051602,-0.07532585455205995,-0.13838695743670193,256.89271174569683,256.38930053710936,255.8858893285219,0.13436056753322556,0.13124603038087432,0.13177951201859445,256.35744433898236,256.132608014492,256.1614752561439,256.389976273356,28049.0,32029.9,32053.25,40.05836832289479,-0.13100154676715192,-0.0932827358811894,-0.03771881088596252,75.20423600605143,45.80679536873905,-44.615920050954664,39.142966948501154,256.1649983723958
hold,256.2099914550781,256.17498779296875,256.2099914550781,256.1376953125,20757,256.2099914550781,2025-10-01 17:21:00+00:00,256.15101318359376,256.1535186767578,256.36009979248047,256.37579467773435,256.16466533717596,256.18889025323716,256.2182173936269,256.28579933271243,256.3068664962503,48.132975919895934,45.14326218246765,46.29333604098182,0.03318358421791118,-0.06580155712100094,-0.15587620097338484,256.8330533861296,256.36009979248047,255.88714619883132,0.12549422111106834,0.12703532410924936,0.12894697061666735,256.3572598813706,256.1499522190096,256.14017836896244,256.3469200035268,22692.6,30638.1,30322.1,38.55751020925409,-0.11797624301311771,-0.09822143730757507,-0.01975480570554264,94.11236761802189,67.46256933712176,-29.66470374676916,50.176287590736266,256.18589274088544
hold,256.1300048828125,256.20001220703125,256.2099914550781,256.1000061035156,21609,256.1300048828125,2025-10-01 17:22:00+00:00,256.1339965820313,256.1275177001953,256.327099609375,256.3725946044922,256.1531118523882,256.17711317915223,256.204646238117,256.27163620090334,256.2937656359956,41.1918963397772,41.888780917088695,44.079791184715866,-0.033207649289108555,-0.10141181433353631,-0.19094000611731063,256.7663643129554,256.327099609375,255.88783490579465,0.12327866831841572,0.1258174689273387,0.1280440363759927,256.356964310506,256.131189747626,256.11562731669187,256.30957920135546,22000.6,29944.4,29449.65,33.80147918101497,-0.11665245684338288,-0.10190764121473664,-0.01474481562864624,28.0029296875,65.77317777052444,-38.94980466219438,52.216144538372276,256.14666748046875
hold,256.0599060058594,256.1300048828125,256.1600036621094,256.0523986816406,25360,256.0599060058594,2025-10-01 17:23:00+00:00,256.1349792480469,256.1129974365234,256.2945953369141,256.37139282226565,256.1220432368786,256.15367174449364,256.18237851007734,256.2523880013539,256.27644270043,35.89885091228224,39.2202177075536,42.22202038235878,0.001918857362155127,-0.0566743721419375,-0.18714528848174994,256.7113502050913,256.2945953369141,255.87784046873685,0.12103957005417776,0.12451657689458237,0.12707074799945733,256.3565115775991,256.13415391593946,256.1010983735653,256.2857805155911,21491.6,29301.9,29740.65,34.2471959520187,-0.12277095593634613,-0.10608030415905854,-0.016690651777287582,4.763749031758327,42.29301544576007,-64.8066206118797,52.09226576262173,256.0907694498698
hold,256.0299987792969,256.04998779296875,256.1199951171875,256.02099609375,25125,256.0299987792969,2025-10-01 17:24:00+00:00,256.1219787597656,256.11199645996095,256.26609497070314,256.3705926513672,256.09136175101804,256.1289371514543,256.1589354745727,256.2321707993487,256.25818759516085,33.74080282618277,38.104870643407594,41.439631149330744,-0.02538215939257275,-0.003909453714630618,-0.133831950494439,256.67325913543544,256.26609497070314,255.85893080597086,0.1178909205375095,0.12269389450479076,0.1257339992107927,256.3560193089997,256.11722186593005,256.1016678346566,256.2620765711276,23168.4,28623.4,29773.5,35.07699791420637,-0.12925044370655314,-0.11071433206855748,-0.018536111637995664,4.763442596479897,12.51004043857941,-83.39089643800153,45.87307547878333,256.05699666341144
hold,255.99000549316406,256.010009765625,256.03680419921875,255.96499633789062,26176,255.99000549316406,2025-10-01 17:25:00+00:00,256.0839813232422,256.10899810791017,256.2400947570801,256.3691928100586,256.0575763317334,256.10115081979626,256.13294624666366,256.2101557715137,256.2383222542722,30.84771688035515,36.605722190956676,40.388771429530685,-0.07416160045629844,-0.011711398247974823,-0.15160664476693717,256.6480467237301,256.2400947570801,255.83214279043014,0.1113076263647403,0.11905917784931463,0.12316608788304662,256.35544530489875,256.0771202128361,256.10713458671074,256.2301340903789,23805.4,25927.2,28807.15,35.817838325676405,-0.13717143447593116,-0.11600575255003222,-0.021165681925898946,12.824726134585289,7.4506392542745035,-123.33363437426064,46.71743309182316,255.9972686767578
hold,255.88999938964844,255.98500061035156,256.0,255.87030029296875,41320,255.88999938964844,2025-10-01 17:26:00+00:00,256.0199829101563,256.085498046875,256.20784454345704,256.3614929199219,256.00171735103845,256.0589205337667,256.09556980712284,256.18105064588957,256.2125205605963,24.67530772465885,33.09898715110438,37.86747490126908,-0.12489445224691499,-0.09175231248474866,-0.19502134647274952,256.6194069357926,256.20784454345704,255.79628215112152,0.11393506645995598,0.11981921564802431,0.12347721260438964,256.3542959081237,256.0019727037786,256.06832323009786,256.19648453452197,27918.0,25305.3,29880.15,27.880270473499564,-0.15360002682962204,-0.12352460740595018,-0.030075419423671854,7.889269127352725,8.492479286139304,-194.25931111732265,53.87400677238744,255.92009989420572
hold,255.92880249023438,255.8699951171875,255.94000244140625,255.85499572753906,36719,255.92880249023438,2025-10-01 17:27:00+00:00,255.97974243164063,256.05686950683594,256.1737854003906,256.35026916503904,255.97741239743712,256.03289692506024,256.0699132968323,256.15811899537545,256.19150440723615,30.931345851248054,35.67391862520505,39.40848095834029,-0.07855479199720525,-0.11173635508648758,-0.10784568418938673,256.5584579227572,256.1737854003906,255.789112878024,0.10980244466098905,0.11733260837796454,0.1216452840930943,256.35336421664397,255.96672135001086,256.0350697145661,256.15865396828485,30940.0,26470.3,30146.55,27.55768930730322,-0.1586074821759098,-0.1305411823599421,-0.0280662998159677,40.59588753671842,20.436627599552143,-168.2202196308377,45.51179231271905,255.9079335530599
hold,256.0455017089844,255.9149932861328,256.1213073730469,255.91000366210938,29419,256.0455017089844,2025-10-01 17:28:00+00:00,255.97686157226562,256.05592041015626,256.14506072998046,256.3422790527344,256.00010883461954,256.0354178818451,256.0661576679326,256.147881060249,256.18068939255085,46.51702930442666,42.803859226489315,43.80936663939361,-0.005625362087991389,-0.0037066126685108354,0.002145431916565583,256.47391212731145,256.14506072998046,255.81620933264944,0.12430262555763348,0.12404482998935994,0.12591473299044695,256.3528250637953,255.96643460411502,256.0341341943367,256.1384699745536,31751.8,26621.7,30637.85,34.72759661858042,-0.14527151070575428,-0.13348724802910455,-0.011784262676649726,71.53497965965737,40.0067121079095,-43.70658831625912,0.7247942487870973,256.0256042480469
hold,256.1404113769531,256.0570068359375,256.18499755859375,256.0570068359375,16357,256.1404113769531,2025-10-01 17:29:00+00:00,255.9989440917969,256.0604614257812,256.12508087158204,256.3354870605469,256.04687634873073,256.0564165808667,256.0775813154742,256.1472019981312,256.1777058358399,55.94877608040105,47.86507399141351,47.09099677403331,0.04312486746970144,0.0177317620545297,0.047036312963367584,256.3995877577459,256.12508087158204,255.85057398541815,0.1264730861364537,0.12514847424793243,0.12656145282944353,256.35261843508084,255.97475969143272,256.0368404083419,256.1177933757735,29998.2,26583.3,29911.5,42.33178095376754,-0.12128925497319187,-0.13104764941792202,0.009758394444730145,86.48911083368012,66.20665934335197,47.57361781669532,12.253619232289765,256.1274719238281
hold,256.1099853515625,256.1650085449219,256.1918029785156,256.0799865722656,16013,256.1099853515625,2025-10-01 17:30:00+00:00,256.02294006347654,256.0534606933594,256.11192474365237,256.32702880859375,256.067912683008,256.06713033500586,256.0825665517955,256.14381866662495,256.1726895036712,52.486918139996384,46.44615608352717,46.18310742098181,0.04686896200001895,-0.027327397228615956,-0.005862234626647145,256.3617322461721,256.11192474365237,255.86211724113267,0.12437927472410316,0.12419618367665154,0.12585930775423193,256.352387593596,255.98739159913032,256.028650712161,256.10210884007375,27965.6,25885.5,28957.7,32.60424809976995,-0.10555916866536563,-0.12594995326741076,0.02039078460204513,70.96599523500109,76.33002857611287,43.57287285244936,3.3729294939569194,256.12725830078125
hold,256.1700134277344,256.11968994140625,256.17999267578125,256.072998046875,38036,256.1700134277344,2025-10-01 17:31:00+00:00,256.0789428710938,256.049462890625,256.1014907836914,256.32202880859376,256.1019462645835,256.08770695355156,256.09601991732455,256.146200008544,256.17249127582403,58.41018896810174,49.61934706935167,48.249935879403054,0.10942750351863301,-0.015603617609409053,-0.017592431133433766,256.32151386558235,256.1014907836914,255.8814677018005,0.12189575389298128,0.12296750119305143,0.12496098971385183,256.35197637859636,256.06773529763467,256.0344912911872,256.0900787225424,27308.8,27613.4,29125.75,35.00170777595537,-0.08478432227246913,-0.11771682706842243,0.032932504795953305,83.8351822503962,80.43009610635913,60.67095189857695,5.973643721988096,256.14100138346356
hold,256.1499938964844,256.1791076660156,256.2200012207031,256.1400146484375,21787,256.1499938964844,2025-10-01 17:32:00+00:00,256.12318115234376,256.0514617919922,256.08948974609376,256.3196087646484,256.1179621418838,256.10016434213816,256.1043236064261,256.14654490744766,256.17082480328037,55.70802071924572,48.58540652192577,47.609656316209836,0.08642692971551731,0.007804245223444477,0.03710188179123547,256.2674092875602,256.08948974609376,255.91157020462734,0.1159087279462161,0.1198974348410924,0.12281935078774579,256.35171584641154,256.1244208372859,256.03612894014987,256.0774751212843,24322.4,27631.2,28787.8,41.6800065935513,-0.0706604611422108,-0.10830555388318011,0.037645092740969305,52.37699813161719,69.05939187233817,80.27148817109759,11.058536928158157,256.1700032552083
hold,256.1400146484375,256.1499938964844,256.2200012207031,256.1300048828125,45188,256.1400146484375,2025-10-01 17:33:00+00:00,256.1420837402344,256.05947265625,256.0862350463867,256.3154089355469,256.12531297740173,256.108134403398,256.1098145359663,256.14595124753765,256.16854256958834,54.24852635129032,48.0479443161846,47.281262345497396,0.036912556097371436,0.03128511754444364,0.017576847466687705,256.2578450643385,256.0862350463867,255.91462502843495,0.11220695793827451,0.1177616422017733,0.12125635017359719,256.3511509922146,256.1464499022499,256.04994470634057,256.07538604970716,27476.2,29614.0,29457.95,38.61361278994972,-0.06040816619031375,-0.09872607634460684,0.03831791015429309,45.588540585426614,60.600240322480005,66.79533404711025,9.377811613260437,256.16334025065106
hold,256.0683898925781,256.1400146484375,256.1841125488281,256.05999755859375,20350,256.0683898925781,2025-10-01 17:34:00+00:00,256.1276794433594,256.0633117675781,256.08765411376953,256.31157653808594,256.1063386157939,256.1001855012341,256.10344151390655,256.1389002152686,256.1611238527728,44.488618055118735,44.26321306929034,44.94492564695585,-0.028117970135141397,0.014994771497204096,-0.04356420735180843,256.25817758801224,256.08765411376953,255.9171306395268,0.113908105409146,0.11821545277553057,0.12139247589077709,256.35081163860616,256.1359122571487,256.0529529638763,256.07709402423643,28274.8,29136.5,28879.95,32.89355575191401,-0.06093835153870941,-0.09116853138342736,0.030230179844717944,5.24508868968148,34.403542468908434,19.282808727004248,11.775424999423329,256.1041666666667
hold,256.1300048828125,256.0880126953125,256.1600036621094,256.0783996582031,7991450,256.1300048828125,2025-10-01 17:35:00+00:00,256.1316833496094,256.07731170654296,256.09315490722656,256.3111767578125,256.11422737146677,256.1061493775498,256.1075281860459,256.1380915486817,256.15881874388685,52.97887487990113,48.05392583795746,47.29722391143797,0.007816771072990053,0.05468939671247284,-0.03121914637729857,256.26167856944244,256.09315490722656,255.9246312450107,0.1107232002837323,0.11631533254379624,0.11997444225460913,256.2800812226777,256.13014726901486,256.1277296703032,256.1271026406744,1623362.2,825663.9,425795.55,96.91457399913358,-0.052669366337056545,-0.0834686983741532,0.030799332037096658,43.753576196833876,31.529068490647322,42.42494092093586,11.775424999423333,256.122802734375
hold,256.25,256.1698913574219,256.2550048828125,256.1099853515625,41114,256.25,2025-10-01 17:36:00+00:00,256.1476806640625,256.1133117675781,256.0994049072266,256.31027648925783,256.1594849143112,256.13491950203985,256.1294469266542,256.1482650442561,256.16557291100634,65.10508134753911,54.5385407982145,51.53187599084513,0.031224018453740385,0.14068568963626552,0.046849301097074324,256.28095718445087,256.0994049072266,255.9178526300023,0.11562267613605626,0.11836563245138222,0.12116706554010394,256.2800317302959,256.13056738263566,256.12952827237893,256.1277081718976,1623977.8,825643.3,425474.3,97.17982669644351,-0.030653408966486495,-0.07290564049261987,0.042252231526133374,97.43348982785602,48.8107182381238,112.60166831357044,7.62274724574923,256.2049967447917
hold,256.29998779296875,256.239990234375,256.32000732421875,256.2300109863281,42977,256.29998779296875,2025-10-01 17:37:00+00:00,256.17767944335935,256.1504302978516,256.10364990234376,256.30567626953126,256.20631920719705,256.16793316022563,256.1556839830103,256.1620580214118,256.17552956892945,68.99158187707238,56.94952561675364,53.1774923605052,0.058557056435063086,0.145034595216589,0.09376000751319546,256.2992498453705,256.10364990234376,255.90804995931697,0.11196177067242322,0.116339254268471,0.11968274517584304,256.2800659926987,256.13140976919374,256.13130690464425,256.1283195590466,1628215.8,826269.1,426369.7,97.4879122261424,-0.0075964087038187245,-0.05984379413485964,0.05224738543104092,91.71403309334343,77.63369970601111,151.54608932577787,22.738295094198847,256.28333536783856
hold,256.30499267578125,256.29998779296875,256.3299865722656,256.2698974609375,26913,256.30499267578125,2025-10-01 17:38:00+00:00,256.21067504882814,256.17637939453124,256.11614990234375,256.30297607421875,256.2392103633918,256.1953450633368,256.1786545511289,256.1750520808999,256.1851194286962,69.38981668011789,57.194300771575406,53.34402482506541,0.06440931440180833,0.10134564562349026,0.10740690457973458,256.3289141264413,256.11614990234375,255.9033856782462,0.1045513907660949,0.11232138691558914,0.11684495308785647,256.2800927638337,256.1319370254813,256.1321783994364,256.12911719798836,1624560.8,826018.5,426320.1,97.7877059401248,0.010225634640562475,-0.04582990837977522,0.056055543020337696,88.63920099875156,92.59557463998367,142.26429451972507,29.209093820044828,256.30162556966144
hold,256.3399963378906,256.3110046386719,256.4599914550781,256.30999755859375,57401,256.3399963378906,2025-10-01 17:39:00+00:00,256.26499633789064,256.196337890625,256.12839965820314,256.3012762451172,256.27280568822476,256.2242753182476,256.20347636447684,256.1900470133536,256.19659179234026,72.29324811986092,58.95215946159374,54.53160445176597,0.10606793186243729,0.07792013757789183,0.1367205114325874,256.3620669023255,256.12839965820314,255.89473241408075,0.11175816055620635,0.11536977208568099,0.1186618019549526,256.28022966863927,256.1335591127299,256.13359918793316,256.13059679613826,1631971.0,830122.9,428353.1,98.10646155531498,0.027683525907320927,-0.03112722152235599,0.058810747429676916,47.823779193205944,76.05900442843365,164.76235972215537,50.04932778798723,256.3699951171875
hold,256.4150085449219,256.364990234375,256.45001220703125,256.364990234375,37877,256.4150085449219,2025-10-01 17:40:00+00:00,256.3219970703125,256.2268402099609,256.14015045166013,256.2995764160156,256.3202066404572,256.2624219635824,256.23601977685297,256.210498061678,256.21277081105,77.60425050161265,62.505621407596564,56.994721185365485,0.11127304754465339,0.11909851657703596,0.2051698606923658,256.40462090234405,256.14015045166013,255.87568000097625,0.11150926178255187,0.11498735044674842,0.11825009086855605,256.28043261882385,256.3229305111885,256.13492526594,256.1317197350258,41256.4,832309.3,429097.4,98.59595163675563,0.049651152532419474,-0.014971546711400899,0.06462269924382037,76.33649060844438,70.93315693346729,158.1237149761406,70.52034557805183,256.4100036621094
hold,256.3999938964844,256.4198913574219,256.5,256.3900146484375,56160,256.3999938964844,2025-10-01 17:41:00+00:00,256.35199584960935,256.2498382568359,256.14965057373047,256.298076171875,256.34680239246626,256.28993635016286,256.26124656448854,256.2277249557513,256.22663918774884,74.27927426057542,61.360586403523214,56.353118982286986,0.05853420350609756,0.08977649869034243,0.18411034696572676,256.4362021049068,256.14965057373047,255.86309904255418,0.11129156032254446,0.11463006481215925,0.11785653185398196,256.28069896173895,256.35603226404044,256.13654992586305,256.1332795636569,44265.6,834121.7,430867.55,99.0338305766432,0.06329716241401684,0.0006821951136826484,0.0626149673003342,47.36588499839383,57.17538493334805,138.72169276787392,76.12327791968512,256.4300028483073
hold,256.30999755859375,256.4100036621094,256.4169921875,256.2901916503906,30378,256.30999755859375,2025-10-01 17:42:00+00:00,256.3539978027344,256.2658386230469,256.15865020751954,256.29547607421875,256.33453411450876,256.293948591849,256.2687467174278,256.2352042832824,256.23281388188553,57.1549529381541,54.872070315371325,52.62473924656865,0.003905488139580241,0.06246483151353729,0.10330033054437142,256.4533582780957,256.15865020751954,255.86394213694334,0.11350712843494883,0.11549938426196037,0.11828243686614352,256.2807342237029,256.3608719410915,256.13714587829685,256.13391010228014,41745.8,834980.8,431306.0,98.67380832083636,0.06113470996348269,0.012772698083642658,0.04836201187984003,9.44,44.38079186894607,67.03964149325574,42.27523454811183,256.3390604654948
hold,256.30999755859375,256.2900085449219,256.32000732421875,256.2650146484375,45624,256.30999755859375,2025-10-01 17:43:00+00:00,256.35499877929686,256.2828369140625,256.17115478515626,256.29407592773435,256.3263552625371,256.297158385198,256.27509300068414,256.2420036719471,256.2385311912713,57.1549529381541,54.872070315371325,52.62473924656865,0.0019527059384407072,0.06636327806475625,0.06620828815295794,256.46924623031765,256.17115478515626,255.8730633399949,0.10514792091299185,0.1111774765133382,0.11526863871924384,256.28078702363536,256.35727884330845,256.13807477942555,256.1350563106826,45488.0,835024.4,432319.2,98.13947093251628,0.05862719392666804,0.021943597252247735,0.03668359667442031,19.142857142857142,25.316247380416993,33.87803287587906,30.35239861647201,256.29833984375
hold,256.3599853515625,256.42999267578125,256.4397888183594,256.32000732421875,25700,256.3599853515625,2025-10-01 17:44:00+00:00,256.35899658203124,256.31199645996094,256.18765411376955,256.29317565917967,256.3375652922123,256.3097237784709,256.2881533623577,256.25272927918485,256.2475277957373,63.51415755245336,57.75006769061116,54.46942763366131,0.007797852054864972,0.11387405493770654,0.09761431193587579,256.4891769010734,256.18765411376955,255.88613132646574,0.10866839789193945,0.11250703245993011,0.11596019210240485,256.28086743624374,256.36270234274195,256.13892704548243,256.1360300919654,39147.8,835559.4,432347.95,98.33040888817982,0.06219598273361271,0.029994074348520732,0.032201908385091974,54.33909551248472,27.640650885113956,73.71184651136325,41.25406959536594,256.3732604980469
hold,256.3900146484375,256.3699951171875,256.4100036621094,256.30499267578125,28284,256.3900146484375,2025-10-01 17:45:00+00:00,256.3539978027344,256.33799743652344,256.2076545715332,256.2933758544922,256.35504841095405,256.32578195246424,256.3038243294469,256.2652097672987,256.2580823774188,66.95192383990545,59.42415624585971,55.560886289292654,-0.009747438976449878,0.10151476229579685,0.08588094201946372,256.50714226706214,256.2076545715332,255.90816687600432,0.10814591052568025,0.1119716005933726,0.11543880135124866,256.28098926322195,256.35620904841556,256.33871599690985,256.13730260368175,37229.2,39242.8,432453.35,97.99430110315748,0.0676995750454239,0.03753517448790137,0.03016440055752253,71.5208660729876,48.33427290944315,63.25333043399525,39.70059379443003,256.3683369954427
hold,256.3599853515625,256.3800048828125,256.3999938964844,256.32000732421875,33894,256.3599853515625,2025-10-01 17:46:00+00:00,256.34599609375,256.3489959716797,256.2311538696289,256.29317565917967,256.3566940578236,256.3326226322839,256.3124644866955,256.2738257295045,256.2656307458739,60.3210928204091,56.99221741154177,54.19672254615758,-0.015603957049245302,0.04292111280487805,0.08197987900908832,256.499377623466,256.2311538696289,255.96293011579178,0.10412314791710094,0.1096869557128192,0.11375059996621897,256.2810947839798,256.3419854515845,256.35005629359,256.13935848379305,32776.0,38520.8,432082.05,97.59727990020747,0.0669918864099941,0.043426516872319916,0.02356536953767418,40.79692098709531,55.55229419085588,50.924511719623716,36.203158872716,256.35999552408856
hold,256.239990234375,256.3299865722656,256.3500061035156,256.239990234375,52916,256.239990234375,2025-10-01 17:47:00+00:00,256.3319946289063,256.34299621582034,256.24671325683596,256.2899755859375,256.31779278334074,256.3140961527021,256.3013146017231,256.2707497754018,256.2637314487258,41.26745858148175,48.458091876301324,49.13502459917257,-0.027313536298070457,-0.023409114885410833,0.039031615608643,256.47629537492327,256.24671325683596,256.01713113874865,0.10639057209858652,0.11042325296101067,0.1140479579291371,256.2810092415382,256.31824605570756,256.3407623811012,256.1408665317885,37283.6,39514.7,432891.9,97.50817407139256,0.05036470397629955,0.044814154293115846,0.005550549683183706,0.0,37.43926235336097,-23.255218091735337,23.653452223159412,256.2766621907552
hold,256.2608947753906,256.2149963378906,256.30999755859375,256.2149963378906,21104,256.2608947753906,2025-10-01 17:48:00+00:00,256.3221740722656,256.3385864257813,256.2574829101562,256.28639343261716,256.2988267806907,256.30345587723986,256.29509616690274,256.26985386630986,256.26352132477507,44.810597400327104,49.86651489516316,49.98940559386551,-0.01915757624393869,-0.017205244396626962,0.07517713642564657,256.4676899816615,256.2574829101562,256.04727583865093,0.10476352189923488,0.10932167922830456,0.11314097044218416,256.2809925607057,256.31309459004717,256.338905753,256.1414837466078,32379.6,38933.8,432476.15,97.49936791704062,0.03993455246478561,0.0438382339274498,-0.003903681462664191,24.810293632464532,21.86907153985328,-54.232860987222715,31.440526001195458,256.261962890625
hold,256.31500244140625,256.2900085449219,256.31500244140625,256.2651062011719,27742,256.31500244140625,2025-10-01 17:49:00+00:00,256.31317749023435,256.3360870361328,256.2662124633789,256.2836297607422,256.30421866759593,256.30576519007315,256.2981586706725,256.27395828222774,256.2673347408218,53.31513052744701,53.414837395755626,52.17271810471563,-0.017546775131291305,-0.009750291347991468,0.07222799167102355,256.47066965457236,256.2662124633789,256.06175527218545,0.09752697105871919,0.10537782114168459,0.1103298607075861,256.28102959585715,256.30606662275096,256.33688804739717,256.14204157453776,32788.0,35967.9,433045.4,59.819438906910634,0.03843044925133654,0.04275667699222715,-0.004326227740890608,74.07323688969258,32.96117684071904,-36.649557307027955,31.917239040108537,256.2983703613281
hold,256.30999755859375,256.30010986328125,256.3599853515625,256.2449951171875,22034,256.30999755859375,2025-10-01 17:50:00+00:00,256.29717407226565,256.3255859375,256.27621307373045,256.27689758300784,256.3061449645952,256.3066116637773,256.29998003804496,256.2772345800792,256.27049494954565,52.44303412229977,53.04087693992624,51.952433476049926,-0.031209128777292514,-0.04095352566295975,0.023413681402439025,256.4683191356348,256.27621307373045,256.0841070118261,0.10002172296104501,0.10606442208692142,0.11055178326317724,256.2810546285222,256.2915585897865,256.32655906754906,256.1425277973338,31538.0,34383.6,433346.45,58.31473703384448,0.03611671423163898,0.04142868444010951,-0.005311970208470532,65.52304777941487,54.80219276719066,-43.28626889632778,26.832824531826667,256.30499267578125
hold,256.3299865722656,256.29998779296875,256.3699951171875,256.29998779296875,42140,256.3299865722656,2025-10-01 17:51:00+00:00,256.2911743164062,256.31858520507814,256.28421173095705,256.2676171875,256.314092167152,256.311286645475,256.30459642792505,256.2820302157325,256.2749017364138,55.811034240842886,54.41359469991947,52.788376005093774,-0.01170181815065085,-0.02730394925321794,0.011704557442705417,256.47121833463103,256.28421173095705,256.0972051272831,0.09573395171214573,0.10348891509633774,0.10862109473725215,256.281135364225,256.2873406896204,256.3144927489222,256.14331825325036,33187.2,32981.6,433551.65,58.246767489736754,0.03638490906115521,0.04041992936431865,-0.004035020303163439,67.9931640625,69.1964829105358,-6.8833020991224325,20.2879126334078,256.3333231608073
hold,256.3799133300781,256.32000732421875,256.3999938964844,256.30999755859375,27320,256.3799133300781,2025-10-01 17:52:00+00:00,256.31915893554685,256.32557678222656,256.2957077026367,256.2594152832031,256.3360325547941,256.3250119823956,256.3161836436409,256.290928680673,256.28268037298153,63.37030715527871,57.736751493129226,54.84856870692823,0.054606267965879,0.027277816764986664,0.029231055358975223,256.47646088837627,256.2957077026367,256.11495451689717,0.09491429259478563,0.10252515958164397,0.10773420155407942,256.2812409134602,256.3232155736668,256.3203804247219,256.14404646015385,28068.0,32675.8,433828.3,58.28071543891692,0.04233160941407732,0.04080226537427039,0.0015293440398069305,87.04469383736956,73.52030189309481,35.41120057896211,22.801788375558864,256.36330159505206
hold,256.3599853515625,256.3699951171875,256.45001220703125,256.3599853515625,29617,256.3599853515625,2025-10-01 17:53:00+00:00,256.33897705078124,256.33057556152346,256.306706237793,256.25241516113283,256.34401682038356,256.332006656229,256.32292236793654,256.29720655984477,256.2884066676912,58.694662783453765,55.982537268011484,53.86348633907473,0.03866784913036638,0.019502865063748653,0.007797852054864972,256.4745338304522,256.306706237793,256.1388786451338,0.09421608729106626,0.10163242357358013,0.10689099459763517,256.28133202480967,256.33936727123927,256.3256794808874,256.1448059169662,29770.6,31075.1,433049.75,55.86980961024148,0.043599988537778245,0.041361810006971964,0.0022381785308062813,39.99186330349878,65.00990706778944,74.69727944644083,11.672167216721672,256.38999430338544
hold,256.41070556640625,256.3800048828125,256.41070556640625,256.3200988769531,33668,256.41070556640625,2025-10-01 17:54:00+00:00,256.3581176757813,256.3356475830078,256.3238220214844,256.2486291503906,256.36624640239114,256.3477464382645,256.3364274753934,256.3075246513504,256.2974658453738,66.11786169414515,59.366438614864634,55.97648443054102,0.03733808949473326,0.01978476273283999,-0.0016781305197551073,256.4572331778522,256.3238220214844,256.1904108651166,0.09370045902850323,0.10084487113640475,0.10611555149551563,256.2815019678773,256.3592520542584,256.3318949790877,256.14601723773524,30955.8,31871.9,433715.65,48.41410487258615,0.05028059289071507,0.04314556658372059,0.007135026306994481,71.92676547515258,66.32110753867364,66.21511353251272,4.1822753630625655,256.38050333658856
hold,256.375,256.4013977050781,256.42999267578125,256.3599853515625,29179,256.375,2025-10-01 17:55:00+00:00,256.3711181640625,256.3341461181641,256.33607177734376,256.2459289550781,256.36916426826076,256.3531971506116,256.34236170994825,256.3136587739549,256.30320911608686,57.61402733653805,56.097009515359765,54.14355705921572,0.025360868489490002,-0.005856175193908435,-0.00974800978133631,256.43711202188683,256.33607177734376,256.2350315328007,0.09031572548425278,0.09864218921371513,0.10439611210138394,256.28160828896335,256.36879222660014,256.3306869740482,256.33511201271665,32384.8,31961.4,35602.1,45.31669488757529,0.04998803452474476,0.044514060171925426,0.005473974352819336,42.25980737608644,51.39281205157928,91.07530723469111,1.03349385855743,256.38832600911456
hold,256.44158935546875,256.3764953613281,256.44158935546875,256.34130859375,26574,256.44158935546875,2025-10-01 17:56:00+00:00,256.3934387207031,256.34230651855466,256.3456512451172,256.24406066894534,256.3933059639968,256.37087559158306,256.35762750156675,256.3252888268198,256.3134595041892,66.88185033899596,60.46939057987839,56.90672524059079,0.043538715347165004,0.0318318023752191,0.051340875552432344,256.4485453066256,256.3456512451172,256.24275718360883,0.09173930208918095,0.09875923010693191,0.10420014303554422,256.281773798306,256.39318297514967,256.33694415694765,256.3441855697776,29271.6,31229.4,34875.1,51.66526644866231,0.05741608739384674,0.04709446561630969,0.010321621777537045,100.0,71.39552428374634,105.96495687388854,15.598533687270901,256.4081624348958
hold,256.559814453125,256.4400939941406,256.55999755859375,256.4200134277344,45201,256.559814453125,2025-10-01 17:57:00+00:00,256.4294189453125,256.37428894042966,256.358642578125,256.24305725097656,256.44880879370623,256.40866336389143,256.38873318642186,256.3466093383021,256.3317080189252,77.20556625166373,66.79273163773146,61.25860042339946,0.07016974173606964,0.124814326779152,0.09746669927463154,256.49527432670794,256.358642578125,256.22201082954206,0.09863142048492295,0.10170386587496356,0.10590414245572663,256.2822622141833,256.44124973237126,256.386863468602,256.3608294118102,32847.8,30457.9,34986.3,61.86495002036011,0.07695534496622258,0.053066641486292275,0.023888703479930308,99.9162712810494,80.7253595523786,227.18480943952267,37.998622662499336,256.5132751464844
hold,256.4302062988281,256.5400085449219,256.5400085449219,256.4100036621094,51361,256.4302062988281,2025-10-01 17:58:00+00:00,256.44346313476564,256.39122009277344,256.36490325927736,256.23926147460935,256.4426079620802,256.4129719508788,256.3951136652536,256.35420906198624,256.3390041878069,55.19833551264544,56.18256945562762,54.879110713098186,0.027391539740231542,0.06606998058985916,0.027391539740231542,256.5025987967023,256.36490325927736,256.22720772185244,0.1059427591321661,0.10514007481358224,0.10799493524429322,256.28255692664715,256.4511409878957,256.4014514292895,256.3678249686389,37196.6,33483.6,36208.7,53.03625347051007,0.07396776307189157,0.057246865803412136,0.01672089726847943,40.650293050516325,80.18885477718858,125.22277298639003,19.10994764397905,256.46007283528644
hold,256.4560852050781,256.44580078125,256.4800109863281,256.4200134277344,25614,256.4560852050781,2025-10-01 17:59:00+00:00,256.4525390625,256.40532836914065,256.3707077026367,256.2375830078125,256.4471003764129,256.42159460171865,256.4044939021496,256.36347052954005,256.3476768557529,57.987991255038466,57.629844745143835,55.8432045565184,0.017698028080236457,0.05504272568053312,0.02576955141221903,256.51341037702406,256.3707077026367,256.22800502824936,0.09937915905524951,0.10191560936930852,0.10570934587998164,256.2827291467547,256.459503991957,256.41286581474134,256.37339712543815,35585.8,33270.8,34619.35,53.33764052828824,0.07391774596572986,0.06058104183587568,0.01333670412985418,30.722278738555442,57.09628102337373,95.53932248285668,23.072761698674608,256.45203653971356
hold,256.59698486328125,256.4512023925781,256.6499938964844,256.42498779296875,69144,256.59698486328125,2025-10-01 18:00:00+00:00,256.49693603515624,256.43402709960935,256.3798065185547,256.242060546875,256.4970618720357,256.4566726540312,256.43410789616985,256.38469910533473,256.36614411556985,69.89506353597346,64.50417271728453,60.64984294237407,0.08658600225499756,0.11196882970664977,0.0924479346469527,256.55266674310997,256.3798065185547,256.2069462939994,0.11732586540673172,0.11070778752261683,0.11139014386263132,256.2835688230871,256.51444685109107,256.4523513753209,256.3925825853535,43578.8,37981.8,36182.7,63.33716388430062,0.09052853846134212,0.06657054116096897,0.02395799730037315,77.91200406917599,49.76152528608259,169.4048281867995,44.12024756852343,256.5573221842448
hold,256.5899963378906,256.6099853515625,256.6700134277344,256.5899963378906,46229,256.5899963378906,2025-10-01 18:01:00+00:00,256.5266174316406,256.46002807617185,256.389306640625,256.24628662109376,256.5280400273207,256.48333739080306,256.45809073335766,256.40336249011256,256.3827257616677,68.76725435677461,63.949967244012115,60.30795529217157,0.05787165131633908,0.10143556323703741,0.1365930833807342,256.5849443004476,256.389306640625,256.19366898080244,0.11199604032630575,0.10851559483126919,0.10989618890935127,256.28411526164206,256.53729978801744,256.4823577096034,256.40478622897007,47509.8,38390.7,35686.15,73.49067539104398,0.10061162913535782,0.07337875875584675,0.027232870379511068,67.9931640625,58.87581562341048,174.9346088651685,66.65941713788604,256.6166687011719
hold,256.45050048828125,256.5849914550781,256.5849914550781,256.4200134277344,50154,256.45050048828125,2025-10-01 18:02:00+00:00,256.5047546386719,256.4670867919922,256.3963317871094,256.24749633789065,256.5021935143076,256.4767700102987,256.4569230033459,256.4076477626733,256.38774611178724,49.984885940346715,53.98033771098935,53.935674756670885,-0.04260759428625262,0.02753224981094641,0.07398932757836968,256.5901555072987,256.3963317871094,256.2025080669201,0.12027987887344065,0.1129061173544821,0.11275746134967977,256.2844365389218,256.5151514450904,256.48531048144207,256.41183769487554,48500.4,40674.1,36674.95,69.42857970752769,0.08902389851147063,0.07650778670697153,0.012516111804499103,12.19482421875,52.699997450142,52.497411902642156,32.44609601175302,256.48516845703125
hold,256.5299987792969,256.42999267578125,256.54998779296875,256.42999267578125,40825,256.5299987792969,2025-10-01 18:03:00+00:00,256.52471313476565,256.4840881347656,256.4073318481445,256.253994140625,256.5114619359707,256.4874157640984,256.4681654304153,256.41877058236634,256.3982833464176,57.67164632838998,57.99898313398752,56.675006288768856,0.03891603953726806,0.06631823897993477,0.08387973229923336,256.605236578493,256.4073318481445,256.209427117796,0.12023919863259198,0.11341247448541195,0.11310211162767121,256.2848218978149,256.53657273129676,256.4985564854559,256.4248338258612,46393.2,41794.9,36435.0,70.17193373122345,0.08913241768078706,0.07903271290173464,0.01009970477905242,43.994140625,41.39404296875,58.218061571438184,31.96396710039602,256.5033264160156
hold,256.54998779296875,256.5444030761719,256.54998779296875,256.4801025390625,36046,256.54998779296875,2025-10-01 18:04:00+00:00,256.5434936523437,256.4980163574219,256.41683197021484,256.2641937255859,256.5243038883034,256.49993016987247,256.4807534861928,256.43069941969384,256.4095207128288,59.49765409439848,58.96919057623284,57.3446992927787,0.03661546491109177,0.054319973206589905,0.09363280272363822,256.62281031516386,256.41683197021484,256.2108536252658,0.11304577795740027,0.11030338730118609,0.11104416602188924,256.285188800603,256.5470726810059,256.5100039005712,256.43319312377747,48479.6,42032.7,36952.3,70.92881840573267,0.09040945704367687,0.08130806173012309,0.009101395313553778,78.7828338882723,44.99059957734077,70.09160381885519,27.30062776098582,256.5266927083333
hold,256.55999755859375,256.5799865722656,256.6000061035156,256.5400085449219,31339,256.55999755859375,2025-10-01 18:05:00+00:00,256.5360961914063,256.5165161132812,256.42533111572266,256.2749938964844,256.5362017784002,256.51194364761676,256.49294488194676,256.4424537959574,256.4206671458484,60.49333671628437,59.47403250293833,57.6885869794736,-0.014414551561160158,0.07215896970989762,0.08973237560065152,256.6400252704642,256.42533111572266,256.2106369609811,0.10546746090545023,0.10671011382208351,0.10861337519197785,256.2855189951026,256.53218421858287,256.52303632538786,256.4401937667886,40918.6,42248.7,37105.05,70.35164932797841,0.09127650176833413,0.0833017497377653,0.007974752030568827,76.46742057081313,66.4147983613618,95.0922602386526,31.47791023842918,256.56667073567706
hold,256.55999755859375,256.57000732421875,256.6499938964844,256.55999755859375,44153,256.55999755859375,2025-10-01 18:06:00+00:00,256.53009643554685,256.5283569335937,256.4353317260742,256.28369384765625,256.5441337051314,256.52155442981217,256.50326067835397,256.4531395925607,256.4309879171629,60.49333671628437,59.47403250293833,57.6885869794736,-0.01169132847150093,0.04617355687999088,0.07024116132053383,256.65548287333206,256.4353317260742,256.21518057881633,0.10325730047476091,0.10551627268412218,0.10772684960619913,256.2859828564801,256.52505121709663,256.5316630339006,256.4508379807889,40503.4,44006.6,37618.0,71.2458680504571,0.09056651264927496,0.08475470232006724,0.005811810329207717,47.02712412430393,67.42579286112978,104.19192032144032,33.390141025094806,256.5899963378906
hold,256.489990234375,256.55999755859375,256.57000732421875,256.4849853515625,39810,256.489990234375,2025-10-01 18:07:00+00:00,256.5379943847656,256.52137451171876,256.44783172607424,256.28919189453126,256.52608588154595,256.51524159072477,256.50121907158797,256.4564896509075,256.4353584591786,49.02133866210889,54.077092376695326,54.31229541567601,0.015398584139458335,-0.027215571113050247,0.05071184671594366,256.6498400884483,256.44783172607424,256.2458233637002,0.10065225364354506,0.10405239411070275,0.1066456649895349,256.28629323836475,256.53724460290454,256.5249189919164,256.46803893007626,38434.6,43467.5,36962.7,64.76838888164568,0.07988313154618254,0.08378038816529029,-0.003897256619107753,3.033105233955983,42.17588330969102,20.05891339873993,15.397282832441325,256.51499430338544
hold,256.54998779296875,256.489990234375,256.57000732421875,256.4800109863281,39927,256.54998779296875,2025-10-01 18:08:00+00:00,256.5419921875,256.5333526611328,256.4622863769531,256.299091796875,256.53405318535357,256.5221908311736,256.5087219518004,256.46498948200394,256.44384952094083,57.14685730510313,57.625998226111314,56.598095418577394,0.007792076469416099,0.04671114837424377,0.054319973206589905,256.64955548395,256.4622863769531,256.2750172699562,0.09912997996455648,0.1030483900949829,0.1058528398895868,256.28669499584583,256.54145115419703,256.53877743344106,256.478121734975,38255.0,42324.1,37903.85,70.9993291929656,0.07834131023275859,0.08269257257878396,-0.00435126234602537,41.166965888689404,30.40906508231644,33.144731582491794,21.10083815778104,256.53333536783856
hold,256.5299987792969,256.5400085449219,256.6400146484375,256.5,40368,256.5299987792969,2025-10-01 18:09:00+00:00,256.5379943847656,256.5407440185547,256.47303619384763,256.3077917480469,256.53270171666804,256.52375242079825,256.5119953098768,256.47089941812146,256.45023094748575,53.81294624093973,56.07129271231724,55.624558220467556,-0.007791469352166088,0.028821142676198987,0.060457836878352024,256.6496316822796,256.47303619384763,256.29644070541565,0.1049706468892627,0.1056888371194484,0.10747959267758267,256.2870692044375,256.5375143803655,256.54280419636484,256.48671055319335,39119.4,43799.5,38535.15,71.55337475018993,0.07352147331249625,0.08085835272552643,-0.00733687941303017,31.241655540720963,25.147242221122116,55.59944663896137,26.38664946791357,256.5566711425781
hold,256.4200134277344,256.52508544921875,256.52508544921875,256.3999938964844,34884,256.4200134277344,2025-10-01 18:10:00+00:00,256.50999755859374,256.523046875,256.47853698730466,256.3125921630859,256.4951389536902,256.5030046221855,256.49784425108567,256.46627341899534,256.44799261268935,39.15092221841738,48.34287913387486,50.59646111414225,-0.05456194737739858,-0.06896863407852125,-0.008413583689214833,256.64074332210106,256.47853698730466,256.31633065250827,0.10854696630686803,0.10742569752609495,0.10855222554115015,256.2872456645595,256.51339338351863,256.5229156526266,256.4887104582393,39828.4,40373.5,39177.65,66.09017374523987,0.05501200949612439,0.07568908407964603,-0.020677074583521637,8.340750158931977,26.91645719611412,-122.48847652178902,14.12659702253121,256.4483642578125
hold,256.5199890136719,256.42999267578125,256.5368957519531,256.4224853515625,34237,256.5199890136719,2025-10-01 18:11:00+00:00,256.5019958496094,256.51604614257815,256.488037109375,256.3187921142578,256.50342230701744,256.50640150048275,256.5012511376374,256.471156654875,256.45332567942876,52.791511988966484,54.4841248939019,54.52023276342329,-0.015594225640237528,-0.027283730939596268,-0.015522867265092033,256.63595632620303,256.488037109375,256.34011789254697,0.10973773172285117,0.1081011708612846,0.10894889690675015,256.2875484663358,256.5037123695325,256.51474378398575,256.49871433686667,37845.2,39174.3,38782.5,65.453524033637,0.05307582105399433,0.07116643147451569,-0.01809061042052136,49.993642720915446,29.858682806856127,-45.25787290755147,1.618015012510426,256.4931233723958
hold,256.5299987792969,256.5354919433594,256.5354919433594,256.4700012207031,24318,256.5299987792969,2025-10-01 18:12:00+00:00,256.50999755859374,256.5239959716797,256.49554138183595,256.3267919921875,256.5122811311106,256.5111209562456,256.50567385173883,256.47650593891336,256.4590051683079,53.996132440854545,55.060190755359635,54.89682557360614,0.015598481985716502,0.030999468070547886,0.03891603953726806,256.63578703882746,256.49554138183595,256.35529572484444,0.10341673042762244,0.10505756741806783,0.10687946003767872,256.2877723048934,256.5105360834473,256.524563298859,256.50389964579966,34746.8,36590.7,38632.4,72.9948399189306,0.052115787937680125,0.06735630276714859,-0.015240514829468463,94.96210432456532,51.09883240147091,-23.59237850572022,3.0272281413833904,256.51183064778644
hold,256.614990234375,256.5400085449219,256.6499938964844,256.5299987792969,55845,256.614990234375,2025-10-01 18:13:00+00:00,256.522998046875,256.5324951171875,256.50829162597654,256.3378936767578,256.54651749886546,256.53189481187144,256.5224917567598,256.48909542031896,256.4705596176462,63.27832833729778,59.72160248695424,57.997589220966645,0.025337144610860715,0.03313119536996006,0.06196188683524695,256.64318820713515,256.50829162597654,256.3733950448179,0.10578507139331923,0.10612453525874156,0.10750401514005116,256.28846459142716,256.5329880146291,256.5372376136884,256.51700075732566,37930.4,38092.7,39943.8,78.7459214319577,0.06133519422525069,0.066152081058769,-0.004816886833518316,84.61435278336687,76.52336660961588,107.79198901807149,16.304189169464316,256.59832763671875
hold,256.5899963378906,256.6199951171875,256.6199951171875,256.5400085449219,24263,256.5899963378906,2025-10-01 18:14:00+00:00,256.5349975585938,256.5364959716797,256.51725616455076,256.3490936279297,256.5610104452072,256.5435151170753,256.53287707693374,256.4982682310073,256.47940678210875,59.181499304396375,57.82216936335079,56.79200716874127,0.023388125708201608,0.015594834077388918,-0.0027235415078429672,256.6488090436001,256.51725616455076,256.3857032855014,0.10209957151793435,0.10425753790209037,0.10619366071745945,256.28874150421916,256.54165346202484,256.5394603017532,256.5237772421606,34709.4,36914.4,39473.55,72.51318464132726,0.06410833496653368,0.06574333184032194,-0.0016349968737882636,66.66666666666667,82.08104125819962,74.59541730565795,5.047174132087573,256.5833333333333
hold,256.6701965332031,256.57000732421875,256.6859130859375,256.5683898925781,33395,256.6701965332031,2025-10-01 18:15:00+00:00,256.5850341796875,256.5475158691406,256.5320159912109,256.36269744873044,256.5974058078725,256.5688514003009,256.55400314712904,256.51389807666146,256.4935393562639,67.14468328434828,61.99871282009112,59.620034084008125,0.09756769845083013,0.04295251623714547,0.03125616604588448,256.6626511245258,256.5320159912109,256.4013808578961,0.10430294606671157,0.10520508472046784,0.10673316227183637,256.289223054531,256.59126456303835,256.54948810174545,256.53540757423525,34411.6,37120.0,39684.35,71.84700921450087,0.07531204403699121,0.0676570742796558,0.007654969757335414,89.9197494617342,80.40025630392257,158.97068699062368,1.7225126403290805,256.64149983723956
hold,256.6317138671875,256.6700134277344,256.67999267578125,256.6000061035156,39176,256.6317138671875,2025-10-01 18:16:00+00:00,256.6073791503906,256.5546875,256.54152221679686,256.3775317382813,256.6088418276442,256.5814238936782,256.5659586425227,256.5246086030729,256.5037745052212,60.53373599068829,58.98072632893939,57.716763901405486,0.04355405360229855,0.027953036044666812,0.07066212721800896,256.6721231462007,256.54152221679686,256.410921287393,0.10082917838084206,0.10340376240226479,0.10545951512868343,256.28972951226234,256.614004512998,256.557016991353,256.5431790069079,35399.4,36622.3,40314.45,73.36432937472865,0.07764938845701863,0.06965553711512837,0.007993851341890262,62.852959631876175,73.14645858675901,126.25030366400478,33.61098604232328,256.6372375488281
hold,256.6300048828125,256.63330078125,256.6400146484375,256.57000732421875,28179,256.6300048828125,2025-10-01 18:17:00+00:00,256.62738037109375,256.5686889648438,256.54503173828124,256.3915557861328,256.615896179367,256.5911400915051,256.5758119102596,256.5341900830492,256.5131249035613,60.22650891663029,58.843735190547015,57.63097592230138,0.03898417494698711,0.054588737872210004,0.03898417494698711,256.681069420752,256.54503173828124,256.40899405581047,0.09642605635768606,0.10101830253201373,0.10377131556154374,256.29009106244723,256.6277928212462,256.5703423370707,256.54532622394936,36171.6,35459.2,39463.35,67.12855898343753,0.07801518794383355,0.07132746728086942,0.006687720662964136,52.427940794598804,68.40021662940306,79.67951243856065,26.606580982347612,256.61334228515625
hold,256.5799865722656,256.6400146484375,256.6499938964844,256.5799865722656,28666,256.5799865722656,2025-10-01 18:18:00+00:00,256.62037963867186,256.5716888427734,256.5525207519531,256.4022454833984,256.60392631033324,256.5889093876572,256.57645416595284,256.5383534002507,256.5180776197616,51.33084902178412,54.829763193653235,55.11351465417701,-0.013640536773555197,0.011693151714777502,0.011693151714777502,256.6785735247253,256.5525207519531,256.4264679791809,0.09265195176640947,0.0988032326524949,0.10216350644998215,256.29040406790585,256.6235277396836,256.5735146621111,256.55433548598734,30735.8,34333.1,38328.6,60.89198899700013,0.0708317678956405,0.07122832740382364,-0.0003965595081831391,9.07325194228635,41.45138412292044,57.045758669830164,27.864556033127165,256.6033223470052
hold,256.6000061035156,256.581298828125,256.62060546875,256.57501220703125,25041,256.6000061035156,2025-10-01 18:19:00+00:00,256.62238159179685,256.5786895751953,256.559716796875,256.4114373779297,256.6026195747274,256.5911287308289,256.5800775409625,256.54395819145657,256.52414639633594,54.47099822949323,56.119944783662916,55.92267801316756,0.0039010739965944096,0.027290112092886308,0.015594225640237528,256.6791872034864,256.559716796875,256.44024639026367,0.08592928175960098,0.09500252044294169,0.09946968527230443,256.29069580347107,256.624981653138,256.5808926859817,256.5591138481376,30891.4,32800.4,38299.95,55.30432483382988,0.06698233449299096,0.0703791288216571,-0.0033967943286661445,37.504769172071725,33.001987302985626,44.98373101945557,19.963640495398256,256.5985412597656
hold,256.6260986328125,256.6000061035156,256.6499938964844,256.54998779296875,45713,256.6260986328125,2025-10-01 18:20:00+00:00,256.6135620117187,256.59929809570315,256.56117248535156,256.4217596435547,256.61044592742246,256.59812271122564,256.58715770893946,256.5514255043071,256.5316984138527,58.538694796897296,57.811325267134734,56.98389278793027,-0.017180763869840437,0.08037017170510562,0.025764372796914174,256.6831078363121,256.56117248535156,256.439237134391,0.08794025629617584,0.09535991923384765,0.09949522899817685,256.29127176559444,256.61623399654724,256.6035546211893,256.5597111294516,33355.0,33883.3,37128.4,55.44583346119042,0.06642429737291877,0.06958816253190944,-0.0031638651589906697,76.10619469026548,40.894738601541185,55.84410306423198,16.772021031488162,256.6086934407552
hold,256.510009765625,256.6099853515625,256.6099853515625,256.50469970703125,35466,256.510009765625,2025-10-01 18:21:00+00:00,256.58922119140624,256.5983001708984,256.55717315673826,256.4285595703125,256.5769672068233,256.5805001221055,256.5752887945834,256.54766043715415,256.53009184731735,39.9923442024293,48.798872279019655,51.222678073709844,-0.047423640565906255,-0.0038902418814399414,0.007805190070656006,256.6803056592685,256.55717315673826,256.434040654208,0.092720066222615,0.09721984827294781,0.10053826217832318,256.29156280091775,256.58941163745067,256.60221184798064,256.5553892630112,32613.0,34006.2,36590.25,55.93737928508703,0.050408274788139806,0.06575218498315552,-0.015343910195015714,3.6546943919344677,39.08855275142389,-39.062632836482386,23.901460540337244,256.54156494140625
hold,256.5299987792969,256.5,256.59991455078125,256.4700012207031,40565,256.5299987792969,2025-10-01 18:22:00+00:00,256.5692199707031,256.5983001708984,256.56114807128904,256.43615966796875,256.5613110643145,256.5703998535438,256.56832109992393,256.54605483189437,256.5300849533899,43.58299397500312,50.23740125599687,52.09827294601289,-0.03896898321039731,0.0,-0.007791469352166088,256.67503525720275,256.56114807128904,256.44726088537533,0.098033389630545,0.09955509697331762,0.1019370749354566,256.2919251040703,256.56915549954283,256.5989190719719,256.56124710420545,35090.2,35630.9,36110.8,47.71931723528744,0.04031490015387362,0.06066472801729915,-0.020349827863425526,33.333333333333336,37.698074138511096,-50.72097979376542,16.772021031488148,256.53330485026044
hold,256.5350036621094,256.5299987792969,256.54998779296875,256.510009765625,25794,256.5350036621094,2025-10-01 18:23:00+00:00,256.5602233886719,256.5903015136719,256.5613983154297,256.4440594482422,256.55254193024615,256.56332061525694,256.56319534026017,256.5450501800957,256.53044930218397,44.55216476921018,50.61155634804163,52.32327347222494,-0.017531729873865507,-0.03116987522536022,0.0019509931923423517,256.67503233751273,256.5613983154297,256.44776429334667,0.08973976644671715,0.09529959199977708,0.09898664409775629,256.2921597401416,256.56225201751187,256.59111503913164,256.56209382680134,34515.8,32625.8,35359.25,40.69354393903236,0.03287131307297386,0.055106045028434095,-0.022234731955460232,46.43557880967953,27.807868844982448,-48.4184320039483,3.7244584159092526,256.5316670735677
hold,256.54998779296875,256.5299987792969,256.57000732421875,256.489990234375,37354,256.54998779296875,2025-10-01 18:24:00+00:00,256.5502197265625,256.5863006591797,256.5613983154297,256.45369140625,256.5516905511537,256.5606540507993,256.56116340990764,256.54549905399324,256.53189659779764,47.690881473113436,51.78050016060893,53.017018492081256,-0.01949271603941311,-0.01559240246809534,0.05068807364016657,256.67503233751273,256.5613983154297,256.44776429334667,0.08835081264629327,0.09420798470291801,0.09808333199042266,256.29251964694106,256.55466100269666,256.5866679239053,256.5620714769796,36978.4,33934.9,35424.65,48.29553479670257,0.028757453001674094,0.0498363266230821,-0.021078873621408006,61.569180173831334,47.11269743894807,-58.79934562427358,33.65621697780909,256.5366617838542
hold,256.5799865722656,256.5400085449219,256.5799865722656,256.5199890136719,25393,256.5799865722656,2025-10-01 18:25:00+00:00,256.54099731445314,256.57727966308596,256.5623977661133,256.4626910400391,256.561122558191,256.5645205550926,256.56405928103965,256.5486342829271,256.5354588181286,53.79937588744083,54.121668385384275,54.41149164208951,-0.01796857793986627,-0.03514625467076009,0.02338903834529335,256.6763161913245,256.5623977661133,256.4484793409021,0.08430034778164422,0.09176438283797743,0.09626972373343824,256.29279217595376,256.53872550821757,256.5777374145912,256.56281151649705,32914.4,33134.7,35127.35,47.321948720427095,0.029061736964024476,0.045681408691270575,-0.0166196717272461,100.0,69.33491966117029,-33.77231306959412,33.30382436260623,256.5599873860677
hold,256.6099853515625,256.5899963378906,256.6300048828125,256.5899963378906,39749,256.6099853515625,2025-10-01 18:26:00+00:00,256.5609924316406,256.5751068115234,256.56489715576174,256.46989074707034,256.5774101559815,256.5736135143866,256.57112483035087,256.554211652803,256.54097930208667,59.33901490091431,56.401317318149395,55.789292181104145,0.03897531563343216,-0.008466808446069521,0.031180202177617706,256.6806735923397,256.56489715576174,256.4491207191838,0.0794029138909629,0.08878252053147011,0.09406727548645903,256.2932621965277,256.56153170311796,256.57522850202116,256.5656753387417,33771.0,33192.0,34907.15,49.00052885956876,0.032634212299910814,0.04307196941299862,-0.010437757113087809,85.70183086312119,82.42367034565085,50.357183305716475,41.75492848859683,256.60999552408856
hold,256.61138916015625,256.6050109863281,256.6449890136719,256.5950012207031,32281,256.61138916015625,2025-10-01 18:27:00+00:00,256.5772705078125,256.5732452392578,256.57096710205076,256.4761187744141,256.5887364907064,256.58116864354054,256.5773193426286,256.55940960801695,256.54619484712885,59.603455990767685,56.510219496589414,55.85484744993749,0.03172743197546983,-0.007253915092567092,-0.0014032984649341876,256.68306927952773,256.57096710205076,256.4588649245738,0.07520075375921821,0.08601146856270438,0.09196825250942527,256.29364457370787,256.5795211384796,256.5741088091765,256.5721749345708,32114.2,33602.2,34530.7,46.3940434663838,0.03497379641169118,0.04145233481273714,-0.006478538401045959,73.1201171875,86.2739826835404,60.135699826058236,22.12114947281373,256.61712646484375
hold,256.5899963378906,256.6142883300781,256.6199951171875,256.55999755859375,47126,256.5899963378906,2025-10-01 18:28:00+00:00,256.58826904296876,256.5742462158203,256.5729675292969,256.48181884765626,256.58915643976786,256.58293418241055,256.579269649592,256.56219021982366,256.5494394020001,53.42598702240469,54.284925896696265,54.56033378697246,0.021436714287022852,0.0039012261863147126,0.0,256.6849286271828,256.5729675292969,256.46100643141096,0.0730288687355799,0.08415333213635048,0.09044583851344072,256.29416367392344,256.5885475868226,256.57574563057074,256.5746479716962,36380.6,35448.2,34890.65,44.201961335125745,0.0334947804104786,0.03986082393228543,-0.006366043521806836,35.296229802513466,64.70605928437821,5.28125492540461,9.176601053507074,256.5899963378906
hold,256.4849853515625,256.57000732421875,256.57000732421875,256.45001220703125,26870,256.4849853515625,2025-10-01 18:29:00+00:00,256.5752685546875,256.562744140625,256.57071685791016,256.4847186279297,256.5544327436994,256.56334441624097,256.56476437297204,256.55517159543626,256.5446650278936,33.52653131154847,44.93164492162998,48.73833140283236,-0.025337144610860715,-0.04482492175262233,-0.07215920825332983,256.6877379473664,256.57071685791016,256.45369576845394,0.08259390618183635,0.08814124633085223,0.09280480481562807,256.29435406428576,256.5807167470567,256.56719625881414,256.5737611929405,34283.8,35631.1,34215.75,37.81037151661884,0.0186793883473797,0.03562453681530429,-0.016945148467924588,17.93707935514165,42.117808781718374,-136.21396870940154,38.89930697105585,256.5016682942708
hold,256.4800109863281,256.4800109863281,256.4949951171875,256.44000244140625,25774,256.4800109863281,2025-10-01 18:30:00+00:00,256.5552734375,256.5481353759766,256.57371673583987,256.4860186767578,256.5296254912423,256.5466777302584,256.55172539041143,256.54833881279006,256.5398758396295,32.85032680730423,44.54015188626907,48.481019818977394,-0.03896468593404572,-0.05692626247395091,-0.059113068518836506,256.67745267253343,256.57371673583987,256.4699807991463,0.07865087326746686,0.08577349129159492,0.09100422724256245,256.2945315760396,256.56571646214087,256.55251097753137,256.57812582178093,34360.0,33637.2,33760.25,38.9041877411065,0.006801890628935325,0.029860007578030496,-0.02305811694909517,22.227873855544253,25.153727671066452,-155.20315240635216,40.49074882871437,256.47166951497394
hold,256.4700012207031,256.4841003417969,256.5400085449219,256.4649963378906,41013,256.4700012207031,2025-10-01 18:31:00+00:00,256.52727661132815,256.54413452148435,256.5712173461914,256.4874188232422,256.50975073439594,256.5313424283474,256.53915244122555,256.5412172135094,256.53469994193125,31.36517718119842,43.71474032455743,47.94618670086524,-0.054551318674366085,-0.015597264589569464,-0.06234799480381847,256.68216870831634,256.5712173461914,256.4602659840665,0.07813106380515016,0.08500482813014172,0.0902427024705952,256.2947981375417,256.53286611034787,256.5470224709689,256.57454202052435,34612.8,34191.9,34099.05,46.45774379604484,-0.003357513583864602,0.02321650334565148,-0.02657401692951608,23.07511737089202,21.08002352719264,-104.9839369415138,20.183416125334354,256.4916687011719
hold,256.4234924316406,256.4750061035156,256.4800109863281,256.4200134277344,23958,256.4234924316406,2025-10-01 18:32:00+00:00,256.489697265625,256.5334838867187,256.5658920288086,256.4896887207031,256.48099796681083,256.50977242900603,256.52135859359714,256.53051496061227,256.5264623485764,25.191516670604358,40.005113934599066,45.49749315891804,-0.07322228726112968,-0.04151808683704151,-0.06099234110799344,256.69325570008465,256.5658920288086,256.43852835753256,0.07554056306066441,0.08321859459182802,0.08880245752407875,256.29491224092413,256.50157349244864,256.5400477309361,256.57082200087956,32948.2,32531.2,34081.05,46.922630067706805,-0.016689919570353595,0.015235218762450464,-0.03192513833280406,2.899287894201424,16.0674263735459,-155.32317271503402,31.211354693648126,256.44117228190106
hold,256.3450012207031,256.4200134277344,256.4386901855469,256.3299865722656,30694,256.3450012207031,2025-10-01 18:33:00+00:00,256.4406982421875,256.5144836425781,256.552392578125,256.4903887939453,256.4356657181083,256.4768181873455,256.494226690075,256.51365007516597,256.5130207835487,18.15539328385013,34.659525028288655,41.721624573367855,-0.09548116477030465,-0.07406491850777153,-0.09937836194346304,256.70977423890224,256.552392578125,256.3950109173478,0.08027814166360521,0.08503895306964389,0.08975013160775358,256.29496907271,256.4410724822385,256.52231169810335,256.5565061631013,29661.8,33021.2,32823.5,46.369953071802286,-0.03620259620322486,0.0049476557693154,-0.041150251972540255,7.149084568439407,11.041163277844284,-200.25423019951313,42.476056172513076,256.37122599283856
hold,256.3901062011719,256.3450012207031,256.4049987792969,256.30010986328125,36748,256.3901062011719,2025-10-01 18:34:00+00:00,256.4217224121094,256.4984954833984,256.5423980712891,256.4909912109375,256.42047921246285,256.4594757901108,256.4782081533207,256.50241881389377,256.50391599966895,31.06390239812289,39.650038114233254,44.50075693432646,-0.03699208757213398,-0.06231985944427196,-0.09195963812639699,256.7137281374206,256.5423980712891,256.37106800515755,0.08379396657103662,0.0864568075657854,0.0904710261033665,256.2950981321652,256.4217735025792,256.5044355051674,256.546150551869,31637.4,32960.6,33447.75,37.50560402927544,-0.04444020955816086,-0.004929917296179851,-0.03951029226198101,50.025445292620866,20.024605918420566,-160.06253372704361,53.83621954798944,256.3650716145833
hold,256.3800048828125,256.3949890136719,256.42999267578125,256.29998779296875,38999,256.3800048828125,2025-10-01 18:35:00+00:00,256.40172119140624,256.47849731445314,256.5278884887695,256.490791015625,256.4069877692461,256.44358160865113,256.4630999578579,256.49129027470457,256.4947373984203,29.83446988425665,38.932875509719665,44.00727739113895,-0.03899177293818656,-0.07794126585036681,-0.05068218699585501,256.70258737193785,256.5278884887695,256.3531896056012,0.09039552603410282,0.08956738436912216,0.09235359070856333,256.2952201931829,256.4035137115002,256.4847067716498,256.53040392259834,34282.4,34321.2,33727.95,45.479767017832565,-0.05115578976915458,-0.014175091790774797,-0.03698069797837979,57.68976897689769,38.28809961265265,-124.3762685682665,41.95479535736102,256.3699951171875
hold,256.2650146484375,256.3599853515625,256.3599853515625,256.2650146484375,35356,256.2650146484375,2025-10-01 18:36:00+00:00,256.3607238769531,256.4440002441406,256.50955352783205,256.4888916015625,256.3596633956432,256.4078682166084,256.43262529487015,256.47071976322576,256.4777208984215,19.555535645794194,31.86677614930828,38.856868041062334,-0.0799261400124631,-0.13443385792348686,-0.10329557249456488,256.7116416421669,256.50955352783205,256.3074654134972,0.09390905579708812,0.09138330222668486,0.09343152612125079,256.2951808775343,256.35752037743134,256.4470845220674,256.51049748870014,33151.0,33881.9,33536.95,45.99021155331327,-0.06985268181313131,-0.025310609795246103,-0.04454207201788521,0.0,35.90507142317285,-149.74772129286413,41.986690274131504,256.2966715494792
hold,256.3699951171875,256.2799987792969,256.375,256.2799987792969,25383,256.3699951171875,2025-10-01 18:37:00+00:00,256.3500244140625,256.41986083984375,256.4965530395508,256.4914916992187,256.3631073028247,256.4002935967242,256.42298988291896,256.4615629772223,256.46974121092273,41.151023309398745,42.1836105153339,45.02456170333168,-0.02086287568499081,-0.09406988667135549,-0.06432203892893039,256.69942531312756,256.4965530395508,256.29368076597405,0.09620566947786124,0.09271202003638594,0.09421980352321503,256.29525072284025,256.3499601898759,256.4252098037272,256.500116407448,33436.0,33192.1,33397.15,51.46862734545146,-0.0694476141985092,-0.03413801067589872,-0.03530960352261048,63.633000369959305,40.440923115619,-94.60929944279428,37.84600794262344,256.34166463216144
hold,256.32000732421875,256.3599853515625,256.409912109375,256.2900085449219,46283,256.32000732421875,2025-10-01 18:38:00+00:00,256.34502563476565,256.3928619384766,256.4835540771484,256.4926739501953,256.3487406432894,256.3842363422232,256.4071464123497,256.4486942814947,256.45864981190766,35.81054638107895,39.14416286881729,42.86283512793827,-0.009750100983188754,-0.10522195624350836,-0.08964353135560861,256.6964453976296,256.4835540771484,256.27066275666726,0.09959108304575606,0.09465427320901017,0.09544283975797266,256.2952927939405,256.3432079623022,256.38704714547725,256.4846173310086,36553.8,33107.8,34278.0,42.649821286654614,-0.0744134696844867,-0.04219310247761632,-0.03222036720687038,37.952822240943554,33.86194087030095,-81.44965391813294,29.092422980849296,256.33997599283856
hold,256.3699951171875,256.29998779296875,256.4700927734375,256.29229736328125,48256,256.3699951171875,2025-10-01 18:39:00+00:00,256.34100341796875,256.38136291503906,256.47205352783203,256.49377380371095,256.3558254679221,256.3813880972161,256.40143082847857,256.4415398120122,256.45208279748397,44.251295178893265,43.52626142785182,45.60503597550687,-0.007843939176262598,-0.044833125111547384,-0.08184249203668152,256.68338401873757,256.47205352783203,256.2607230369265,0.11076312977582663,0.10059292584809873,0.0993643907293192,256.29542491984006,256.3409906358259,256.37724625155715,256.4727367485918,38855.4,35246.4,35438.75,45.27741042278046,-0.07069470026789304,-0.047893422035671665,-0.022801278232221375,47.34307272435383,49.64296511175223,-47.5718872395646,18.29094608341811,256.37746175130206
hold,256.44000244140625,256.3500061035156,256.44000244140625,256.3500061035156,26739,256.44000244140625,2025-10-01 18:40:00+00:00,256.3530029296875,256.3773620605469,256.4627487182617,256.4963739013672,256.3838844590835,256.3931109660541,256.4073649227751,256.441400051048,256.451187956293,54.11078103694972,49.05867153653542,49.19087743294568,0.02340180881936327,-0.01559908889898156,-0.06624173643257447,256.6621822510899,256.4627487182617,256.2633151854335,0.10779644522079782,0.09983602670827918,0.09891829297509566,256.2955664741327,256.34717665169904,256.37449995594017,256.4613045899646,36403.4,35342.9,34490.05,43.80754653915318,-0.058076990238873805,-0.0499301356763121,-0.008146854562561708,83.29096763260465,56.19562086596735,-14.918308624427564,29.049442317296485,256.4100036621094
hold,256.4150085449219,256.44000244140625,256.476806640625,256.3900146484375,27730,256.4150085449219,2025-10-01 18:41:00+00:00,256.38300170898435,256.3718627929687,256.45799865722654,256.4980743408203,256.394259154363,256.3974904818277,256.40854086464384,256.43900082321835,256.4485079998951,50.398233060447055,47.27792777507092,48.004576638341504,0.058530773968560344,-0.02144214743225525,-0.07652840970040109,256.65722863792104,256.45799865722654,256.25876867653204,0.10479580907318385,0.09890430995679496,0.09834085008044825,256.29568762974935,256.37462014469116,256.3662873348914,256.45688980971784,34878.2,34014.6,34103.25,43.27298184212644,-0.05101751806745369,-0.05014761215454042,-0.00086990591291327,66.50678134303672,65.71360723333173,14.128489896694532,24.124679760888128,256.4272766113281
hold,256.4599914550781,256.4150085449219,256.5400085449219,256.4100036621094,47691,256.4599914550781,2025-10-01 18:42:00+00:00,256.4010009765625,256.3755126953125,256.4544982910156,256.49967590332034,256.4161699212681,256.4099906764778,256.41645634009524,256.44090906247834,256.44935862620497,56.64415181016224,50.74329504440758,50.27090926663569,0.03510408378698428,0.014233884380632635,-0.05066638788259813,256.65098637128034,256.4544982910156,256.2580102107509,0.10839710532165758,0.10112577944648818,0.09984866116292691,256.29597375981376,256.3959158311806,256.3748020430441,256.45280132803117,39339.8,36387.9,34459.55,53.13156487060812,-0.03936794972719326,-0.047991679669070995,0.008623729941877732,57.88628332797944,69.2280107678736,80.25000564094034,6.6225839267548405,256.4700012207031
hold,256.3660888671875,256.45989990234375,256.45989990234375,256.3599853515625,28579,256.3660888671875,2025-10-01 18:43:00+00:00,256.41021728515625,256.37762145996095,256.44605255126953,256.49979797363284,256.39947623657457,256.40121031461973,256.40870749810944,256.43410722654284,256.4431904959074,43.34989567328647,44.21052769288669,45.8869451508923,0.01797812954587721,0.008226275676902844,-0.046356118745909926,256.6424940588386,256.44605255126953,256.24961104370044,0.10719839077793865,0.10104580259428367,0.09985615841781731,256.2960468543702,256.4107813225282,256.37664217248795,256.44615589173907,35799.0,36176.4,34598.8,52.944874874248946,-0.04198018128766989,-0.04678937999279077,0.004809198705120879,3.3904051534158333,42.59448994147733,-3.5525686255866513,3.7468211359141024,256.39532470703125
hold,256.32501220703125,256.3599853515625,256.3599853515625,256.29998779296875,23346,256.32501220703125,2025-10-01 18:44:00+00:00,256.401220703125,256.37111206054686,256.43480377197267,256.49808410644533,256.3746548933935,256.385970693102,256.39583129948204,256.4241894974963,256.4344365485832,38.71297311152677,41.6825400303279,44.119727916147944,-0.017546090031202045,-0.02538865290283478,-0.06043308353770202,256.6319148367219,256.43480377197267,256.23769270722346,0.10132734555519742,0.09854975056745983,0.09824877345595695,256.2960715004594,256.41055945378383,256.3717618201544,256.43626345241785,30817.0,34836.2,33898.4,53.21377901231744,-0.048465855481197195,-0.04712467509047206,-0.0013411803907251371,10.42593769866497,23.900875393353417,-89.14123070537464,5.043190399834489,256.3283284505208
hold,256.25738525390625,256.3219909667969,256.3219909667969,256.25,33070,256.25738525390625,2025-10-01 18:45:00+00:00,256.364697265625,256.3588500976563,256.4186737060547,256.49573181152346,256.3355650135644,256.36025360526287,256.374531907855,256.4090254753517,256.4213216378664,32.11486568439902,37.84568812074413,41.36577831864655,-0.07121244180370262,-0.04782729798382585,-0.08290091074390805,256.6184033051403,256.4186737060547,256.21894410696905,0.09756804005177636,0.09686849745773056,0.09714227029287567,256.2960249285152,256.3740746465577,256.35977727355277,256.4223129923298,32083.2,34243.3,34282.25,45.43331593136903,-0.06106803260354354,-0.049913346593086355,-0.011154686010457188,3.5184646699621984,5.778269174014334,-155.0565424850799,20.968403775133357,256.2764587402344
hold,256.2349853515625,256.2699890136719,256.2950134277344,256.2349853515625,29648,256.2349853515625,2025-10-01 18:46:00+00:00,256.3286926269531,256.35584716796876,256.39992370605466,256.4915997314453,256.3020384595638,256.3351999545228,256.35306320688693,256.3932036459163,256.40751894999204,30.130411773838233,36.642544500885414,40.48685139409132,-0.07020774422720126,-0.011718063394722965,-0.07351396640398644,256.5946386667658,256.39992370605466,256.20520874534355,0.09220518806893331,0.09423703879445515,0.09537492771568516,256.295959121525,256.3416796065805,256.3587396210779,256.4030489939809,32466.8,33672.5,33777.2,44.89495587407622,-0.0723189954692316,-0.0543944763683154,-0.017924519100916192,0.0,4.648134122875724,-153.79941731821125,16.776493464405313,256.25499471028644
hold,256.27679443359375,256.2398986816406,256.3299865722656,256.2398986816406,30468,256.27679443359375,2025-10-01 18:47:00+00:00,256.29205322265625,256.3465270996094,256.38319396972656,256.4859393310547,256.2936237842405,256.323518850337,256.3413295494572,256.3826209902506,256.39783565248104,38.416853464053425,40.447999675992705,42.865991771769316,-0.07143298276076876,-0.03635397486790437,-0.026607418433976637,256.55892961069327,256.38319396972656,256.20745832875986,0.09260462130238926,0.09429162321650299,0.09535713214365849,256.2959379120503,256.2891726855527,256.3505994138575,256.38735704444883,29022.2,34181.0,33686.55,51.28543500048298,-0.07431680214403968,-0.058378941523460265,-0.01593786062057942,44.00899453902988,15.842486402997359,-94.44094695693353,5.924596050269297,256.2822265625
hold,256.3883972167969,256.277099609375,256.3883972167969,256.2699890136719,32642,256.3883972167969,2025-10-01 18:48:00+00:00,256.2965148925781,256.3533660888672,256.37311401367185,256.48510314941404,256.32521492842596,256.33649452362897,256.34857072904794,256.3831461017548,256.39713650909704,55.02726458046193,49.21641850752134,48.62267486447499,0.008701755254741206,0.02668144921345088,-0.0006665562881194316,256.5211969779523,256.37311401367185,256.2250310493914,0.09629084727704794,0.09601423606710992,0.09645480219038903,256.2960474077279,256.2961490996325,256.3586735755495,256.37292296126463,29834.8,32816.9,32962.35,58.61332460356502,-0.06064198546806665,-0.05883155031238155,-0.0018104351556851028,100.0,48.00299817967663,-3.3473218449990116,22.006234060640402,256.3489278157552
hold,256.3949890136719,256.385009765625,256.3999938964844,256.3599853515625,26957,256.3949890136719,2025-10-01 18:49:00+00:00,256.3105102539063,256.3558654785156,256.36861419677734,256.48388122558595,256.3484729568413,256.3481934216376,256.35571200360545,256.3842227301109,256.39697743536186,55.84789108450412,49.687627106307566,48.941727134476416,0.02730003055031766,0.009749150431176712,0.00584450057492745,256.5080424391763,256.36861419677734,256.2291859543784,0.08825051836916609,0.092013829556736,0.09376688517760265,256.29614407858537,256.3091777965427,256.3600833678139,256.3692582301078,30557.0,30687.0,32966.7,57.53500997858101,-0.04878401372428698,-0.05682204299476264,0.008038029270475658,96.87380861608845,80.29426771837278,43.34139398039647,20.01627339300244,256.38498942057294
hold,256.45001220703125,256.3999938964844,256.4599914550781,256.3999938964844,39432,256.45001220703125,2025-10-01 18:50:00+00:00,256.3490356445312,256.35686645507815,256.3671142578125,256.48094177246094,256.3823193735713,256.36855717871634,256.3702197272094,256.3902035916491,256.400905936967,62.509852979313614,53.56108306428869,51.577274663329746,0.07516932748460708,0.0039033557673152507,0.07218993932805957,256.5022975178008,256.3671142578125,256.2319309978242,0.08492936451732093,0.09008444468884413,0.0923971497599192,256.29636367350156,256.35483471661894,256.3644928829306,256.3697482051435,31829.4,31956.3,33649.6,65.48952203073326,-0.032348758250634546,-0.051927386045937024,0.019578627795302478,94.74783167362672,97.20721342990505,94.99893040162968,36.36968822811495,256.43666585286456
hold,256.37109375,256.44000244140625,256.4560852050781,256.3599853515625,39005,256.37109375,2025-10-01 18:51:00+00:00,256.3762573242187,256.35247497558595,256.36216888427737,256.4765637207031,256.37857749904754,256.3690644929731,256.3703541922541,256.38846633331735,256.3986976268213,49.908786894445576,47.86871388932337,47.85702152690625,0.05311858497806417,-0.017126452609415598,0.0004285340848868884,256.48890762637507,256.36216888427737,256.23543014217967,0.0865251486599358,0.0905141167478999,0.09257346898638137,256.2964690218785,256.3796856256313,256.36103701484114,256.3636985915163,33700.8,33083.8,33549.2,58.34025158014088,-0.029633133848165016,-0.04746853560638263,0.017835401758217614,11.107720476045163,67.57645358858677,37.401786845782205,25.221544176174053,256.3957214355469
hold,256.3900146484375,256.375,256.42999267578125,256.3699951171875,23639,256.3900146484375,2025-10-01 18:52:00+00:00,256.3989013671875,256.34547729492186,256.36049499511716,256.47535400390626,256.38238988217756,256.373254524066,256.3733788778208,256.3886070892374,256.3980544432373,52.58245698134261,49.26101551736843,48.78694508907385,0.04417887897106795,-0.027285662080700112,0.027312469654465113,256.4848109753969,256.36049499511716,256.23617901483743,0.08273549293619498,0.08833436259403205,0.09102223515816082,256.2965488753578,256.4005859293834,256.3478870212666,256.3624901557814,32335.0,30678.6,33533.25,66.39942309318883,-0.024799919171300644,-0.04293481231936624,0.018134893148065594,30.027464144034177,45.294338764568685,34.01960488210534,20.388678605728494,256.39666748046875
hold,256.33331298828125,256.3800048828125,256.4814147949219,256.33331298828125,42048,256.33331298828125,2025-10-01 18:53:00+00:00,256.38788452148435,256.3421997070312,256.3599105834961,256.47142028808594,256.36603091754546,256.36526621690905,256.3672148948147,256.3835803527868,256.3932587799072,44.31298013413206,45.351978084503244,46.194638809468934,-0.02148468070848264,-0.012784794998073947,-0.014308276945389997,256.48462168041675,256.3599105834961,256.2351994865755,0.09207353775111356,0.09260346574021726,0.09374030999065912,256.2966046134059,256.3863772874464,256.34434921703706,256.3614784007339,34216.2,32025.5,34100.95,56.61330229936708,-0.027992562998178983,-0.03994636245512879,0.011953799456949805,0.0,13.711728206693115,15.370151506027547,19.07660503043528,256.38268025716144
hold,256.3900146484375,256.3399963378906,256.3900146484375,256.29998779296875,35245,256.3900146484375,2025-10-01 18:54:00+00:00,256.3868896484375,256.34869995117185,256.3599060058594,256.4682208251953,256.3740254945095,256.3702159032147,256.3707225492182,256.384165288755,256.3930184738724,52.94629827618504,49.65439704235214,49.03791578112985,-0.0019401179615525753,0.025359382935968865,-0.01949297788677555,256.4846126756536,256.3599060058594,256.2351993360652,0.09178115456791877,0.09241942214939816,0.09356347882294916,256.296723168936,256.38579776971636,256.3505539292046,256.3614104311929,35873.8,33215.4,34025.8,49.74599702319171,-0.022802570657688648,-0.03651760409564076,0.013715033437952114,49.6215306980656,26.54966494736659,-9.486794197613609,12.050145898627477,256.36000569661456
hold,256.4150085449219,256.3900146484375,256.4200134277344,256.3699951171875,29639,256.4150085449219,2025-10-01 18:55:00+00:00,256.3798889160156,256.3644622802734,256.36165618896484,256.4653210449219,256.38768651131363,256.3791744315562,256.3775357793265,256.3869692211338,256.3946473680242,56.42076644950436,51.46818961692416,50.25458949900398,-0.013649311929498625,0.06150975545912477,0.0,256.4884077803506,256.36165618896484,256.2349045975791,0.08581503399348393,0.08939077132064652,0.09148989938123134,256.2968492825829,256.3759713466029,256.36573831985373,256.36269691224066,33915.2,32872.3,33557.8,49.953637554978016,-0.015472936468029275,-0.032308670570118464,0.01683573410208919,63.397813288477714,37.6731146621811,49.72268500564351,10.977410709402182,256.40167236328125
hold,256.55999755859375,256.4100036621094,256.55999755859375,256.4100036621094,43267,256.55999755859375,2025-10-01 18:56:00+00:00,256.41766967773435,256.39696350097654,256.3764053344727,256.4653210449219,256.4451235270737,256.4153390569637,256.4056068222907,256.4026990699938,256.4068955302886,70.9421041174891,60.38436339508767,56.570071319960526,0.07368373939144611,0.12684146412923394,0.038994816676168456,256.52199296806884,256.3764053344727,256.2308177008765,0.09498344292075409,0.09371956597519855,0.09427580400519056,256.29725821296734,256.42286853116383,256.4016134928867,256.3803538756696,34767.6,34234.2,33953.35,49.469704009860976,0.008443526675137036,-0.024158231121067367,0.0326017577962044,100.0,71.00644799551443,184.75105516038795,21.74623779989422,256.50999959309894
hold,256.5299987792969,256.5516052246094,256.5544128417969,256.489990234375,44684,256.5299987792969,2025-10-01 18:57:00+00:00,256.44566650390624,256.4222839355469,256.3844055175781,256.4661212158203,256.47341527781475,256.4382710014304,256.4247440464455,256.4142717708395,256.4160142894744,65.66071775913424,58.009680223987324,55.05168639240314,0.054598121167597546,0.09880112097653661,0.06393587889632697,256.5445608122727,256.3844055175781,256.2242502228835,0.09141542596332493,0.09202583442116652,0.09312016211059815,256.2976311364777,256.4514171523434,256.42836862174795,256.39030517532854,38976.6,35655.8,34918.4,57.233456167745615,0.022256711956003983,-0.014875242505653096,0.03713195446165708,84.21137166720206,82.5363949852266,166.233535086634,32.160751565762006,256.52480061848956
hold,256.54998779296875,256.5400085449219,256.54998779296875,256.489990234375,29656,256.54998779296875,2025-10-01 18:58:00+00:00,256.48900146484374,256.4384429931641,256.3959045410156,256.4661212158203,256.49893944953277,256.4606143597381,256.4440123151414,256.42660959103307,256.4259382526962,67.53932500131333,59.16211637975422,55.880211475748204,0.08452853909683042,0.06302569770161529,0.0877696577483392,256.5684585348314,256.3959045410156,256.22335054719986,0.0869271591962428,0.08973810043349391,0.09154289527646252,256.2978992146018,256.49464807775274,256.4422596672553,256.4020239118453,36498.2,35357.2,34087.05,62.666793888306096,0.03467610704188928,-0.0049649725961446204,0.0396410796380339,93.3265513733469,92.51264101351632,142.4341858826628,47.27230429219494,256.5299886067708
hold,256.739990234375,256.54559326171875,256.75,256.53021240234375,78235,256.739990234375,2025-10-01 18:59:00+00:00,256.5589965820312,256.4729431152344,256.414404296875,256.4703210449219,256.5792897111469,256.5164895346655,256.48954737963885,256.4550987404278,256.4492013624502,79.79642288893831,68.11892266576311,62.735752444519164,0.13650125431654864,0.13455848806964332,0.18832822320050321,256.64233114948485,256.414404296875,256.1864774442651,0.10590722183338667,0.09902735023511934,0.09764978586597622,256.29913468242626,256.5961295721561,256.5029419592826,256.441346084551,45096.2,40485.0,35586.0,72.18773357006263,0.06728817221528516,0.009485656366141335,0.05780251584914382,96.15023474178403,91.22938592744431,205.9020774430736,73.81275440976933,256.67340087890625
hold,256.9100036621094,256.7344055175781,256.94000244140625,256.7300109863281,128696,256.9100036621094,2025-10-01 19:00:00+00:00,256.6579956054687,256.51894226074216,256.43790435791016,256.48012084960936,256.6895276948011,256.5951923601543,256.5542329615574,256.49645373330793,256.48333486612864,85.50869075028436,73.6813281978819,67.4829069162906,0.19304451794629673,0.17936885676838082,0.26343721549995547,256.75212455431625,256.43790435791016,256.12368416150406,0.12077639801120643,0.10695335772390546,0.10299938916179283,256.3019300560382,256.73713797797245,256.6131884588713,256.5155159127205,64907.6,49411.4,40683.85,81.3626598875857,0.11185749402562806,0.02996002389803868,0.08189747012758938,93.33378543333785,94.27019051615628,236.93235973516505,82.73954891538573,256.86000569661456
hold,256.7200012207031,256.91668701171875,256.9200134277344,256.7200012207031,75832,256.7200012207031,2025-10-01 19:01:00+00:00,256.68999633789065,256.5538330078125,256.4531539916992,256.48412109375,256.69968553676847,256.620154132264,256.5797357706567,256.51677623216204,256.5008657072083,62.47710116118426,60.89436520412578,58.7069271457921,0.06236500765199494,0.1360946999131508,0.17294066288323987,256.790222250151,256.4531539916992,256.1160857332474,0.13209579929978407,0.11360041838871579,0.1076190471555765,256.30305429860005,256.7549614629278,256.646229285394,256.5367436279282,71420.6,53094.1,43088.95,71.28455872048025,0.11928842505574266,0.04782570412957948,0.07146272092616318,46.31367292225201,78.59923103245796,150.9104176516845,79.78983201361652,256.7866719563802
hold,256.69000244140625,256.7099914550781,256.739990234375,256.6499938964844,66820,256.69000244140625,2025-10-01 19:02:00+00:00,256.7219970703125,256.5838317871094,256.46465454101565,256.48732116699216,256.6964578383144,256.6341237940925,256.59669987384893,256.53252406936605,256.5148758356674,59.52387929977449,59.148999452343645,57.467955748116445,0.06237230065518873,0.11700447592707301,0.11763606617281658,256.81721098722255,256.46465454101565,256.11209809480874,0.12608159052704707,0.11191441263885216,0.10677987052391215,256.30396901965554,256.7700223367759,256.6618733124261,256.55252409738927,75847.8,57412.2,44045.4,63.176356798758434,0.11924795842509184,0.062110154988681957,0.05713780343640988,13.795643481005998,51.147700612198626,85.50357639614195,63.32919798584252,256.6933288574219
hold,256.59991455078125,256.69000244140625,256.69000244140625,256.5329895019531,49972,256.59991455078125,2025-10-01 19:03:00+00:00,256.731982421875,256.61049194335936,256.4763458251953,256.4870196533203,256.66427674247007,256.62728194543024,256.5971944395308,256.53865047676743,256.5211749997499,51.06674870321084,54.13129287873953,53.882287613585326,0.019460830320830104,0.10400581937322682,0.07992571847745732,256.83055666480345,256.4763458251953,256.1221349855872,0.13050035465934393,0.11513573598272878,0.10917192142530324,256.30449129659104,256.76507863227823,256.680289556628,256.5610537656273,79911.0,58204.6,45115.05,57.46310941396788,0.10610694568032386,0.07090951312701034,0.03519743255331352,17.292225201072387,25.80051386811013,34.286306161627564,42.58587167854829,256.6076354980469
hold,256.6600036621094,256.59979248046875,256.7099914550781,256.55999755859375,30052,256.6600036621094,2025-10-01 19:04:00+00:00,256.7159851074219,256.6374908447266,256.4930953979492,256.48841979980466,256.66285238234985,256.63382628876604,256.6068573968506,256.5496825845258,256.53145860436916,55.93831950977637,56.76579974337961,55.81317012863775,-0.031154699426686968,0.1053040283343657,0.08188397156659115,256.8487761446319,256.4930953979492,256.1374146512665,0.13328514634863406,0.11762560458998923,0.11111582499954477,256.3048681997271,256.7616778997396,256.69696816874773,256.5703873224823,70274.4,57685.3,45450.35,56.90830457712927,0.10236768439688149,0.07720114738098457,0.02516653701589691,61.35928055432699,30.815716412135128,44.17929910347346,40.038579985786335,256.64333089192706
hold,256.6863098144531,256.6499938964844,256.7049865722656,256.6000061035156,27378,256.6863098144531,2025-10-01 19:05:00+00:00,256.67124633789064,256.6646209716797,256.51454162597656,256.4887420654297,256.6706715263843,256.6443229939035,256.6190808457126,256.56210324179193,256.5429290643754,58.070355193792395,57.90566296860758,56.64752883135671,-0.08707089816185375,0.10580553418881491,0.12295304429309321,256.86242600119687,256.51454162597656,256.16665725075626,0.1292416209774006,0.11672238060141858,0.11082366517813788,256.3052362542816,256.6770867324201,256.7110045578146,256.5853596238312,50010.8,57459.2,45165.75,61.72637039964148,0.10139392952805792,0.08203970381039924,0.019354225717658685,86.62068965517241,55.09073180352393,46.0506190619967,46.54012323818967,256.6637674967448
hold,256.7300109863281,256.70001220703125,256.7349853515625,256.6700134277344,49024,256.7300109863281,2025-10-01 19:06:00+00:00,256.6732482910156,256.68162231445314,256.53929290771487,256.4907080078125,256.6904513463656,256.66146059238844,256.6361470211919,256.5773675822043,256.55678698452004,61.6654195455257,59.801727599524725,58.029901057667956,0.003899098464242592,0.0662665377892931,0.13260904031571927,256.8742975370394,256.53929290771487,256.2042882783903,0.12006023567036124,0.11302591940332618,0.10864024892337537,256.305968910265,256.67413154911605,256.7238681812321,256.6043034358108,44649.2,58034.9,46134.55,63.058143699820825,0.10467360786839208,0.08656648462199781,0.01810712324639427,97.15730728985002,81.71242583311648,61.92795155146571,48.338523664487866,256.711669921875
hold,256.760009765625,256.739990234375,256.80999755859375,256.739990234375,37887,256.760009765625,2025-10-01 19:07:00+00:00,256.6872497558594,256.7046234130859,256.5634536743164,256.49330810546877,256.7136374861187,256.68117042703574,256.65520282802777,256.59397141706074,256.57184052386117,64.12857278332373,61.097134591814886,58.97283750322579,0.027273101232187773,0.08966241274807503,0.1664616948805469,256.8888076778076,256.5634536743164,256.2380996708252,0.11433542661254179,0.11066596603634753,0.10727578813014915,256.30657333094376,256.68541836454295,256.7413594576359,256.6213743091454,38862.6,57355.2,46505.5,68.63182945955786,0.1093299031745687,0.09111916833251199,0.01821073484205671,76.19532044760936,86.6577724642106,84.1016394717491,49.66993398679735,256.76999918619794
hold,256.739990234375,256.760009765625,256.8399963378906,256.7349853515625,47846,256.739990234375,2025-10-01 19:08:00+00:00,256.71526489257815,256.72362365722654,256.58103332519534,256.49650817871094,256.7224217355375,256.6929343885036,256.66824704438886,256.6072458549984,256.5842960579733,61.073305203450055,59.71416940167426,58.0588288223729,0.05458913883076487,0.07406059265127644,0.13650125431654864,256.9046428581687,256.58103332519534,256.25742379222197,0.11300336371476795,0.11026203891433163,0.10716794042529086,256.3073007357295,256.72123682398757,256.75083961322946,256.6354226949801,38437.4,59174.2,47265.7,73.93246814659146,0.10863833053031158,0.09462300077207192,0.014015329758239659,41.166965888689404,71.50653120871625,78.4735197341442,56.79437845072779,256.7716573079427
hold,256.79998779296875,256.7300109863281,256.80499267578125,256.70001220703125,32072,256.79998779296875,2025-10-01 19:09:00+00:00,256.74326171875,256.72962341308596,256.60128326416014,256.5005078125,256.7482770880146,256.71434506939664,256.6885148518627,256.62476784935933,256.6002732235285,66.63179689868974,62.45691025432179,60.00924321018554,0.05454068762644563,0.0233689962124634,0.15013912416106862,256.92647336908414,256.60128326416014,256.27609315923615,0.11185723586265825,0.10988478390259367,0.10706377510741986,256.30785438351273,256.74371737339067,256.7552845819238,256.64779532099396,38841.4,54557.9,47521.45,69.69273517238662,0.11407184586812491,0.09851276979128251,0.015559076076842399,71.41922825376062,62.92717153001979,68.50355708162003,49.40095846645367,256.76833089192706
hold,256.7699890136719,256.80499267578125,256.80499267578125,256.72149658203125,43605,256.7699890136719,2025-10-01 19:10:00+00:00,256.75999755859374,256.7156219482422,256.6172821044922,256.5033856201172,256.75551439656704,256.7254738582517,256.70104933829487,256.63796977338774,256.61284476353916,61.508371097847736,60.248236942862796,58.579071685596546,0.032599790491061986,-0.054499492601171214,0.08184886852057546,256.9426134620513,256.6172821044922,256.291950746933,0.10780564413227849,0.10799987746312269,0.10594150456659035,256.3085593657179,256.7566301109856,256.7134364990265,256.6615468527517,42086.8,46048.8,47730.1,63.82871219736418,0.11262909471253124,0.10133603477553227,0.011293059936998973,49.9890996293874,54.19176459061248,57.50970069943865,40.2851419818546,256.76549275716144
hold,256.7139892578125,256.7598876953125,256.760009765625,256.6700134277344,67329,256.7139892578125,2025-10-01 19:11:00+00:00,256.7567932128906,256.71502075195315,256.6344268798828,256.5074652099609,256.74167268364886,256.7231769381639,256.7030400951437,256.64488063560816,256.6203369483001,52.68568379425607,56.24937919368181,55.96476512812569,-0.006240691711137043,-0.002341836577609118,0.07172279241848804,256.9416945684569,256.6344268798828,256.32715919130874,0.10668706439016727,0.10742671378272106,0.10565741320330033,256.30951209501535,256.7497839236888,256.7124174402571,256.67666499792557,45747.8,45198.5,49146.3,56.09433190014604,0.10283998986375309,0.10163682579317644,0.0012031640705766483,32.57969703820936,51.32934164045246,3.3137069135773385,31.567702961544136,256.7146708170573
hold,256.6700134277344,256.7099914550781,256.739990234375,256.6199951171875,36852,256.6700134277344,2025-10-01 19:12:00+00:00,256.7387939453125,256.71302185058596,256.64842681884767,256.5102655029297,256.7177862650107,256.712544236078,256.69795906938845,256.6471654348924,256.6240166875175,46.566232715087054,53.25984121076567,53.97843457007625,-0.03505076120412023,-0.007787219401518306,0.04678450223216676,256.9346701628387,256.64842681884767,256.36218347485664,0.10858821478978622,0.10832445688306243,0.10634016101207175,256.30997518063145,256.73517228405865,256.71226364918647,256.6832213158158,45540.8,42201.7,49806.95,51.729753310138626,0.08852754856047795,0.09901497034663675,-0.010487421786158801,27.037281425272187,36.53535936428965,-54.02498484470738,24.07684024038629,256.6766662597656
hold,256.75,256.6700134277344,256.7799987792969,256.6700134277344,43847,256.75,2025-10-01 19:13:00+00:00,256.7407958984375,256.7280303955078,256.6692611694336,256.5145654296875,256.72852417667383,256.7200353888624,256.7059653664056,256.6565140317203,256.6333487847384,57.13203624633442,57.66694865666299,56.899942233795606,0.003898794892008136,0.05849006204132933,0.003898794892008136,256.9190671907878,256.6692611694336,256.41945514807935,0.10878780575731677,0.10844309221730797,0.1065137415144731,256.31064668238184,256.7370481080681,256.72974158797734,256.70089875702115,44741.0,41589.2,49896.9,49.47943125499409,0.08668660412399731,0.09654929710210888,-0.00986269297811157,81.25119206561129,46.95605684303094,8.969663842601445,7.169554875976895,256.73333740234375
hold,256.6600036621094,256.7300109863281,256.739990234375,256.6499938964844,29695,256.6600036621094,2025-10-01 19:14:00+00:00,256.7127990722656,256.7280303955078,256.68276062011716,256.51676574707034,256.70568400515236,256.70802904351183,256.6988943349754,256.65683127084657,256.6353232200992,45.35864987957132,51.75405249472674,52.93033671978076,-0.05451095697567934,0.0,-0.09731034075605811,256.89745930204253,256.68276062011716,256.4680619381918,0.10753327686564651,0.10784045016718775,0.10620385399071844,256.3110073724889,256.71759084826874,256.72980150215915,256.7107162180985,44265.6,41553.5,49619.4,36.98438034972308,0.07270582341260479,0.09178060236420807,-0.019074778951603283,25.004768262445165,44.431080584442874,-44.7607061025752,28.89729609435852,256.68332926432294
hold,256.6343994140625,256.6499938964844,256.6650085449219,256.6083984375,30044,256.6343994140625,2025-10-01 19:15:00+00:00,256.68568115234376,256.72283935546875,256.69373016357423,256.5178540039062,256.6819224747891,256.693303117622,256.68897203945033,256.6547920111389,256.63525479002243,42.454747994523,50.177690976668735,51.84975230831479,-0.05280585948934844,-0.02022328359784699,-0.033344424366464856,256.8718978570032,256.69373016357423,256.51556247014526,0.10025853837367915,0.10418113997109399,0.1038422470112497,256.31134482692534,256.6945639698343,256.72579494811276,256.7172348152933,41553.4,41820.1,49639.65,39.844887735911065,0.0580483275995789,0.08503414741128223,-0.026985819811703338,15.152054063667082,40.46933813057451,-98.87073031829479,32.76868851596612,256.6359354654948
hold,256.6700134277344,256.635009765625,256.69000244140625,256.6300048828125,39817,256.6700134277344,2025-10-01 19:16:00+00:00,256.6768859863281,256.7168395996094,256.69923095703126,256.5190545654297,256.6779527924375,256.6886451796445,256.6860553299556,256.65617577628393,256.63782950392704,47.87052592116016,52.35165743607572,53.24384305120039,-0.01713028191617598,-0.023369904579229384,-0.007787219401518306,256.8670353278086,256.69923095703126,256.53142658625393,0.09450696983368927,0.10102516987271228,0.10175440470565447,256.3118401513862,256.6818851861718,256.71985906676883,256.7222108149185,36051.0,40899.4,49467.15,48.788941886364974,0.05081567571744472,0.07819045307251474,-0.027374777355070018,46.82282003710575,28.99321412107267,-52.67563159670004,17.771187407322913,256.66334025065106
hold,256.6499938964844,256.67498779296875,256.6875915527344,256.625,49496,256.6499938964844,2025-10-01 19:17:00+00:00,256.6728820800781,256.7058380126953,256.7052307128906,256.51982666015624,256.66863316045317,256.6809149230125,256.68050741711386,256.6556137872112,256.6387305700424,45.08768089088607,51.00438879111587,52.349250518899346,-0.0077997156670724654,-0.04284774301147963,0.0195165091113911,256.85613223773584,256.7052307128906,256.5543291880454,0.08994762453378723,0.09827991150568818,0.0998895069927364,256.3124196698351,256.67597020873575,256.7080207394246,256.72725465014025,38579.8,42060.3,49707.75,48.82925823686901,0.04218435297008227,0.07098923305202826,-0.028804880081945983,50.972326103216155,37.649066734662995,-75.60454838866855,3.9959607616849357,256.65419514973956
hold,256.54998779296875,256.6499938964844,256.6499938964844,256.5199890136719,49096,256.54998779296875,2025-10-01 19:18:00+00:00,256.63287963867185,256.6868377685547,256.7052307128906,256.51902648925784,256.62908470462503,256.65472949700376,256.6604274749377,256.6460114240983,256.6321570309999,33.6777447047682,44.8017557773331,48.109425387332756,-0.07790154120009737,-0.07400578352939834,-0.04286443838965261,256.85613223773584,256.7052307128906,256.5543291880454,0.09567009000217476,0.10054598088474617,0.10132357250796324,256.3128228318419,256.628373377367,256.6860026478273,256.7238548033539,39629.6,42185.3,50679.75,42.09353134963305,0.022572466003850877,0.06130587964239278,-0.0387334136385419,17.64494704720876,38.48003106251022,-171.31012347881776,21.273273273273276,256.5733235677083
hold,256.5400085449219,256.55999755859375,256.5799865722656,256.5325927734375,50812,256.5400085449219,2025-10-01 19:19:00+00:00,256.6088806152344,256.66083984375,256.69523162841796,256.520126953125,256.59939265139064,256.6317853065874,256.6419014857045,256.6363747987186,256.62533121721634,32.71396752929451,44.22381841494205,47.70460868329584,-0.04675255804385965,-0.10123802975273868,-0.05699613260909962,256.8613321146615,256.69523162841796,256.52913114217444,0.08877347697731051,0.09674939645213036,0.09875548804701857,256.3132211503829,256.6036122199929,256.66086837667046,256.71310216433216,43853.0,44059.3,49308.6,35.96449372481648,0.0064540893710614,0.05033552158812651,-0.04388143221706511,11.944646758922069,26.853973303115662,-163.90554180806853,21.273273273273276,256.5508626302083
hold,256.4849853515625,256.54998779296875,256.6099853515625,256.4599914550781,74086,256.4849853515625,2025-10-01 19:20:00+00:00,256.57899780273436,256.63233947753906,256.6739807128906,256.52022644042967,256.5612568847813,256.6024253155824,256.6177605419904,256.6226121217044,256.6149352271679,27.627957823966938,41.07736725053591,45.48861634369468,-0.05822059039674193,-0.11099570600293159,-0.09544097856898918,256.8333490283817,256.6739807128906,256.51461239739956,0.09751925119260543,0.10055257502586212,0.10119541225832125,256.3136591192381,256.5667215918168,256.62310642170246,256.66775821798313,52661.4,47107.4,46578.1,26.789971655875917,-0.012509911585482314,0.037766434953404746,-0.05027634653888706,13.154513331191776,14.248035712440867,-158.64086620999743,38.257785658871775,256.51832071940106
hold,256.2900085449219,256.489990234375,256.4949951171875,256.260009765625,77056,256.2900085449219,2025-10-01 19:21:00+00:00,256.50299682617185,256.58994140625,256.65248107910156,256.5166265869141,256.47084077149486,256.5399419614503,256.567337157826,256.59237543290595,256.59086658403857,16.81832930871454,32.30596035417581,38.785144476822204,-0.14805191994875969,-0.1651568401536661,-0.18305078782796053,256.8818555996946,256.65248107910156,256.42310655850855,0.1171572655311618,0.11015491620705053,0.10756636174899643,256.3135965627535,256.4820917129555,256.55699541014957,256.6323057452941,60109.2,48080.1,46639.3,19.587770754884858,-0.05092462258824071,0.020028223445075655,-0.07095284603331636,8.571677711893965,11.22361260066927,-229.16941468094495,71.88022221218554,256.3483378092448
hold,256.18499755859375,256.28240966796875,256.29998779296875,256.1600036621094,66054,256.18499755859375,2025-10-01 19:22:00+00:00,256.4099975585938,256.54143981933595,256.6272308349609,256.5118566894531,256.37555970052784,256.46895308087903,256.50851568102104,256.5553410806957,256.56080221178337,13.499540940545316,28.745741901192687,35.801548840895535,-0.1811791735627992,-0.18896475776948582,-0.21616915825018285,256.93299049424263,256.6272308349609,256.3214711756792,0.12041824629233512,0.11228557439650229,0.10911006503996684,256.31330564024955,256.3939983942078,256.5006489061668,256.596467685812,63420.8,51000.3,46601.0,12.133547368726838,-0.09184913090433611,-0.002347247424806697,-0.0895018834795294,5.55442522889115,9.09353875732563,-220.45533970784481,82.5659914057704,256.2149963378906
hold,256.05999755859375,256.19000244140625,256.20001220703125,256.05499267578125,68671,256.05999755859375,2025-10-01 19:23:00+00:00,256.31199951171874,256.4724395751953,256.60023498535156,256.50615661621094,256.27037231988317,256.387161976422,256.4395128929553,256.5103098514137,256.5237055708063,10.595828040780049,25.187474559475774,32.661243752408254,-0.19099210979905146,-0.26874486520204477,-0.28815820465364567,256.993649966951,256.60023498535156,256.2068200037521,0.12393271557200154,0.11462371417175213,0.11082003962139698,256.31271128951965,256.3031265937569,256.4236272410293,256.5575369535531,67335.8,53482.7,47535.95,11.524640222570056,-0.13654359438430674,-0.02918651681670671,-0.10735707756760003,1.1374670550700514,5.087856665285055,-199.92471786311316,84.0628507295174,256.10500081380206
hold,255.92999267578125,256.04998779296875,256.0574951171875,255.91009521484375,68516,255.92999267578125,2025-10-01 19:24:00+00:00,256.18999633789065,256.3994384765625,256.56373443603513,256.4969543457031,256.15691243851586,256.2957281162939,256.3611251672362,256.457553744538,256.4797268378415,8.40275612467353,22.120598282477886,29.80618307634957,-0.23778586139471775,-0.28442724846570877,-0.32713960892287103,257.05217755361247,256.56373443603513,256.0752913184578,0.12764266245457276,0.11714361628448412,0.11268110172275904,256.31181741522676,256.1970208007967,256.3524319022562,256.510956944332,70876.6,57364.8,49459.15,11.145369645735087,-0.18399872154759578,-0.06014895776288452,-0.12384976378471126,5.103318722604884,3.931737002188695,-181.98248314074405,86.46673867462991,255.96586100260416
hold,256.0050048828125,255.92999267578125,256.0199890136719,255.9199981689453,73331,256.0050048828125,2025-10-01 19:25:00+00:00,256.0940002441406,256.3364990234375,256.5296691894531,256.4894543457031,256.10627658661474,256.2375834695976,256.306337431171,256.4164129389266,256.4445622485801,19.60411838865606,27.598522538024326,33.33664374110721,-0.1871378428222976,-0.24524948046209263,-0.2761767588317837,257.07130164145343,256.5296691894531,255.98803673745277,0.12369240277914272,0.11591841831606116,0.11207680377055922,256.31105238023116,256.09687358114854,256.29740405866244,256.47047648427514,70725.6,61693.5,51756.8,20.726930252334085,-0.20697877898248862,-0.08951492200680536,-0.11746385697568326,32.73684210526316,12.992542627646031,-133.69860981599226,85.70037930918734,255.9816640218099
hold,255.9600067138672,256.0050048828125,256.0299072265625,255.91000366210938,55694,255.9600067138672,2025-10-01 19:26:00+00:00,256.0279998779297,256.26549835205077,256.4911689758301,256.48335418701174,256.0575199623656,256.1820681184515,256.25305578235503,256.3749214639212,256.40866924600874,18.058573687519242,26.398946996880028,32.312969931052535,-0.12876109877566513,-0.2766223854455403,-0.2766223854455403,257.0779503212791,256.4911689758301,255.90438763038108,0.12315114016114018,0.11620307161156572,0.11244950666020521,256.3103888343675,256.02914209169467,256.2442647456131,256.4309743861669,66453.2,63281.2,52090.3,20.227268274965212,-0.22660112755721684,-0.11693216311688767,-0.10966896444032917,33.90233809228223,23.914166306716755,-111.30934703550948,85.04187222388033,255.96663920084634
hold,256.0,255.94500732421875,256.010009765625,255.8699951171875,58912,256.0,2025-10-01 19:27:00+00:00,255.99100036621093,256.2004989624023,256.45316848754885,256.475954284668,256.03834664157705,256.14565449476123,256.2141241235312,256.3408376944738,256.3783974500081,24.2508596036632,29.338631642580026,34.1985995978651,-0.0722124872091458,-0.2532608267844103,-0.2921129503407984,257.06335740701604,256.45316848754885,255.84297956808163,0.12556021277204873,0.11790389852770389,0.113762132459124,256.30976947699855,255.9921971232627,256.19058895641507,256.39535656314575,65024.8,64222.8,53141.55,14.295289172465843,-0.23274295524686295,-0.14009432154288273,-0.09264863370398022,81.29770992366412,49.312296707069834,-95.81281693055786,94.24849453115398,255.96000162760416
hold,255.92999267578125,256.010009765625,256.0150146484375,255.92999267578125,46226,255.92999267578125,2025-10-01 19:28:00+00:00,255.96499938964843,256.1384994506836,256.4126686096191,256.46815399169924,256.0022286529785,256.10252213096527,256.17041159310816,256.3034881473199,256.34518228154684,21.00860008780576,27.284299787051324,32.53281707153599,-0.05077125831915671,-0.24166639902077292,-0.28442724846570877,257.0483248060843,256.4126686096191,255.77701241315398,0.11976903561264891,0.11555518953688575,0.11239355342089191,256.30917577741826,255.9673147016745,256.1441496079624,256.35954723428375,60535.8,63935.8,53060.55,14.00458339759929,-0.2426601505815711,-0.16060748735062041,-0.08205266323095067,37.51908396946565,50.90637732847066,-82.28495698201472,92.97543546225994,255.95833333333334
hold,255.94000244140625,255.92100524902344,256.0849914550781,255.91000366210938,112713,255.94000244140625,2025-10-01 19:29:00+00:00,255.96700134277344,256.07849884033203,256.369669342041,256.4595541381836,255.9814865824544,256.0700181930535,256.13496403130785,256.27044399223684,256.31516896005496,22.73185040824022,28.05995119967325,33.02260487012252,0.003911134259938275,-0.2338840272590698,-0.270578291235185,257.0110292124819,256.369669342041,255.72830947160006,0.12765742952066336,0.11980037549630462,0.11537423149459945,256.30777391933873,255.96581188549374,256.0826538925579,256.30576271419034,69375.2,70125.9,57092.6,25.352831107301554,-0.2451507670014621,-0.17751614328078877,-0.06763462372067333,32.56210078069553,50.45963155794177,-68.00562454201697,77.34243969914412,255.97833251953125
hold,256.01239013671875,255.94000244140625,256.04998779296875,255.92999267578125,688923,256.01239013671875,2025-10-01 19:30:00+00:00,255.96847839355468,256.03123931884767,256.33178939819334,256.45100189208983,255.99178776720922,256.0584925817866,256.11610650906334,256.2469845508261,256.2927408990671,34.742970021395564,33.57788659497706,36.52181502327372,0.0028848084081913297,-0.1842584329823309,-0.25621352577704964,256.9635183282263,256.33178939819334,255.70006046816036,0.12656281347306858,0.11981428561710429,0.11559427367045186,256.3010736482063,255.9961658992192,256.02322551808084,256.1813460644153,192493.6,131609.6,89358.5,56.80668452905184,-0.23424831728050322,-0.18886257808073167,-0.04538573919977154,58.51063829787234,42.863941016011175,-56.01721115926467,82.51152196736481,255.9974568684896
hold,256.1400146484375,256.04998779296875,256.1400146484375,256.04998779296875,51563,256.1400146484375,2025-10-01 19:31:00+00:00,256.0044799804688,256.01623992919923,256.30309066772463,256.4455020141602,256.0411967276186,256.0747969951168,256.11978468435166,256.2372600142453,256.28142784346494,50.553175646652726,42.021475307972864,42.119784840090354,0.07032658612622242,-0.05852506593447026,-0.1987061212448604,256.91458648693254,256.30309066772463,255.69159484851673,0.12671448465102306,0.12037215891007899,0.11616714214894223,256.30080067405595,256.0060070331052,256.01196315855765,256.15989782032744,191667.4,129060.3,88570.2,60.07934319977847,-0.20663084834814072,-0.1924162321342135,-0.014214616213927223,100.0,63.69091302618929,-16.292973125108965,64.98567242467907,256.11000569661456
hold,256.1000061035156,256.125,256.1300048828125,256.04998779296875,51526,256.1000061035156,2025-10-01 19:32:00+00:00,256.02448120117185,256.0077407836914,256.2745903015137,256.4383023071289,256.0607998529176,256.0798388167966,256.1167418257615,256.2247823859971,256.2679891960613,46.438341212965746,40.292297094617226,40.93162996695357,0.039064884185791016,-0.033175812747850725,-0.17539727572166255,256.8678863988323,256.2745903015137,255.6812942041951,0.12147339476784118,0.11820463723569834,0.1149223665927426,256.3004611724602,256.0114723856168,256.00656134951186,256.1476448498723,190190.2,127607.5,89303.9,59.98836619331867,-0.18815037926469813,-0.19156306156031042,0.003412682295612285,80.95030514385353,79.82031448057529,-13.020819301624893,60.595405105033976,256.0933329264323
hold,256.0350036621094,256.0906982421875,256.0950927734375,255.98500061035156,54492,256.0350036621094,2025-10-01 19:33:00+00:00,256.0454833984375,256.00524139404297,256.2388404846191,256.43168060302736,256.0522011226482,256.07087178585914,256.1041667236612,256.20752977473455,256.2507310083612,40.231212561187796,37.58611223074195,39.05231363103457,0.04103113715990123,-0.009760953183894213,-0.19685229047775224,256.7984524365418,256.2388404846191,255.6792285326964,0.12054940882444422,0.11797612694486721,0.11492632500090069,256.2999873503593,256.01673579044126,256.0048816235948,256.12952880757126,191843.4,126189.6,89836.15,59.8496873782619,-0.17985922250204567,-0.18922229374865748,0.009363071246611815,32.25711192046461,71.06913902143938,-27.113462539889227,63.43286105569269,256.0383656819661
hold,256.0122985839844,256.0350036621094,256.0799865722656,255.97999572753906,82035,256.0122985839844,2025-10-01 19:34:00+00:00,256.0599426269531,256.01347198486326,256.2064552307129,256.4254263305664,256.03890027642694,256.05915714548416,256.0900331637109,256.18978148466636,256.23306934729624,38.153032231757074,36.65991203778391,38.405591183580555,0.02824730088633806,0.032159539936138806,-0.18429412814563625,256.7391454598202,256.2064552307129,255.6737650016056,0.11761247109617541,0.11669146392927401,0.11421511165450364,256.29921636842784,256.02565823714315,256.0093817600163,256.11580865190456,185707.8,127541.5,92453.15,59.549392399605644,-0.17391220181207245,-0.18616027536134047,0.012248073549268018,21.533923303834808,44.91378012271765,-22.264098653773395,60.47225674391403,256.0240936279297
hold,255.8300018310547,256.0150146484375,256.0150146484375,255.80999755859375,70709,255.8300018310547,2025-10-01 19:35:00+00:00,256.0234649658203,255.9959716796875,256.1662353515625,256.41687866210935,255.96926746130288,256.01332608259827,256.0500283433023,256.1570742434289,256.2032124942413,25.711956104180643,30.220823811518997,33.70064546409684,-0.0712419838612738,-0.06835923064782307,-0.1794867917320931,256.6848918015187,256.1662353515625,255.6475789016063,0.1300988452029718,0.12300043720887945,0.1185390153778011,256.29813501853926,256.01053225867076,255.9996686215761,256.09686960070053,62065.0,127279.3,94486.4,59.798579468924515,-0.18988641164304454,-0.1869055026176813,-0.002980909025363243,7.01669877970456,20.269244668001328,-135.0693822076721,58.99982938712063,255.88500467936197
hold,255.65499877929688,255.8300018310547,255.85499572753906,255.65499877929688,99942,255.65499877929688,2025-10-01 19:36:00+00:00,255.92646179199218,255.96547088623046,256.1154846191406,256.40527893066405,255.86451123396756,255.941660621938,255.98925456422452,256.1114310194169,256.1626040709121,18.833703795248567,25.57647329199068,29.996509857414026,-0.18935575911726593,-0.1191623404320641,-0.2068812710922526,256.6255983929929,256.1154846191406,255.60537084528832,0.14008428849428833,0.12850018799697288,0.1224179645618195,256.2960468827297,255.89286078732076,255.97519097578592,256.06251710264365,71740.8,131704.1,97492.65,58.52475934758754,-0.2209434489740829,-0.19371309188896163,-0.02723035708512128,0.0,9.516874027846455,-266.80143613715984,61.621861414248954,255.72166442871094
hold,255.56500244140625,255.64999389648438,255.68899536132812,255.52999877929688,101504,255.56500244140625,2025-10-01 19:37:00+00:00,255.8194610595703,255.9219711303711,256.06123504638674,256.3910430908203,255.76467496978046,255.86632898583167,255.92398500686787,256.0617556941432,256.1183372835413,16.228987559538197,23.570388309700817,28.31597073179647,-0.20890419732872886,-0.1699209213256836,-0.19331216195697695,256.5631415016005,256.06123504638674,255.559328591173,0.14278604471385428,0.1306785018565641,0.12415980348893524,256.29364415307003,255.78531432550946,255.94349321158913,256.0227653518666,81736.4,135963.3,100093.05,57.34237003540469,-0.2520082977096081,-0.20537213305309093,-0.046636164656517154,7.217013779651419,4.74457085311866,-256.4560956134688,62.49371369114714,255.59466552734375
hold,255.67999267578125,255.5675048828125,255.69000244140625,255.52999877929688,68498,255.67999267578125,2025-10-01 19:38:00+00:00,255.7484588623047,255.8969711303711,256.01773529052736,256.376875,255.7364475384474,255.8290617238216,255.8864477251622,256.0270499652012,256.08586731259606,30.547433698773617,31.015651255163945,33.32728310470776,-0.1386572075108272,-0.0976829629799218,-0.0976829629799218,256.4927452633875,256.01773529052736,255.5427253176672,0.14524570434178583,0.1327731561603363,0.12586665389943238,256.29228610399974,255.73605720514388,255.93088367335494,255.99834311896828,84537.6,138190.5,101063.15,61.579671528582374,-0.2568055887744549,-0.21565882419736376,-0.041146764577091155,46.15240152119818,17.7898051002832,-157.38981668047444,54.88752980201098,255.63333129882812
hold,255.4947052001953,255.6699981689453,255.67999267578125,255.42999267578125,153064,255.4947052001953,2025-10-01 19:39:00+00:00,255.6449401855469,255.85244140625,255.96547012329103,256.35886932373046,255.65586675903006,255.76219041909638,255.82617964439805,255.97865498656427,256.0420775264923,23.11892473306068,26.53088411330377,29.80232748682961,-0.2021752027742007,-0.1739850109257078,-0.19933191651888976,256.4290066462523,255.96547012329103,255.50193360032975,0.1602106037215307,0.14114650214888372,0.13177776561850704,256.2883612709458,255.6153326507967,255.88321924056712,255.94907954511896,98743.4,142225.6,106175.75,54.367462097171455,-0.2798871073958935,-0.22850448083706973,-0.05138262655882378,24.88849765258216,26.085970984477253,-152.66901218438448,60.28399861286026,255.53489685058594
hold,255.53500366210938,255.4949951171875,255.5500030517578,255.41000366210938,124373,255.53500366210938,2025-10-01 19:40:00+00:00,255.5859405517578,255.80470275878906,255.91797103881837,256.340569152832,255.61557906005652,255.716753067699,255.78138333943056,255.93832304797746,256.00451649950094,27.587117995741195,28.937606054118206,31.457880074065514,-0.11531023212051716,-0.1864700666848333,-0.1660427569190195,256.352623217434,255.91797103881837,255.48331886020273,0.15732328742537452,0.14106456554170899,0.1321692715246942,256.2853609507996,255.5693504183537,255.72897359295712,255.90712403243947,109476.2,85770.6,108690.1,52.25752591397904,-0.28776343180194885,-0.24035627103004556,-0.047407160771903295,44.643051771117165,38.5613169816325,-128.2570833112025,60.75319241036,255.4983367919922
hold,255.52499389648438,255.53500366210938,255.6199951171875,255.5,96081,255.52499389648438,2025-10-01 19:41:00+00:00,255.5599395751953,255.74320068359376,255.87972030639648,256.3236471557617,255.5853840055325,255.6784012334561,255.74193880974656,255.900747670569,255.96899630668491,27.130190211311515,28.68623528079216,31.265565898075565,-0.05085168818652017,-0.2401111567035966,-0.18554925918579102,256.31131487070644,255.87972030639648,255.4481257420865,0.15199069167710674,0.1395596049449798,0.13158954988958974,256.28302874433507,255.5457603251334,255.68375967361942,255.87692603023203,108704.0,90222.4,109641.35,56.51010980692766,-0.2905950732288147,-0.2504040314697994,-0.040191041759015333,42.59070871481858,37.374086046172636,-90.74391051147893,46.11646257555435,255.54832967122397
hold,255.49000549316406,255.52000427246094,255.5424041748047,255.46090698242188,66365,255.49000549316406,2025-10-01 19:42:00+00:00,255.54494018554686,255.68220062255858,255.844970703125,256.30564697265623,255.55359116807637,255.6407220853977,255.70317983796463,255.86340747262307,255.93351550568337,25.413645177778434,27.777919630883503,30.579444518000713,-0.029345547131157817,-0.23818844038020065,-0.17191700668493928,256.2844936436191,255.844970703125,255.40544776263093,0.14192019177792184,0.13541228976196784,0.12920419953212414,256.28135221138444,255.53464008028985,255.6463511098318,255.8559390525877,101676.2,91706.3,109656.9,55.88882007966816,-0.2927934202856761,-0.25888190923297477,-0.03391151105270135,38.09766022380468,41.777140236580145,-90.10813142161288,49.23461261170632,255.49777221679688
hold,255.55020141601562,255.48500061035156,255.55999755859375,255.43150329589844,87129,255.55020141601562,2025-10-01 19:43:00+00:00,255.51898193359375,255.63372039794922,255.8194808959961,256.28998474121096,255.55246125072279,255.62261795152128,255.67964469612633,255.83493419474965,255.9051218694117,33.81847416277222,31.780146118558207,33.226546944643744,-0.05076316625611324,-0.18934998697816563,-0.15230171980633012,256.2652521052063,255.8194808959961,255.3737096867859,0.14000220190897766,0.13491814497149246,0.1291703930160855,256.27932847927786,255.51832068250476,255.6152298277941,255.83755797566278,105402.4,94970.0,110579.8,55.25622891725448,-0.2825039178904092,-0.2636063109644617,-0.018897606925947497,62.97255727353679,47.88697540405335,-74.41035565917447,62.961533061912114,255.51390075683594
hold,255.35000610351562,255.5500030517578,255.56869506835938,255.32000732421875,115687,255.35000610351562,2025-10-01 19:44:00+00:00,255.49004211425782,255.56749114990234,255.7904815673828,256.2691845703125,255.48497620165375,255.56809558192015,255.62893106649392,255.79084982281927,255.86400218304902,23.530427375687495,26.51718059608507,29.3221449610394,-0.05663487099128225,-0.2586955721002154,-0.2587312406440137,256.27729454192365,255.7904815673828,255.30366859284197,0.15552870794207013,0.14304454491214477,0.13486169545058738,256.2759256423021,255.4859350717635,255.55090243291954,255.8097832342457,97927.0,98335.2,112938.35,24.79668464995288,-0.2959066011288769,-0.2700663689973447,-0.025840232131532193,12.062829795066879,37.711015764136114,-93.55649992579362,67.17114370596195,255.41290283203125
hold,255.42999267578125,255.36000061035156,255.42999267578125,255.27999877929688,95320,255.42999267578125,2025-10-01 19:45:00+00:00,255.4690399169922,255.527490234375,255.76173095703126,256.2494842529297,255.46664835969625,255.54047500069237,255.59832516023044,255.758044627634,255.83185333065882,33.02741658699314,31.404997999106044,32.64266927036874,-0.0410945603628455,-0.15635740625041938,-0.2772007230618706,256.26219761867816,255.76173095703126,255.26126429538436,0.1547380205909708,0.14354092716730407,0.1355822764521963,256.2733811456531,255.46110727351666,255.5198894320523,255.78763380890433,92116.4,100796.3,114037.8,19.865557779536047,-0.29137832996644875,-0.2743287611911655,-0.01704956877528324,51.95560253699789,42.33032986853385,-95.6527266327456,84.74751282513562,255.37999471028647
hold,255.55999755859375,255.42999267578125,255.55999755859375,255.42140197753906,83299,255.55999755859375,2025-10-01 19:46:00+00:00,255.47604064941407,255.5179901123047,255.7417304992676,256.2294842529297,255.4977647593288,255.54437951227266,255.5924286061325,255.74004034863034,255.8117158660614,45.793032220562246,38.558493075260046,37.64237822657579,0.013698723391244975,-0.037159930827379645,-0.21085846624447308,256.2408731881214,255.7417304992676,255.24258781041377,0.1524319578000732,0.14318768815926003,0.13572576714755305,256.2715108738806,255.46579501633775,255.5096383208576,255.77526052388365,89560.0,99132.0,115418.05,25.79426243494909,-0.26733635378874965,-0.27293027971068234,0.0055939259219326964,96.98731501057082,53.66858244754519,-46.06232632759486,62.110077229516925,255.51379903157553
hold,255.72999572753906,255.55999755859375,255.74000549316406,255.531005859375,120642,255.72999572753906,2025-10-01 19:47:00+00:00,255.52403869628907,255.53448944091798,255.72823028564454,256.2134841918945,255.57517508206556,255.58150275532597,255.6135927786566,255.7391272012584,255.80566252246714,58.00473896065585,46.42618973942019,43.409718653135144,0.09393331606524281,0.0645602036885472,-0.11912743578328569,256.21310275829745,255.72823028564454,255.24335781299166,0.16051305436992883,0.1478885414185316,0.13921499889238684,256.2694625196528,255.52607854636634,255.5303860199848,255.7673702413681,100415.4,101045.8,118504.55,33.38823868948404,-0.22415976714117392,-0.26317617719678066,0.03901641005560674,97.82399575413805,82.25563776723558,32.98690295336973,35.20260538983535,255.66700236002603
hold,255.6750030517578,255.74000549316406,255.75,255.56759643554688,101637,255.6750030517578,2025-10-01 19:48:00+00:00,255.5489990234375,255.53399047851562,255.71548080444336,256.1959844970703,255.60845107196297,255.60020281461235,255.62304051297986,255.733297733122,255.79598404315536,53.459530659598066,44.443567589841074,42.087541913278685,0.048836445853165364,-0.0019515113291498976,-0.1317497378415644,256.1917959657847,255.71548080444336,255.239165643102,0.16364027009609972,0.15035390020671688,0.141271597252422,256.2675741447271,255.55131048001675,255.53465077405133,255.76040042287133,103317.0,104359.7,121275.1,32.91804680408448,-0.19578122854301228,-0.249697187466027,0.053915958923014734,77.17668911074995,90.66266662515295,57.96094127322208,33.78381870332567,255.66419982910156
hold,255.77000427246094,255.6699981689453,255.77699279785156,255.64999389648438,90866,255.77000427246094,2025-10-01 19:49:00+00:00,255.63299865722655,255.5615203857422,255.70698089599608,256.17658477783203,255.66230213879564,255.63416310618206,255.6456503221308,255.7366346912437,255.7940596156965,59.80714199423434,48.53257911609937,45.1195730444294,0.16447940431027466,0.10775138062055407,-0.023452119831266414,256.17292049269207,255.70698089599608,255.2410412993001,0.15840578884911224,0.14868568600389334,0.14059194506741082,256.26616505715236,255.6390764196718,255.56267185447143,255.75234152135744,98352.8,98139.9,120182.75,38.92059637443903,-0.15989650951445356,-0.23173705187571234,0.07184054236125878,97.15898517461696,90.71989001316831,125.40450011490849,19.460206391673772,255.73233032226562
hold,255.6199951171875,255.77999877929688,255.8800048828125,255.55999755859375,173751,255.6199951171875,2025-10-01 19:50:00+00:00,255.6709991455078,255.57001953125,255.68736114501954,256.1507846069336,255.6481997982596,255.63132950838317,255.64170336752414,255.72603109360222,255.7811659491403,47.797719714109085,43.13402748644962,41.51583424702726,0.07438532938746202,0.03326020070053029,-0.013691757359140527,256.13280285112137,255.68736114501954,255.24191943891768,0.1814917224733462,0.1609229458763831,0.1491355345508079,256.2626848015533,255.66821463919266,255.57567287244993,255.6452985708456,114039.0,103077.7,94424.15,36.976700174829006,-0.14983644075712732,-0.21535692965199535,0.06552048889486803,18.748807934388708,64.36149407325188,96.10260781240895,5.680991658800041,255.6866658528646
hold,255.5,255.6199951171875,255.7100067138672,255.47000122070312,136766,255.5,2025-10-01 19:51:00+00:00,255.65899963378905,255.56752014160156,255.65536041259764,256.1263845825195,255.5987998655064,255.60506360670655,255.61990284944352,255.70548281236563,255.76033884179657,40.25421703628193,39.36218476154648,38.90584744464196,-0.02347689746709831,-0.0097813901110982,-0.025434797716934347,256.05581506288166,255.65536041259764,255.25490576231365,0.18985083257201993,0.16657169925407447,0.15346267543715336,256.25946504517134,255.64577994099554,255.57055818860323,255.622305577305,124732.4,107146.2,98684.3,36.11554563793838,-0.1552752350900164,-0.2033405907395996,0.0480653556495832,7.316710085597321,41.074834398201,-0.19624407639711813,9.570798235058158,255.56000264485678
hold,255.53500366210938,255.49000549316406,255.66400146484375,255.39999389648438,141245,255.53500366210938,2025-10-01 19:52:00+00:00,255.62000122070313,255.5720199584961,255.62711029052736,256.1032846069336,255.57753446437408,255.59105161778714,255.6068414360075,255.6899847077969,255.74364734700492,43.29964510523862,40.98340605128329,40.060045031814056,-0.0762491959048233,0.017612496762233025,-0.05670721911187256,255.97428004833088,255.62711029052736,255.27994053272383,0.2004446519702135,0.17353140419016738,0.15872671795725915,256.2563202037565,255.6057241309927,255.5708408097915,255.60440072763888,128853.0,114634.2,103170.25,30.140448663108387,-0.1525957292177793,-0.19319161843523555,0.040595889217456244,28.12639074321317,18.063969587733066,-17.20142424191032,1.961194967612603,255.53299967447916
hold,255.65679931640625,255.52499389648438,255.70989990234375,255.50999450683594,122554,255.65679931640625,2025-10-01 19:53:00+00:00,255.61636047363282,255.58267974853516,255.6082000732422,256.0844223022461,255.60395608171817,255.604201157511,255.61452726376115,255.6869678540341,255.73721415955316,53.020687660391474,46.35756187885443,43.93010645192409,-0.007119872938019447,0.04171309582225373,0.06344323890545094,255.90145310834617,255.6082000732422,255.3149470381382,0.20036761533272765,0.17541526071285632,0.16068760736442836,256.2540705818183,255.60454876335405,255.58127674899097,255.59640493954674,133036.4,118176.7,106573.35,38.61011233062143,-0.13301300204216204,-0.18115589515662087,0.04814289311445882,82.83703302652951,39.426711285113335,53.25422677015754,17.17666387576816,255.6255645751953
hold,255.60499572753906,255.64999389648438,255.91000366210938,255.5,196499,255.60499572753906,2025-10-01 19:54:00+00:00,255.58335876464844,255.6081787109375,255.58783493041992,256.0633221435547,255.60430263032515,255.60436007151662,255.61306087357312,255.67951584253456,255.7274202016262,48.86361597064766,44.5013726044783,42.698887314212584,-0.06451442396118444,0.09985886740886465,0.027390402264512108,255.8151701866352,255.58783493041992,255.36049967420462,0.23031562201510586,0.19217157509832195,0.17255980044752106,256.25018882978054,255.585158310035,255.6061589644633,255.58196560286555,154163.0,126257.9,112296.55,48.97205544824422,-0.12306013010956462,-0.16953674214720962,0.046476612037645,40.19566778362853,50.38636385112374,75.57623334168827,33.6821782837361,255.67166646321616
hold,255.46499633789062,255.61000061035156,255.77000427246094,255.39999389648438,253596,255.46499633789062,2025-10-01 19:55:00+00:00,255.55235900878907,255.61167907714844,255.56958465576173,256.0388958740234,255.55786719951365,255.57648732479146,255.59028171423734,255.6600140693851,255.70798139690504,39.17853180941927,39.85671071931162,39.55323509445527,-0.06063640648526603,0.013703818311503203,-0.023480113502343174,255.77363840120245,255.56958465576173,255.365530910321,0.25027201543817107,0.20487434658962483,0.18196220880604685,256.2441749865453,255.54222044347554,255.59278243637905,255.5625317336421,170132.0,142085.5,121440.9,39.27115413302842,-0.13149407211358266,-0.16192820814048423,0.030434136026901565,12.745332695069411,45.25934450174248,-20.188330080335863,18.3672410213826,255.5449981689453
hold,255.4499969482422,255.47000122070312,255.4949951171875,255.36000061035156,289001,255.4499969482422,2025-10-01 19:56:00+00:00,255.5423583984375,255.60067901611328,255.559334564209,256.0132955932617,255.52191044908983,255.55118924948164,255.56869944254578,255.64092160382665,255.68887143774484,38.23135358329537,39.382451725691766,39.228126493752264,-0.01957066605002446,-0.043042968931920576,-0.01565953425248389,255.76577778395506,255.559334564209,255.35289134446293,0.23380379992356629,0.19988292946436145,0.17972565156937498,256.23730309097306,255.52140235068063,255.56909178101168,255.54657834584265,200579.0,162655.7,130893.85,34.91946117325617,-0.13768218826319867,-0.15707900416502713,0.019396815901828457,16.36287973366625,23.101293404121396,-95.79071215532286,18.276698085076035,255.43499755859375
hold,255.4499969482422,255.4550018310547,255.5800018310547,255.39999389648438,285965,255.4499969482422,2025-10-01 19:57:00+00:00,255.52535705566407,255.5726791381836,255.55358428955077,255.98709533691405,255.49793928214063,255.53095078923377,255.55043752034524,255.62356481695534,255.671177031115,38.23135358329537,39.382451725691766,39.228126493752264,-0.03326617201124851,-0.10949000272740492,-0.03921126542581452,255.7654121872206,255.55358428955077,255.34175639188095,0.2261186763016729,0.1984632869719294,0.1797390936170387,256.2306194474434,255.50193540127594,255.53925232314066,255.5360553401378,229523.0,179188.0,140116.9,40.78110494605979,-0.140226241881237,-0.15370845170826913,0.013482209827032132,21.95013025679196,17.01944756184254,-62.13729170221244,26.734757041163725,255.4766642252604
hold,255.5399932861328,255.4550018310547,255.61000061035156,255.3800048828125,284071,255.5399932861328,2025-10-01 19:58:00+00:00,255.5019958496094,255.5591781616211,255.54658432006835,255.96309539794922,255.51195728347136,255.5327592886136,255.54883071508178,255.61596740506238,255.66145971667186,48.41594982848432,44.017822959789804,42.3620255725759,-0.04568860698630428,-0.05280522695355915,0.07440265442569409,255.75033953348165,255.54658432006835,255.34282910665505,0.22667254076415713,0.20071560415529602,0.18213226666094456,256.22484407999656,255.49569611383532,255.5323705349822,255.53315904420325,261826.4,197431.4,150895.55,49.847504305898944,-0.12870042805826643,-0.1487068469782686,0.020006418920002184,71.9970703125,36.77002676765274,-46.39829570932481,40.92053980963492,255.50999959309897
hold,255.41000366210938,255.5399932861328,255.5850067138672,255.41000366210938,592059,255.41000366210938,2025-10-01 19:59:00+00:00,255.46299743652344,255.52317810058594,255.54234924316407,255.93529571533202,255.47797274301738,255.50820816331276,255.52747270693217,255.59724342843026,255.64283334225982,37.88867824645812,39.33860145996923,39.289260318873964,-0.07628648449326021,-0.14075169266841359,-0.007825632950335308,255.7536239697584,255.54234924316407,255.33107451656974,0.2192911851918222,0.19887899326976147,0.18179278023698592,256.2108854403792,255.45333523452717,255.49438185808654,255.51376905986817,340938.4,247550.7,172845.3,41.22771755691618,-0.13462517894706139,-0.14589051337202716,0.011265334424965773,13.043189809593313,35.663463459628424,-87.98085627017237,45.99516563203868,255.4683380126953
