action,close,open,high,low,volume,price,time,sma_5,sma_10,sma_20,sma_50,ema_5,ema_9,ema_12,ema_21,ema_26,rsi_7,rsi_14,rsi_21,roc_5,roc_10,roc_14,bb_20,20,2.0,atr_7,atr_14,atr_21,vwap,vwma_5,vwma_10,vwma_20,volume_avg_5,volume_avg_10,volume_avg_20,mfi_14,macd_12_26_9,12,26,stoch_14_3_3,14,cci_14,adx_14,typical_price
hold,244.8000030517578,244.49000549316406,244.89999389648438,244.02999877929688,822254,244.8000030517578,2025-10-03 13:30:00+00:00,0.0,0.0,0.0,0.0,0.0,0.0,0.0,0.0,0.0,50.0,50.0,50.0,0.0,0.0,0.0,0.0,0.0,0.0,0.0,0.0,0.0,244.8000030517578,244.8000030517578,244.8000030517578,244.8000030517578,0.0,0.0,0.0,50.0,0.0,0.0,0.0,0.0,0.0,0.0,0.0,244.57666524251303
hold,245.3699951171875,244.8300018310547,245.42909240722656,244.64500427246094,165225,245.3699951171875,2025-10-03 13:31:00+00:00,0.0,0.0,0.0,0.0,0.0,0.0,0.0,0.0,0.0,50.0,50.0,50.0,0.0,0.0,0.0,0.0,0.0,0.0,0.0,0.0,0.0,244.89537413206494,244.89537413206494,244.89537413206494,244.89537413206494,0.0,0.0,0.0,99.99999753114366,0.0,0.0,0.0,0.0,0.0,0.0,0.0,245.14803059895834
hold,244.2100067138672,245.3699951171875,245.3699951171875,244.1300048828125,119235,244.2100067138672,2025-10-03 13:32:00+00:00,0.0,0.0,0.0,0.0,0.0,0.0,0.0,0.0,0.0,50.0,50.0,50.0,0.0,0.0,0.0,0.0,0.0,0.0,0.0,0.0,0.0,244.8215341118711,244.8215341118711,244.8215341118711,244.8215341118711,0.0,0.0,0.0,58.14120047423242,0.0,0.0,0.0,12.86603919686774,4.288679732289247,0.0,0.0,244.57000223795572
hold,243.57000732421875,244.16000366210938,244.4199981689453,243.55999755859375,151685,243.57000732421875,2025-10-03 13:33:00+00:00,0.0,0.0,0.0,0.0,0.0,0.0,0.0,0.0,0.0,50.0,50.0,50.0,0.0,0.0,0.0,0.0,0.0,0.0,0.0,0.0,0.0,244.67067747515648,244.67067747515648,244.67067747515648,244.67067747515648,0.0,0.0,0.0,37.977458816818945,0.0,0.0,0.0,0.5355408064134277,4.467193334427056,0.0,0.0,243.8500010172526
hold,243.49000549316406,243.59500122070312,243.8800048828125,243.4600067138672,189091,243.49000549316406,2025-10-03 13:34:00+00:00,244.28800354003906,0.0,0.0,0.0,244.28800354003906,0.0,0.0,0.0,0.0,50.0,50.0,50.0,0.0,0.0,0.0,0.0,0.0,0.0,0.0,0.0,0.0,244.51644190479198,244.51644190479198,244.51644190479198,244.51644190479198,289498.0,0.0,0.0,26.52234087149867,0.0,0.0,0.0,1.5706262532654807,4.990735418848883,0.0,0.0,243.6100056966146
hold,243.6750030517578,243.4499969482422,243.72000122070312,243.43499755859375,55907,243.6750030517578,2025-10-03 13:35:00+00:00,244.06300354003906,0.0,0.0,0.0,244.08367004394532,0.0,0.0,0.0,0.0,50.0,50.0,50.0,-0.4595588178003995,0.0,0.0,0.0,0.0,0.0,0.0,0.0,0.0,244.48515121979221,244.105072178767,244.48515121979221,244.48515121979221,136228.6,0.0,0.0,24.35073476268866,0.0,0.0,0.0,24.366024816817188,8.824063958832033,0.0,0.0,243.61000061035156
hold,243.0601043701172,243.39999389648438,243.42999267578125,242.8166046142578,388410,243.0601043701172,2025-10-03 13:36:00+00:00,243.601025390625,0.0,0.0,0.0,243.74248148600262,0.0,0.0,0.0,0.0,50.0,50.0,50.0,-0.9413908762426799,0.0,0.0,0.0,0.0,0.0,0.7596391950334821,0.0,0.0,244.1925725123013,243.42514980651026,244.1925725123013,244.1925725123013,180865.6,0.0,0.0,15.533186959158826,0.0,0.0,0.0,22.898222152071288,16.27829107405132,0.0,0.0,243.10223388671875
hold,242.8112030029297,243.1300048828125,243.25,242.63999938964844,175359,242.8112030029297,2025-10-03 13:37:00+00:00,243.3212646484375,0.0,0.0,0.0,243.4320553249783,0.0,0.0,0.0,0.0,21.578658153652924,50.0,50.0,-0.572787221031623,0.0,0.0,0.0,0.0,0.0,0.7382622543646364,0.0,0.0,244.07539006261226,243.21561980305586,244.07539006261226,244.07539006261226,192090.4,0.0,0.0,13.352146246653433,0.0,0.0,0.0,15.852159538846267,21.038802169244914,0.0,0.0,242.90040079752603
hold,242.6699981689453,242.79660034179688,242.95199584960938,242.58999633789062,166770,242.6699981689453,2025-10-03 13:38:00+00:00,243.14126281738282,0.0,0.0,0.0,243.17803627296732,243.73959181043836,0.0,0.0,0.0,20.608321520748262,50.0,50.0,-0.369507381126538,0.0,0.0,0.0,0.0,0.0,0.6845104339866526,0.0,0.0,243.97047335680384,243.0672414318939,243.97047335680384,243.97047335680384,195107.4,0.0,0.0,11.780147679633828,0.0,0.0,0.0,9.524069028156221,16.091483573024593,0.0,0.0,242.7373301188151
hold,242.60000610351562,242.6699981689453,242.74000549316406,242.38999938964844,195885,242.60000610351562,2025-10-03 13:39:00+00:00,242.96326293945313,243.6256332397461,0.0,0.0,242.98535954981676,243.51167466905383,0.0,0.0,0.0,20.08600050946727,50.0,50.0,-0.3655178321778895,0.0,0.0,0.0,0.0,0.0,0.6367241010622201,0.0,0.0,243.85999033031325,242.89269204741046,243.85999033031325,243.85999033031325,196466.2,242982.1,0.0,10.34983727225574,0.0,0.0,0.0,24.4193680026969,16.598532189899796,0.0,0.0,242.57667032877603
hold,242.94000244140625,242.60000610351562,242.94000244140625,242.2550048828125,208844,242.94000244140625,2025-10-03 13:40:00+00:00,242.8162628173828,243.43963317871095,0.0,0.0,242.97024051367993,243.39734022352434,0.0,0.0,0.0,30.12294834117452,50.0,50.0,-0.3016315178604695,-0.759804161423276,0.0,0.0,0.0,0.0,0.6436203092810101,0.0,0.0,243.78717549755848,242.8628698649862,243.32868812451866,243.78717549755848,227053.6,181641.1,0.0,20.629966560679648,0.0,0.0,0.0,98.2792591619598,44.07423206427097,0.0,0.0,242.711669921875
hold,242.02499389648438,242.9149932861328,242.9499969482422,241.94000244140625,207809,242.02499389648438,2025-10-03 13:41:00+00:00,242.60924072265624,243.10513305664062,0.0,0.0,242.65515830794808,243.12287095811635,243.43511072794595,0.0,0.0,21.60365273084173,50.0,50.0,-0.4258660533020298,-1.3632478653739097,0.0,0.0,0.0,0.0,0.6959594803602854,0.0,0.0,243.65852608908412,242.60023795116044,243.0015251457601,243.65852608908412,190933.4,185899.5,0.0,18.52031850772981,0.0,0.0,0.0,8.415041319816893,43.70455616149119,0.0,0.0,242.30499776204428
hold,241.97000122070312,241.9949951171875,242.1199951171875,241.8000030517578,241571,241.97000122070312,2025-10-03 13:42:00+00:00,242.44100036621094,242.88113250732422,0.0,0.0,242.42677261219978,242.89229701063374,243.2097092652932,0.0,0.0,21.183572820491946,50.0,50.0,-0.34644273897708616,-0.9172455802716566,0.0,0.0,0.0,0.0,0.6422498496559143,0.0,0.0,243.52643648515036,242.4148667781551,242.8030325335347,243.52643648515036,204175.8,198133.1,0.0,16.555099679970752,0.0,0.0,0.0,14.782527930366479,40.49227613738106,0.0,0.0,241.9633331298828
hold,242.15750122070312,241.97000122070312,242.15750122070312,241.65499877929688,149801,242.15750122070312,2025-10-03 13:43:00+00:00,242.3385009765625,242.73988189697266,0.0,0.0,242.33701548170092,242.74533785264765,243.04783110458703,0.0,0.0,26.842169652468314,50.0,50.0,-0.21119089797222906,-0.5799179131424923,0.0,0.0,0.0,0.0,0.6222859341916765,0.654069083077567,0.0,243.46310182638356,242.33408077152708,242.6954066120938,243.46310182638356,200782.0,197944.7,0.0,21.707397644799585,0.0,0.0,0.0,38.80333219432301,20.666967148168794,-102.25179655755966,0.0,241.99000040690103
hold,242.39999389648438,242.16990661621094,242.4600067138672,242.0399932861328,149697,242.39999389648438,2025-10-03 13:44:00+00:00,242.29849853515626,242.6308807373047,0.0,0.0,242.35800828662875,242.67626906141498,242.94816384180203,0.0,0.0,33.99254945240337,27.98143175919523,50.0,-0.08244526051079581,-0.44766174055973285,-0.9803958845400855,0.0,0.0,0.0,0.5933898618406335,0.6373508219816246,0.0,243.41612262411746,242.28999304399252,242.5951650752342,243.41612262411746,191544.4,194005.3,0.0,26.262952588381822,0.0,0.0,0.0,92.54506510984325,48.710308411510916,-70.26619802589843,46.915155488726526,242.29999796549478
hold,242.25999450683594,242.3699951171875,242.61000061035156,242.17999267578125,0,242.25999450683594,2025-10-03 13:45:00+00:00,242.1624969482422,242.4893798828125,0.0,0.0,242.3253370266978,242.5930141504992,242.8422916364226,0.0,0.0,31.892946186613003,27.228187667696275,50.0,-0.2799077664183036,-0.5806949942343163,-1.2674738852508196,0.0,0.0,0.0,0.5700495865163019,0.6225406157379594,0.0,243.41612262411746,242.10872111105624,242.56312376752584,243.41612262411746,149775.6,188414.6,0.0,21.138805685482026,0.0,0.0,0.0,63.3502164986339,64.89953793426672,-60.1717861180649,62.794299337010806,242.3499959309896
hold,242.59500122070312,242.26499938964844,242.72000122070312,242.25999450683594,1081212,242.59500122070312,2025-10-03 13:46:00+00:00,242.27649841308593,242.4428695678711,0.0,0.0,242.41522509136627,242.59341156453996,242.80424695708115,0.0,0.0,41.90978417841656,31.948955560757128,50.0,0.23551589240512313,-0.1913531431327914,-0.6613183116023216,0.0,0.0,0.0,0.554329176137857,0.6109310513186186,0.0,243.21745290182827,242.44354051573674,242.50159130705407,243.21745290182827,324456.2,257694.8,0.0,47.238616798729744,0.0,0.0,0.0,81.61786155054415,79.17104771967377,-32.02779625868282,50.846423969389065,242.5249989827474
hold,242.78500366210938,242.60000610351562,242.8800048828125,242.59500122070312,83416,242.78500366210938,2025-10-03 13:47:00+00:00,242.4394989013672,242.44024963378905,0.0,0.0,242.53848461494732,242.63172998405386,242.80128645016242,0.0,0.0,47.06161620102131,34.54253177485941,50.0,0.33681962114918473,-0.010790004948822887,-0.3222907741117928,0.0,0.0,0.0,0.5158541027052167,0.5876505235179584,0.0,243.20952851019615,242.54112559438323,242.48925649389767,243.20952851019615,292825.2,248500.5,0.0,50.76179121103491,0.0,0.0,0.0,86.42863370825704,77.13223725247836,13.687209347101742,31.476402049236064,242.75333658854166
hold,242.91000366210938,242.75999450683594,242.91000366210938,242.61000061035156,91477,242.91000366210938,2025-10-03 13:48:00+00:00,242.58999938964843,242.46425018310546,0.0,0.0,242.6623242973347,242.68738471966498,242.81801217507734,0.0,0.0,50.43547770007469,36.26355824000231,50.0,0.31074917671884006,0.09890200476985712,-0.23820354756654313,0.0,0.0,0.0,0.4850182382841589,0.5671042755350909,0.0,243.20362805552594,242.60600754347922,242.4927201441425,243.20362805552594,281160.4,240971.2,0.0,55.188236430687176,0.0,0.0,0.0,100.0,89.34883175293373,39.07662895211211,27.359791469084012,242.81000264485678
hold,243.0,242.89849853515625,243.13999938964844,242.80999755859375,112728,243.0,2025-10-03 13:49:00+00:00,242.71000061035156,242.5042495727539,243.06494140625,0.0,242.7748828648898,242.749907775732,242.8460103019885,0.0,0.0,52.95397297301617,37.53691840436901,50.0,0.24752727665985605,0.1648779416409827,-0.2770095591686269,244.82086582965042,243.06494140625,241.30901698284958,0.4628730372513773,0.5501683866436335,0.0,243.1988019897474,242.6609840136205,242.50826627713283,243.1988019897474,273766.6,232655.5,237818.8,57.69623849196568,0.0,0.0,0.0,74.31195229162584,86.91352866662764,96.02991832514273,16.357533337290825,242.98333231608072
hold,243.03500366210938,243.0,243.22000122070312,242.8800048828125,119166,243.03500366210938,2025-10-03 13:50:00+00:00,242.86500244140626,242.5137496948242,242.97669143676757,0.0,242.86158979729635,242.8069269530075,242.87508620354555,243.06351579938615,0.0,54.01427284366412,38.055289765251,50.0,0.3199080214837406,0.03910480766790886,-0.010326955167266227,244.54200604514565,242.97669143676757,241.41137682838948,0.4453192230569841,0.5351560974469901,0.5581904820033482,243.19479849813328,242.6909372766481,242.49601870148456,242.86916511974124,297599.8,223687.7,202664.4,66.91776288512065,0.0,0.0,0.0,69.67256172299072,81.32817133820554,112.76658676562828,10.304694738666441,243.04500325520834
hold,243.2550048828125,243.02499389648438,243.2899932861328,243.0,140190,243.2550048828125,2025-10-03 13:51:00+00:00,242.99700317382812,242.63675079345703,242.87094192504884,0.0,242.99272815913508,242.8965425389685,242.93353523112506,243.08092389787947,0.0,60.536033876980795,41.349746280492,38.268764207409056,0.2720598770742726,0.5082165137267636,0.18277652529791127,244.00027321381862,242.87094192504884,241.74161063627906,0.42312980349638823,0.517644468067406,0.5454191869618941,243.1964812700733,243.02514484411174,242.59019167051943,242.78001760096745,109395.4,216925.8,201412.65,72.48054571801812,0.0,0.0,0.0,92.71068442635979,78.89839948032545,131.5338072233026,22.10694110408859,243.1816660563151
hold,243.0500030517578,243.25,243.281005859375,243.0500030517578,79064,243.0500030517578,2025-10-03 13:52:00+00:00,243.0500030517578,242.7447509765625,242.81294174194335,0.0,243.01181979000933,242.92723464152638,242.95145335737627,243.0781129118684,0.0,52.44949669724114,39.254723226669576,37.05741880436814,0.10914981800821788,0.446337077160903,0.1565932689165568,243.76673771096523,242.81294174194335,241.85914577292147,0.39568308979935957,0.4971700637495333,0.5304469784216699,243.19420813610427,243.06568298033332,242.6829657885833,242.7426165088647,108525.0,200675.1,199404.1,74.70115698833831,0.0,0.0,0.0,41.46414083144144,67.94912899359731,103.66529103125939,24.97012629244034,243.12700398763022
hold,242.67999267578125,243.05499267578125,243.22000122070312,242.60000610351562,91609,242.67999267578125,2025-10-03 13:53:00+00:00,243.00400085449218,242.7970001220703,242.7684410095215,0.0,242.90121075193332,242.8777862483774,242.9096901755924,243.0419201631332,0.0,40.93497079827115,35.73542732955346,34.9602037141549,-0.09468979575171096,0.2157651332063939,0.03297055657595298,243.65766028587774,242.7684410095215,241.87922173316525,0.4277276651405225,0.5059432818522452,0.534711175505757,243.1851253968842,243.02682281617783,242.72322259058024,242.70920523542165,108551.4,194855.9,196400.3,77.52462816823808,0.0,0.0,0.0,11.592472190893208,48.58909914956481,39.18219073209558,11.856743030248692,242.83333333333334
hold,242.21499633789062,242.67999267578125,242.67999267578125,242.06500244140625,95800,242.21499633789062,2025-10-03 13:54:00+00:00,242.8470001220703,242.77850036621095,242.7046905517578,0.0,242.67247261391913,242.74522826628007,242.8028142005614,242.96674526992933,0.0,30.96735537864639,31.868660485170366,32.53086355707984,-0.323046774530607,-0.07631912675408409,-0.29843010464712844,243.56001714323247,242.7046905517578,241.84936396028314,0.4544794607454478,0.5137323498895848,0.5385339878328639,243.1675307817847,242.8846676779146,242.7230633488856,242.6583572548233,105165.8,189466.2,191735.75,72.94069216642802,0.0,0.0,0.0,12.334989710384983,21.797200910906543,-53.63791533988021,16.65188046761822,242.31999715169272
hold,242.1199951171875,242.21499633789062,242.24000549316406,242.02000427246094,83893,242.1199951171875,2025-10-03 13:55:00+00:00,242.66399841308595,242.7645004272461,242.6269401550293,0.0,242.48831344834193,242.62018163646155,242.69776511081156,242.88976798331646,242.98668553278998,29.2686209405896,31.127591127688163,32.05305626593476,-0.3764924933175502,-0.057788901520216575,0.03925264873418719,243.3934096991262,242.6269401550293,241.8604706109324,0.4209825693108303,0.4927515549476948,0.5233657608266858,243.1511537216732,242.7173766590918,242.69749256456987,242.63195023253968,98111.2,197855.5,193135.05,76.52633154765746,-0.3665038963284246,0.0,-0.3665038963284246,8.33259158475643,10.75335116201154,-84.45708227219504,7.45702903384684,242.12666829427084
hold,241.9600067138672,242.10000610351562,242.2899932861328,241.94000244140625,106214,241.9600067138672,2025-10-03 13:56:00+00:00,242.40499877929688,242.7010009765625,242.5719352722168,0.0,242.31221120351702,242.4881466519427,242.58426381897397,242.80524423154833,242.91063524990682,26.421032232319376,29.867956590428946,31.24164744403511,-0.532362394586362,-0.26175086198839076,-0.004130473523790834,243.36364684156308,242.5719352722168,241.7802237028705,0.4108408943702206,0.4825543613604711,0.5151098124409657,243.12803433661492,242.37611468518693,242.72986097885854,242.5655715631987,91316.0,100355.7,179025.25,80.85850409048369,-0.42248859796410443,0.0,-0.42248859796410443,2.7033157373804024,7.790299010840606,-99.12974816120317,5.131433465203525,242.0633341471354
hold,242.1649932861328,241.9600067138672,242.2100067138672,241.9600067138672,93747,242.1649932861328,2025-10-03 13:57:00+00:00,242.22799682617188,242.63899993896484,242.53962478637695,0.0,242.26313856438898,242.42351597878076,242.51976066007535,242.7470396001469,242.8554025118495,35.76310491415404,33.576815659017,33.506175977360044,-0.36412662189374095,-0.2553742474306396,0.0030938812103364116,243.34230896192264,242.53962478637695,241.73694061083125,0.38786362374590333,0.46594333554900885,0.5024855356580625,243.1118142050354,242.22105836289623,242.67309491233442,242.54252807619298,94252.6,101388.8,174944.65,80.39918092668191,-0.4318865330687345,0.0,-0.4318865330687345,64.28478004970135,25.10689579061273,-94.078066024702,1.0029667129364959,242.1116689046224
hold,242.15069580078125,242.1649932861328,242.19000244140625,241.85000610351562,100503,242.15069580078125,2025-10-03 13:58:00+00:00,242.12213745117188,242.56306915283204,242.51365966796874,0.0,242.22565764318642,242.36895194318086,242.46298145095318,242.6928265274773,242.80320201473333,35.3973907028404,33.44396597026055,33.42555380569786,-0.21810486689240052,-0.3125881395911265,-0.10284575164205097,243.33125299204036,242.51365966796874,241.69606634389712,0.38102544005229216,0.4569471214305528,0.4947479548119941,243.09476766376702,242.11877064856668,242.60058209149946,242.5248627358547,96031.4,102291.4,171631.3,75.57531886537816,-0.4342500715524693,0.0,-0.4342500715524693,68.34055834922837,45.10955137877005,-95.40971540163835,19.025218090332572,242.06356811523438
hold,242.24000549316406,242.16000366210938,242.3903045654297,242.16000366210938,70389,242.24000549316406,2025-10-03 13:59:00+00:00,242.12713928222655,242.48706970214843,242.49565963745118,0.0,242.23044025984564,242.3431626531775,242.42867745744715,242.65166097890335,242.76148375387635,39.87789137664246,35.16950191200864,34.45989774500798,0.010325188634707678,-0.31275494108474794,-0.008251058418690324,243.32067419445198,242.49565963745118,241.67064508045038,0.3608230578517415,0.44142295308897317,0.48259846956611047,243.08428023683473,242.11726470555482,242.52878115004197,242.51434900490673,90949.2,98057.5,165356.5,76.30614552600512,-0.4183211006988472,0.0,-0.4183211006988472,72.18221356152391,68.26918398681788,-57.277781591935515,16.17421628101275,242.26343790690103
hold,242.30999755859375,242.28500366210938,242.30999755859375,242.02999877929688,107839,242.30999755859375,2025-10-03 14:00:00+00:00,242.1651397705078,242.41456909179686,242.46415939331055,0.0,242.25695935942835,242.33652963426076,242.41041901146968,242.62060066796613,242.72804033200356,43.46303054223087,36.557696719990254,35.28724309221627,0.07847449415083943,-0.2983134497463576,-0.11748125916662651,243.266709038977,242.46415939331055,241.6616097476441,0.34927673234390344,0.4298926549609661,0.47295086526757546,243.06999437374319,242.1602047499169,242.4422007128461,242.47974891229921,95738.4,96924.8,160306.25,51.722832492969765,-0.39151069774280245,0.0,-0.39151069774280245,85.13654720551273,75.21977303875501,-58.25450471023084,27.341028814876644,242.21666463216147
hold,242.4600067138672,242.28500366210938,242.47999572753906,242.27499389648438,85044,242.4600067138672,2025-10-03 14:01:00+00:00,242.2651397705078,242.33506927490234,242.48591003417968,0.0,242.32464181090796,242.36122505018207,242.4180478887616,242.6060012175935,242.7081859899194,50.79905843879524,39.545508723901634,37.07481079497827,0.20664572083240237,-0.3268167778616933,-0.1338620356859004,243.26284230566495,242.48591003417968,241.70897776269442,0.3286660321597297,0.4138290246819462,0.4601913874479141,243.06124610346336,242.26240790609992,242.31920270711288,242.50985348314336,91504.4,91410.2,154168.0,51.77564620925035,-0.346960939737329,0.0,-0.346960939737329,95.5579668373402,84.29224253479227,-22.84337095050943,26.743594702423163,242.40499877929688
hold,242.31500244140625,242.4600067138672,242.49000549316406,242.18499755859375,73455,242.31500244140625,2025-10-03 14:02:00+00:00,242.2951416015625,242.26156921386718,242.50316009521484,0.0,242.32142868774073,242.3519805284269,242.40219474301463,242.57954678339465,242.67906128262211,44.314451589594974,37.69737597157337,36.06370800782088,0.061945020722376856,-0.3024071594827519,-0.24494718691403858,243.24817217319838,242.50316009521484,241.7581480172313,0.32528630393267016,0.40605608967397233,0.4528016992156474,243.0521152206762,242.29213061490074,242.25526327228346,242.54967857758456,87446.0,90849.3,145762.2,45.73267325487958,-0.3270807541952081,0.0,-0.3270807541952081,61.9564135734899,80.88364253878093,-30.882969401123912,31.489518820144486,242.3300018310547
hold,242.35499572753906,242.33999633789062,242.44000244140625,242.27670288085938,63506,242.35499572753906,2025-10-03 14:03:00+00:00,242.33600158691405,242.22906951904298,242.51303482055664,0.0,242.33261770100685,242.35258356824934,242.39493335601838,242.55913305104414,242.65505642669004,46.511509047307634,38.55037049072882,36.56471392787971,0.08436891997448201,-0.1339199596385274,-0.2654338569798097,243.24457257078083,242.51303482055664,241.78149707033245,0.3021453405918423,0.38871633759346536,0.43901588308856293,243.04481791286688,242.33762145390367,242.21826214026063,242.56607513728332,80046.6,88039.0,141447.45,43.683355651158074,-0.3024728584406944,-0.38238616108095713,0.07991330264026275,55.73565461003552,71.0833450069552,-20.510007235013546,46.91678991204172,242.35723368326822
hold,242.83009338378906,242.36000061035156,242.9199981689453,242.32000732421875,99175,242.83009338378906,2025-10-03 14:04:00+00:00,242.45401916503906,242.29057922363282,242.53453979492187,0.0,242.49844292860092,242.4480855313573,242.46188105259847,242.5837658085664,242.6680221272159,65.42027077291641,47.70930219569004,42.21292859412608,0.2435963826138751,0.253946723034595,-0.08431307228698565,243.27673060644815,242.53453979492187,241.79234898339558,0.34469469832537375,0.403807373817258,0.44668135745227716,243.04136422996356,242.46748048930044,242.28727508764368,242.58444735764436,85803.8,88376.5,138921.35,42.80245346910962,-0.2199365958585986,-0.34989624803648545,0.12995965217788685,87.76806659884988,68.4867115941251,56.89291482408586,22.019084068164766,242.69003295898438
hold,242.80349731445312,242.84500122070312,242.99000549316406,242.72500610351562,70262,242.80349731445312,2025-10-03 14:05:00+00:00,242.55271911621094,242.3589294433594,242.56171493530275,0.0,242.600127723885,242.51916788797647,242.51443740057613,242.60374140001065,242.6780573262705,63.94394059159284,47.28442549063974,41.993151398852746,0.20366462829914406,0.28229894723680543,-0.18561080318856654,243.301502644119,242.56171493530275,241.82192722648648,0.33330965422866854,0.3938925178051994,0.4380298351759039,243.03868424544444,242.5711791622414,242.34508736099647,242.5898501545328,78288.4,87013.4,142434.45,39.51005006536898,-0.15888943829403956,-0.3116948860879963,0.15280544779395672,73.85286756369392,72.45219625752644,108.34093926619126,22.018295245175672,242.8395029703776
hold,242.625,242.8300018310547,242.86000061035156,242.56500244140625,115037,242.625,2025-10-03 14:06:00+00:00,242.5857177734375,242.42542877197266,242.56321487426757,0.0,242.60841848259003,242.54033431038118,242.53144703125673,242.60567400000969,242.67412715395417,54.341834952101856,44.42495409248585,40.50697458961787,0.06804969131570016,0.27483603392324607,-0.1748623930966615,243.30338800223942,242.56321487426757,241.82304174629573,0.32783658490247486,0.3868286357437789,0.4312188034506376,243.03119141298166,242.6083045491048,242.42825555478439,242.58903960981272,84287.0,87895.7,94125.7,38.38198124047121,-0.1337928435729907,-0.2761144775849952,0.14232163401200448,45.52141929900476,69.04745115384952,91.26341210083741,26.96901998534852,242.68333435058594
hold,242.32000732421875,242.61849975585938,242.69000244140625,242.27999877929688,89033,242.32000732421875,2025-10-03 14:07:00+00:00,242.58671875,242.44093017578126,242.53996505737305,0.0,242.5122814297996,242.49626891314873,242.4989178455586,242.5797043022105,242.64789605545525,41.82249273793324,39.97644743748951,38.08854515628707,0.002065444880454821,0.06401174504309089,-0.1483374659745593,243.28002314470592,242.53996505737305,241.79990697004018,0.3395747387891749,0.3884839947698929,0.43020855862486324,243.02135975400435,242.5988689934067,242.4454617356601,242.5676961284178,87402.6,87424.3,94406.55,38.46552761763365,-0.1516271423065234,-0.25121701052930084,0.09958986822277743,5.634953042057983,41.66974663491889,28.59941035932112,21.853094753754263,242.43000284830728
hold,242.19500732421875,242.31500244140625,242.39999389648438,242.13999938964844,67916,242.19500732421875,2025-10-03 14:08:00+00:00,242.55472106933593,242.445361328125,242.50421524047852,0.0,242.40652339460598,242.43601659536276,242.45216238073706,242.5447318496658,242.6143487420303,37.672571362759086,38.284393083366744,37.134452529424536,-0.06601407280259865,0.018299151811628632,-0.00825259128216416,243.23837273633916,242.50421524047852,241.77005774461787,0.3282061342244266,0.3793061742031818,0.4221031275872954,243.01273641784363,242.57181726863845,242.46045004317017,242.53732730392449,88284.6,84165.6,93228.5,39.34095629873927,-0.17833214666754316,-0.23664003775694933,0.05830789108940618,7.639977959564278,19.59878343354234,-34.78904491037942,6.106436472044268,242.24500020345053
hold,242.57249450683594,242.22000122070312,242.58990478515625,242.14500427246094,53353,242.57249450683594,2025-10-03 14:09:00+00:00,242.50320129394532,242.47861022949218,242.48283996582032,0.0,242.46184709868265,242.46331217765743,242.4706750155215,242.54725572759034,242.6112484283122,53.81778234153746,45.75183790054928,41.760353994562706,-0.10608194123040349,0.1372560296120278,0.1868905496340462,243.18207635313837,242.48283996582032,241.78360357850227,0.34487675972026743,0.38399148409547684,0.4231887173543438,243.00915675274848,242.50716019994928,242.48651632788352,242.50947441716917,79120.2,82462.0,90259.75,44.807070430955704,-0.1479362506547659,-0.21889928033651265,0.07096302968174675,78.63503953391594,30.636656845179402,25.11120700036411,5.47228342804128,242.43580118815103
hold,242.27999877929688,242.57000732421875,242.57000732421875,242.22000122070312,63864,242.27999877929688,2025-10-03 14:10:00+00:00,242.39850158691405,242.4756103515625,242.4450897216797,0.0,242.40123099222075,242.42664949798532,242.4413402099485,242.52295964138185,242.58671141727402,43.60650825955875,41.55605217833115,39.40148981780752,-0.21560584626928608,-0.012380330815537605,0.13224998204273405,243.10120187787635,242.4450897216797,241.78897756548304,0.3459648349220596,0.3817416128124294,0.41982226824855656,243.0021282414407,242.41638835258988,242.4940057383563,242.46531145969715,77840.6,78064.5,87494.65,46.44746499598333,-0.16006191928869384,-0.2071318081269489,0.04706988883825505,31.11751738171952,39.13084495839991,-12.514873198526837,9.638726690525521,242.3566691080729
hold,242.19940185546875,242.3000030517578,242.30999755859375,242.0800018310547,60588,242.19940185546875,2025-10-03 14:11:00+00:00,242.31338195800782,242.44954986572264,242.3923095703125,0.0,242.33395461330343,242.38119996948203,242.4041189246439,242.49354529720793,242.55802182010325,41.099605340257675,40.45511677464875,38.767912790492886,-0.17541396992529623,-0.10748364727465486,0.014208729704908942,242.940233083104,242.3923095703125,241.844386057521,0.32939781958163145,0.3709026210071889,0.41078290916715204,242.99485402382683,242.30542676297276,242.4742249070856,242.38938573652223,66950.8,75618.9,83514.55,39.459563959813856,-0.17682185062122358,-0.20106981662580387,0.02424796600458029,23.41622527456085,44.38959406339877,-82.12838989586648,2.54968287526428,242.19646708170572
hold,242.32229614257812,242.17999267578125,242.3800048828125,242.1699981689453,39281,242.32229614257812,2025-10-03 14:12:00+00:00,242.3138397216797,242.45027923583984,242.3559242248535,0.0,242.330068456395,242.36941920410126,242.39153080432612,242.47797719224158,242.5405606588051,46.56443497724517,42.937540719795614,40.30475418945657,0.0009445436984956064,0.003010008087979892,0.07086510374434421,242.81351884383255,242.3559242248535,241.89832960587447,0.3123419473367109,0.35941005621147454,0.40122213796239187,242.99092576331498,242.30319693648335,242.48215794506663,242.35573585945846,57000.4,72201.5,81525.4,45.44456756258067,-0.171141454703843,-0.1950841442414117,0.0239426895375687,49.44726434777193,34.66033566801743,-54.08691129590169,11.067713007703963,242.29076639811197
hold,242.5,242.3300018310547,242.61500549316406,242.3300018310547,75610,242.5,2025-10-03 14:13:00+00:00,242.37483825683594,242.46477966308595,242.34692459106446,0.0,242.38671230426337,242.39553536328103,242.40821837289133,242.47997926567416,242.5375561655603,53.79625416338779,46.41622228950382,42.496055426372145,0.12592855614606704,0.05983135277473486,0.1073293019072667,242.78534944814342,242.34692459106446,241.9084997339855,0.309537290658029,0.35464572009536477,0.3960548623730369,242.9854678356064,242.37913950262384,242.49499592032652,242.34409329133393,58539.2,73411.9,80725.45,45.71556929012917,-0.14202080227926217,-0.18447147584898183,0.042450673569719655,78.50379328047458,50.45576096760245,25.99593799562337,12.496379447980623,242.4816691080729
hold,242.6999969482422,242.44000244140625,242.71240234375,242.36509704589844,72181,242.6999969482422,2025-10-03 14:14:00+00:00,242.40033874511718,242.45177001953124,242.37117462158204,0.0,242.49114051892298,242.45642768027326,242.45310738448376,242.49998087318033,242.5495888161293,60.7678549560238,50.103022688450736,44.88680317054533,0.05256261294812914,-0.053575087722451134,0.1609505978201046,242.83086484822147,242.37117462158204,241.91148439494262,0.3149327202571052,0.35412140422080746,0.39373345453868097,242.98246983046886,242.42036824179786,242.4689239928131,242.36801510239513,62304.8,70712.5,79544.5,54.31689512955861,-0.09316113585603603,-0.16620940785039268,0.07304827199435665,97.71288716347371,75.2213149305734,63.778529347945955,23.377517645033567,242.59249877929688
hold,242.86500549316406,242.77499389648438,242.97999572753906,242.75999450683594,76581,242.86500549316406,2025-10-03 14:15:00+00:00,242.51734008789063,242.45792083740236,242.40842514038087,0.0,242.61576217700335,242.53814324285145,242.51647632428075,242.53316492954247,242.57295301442815,65.74328770226688,52.97769259612517,46.802810521292265,0.24145893875461627,0.02533249289703545,0.16703735382422208,242.9002790385301,242.40842514038087,241.91657124223164,0.3099421572627866,0.3488269310119551,0.38831751762240446,242.9811754483401,242.5530328977175,242.4784896022419,242.40518861815153,64848.2,71344.4,79178.9,53.94452336552581,-0.03480977157670395,-0.13992948059565494,0.10511970901895099,82.30902859289168,86.17523634561333,143.36409440653884,26.738540037856968,242.8683319091797
hold,242.8249969482422,242.9490966796875,243.07339477539062,242.8000030517578,87284,242.8249969482422,2025-10-03 14:16:00+00:00,242.6424591064453,242.47792053222656,242.4516746520996,0.0,242.68550710074965,242.5955139839296,242.5639410356594,242.5596951130606,242.5916229354514,63.46648011200534,52.192541580765486,46.392207418707315,0.25829753830141916,0.08243047840996909,0.2104675739007362,242.93013966988303,242.4516746520996,241.97320963431616,0.3047206667442189,0.34343870191344494,0.38284486076575724,242.97923826464108,242.6817280987757,242.4980179766283,242.45882822339522,70187.4,68569.1,78232.4,61.66876345514043,0.0038910484782093135,-0.11116537478088209,0.1150564232590914,64.93030870979555,81.65074148872031,123.01837523549061,34.92792823638169,242.89946492513022
hold,242.49000549316406,242.8249969482422,242.83999633789062,242.41000366210938,177672,242.49000549316406,2025-10-03 14:17:00+00:00,242.6760009765625,242.4949203491211,242.46792526245116,0.0,242.62033989822115,242.5744122857765,242.55256633681398,242.55335969306998,242.5840957175042,47.42318996243832,46.03991788312722,43.07022233160956,0.06920921155652153,0.07015440896626367,0.055707440739856263,242.92806551656088,242.46792526245116,242.00778500834144,0.3226166680352233,0.34962112861828815,0.385089994814114,242.96719011513412,242.64096833822074,242.51664727996658,242.47889738122922,97865.6,77433.0,82428.65,50.00401069589448,-0.00968343172769437,-0.09086898617024455,0.08118555444255018,12.059527095408962,53.09962146603206,13.017363015767737,14.830355373731019,242.5800018310547
hold,242.00999450683594,242.46499633789062,242.4720001220703,241.91009521484375,117299,242.00999450683594,2025-10-03 14:18:00+00:00,242.5779998779297,242.4764190673828,242.4608901977539,0.0,242.4168914344261,242.4615287299884,242.46909374758658,242.5039628579578,242.54156970189914,33.33594574344649,38.95386216605973,38.8813186553462,-0.2020641208923969,-0.0763900211762589,-0.33772538877912955,242.94394743455754,242.4608901977539,241.97783296095028,0.35937289807595035,0.3660703535970042,0.394367151171552,242.95187653844363,242.5216614546469,242.4710180809605,242.4656771310482,106203.4,82371.3,83268.45,40.725909170511564,-0.08004097191073356,-0.08870338331834235,0.008662411407608789,8.587580996353525,28.525805600519348,-119.5351209596429,22.424074170469467,242.13069661458334
hold,241.9199981689453,242.00999450683594,242.1300048828125,241.8300018310547,118236,241.9199981689453,2025-10-03 14:19:00+00:00,242.4220001220703,242.41116943359376,242.44488983154298,242.70134643554687,242.25126034593254,242.3532226177798,242.38461750471868,242.45087515895665,242.4955273661248,31.302050778361064,37.779808056375416,38.150868396469434,-0.3213839262895484,-0.2689902411306724,-0.3638741431980277,242.97505496994253,242.44488983154298,241.91472469314343,0.35089149145907356,0.3613512606084905,0.3898736226280406,242.93550037252734,242.3760804967917,242.39160689514966,242.43728952735776,115414.4,88859.6,85660.8,33.33085699614189,-0.14230474834499773,-0.09942365632367343,-0.0428810920213243,8.910576966657098,9.852561686139863,-152.24383494938684,28.006453099792576,241.96000162760416
hold,242.0,241.89999389648438,242.07000732421875,241.86000061035156,100259,242.0,2025-10-03 14:20:00+00:00,242.2489990234375,242.38316955566407,242.42938995361328,242.64534637451172,242.16750689728838,242.28257809422385,242.32544558091578,242.4098865081424,242.45882163530075,35.39028212966576,39.524726776314246,39.21672347148761,-0.3561672013666909,-0.11556826015668663,-0.2575991756826378,242.99158235528077,242.42938995361328,241.8671975519458,0.3307650946602327,0.3505409358412545,0.3813085317346666,242.92307824802083,242.25099049317117,242.35686669228284,242.41963325597052,120150.0,92499.1,85281.8,42.09700750516158,-0.1762435410769001,-0.11478763327431878,-0.061455907802581325,26.479536055521226,14.659231339510617,-122.85209692945838,23.377117137005285,241.97666931152344
hold,241.86000061035156,242.00999450683594,242.0500030517578,241.8300018310547,73986,241.86000061035156,2025-10-03 14:21:00+00:00,242.05599975585938,242.34922943115234,242.3993896484375,242.575146484375,242.06500480164277,242.19806259744942,242.25383866236743,242.35989688107048,242.41446452234158,31.556294580810288,37.54065838237662,38.01303900317048,-0.39740403583586276,-0.1401329823761181,-0.18983439252364698,243.01348539902727,242.3993896484375,241.78529389784774,0.31494168409493156,0.34121667047424525,0.37362723120935515,242.912762323055,242.11646144757304,242.32785883476868,242.393173275213,117490.4,93838.9,84728.9,42.63773543055769,-0.21640192489215337,-0.13511049159788568,-0.08129143329426769,9.999491378871879,15.129868133683402,-116.91522992888676,14.62811385468906,241.91333516438803
hold,241.94000244140625,241.8699951171875,241.9499969482422,241.75779724121094,98368,241.94000244140625,2025-10-03 14:22:00+00:00,241.9459991455078,242.31100006103514,242.3806396484375,242.5297463989258,242.02333734823063,242.1464505662408,242.20555616683495,242.3217246592828,242.37931918301302,36.16665472878568,39.412333458195484,39.13397134731878,-0.22681473021506343,-0.15776249534501777,-0.10528907496063002,243.02600033979317,242.3806396484375,241.73527895708182,0.2974071159429771,0.33057260165688845,0.36498782529611207,242.90037190871743,241.95169402314775,242.2898286971109,242.3705878298791,101629.6,99747.6,85974.55,41.574193538393395,-0.2328686167722367,-0.1546621166327559,-0.0782065001394808,58.35980646107228,31.612944631821794,-107.1212125201066,11.955411185253562,241.88259887695312
hold,242.06210327148438,241.91000366210938,242.16000366210938,241.8800048828125,61270,242.06210327148438,2025-10-03 14:23:00+00:00,241.9564208984375,242.2672103881836,242.36599502563476,242.4995883178711,242.03625932264856,242.1295811072895,242.18348649062716,242.29812271493748,242.35582170808496,43.00292728869961,42.25640331303376,40.84814729108815,0.021531658126195945,-0.18057597052190721,-0.21040771188391236,243.02614207333824,242.36599502563476,241.70584797793128,0.2949202107078196,0.32696018577403035,0.36094072786757697,242.89377370862834,241.95153076128406,242.25947298941674,242.36015801203513,90423.8,98313.6,85862.75,41.94792776288567,-0.2262406007954496,-0.16897781346529464,-0.05726278733015497,75.65916764672409,48.00615516222275,-61.617185403234465,10.926024183864387,242.0340372721354
hold,242.17059326171875,242.0399932861328,242.17059326171875,241.9600067138672,38181,242.17059326171875,2025-10-03 14:24:00+00:00,242.00653991699218,242.21427001953126,242.33302001953126,242.4732000732422,242.08103730233864,242.13778353817537,242.18150291694894,242.28652912828122,242.3421010824282,48.69829073104635,44.738586113751644,42.3625641462187,0.10358593529685542,-0.21813089953863382,-0.04515664443179526,242.96230821514717,242.33302001953126,241.70373182391535,0.28287254458549715,0.3186477830652827,0.3537810050096715,242.89024380102995,241.98403138729694,242.22239613556732,242.32764887716718,74412.8,94913.6,82813.05,46.03756045686996,-0.20431754425283088,-0.1760457596228019,-0.028271784630028995,100.0,78.00632470259879,-40.905485136404394,10.391162370596822,242.10039774576822
hold,242.02999877929688,242.13999938964844,242.1938018798828,242.0,52393,242.02999877929688,2025-10-03 14:25:00+00:00,242.01253967285157,242.13076934814453,242.29434509277343,242.44029998779297,242.06402446132475,242.11622658639968,242.1581945880794,242.26320818746444,242.31898239330735,42.30677056090862,42.206532511385056,40.93644721007269,0.012396189792097107,-0.34381516273685236,-0.06994363936248094,242.89776470689105,242.29434509277343,241.6909254786558,0.27014816391368507,0.30973021855224914,0.34616295143220205,242.88452024935006,241.98652175561526,242.15829313528926,242.29772389921422,64839.6,92494.8,81919.6,46.35587848487813,-0.2027558069076747,-0.18138776907977647,-0.02136803782789823,47.79965961585218,74.48627575419209,-43.69908003741397,3.1260089817722934,242.07460021972656
hold,242.10000610351562,242.0500030517578,242.3114013671875,242.03919982910156,70538,242.10000610351562,2025-10-03 14:26:00+00:00,242.06054077148437,242.0582702636719,242.26809539794922,242.42109802246094,242.07601834205508,242.11298248982285,242.14924251353114,242.24837163437817,242.30276192739686,46.3939722002796,43.908866390359584,41.95804381138278,0.09923323102554822,-0.2985651616753004,-0.09173321753756761,242.8572015342294,242.26809539794922,241.67898926166905,0.2717559387675336,0.3077068163621331,0.34307912459688883,242.8775552486592,242.0406628386571,242.08969162785255,242.2653531700128,64150.0,90820.2,79694.65,47.72870535415035,-0.1897794375740034,-0.18306610277862184,-0.006713334795381554,39.84106995527379,62.54690985704199,-24.236036851372322,0.8185372502600452,242.15020243326822
hold,241.75999450683594,242.12899780273438,242.12899780273438,241.75990295410156,49223,241.75999450683594,2025-10-03 14:27:00+00:00,242.0245391845703,241.98526916503906,242.24009475708007,242.40007385253907,241.9706770636487,242.0423848932255,242.0893582048088,242.20397371369253,242.26255693328125,33.104990084352224,38.0471704273302,38.55706885848279,-0.07440189003631484,-0.3010478658052174,-0.30515690439755155,242.86858837656945,242.24009475708007,241.6116011375907,0.2856614973197163,0.31209167581003877,0.3443179685985995,242.87067420747908,242.02625376908748,241.97766481107158,242.24621565111002,54321.0,77975.3,77704.15,42.4484270794748,-0.22017204005575763,-0.190487290234049,-0.029684749821708628,0.01660072489832056,29.219110098674765,-75.42891915975144,24.488046212877205,241.88296508789062
hold,241.9600067138672,241.8090057373047,242.0050048828125,241.7700958251953,73026,241.9600067138672,2025-10-03 14:28:00+00:00,242.00411987304688,241.9802703857422,242.2283447265625,242.3858740234375,241.96712028038823,242.02590925735382,242.06945797543318,242.18179489552656,242.24014580591725,44.0948369207411,42.87800213372162,41.48658386330643,-0.042177836281411335,-0.020655259742728527,-0.3048991527316785,242.86845039279265,242.2283447265625,241.58823906033237,0.27985419427069436,0.3073001543933619,0.3395890356165977,242.86243086839687,242.00142940558518,241.970755389755,242.2350413903726,56672.2,73548.0,77959.65,42.47931959678086,-0.21423654856343433,-0.19523714189992608,-0.018999406663508245,36.283651052762636,25.380440577644915,-65.20274899305649,30.33440017658095,241.91170247395834
hold,242.02000427246094,241.92999267578125,242.05999755859375,241.86000061035156,46985,242.02000427246094,2025-10-03 14:29:00+00:00,241.9740020751953,241.99027099609376,242.20072021484376,242.3742739868164,241.9847482777458,242.02472826037524,242.06184971343748,242.16708665706605,242.22383902566125,47.13429270820039,44.281532092704865,42.35229341845627,-0.06218302033685315,0.041338502096790505,-0.34793041467100505,242.82656056514065,242.20072021484376,241.57487986454686,0.26844601626662196,0.29963563966827805,0.3329417933606734,242.85755294358154,241.98230971270314,241.9832740986846,242.21694040983215,58433.0,66422.9,77641.25,41.00487102327245,-0.19911076528600802,-0.19601186657714248,-0.0030988987088655384,70.47004836909339,35.59010004891812,-43.748400795773115,45.221426112049315,241.9800008138021
hold,241.97000122070312,242.02999877929688,242.07000732421875,241.89999389648438,458236,241.97000122070312,2025-10-03 14:30:00+00:00,241.96200256347657,241.98727111816407,242.18522033691406,242.35487396240234,241.97983259206495,242.01378285244084,242.04771917609372,242.1491697992149,242.20503622529395,44.767726426619845,43.32606623331966,41.810967027261995,-0.024789306654693154,-0.012396189792097107,-0.35210367066175796,242.81775839260044,242.18522033691406,241.55268228122767,0.25438421790487237,0.29037691024442785,0.3251832997594211,242.81011032020928,241.9706497211183,241.97568362019524,242.15675975734695,139601.6,102220.6,97359.85,36.20971289780424,-0.19125337285311161,-0.19506016783233632,0.0038067949792247036,66.65479521750191,57.802831546452644,-33.34543052998705,52.032750585751444,241.9800008138021
hold,242.0399932861328,241.97000122070312,242.0399932861328,241.82000732421875,40708,242.0399932861328,2025-10-03 14:31:00+00:00,241.95,242.0052703857422,242.17724990844727,242.3551739501953,241.99988615675426,242.01902493917925,242.04653057763818,242.13924466166196,242.19281082239314,48.953241726198634,45.111369151396914,42.88392381113517,-0.024788441086264407,0.07442019156827305,-0.1855796927036385,242.81288206396943,242.17724990844727,241.5416177529251,0.24947018133475668,0.28534898536368747,0.32017390271916596,242.80647062594164,241.96121854760324,241.98698559672667,242.1529529476985,133635.6,98892.8,96365.85,41.4997501262565,-0.17378588321389543,-0.19080531090864813,0.017019427694752703,87.994384765625,75.03974278407344,-26.835598140691545,41.90228690228691,241.96666463216147
hold,242.00999450683594,242.0500030517578,242.13999938964844,241.92999267578125,138078,242.00999450683594,2025-10-03 14:32:00+00:00,242.0,242.01226959228515,242.16163482666016,242.35597381591796,242.0032556067815,242.0172188527106,242.0409096436686,242.12749464758684,242.1792688730926,47.16598680684756,44.46484493673488,42.5309921046396,0.10340834119804344,0.02892951340142207,0.0,242.7975908832265,242.16163482666016,241.52567877009383,0.24383254312510397,0.2799673945425089,0.31492784610716695,242.79390399621673,241.98319874907085,241.9945671398085,242.13992733036628,151406.6,102863.8,101305.7,54.97162649565683,-0.16205002038199723,-0.18505425280331794,0.023004232421320714,59.37246673978351,71.3405489076368,40.12875941155214,1.4201623042633402,242.02666219075522
hold,242.30999755859375,242.02000427246094,242.3699951171875,242.0,67289,242.30999755859375,2025-10-03 14:33:00+00:00,242.06999816894532,242.03705902099608,242.15213470458986,242.3590237426758,242.10550292405225,242.07577459388725,242.08230778442635,242.14408582131472,242.188952479426,62.948590667687206,51.890524172669394,47.10233744255892,0.14464822078652384,0.10240937501536519,0.16121006638569857,242.77308816383257,242.15213470458986,241.53118124534714,0.26185576799116056,0.28639794616000824,0.31755009711099236,242.7902116657786,242.01472239175862,242.01108184822093,242.1321062907632,150259.2,103465.7,100889.65,65.44187182201121,-0.11317788553876085,-0.17067897935040655,0.0575010938116457,89.09111086449894,78.81932078996915,180.31904349322588,24.215696101032368,242.2266642252604
hold,242.22000122070312,242.3300018310547,242.38999938964844,242.16000366210938,90976,242.22000122070312,2025-10-03 14:34:00+00:00,242.10999755859376,242.04199981689453,242.12813491821288,242.35542388916016,242.14366902293588,242.10461991925044,242.10349139000738,242.1509872212591,242.19125238618727,56.99042088443924,49.74183380498472,45.951022930347264,0.08263653611750012,0.020402129886587347,0.09090959533186983,242.6974940357818,242.12813491821288,241.55877580064396,0.2573043336408608,0.28236921625851213,0.31338084141709094,242.78438929640234,242.03789299253202,242.02295946999382,242.11590537707752,159057.4,108745.2,101829.4,65.08994819826647,-0.08663246693683391,-0.153869676867692,0.0672372099308581,63.04441569642087,70.50266443356777,157.91228588040093,25.44035894338506,242.2566680908203
hold,241.99000549316406,242.22000122070312,242.33999633789062,241.89999389648438,122296,241.99000549316406,2025-10-03 14:35:00+00:00,242.11399841308594,242.03800048828126,242.0843849182129,242.3500241088867,242.0924478463453,242.08169703403317,242.08603202126227,242.136352518705,242.17634520892628,44.4471116781043,44.65302347686261,43.12262238118427,0.008267253114030204,-0.016524102935389307,0.053752122088986644,242.54453038817422,242.0843849182129,241.62423944825156,0.2834040633216307,0.2936287323404934,0.3194104414165747,242.77363307546773,242.09287104688542,242.01915860501921,242.0809614288658,91869.4,115735.5,104115.15,61.77381180969647,-0.09464817489310917,-0.14202537647277547,0.047377201579666295,18.369507676019058,56.83501141231295,26.863626397720587,5.784763152150187,242.07666524251303
hold,242.03880310058594,242.0050048828125,242.16000366210938,241.99000549316406,49359,242.03880310058594,2025-10-03 14:36:00+00:00,242.11376037597657,242.0318801879883,242.0450752258301,242.33890014648438,242.07456626442553,242.07311824734373,242.0787660334659,242.12748438978508,242.16615690460475,47.31725891924024,45.917226631369566,43.891998301712995,-0.0004917309452525049,-0.02528005013908124,0.040836843094442535,242.35534470624967,242.0450752258301,241.7348057454105,0.26720322126787094,0.2847979778122662,0.31229557129889557,242.7696391185497,242.0917680680764,242.0149927115377,242.04817723279305,93599.6,113617.6,102218.9,65.13137711336823,-0.0930386572610189,-0.13222803263042415,0.039189375369405255,28.328091427147886,36.580671599862605,8.63018777398359,11.257365883523375,242.06293741861978
hold,242.36000061035156,242.0500030517578,242.39520263671875,242.0,44798,242.36000061035156,2025-10-03 14:37:00+00:00,242.1837615966797,242.09188079833984,242.03857498168946,242.3304000854492,242.1697110464009,242.13049471994532,242.12203289144833,242.14862222801838,242.18051569762304,62.28193617058427,53.45367442953482,48.68902597569811,0.14462464834514863,0.24818254349300928,0.12306649196263539,242.3148740022985,242.03857498168946,241.76227596108043,0.28548885204656793,0.292684024877015,0.3162435267950791,242.7676283019357,242.15396793896008,242.03973971019826,242.01441771829099,74943.6,113175.1,95575.2,64.48325308324283,-0.05002097767771829,-0.11578662163988299,0.0657656439621647,92.89147716768349,46.529692090283476,129.5333369134515,12.8307560137457,242.2517344156901
hold,242.63499450683594,242.36000061035156,242.64639282226562,242.3300018310547,64748,242.63499450683594,2025-10-03 14:38:00+00:00,242.24876098632814,242.1593795776367,242.06982498168946,242.32489990234376,242.3248055332126,242.23139467732346,242.2009500630464,242.19283788972905,242.2141807946018,70.61825403277592,58.753163003347595,52.3512046714212,0.13412444864706788,0.27896667806219944,0.19176615907914943,242.44852642092113,242.06982498168946,241.6911235424578,0.28990344335576357,0.29437737961515226,0.31625054891012,242.7666939225044,242.20944270269158,242.07922809965024,242.0363117329246,74435.4,112347.3,92947.65,65.52418412403347,0.01721388272167701,-0.08918652076757098,0.106400403489248,98.26347722993235,73.16101527492124,220.398046766196,25.453677172874876,242.5371297200521
hold,242.5399932861328,242.6300048828125,242.72999572753906,242.52499389648438,92705,242.5399932861328,2025-10-03 14:39:00+00:00,242.31275939941406,242.2113784790039,242.10082473754883,242.3156997680664,242.39653478418603,242.29311439908537,242.25311055890586,242.2243974712203,242.2383150532337,64.84214761638219,56.36560703940404,51.030058800339305,0.13210802733756116,0.21485373295278623,0.21071541106811018,242.52425462874686,242.10082473754883,241.6773948463508,0.277774641598467,0.2879934118608333,0.3109529909170042,242.76443011240954,242.28882928676165,242.11814200704904,242.0692808196601,74781.2,116919.3,91671.1,72.50162563309073,0.05479934585167712,-0.06038934744372136,0.11518869329539848,73.9721159674756,88.37569012169713,179.24481458638854,28.068340924800168,242.59832763671875
hold,242.69000244140625,242.60000610351562,242.80999755859375,242.5800018310547,54875,242.69000244140625,2025-10-03 14:40:00+00:00,242.4527587890625,242.28337860107422,242.13532485961915,242.30879974365234,242.4943573365928,242.37249200754957,242.32032469467515,242.26672519578267,242.2717733782835,69.44600242841982,59.18597029238231,52.99672254817853,0.28926688390110455,0.297558051440602,0.2436994312335366,242.62718336251677,242.13532485961915,241.64346635672152,0.2766645888645342,0.28670847333226934,0.3090030519429058,242.76399275799596,242.47989681542677,242.24775827106959,242.09221552501404,61297.0,76583.2,89401.9,72.04470797006475,0.1007186292660549,-0.028167752101766107,0.12888638136782102,75.00079473567092,82.41212931102629,159.8170937536077,26.462647895490214,242.6933339436849
hold,242.99000549316406,242.7100067138672,242.99000549316406,242.7042999267578,85050,242.99000549316406,2025-10-03 14:41:00+00:00,242.64299926757812,242.37837982177734,242.19182510375975,242.30349975585938,242.65957338878323,242.49599470467248,242.42335250982728,242.33247795009007,242.32497575716354,76.59648140069125,64.17337486506028,56.65236058916691,0.39299582562504515,0.39250216219770445,0.5087735830062428,242.79190075327847,242.19182510375975,241.59174945424104,0.2799986549921454,0.287658086076951,0.3085744805055204,242.76603258975362,242.67031545294776,242.33611684990072,242.14420684594378,68435.2,81017.4,89955.1,78.1466488449484,0.17101894750894076,0.011669587820375263,0.1593493596885655,100.0,82.99097023438217,172.86482531248453,57.09843561973524,242.89477030436197
hold,243.1199951171875,242.99000549316406,243.13499450683594,242.92999267578125,73697,243.1199951171875,2025-10-03 14:42:00+00:00,242.7949981689453,242.4893798828125,242.25082473754884,242.30489959716797,242.81304729825132,242.6207947871755,242.530528295575,242.40407041982618,242.38386608012829,79.07229785177736,66.10603377661272,58.13375720532691,0.3135808322008549,0.4586589957218518,0.47941327952270685,242.9620096235712,242.25082473754884,241.5396398515265,0.26928482300108,0.281754067861075,0.30364244957929026,242.76877928837752,242.79708639287662,242.47395643481227,242.1960543661299,74215.0,74579.3,88721.55,78.16957937526055,0.23692870704721258,0.056721411665742724,0.18020729538146985,97.29737160453095,90.76605544673396,159.83378343238502,60.69396791236316,243.06166076660156
hold,242.86000061035156,243.08999633789062,243.19000244140625,242.85049438476562,79583,242.86000061035156,2025-10-03 14:43:00+00:00,242.83999938964843,242.54438018798828,242.29071960449218,242.30849975585937,242.82869840228474,242.66863595181073,242.58121634400217,242.44551861896483,242.41913530458925,63.417464846120126,59.22441994757881,54.240823947054544,0.09273439883350616,0.22698322698171564,0.3470772345516427,243.043390469428,242.29071960449218,241.53804873955636,0.27931671352101495,0.2858793527739,0.30535033562983,242.7695373360568,242.8372564522342,242.52903610567301,242.23010608657793,77182.0,75808.7,89637.2,70.94089712498298,0.24950064722148113,0.09527725877689042,0.15422338844459071,32.05679997486727,76.45139052646607,112.46446683074734,52.18075715540558,242.96683247884116
hold,242.8300018310547,242.875,242.89999389648438,242.6300048828125,42449,242.8300018310547,2025-10-03 14:44:00+00:00,242.89800109863282,242.60538024902343,242.32369003295898,242.32079986572265,242.82913287854143,242.70090912765954,242.61949103431795,242.48047163824572,242.4495698621052,61.77121250349136,58.46812283657891,53.80431377158172,0.11957143273263883,0.25183742353124233,0.3554162111059163,243.1094662292399,242.32369003295898,241.53791383667806,0.2779841849711378,0.28474432855232673,0.30366646315564166,242.7698041613515,242.9184407384306,242.58666400433097,242.2455412832395,67130.8,70956.0,89850.6,68.05949227410325,0.2513392655543498,0.1264896601323823,0.12484960542196752,35.71389645776567,55.02268934572129,65.75164452071671,34.861038850105224,242.7866668701172
hold,243.0518035888672,242.8603057861328,243.125,242.8603057861328,30399,243.0518035888672,2025-10-03 14:45:00+00:00,242.970361328125,242.71156005859376,242.3747802734375,242.33943603515624,242.90335644865002,242.77108801990107,242.68600065809477,242.53241090648405,242.49417976779125,68.76532628394227,62.30134159545874,56.52075779409795,0.14907954337685944,0.4387776650276243,0.41803434589350763,243.2089159575543,242.3747802734375,241.5406445893207,0.28041475411030564,0.28547674572325427,0.3032536872408641,242.7706925363396,242.9717531475329,242.7276935423023,242.26571149347842,62235.6,61766.3,88750.9,71.66645752097651,0.27690825210981984,0.15657337852786982,0.12033487358195002,75.32152588555859,47.69740743939718,97.71815753372883,46.91967804687557,243.01236979166666
hold,242.86000061035156,243.10000610351562,243.10000610351562,242.80999755859375,37445,242.86000061035156,2025-10-03 14:46:00+00:00,242.9443603515625,242.7936798095703,242.41277999877929,242.35743591308594,242.88890450255053,242.7888705379912,242.7127698815189,242.5621917886538,242.5212776079809,58.05049681651952,57.3702420176801,53.65594124138217,-0.05350215229990493,0.339283412099982,0.35122768596716586,243.26248230499752,242.41277999877929,241.56307769256105,0.2817852956548155,0.28580044566601287,0.30262296617805506,242.77103775269114,242.9499871254036,242.79200595796587,242.28519665086378,52714.6,60574.9,87096.25,64.6219764582934,0.26759293001029505,0.1787772888243549,0.08881564118594015,46.464241676942045,52.499888006755434,70.4336407848425,40.7557175020737,242.92333475748697
hold,243.0950927734375,242.87950134277344,243.1300048828125,242.86500549316406,40853,243.0950927734375,2025-10-03 14:47:00+00:00,242.9393798828125,242.8671890258789,242.4795349121094,242.37603790283202,242.95763392617954,242.85011498508047,242.77158878796791,242.61063733272502,242.56378243505173,65.69433079095595,61.402707875473155,56.49393078976116,-0.01024282010946763,0.3033058925708472,0.3240044664908651,243.32336753779515,242.4795349121094,241.63570228642362,0.2801022923414044,0.28467214757993603,0.30106969504866854,242.77239863893865,242.9213774667505,242.8447390425497,242.31919540569476,46145.8,60180.4,86677.75,63.600214415300854,0.2863325500287317,0.20028834106523027,0.08604420896350143,89.09021552546253,70.29199436265439,82.09380278318945,34.38650885438454,243.03003438313803
hold,243.22000122070312,243.089599609375,243.23500061035156,243.06500244140625,43838,243.22000122070312,2025-10-03 14:48:00+00:00,243.01138000488282,242.92568969726562,242.54253463745118,242.39742401123047,243.04508969102076,242.924092232205,242.84057531608101,242.66603404981393,242.6123912339889,69.17590175240905,63.38451317635706,57.93114138945455,0.14823380113926343,0.24110566369712413,0.412847822211359,243.40962967242598,242.54253463745118,241.6754396024764,0.2643731318562484,0.27648114910603433,0.29482819380565156,242.7744066667489,243.01356771050678,242.89643742911295,242.35775496401038,38996.8,58089.4,85218.35,61.620294133815335,0.31170099821611075,0.22257087249540639,0.08913012572070436,96.47075718953074,77.34173813064511,101.14406392211204,37.25321013122907,243.17333475748697
hold,242.97000122070312,243.1999969482422,243.24000549316406,242.9199981689453,70020,242.97000122070312,2025-10-03 14:49:00+00:00,243.0393798828125,242.96869049072265,242.59003448486328,242.41202392578126,243.02006020091488,242.93327402990465,242.86048699371517,242.6936674289857,242.63888086263438,55.92339897388685,57.06862489656561,54.17042724029113,0.057653250666217085,0.17729362021669443,0.40497363746154647,243.44136685071888,242.59003448486328,241.73870211900768,0.27232087362232005,0.27959016161408545,0.29602720001579913,242.77579823469895,243.0348732862108,242.96486178443885,242.39175903436347,44511.0,55820.9,86370.1,65.56515985312771,0.29439316727027176,0.23693533145037948,0.05745783581989228,27.998860677083332,71.18661113069221,66.14593343810427,45.8774489370571,243.0433349609375
hold,243.1199951171875,242.94749450683594,243.1750030517578,242.8800048828125,39528,243.1199951171875,2025-10-03 14:50:00+00:00,243.05301818847656,243.01168975830078,242.6475341796875,242.42822387695313,243.05337183967242,242.97061824736124,242.9004113204032,242.73242449154947,242.67451895556425,61.135115909148475,59.66547279290537,55.97103689402752,0.028056376177179692,0.17717774587153218,0.44670193487622034,243.4786932151094,242.6475341796875,241.81637514426563,0.2755604872398904,0.28069073356631596,0.2959781985362521,242.77717511613886,243.04717465991118,243.003941728929,242.56143225773147,46336.8,54286.2,65434.7,71.30036748068754,0.2960992917969918,0.24876812351970196,0.04733116827728984,66.66384096977917,63.71115294546441,64.94489350052635,42.75807491168385,243.05833435058594
hold,243.14999389648438,243.11500549316406,243.14999389648438,243.0749969482422,21292,243.14999389648438,2025-10-03 14:51:00+00:00,243.11101684570312,243.0276885986328,242.7030342102051,242.44202362060548,243.08557919194308,243.00649337718588,242.93880863980033,242.77038534654355,242.70973932155832,62.17860298634084,60.18420331488276,56.33133581994457,0.11940759507700172,0.06584155714372103,0.32595860874043536,243.51246382082365,242.7030342102051,241.89360459958652,0.2469085530973614,0.2659983203288782,0.2854552818555824,242.77797672814398,243.08985046743248,243.01290642052706,242.58761620880188,43106.2,47910.4,64463.9,70.43667042218006,0.2967540556275594,0.2583653099412735,0.03838874568628592,74.99682109100156,56.553174245954686,86.34352122741001,34.52410948421476,243.12499491373697
hold,243.4250030517578,243.16000366210938,243.47999572753906,243.13999938964844,68501,243.4250030517578,2025-10-03 14:52:00+00:00,243.1769989013672,243.05818939208984,242.77378463745117,242.4642236328125,243.198720478548,243.09019531210026,243.0136077801015,242.82989604701754,242.7627218200916,70.61633942551033,64.6699737533332,59.51992580529755,0.13571243851795314,0.12545571762754193,0.325595467598396,243.57586991862112,242.77378463745117,241.97169935628122,0.26020680806782764,0.2712838930118601,0.2880524750001082,242.78242176086238,243.18337878711324,243.05581963502894,242.70003612605484,48635.8,47390.8,60985.05,70.58729179909875,0.3274734920086644,0.27218694635475166,0.05528654565391272,90.83441418071769,77.49835874716614,169.51167299575147,37.53494417834441,243.34833272298178
hold,243.33999633789062,243.4149932861328,243.4949951171875,243.27000427246094,68219,243.33999633789062,2025-10-03 14:53:00+00:00,243.20099792480468,243.10618896484374,242.825284576416,242.48392364501953,243.24581243166222,243.14015551725834,243.06382140437674,242.87626880073327,242.80548289548412,65.35809645868036,62.33229146492321,58.1420363277209,0.049336040039985776,0.1976429738667321,0.32984376758600026,243.6338829133274,242.825284576416,242.01668623950462,0.2551759561619326,0.26797724670576745,0.2850495402251775,242.78621057443456,243.21731075920462,243.13142350392232,242.7573038432086,53512.0,46254.4,61031.55,69.64447468922552,0.3346726217742173,0.2846840814386448,0.049988540335572484,63.095367847411445,76.3088677063769,166.43595668523315,34.93035075028287,243.3683319091797
hold,243.2899932861328,243.3249969482422,243.36000061035156,243.19000244140625,25955,243.2899932861328,2025-10-03 14:54:00+00:00,243.26499633789064,243.15218811035157,242.8787841796875,242.49312164306642,243.26053938315243,243.17012307103323,243.09861707849305,242.91388011758775,242.84137255405068,62.180632337688856,60.93691550850593,57.322422791260806,0.13170023616990517,0.1894294163034093,0.24722520033408504,243.66127998740262,242.8787841796875,242.09628837197238,0.2430077008452726,0.2609787411514492,0.27957090349756486,242.7875096603412,243.3032325421183,243.1693356825768,242.8115674770264,44699.0,44605.0,57780.5,64.86715946775095,0.3287505169825522,0.2934973685474263,0.03525314843512589,42.25231033741672,65.39403078851528,104.07882494488324,25.20542355276093,243.27999877929688
hold,243.36500549316406,243.25999450683594,243.3800048828125,243.25999450683594,526221,243.36500549316406,2025-10-03 14:55:00+00:00,243.31399841308593,243.18350830078126,242.9475341796875,242.5043518066406,243.295361419823,243.20909955545943,243.13959991151935,242.95489151536742,242.8801601791702,65.14623637551705,62.30035394116152,58.24947784882861,0.10077755055007459,0.12886220125593875,0.1543273350847962,243.6422932469215,242.9475341796875,242.2527751124535,0.22543665443545688,0.25090957221038585,0.2719727831394219,242.81620153901346,243.35920255710718,243.28244916457191,243.06273494083348,142037.6,94187.2,77976.75,78.14906769190034,0.32893937628924164,0.3005857700957894,0.02835360619345223,57.379427656593954,54.24236861380737,107.88383769604867,17.148140538319296,243.33500162760416
hold,243.3300018310547,243.38999938964844,243.41000366210938,243.27499389648438,42815,243.3300018310547,2025-10-03 14:56:00+00:00,243.35,243.23050842285156,243.01209411621093,242.51845184326172,243.30690822356692,243.23328001057848,243.16889251452477,242.98899245315715,242.91348178301348,62.47900120974052,61.226428458130016,57.6360397552513,0.07403164264398329,0.19352763712506219,0.08637986100894791,243.5866514118148,243.01209411621093,242.43753682060705,0.21251852746253447,0.242631014597144,0.2654507346863542,242.81827015655423,243.36358166541092,243.30129815303343,243.1026471383978,146342.2,94724.2,77649.55,77.55695835161114,0.319798227565002,0.30442826158963193,0.015369965975370048,63.63573311138854,54.422490368466406,91.26427657978469,10.1955369471293,243.3383331298828
hold,243.27999877929688,243.3300018310547,243.42999267578125,243.25999450683594,34433,243.27999877929688,2025-10-03 14:57:00+00:00,243.3209991455078,243.2489990234375,243.0580940246582,242.53765167236327,243.29793840881024,243.24262376432216,243.1859857860282,243.0154475737153,242.94063119014558,58.488114356461985,59.64473095540164,56.73977028160564,-0.05956835602056302,0.07606324082884955,0.17293838750299775,243.55905461517094,243.0580940246582,242.55713343414547,0.20644419053150273,0.23744295419344175,0.2609053744129713,242.81976036710228,243.3534254165792,243.30947260796407,243.12817233258906,139528.6,94082.2,77131.3,80.7565321865032,0.3019925741765803,0.3039411241070216,-0.0019485499304413012,11.767345839691231,44.26083553589124,72.55679713305535,18.24827714658223,243.32332865397134
hold,243.1699981689453,243.2949981689453,243.32000732421875,243.14999389648438,32812,243.1699981689453,2025-10-03 14:58:00+00:00,243.28699951171876,243.2439987182617,243.08484420776367,242.55715148925782,243.2552916621886,243.2280986452468,243.18352615263083,243.0294976278271,242.95762133672335,50.25017991147437,56.20486380728274,54.77236492776285,-0.06986034827963954,-0.020558774569053077,0.14001413965609255,243.54831059399638,243.08484420776367,242.62137782153096,0.20123979584619875,0.23262655944636554,0.2565771864758953,242.8208342280833,243.34572046467338,243.30876902500788,243.15021832958672,132447.2,92979.6,75534.5,81.46989474290163,0.27047730852345353,0.29724836099030805,-0.026771052466854517,7.144414168937329,27.515831040005704,15.002118214825146,29.133137561496515,243.2133331298828
hold,243.35000610351562,243.14999389648438,243.41409301757812,243.1295928955078,47816,243.35000610351562,2025-10-03 14:59:00+00:00,243.29900207519532,243.28199920654296,243.1253448486328,242.5727017211914,243.28686314263095,243.2524801369006,243.20913845276698,243.0586347619806,242.98668687500424,60.79301669024053,60.24539332864391,57.31546076180478,0.024667195132942257,0.15639991805709402,0.1226909285367247,243.52899016863012,243.1253448486328,242.7216995286355,0.21313412816392927,0.23633181391950459,0.2579068500756294,242.8231881181548,243.34813433438177,243.33707724478433,243.1953294769059,136819.4,90759.2,73290.05,81.76399968047663,0.26579326189636276,0.290957341171519,-0.025164079275156237,73.3732920201148,30.76168400958112,50.20852996796839,20.457172210093756,243.2978973388672
hold,243.4149932861328,243.3699951171875,243.4600067138672,243.2899932861328,36946,243.4149932861328,2025-10-03 15:00:00+00:00,243.30899963378906,243.3114990234375,243.16159439086914,242.59540161132813,243.3295731904649,243.28498276674705,243.24080842713096,243.091030991449,243.01841327582858,64.00579938308397,61.62201718379943,58.20629134365452,0.020540255106708066,0.12133850562275593,0.2285237068214,243.53111850140812,243.16159439086914,242.79207028033017,0.20697402810256435,0.23159478633485248,0.25372144901176014,242.82521520443657,243.3152438640335,243.34973954509405,243.22008685889045,38964.4,90501.0,72393.6,85.15829228597323,0.2665694909184708,0.2860797711209094,-0.019510280202438557,86.37665096517965,55.63145238474393,90.24369739036946,29.576617236191705,243.3883310953776
hold,243.52999877929688,243.42999267578125,243.57000732421875,243.4199981689453,46998,243.52999877929688,2025-10-03 15:01:00+00:00,243.3489990234375,243.34949951171876,243.18859405517577,242.62201354980468,243.3963817200756,243.33398596925704,243.2852992505411,243.13093715398062,243.0563084983077,69.2142169310196,63.997931849814805,59.76653398121159,0.08219165196942975,0.15628414244348224,0.17890365490211832,243.58215211886952,243.18859405517577,242.79503599148202,0.19955117238590336,0.2261247328885014,0.24902109611053047,242.82827275056698,243.3627863335671,243.36341160815007,243.24429821962465,39801.0,93071.6,70491.0,85.24194305010955,0.2776774709493566,0.2843993110865988,-0.006721840137242252,90.91570522814676,83.55521607114707,147.64064811156186,34.49718809136704,243.5066680908203
hold,243.6699981689453,243.5399932861328,243.77999877929688,243.5399932861328,62150,243.6699981689453,2025-10-03 15:02:00+00:00,243.4269989013672,243.3739990234375,243.21609420776366,242.64896759033203,243.4875872030322,243.4011884091947,243.3444836995264,243.17994270079558,243.101766992429,74.46238709087977,66.70051147437252,61.59893835149022,0.16030885876575665,0.10064500939347154,0.1850164238071237,243.66024703869144,243.21609420776366,242.77194137683588,0.20675814775934573,0.2278301091107513,0.2490677105814576,242.83307411916633,243.45957376233426,243.37946076543628,243.26977108335768,45344.4,92436.5,69913.65,85.48393388260129,0.29942141676571055,0.2874037322224212,0.012017684543289331,77.55114751035406,84.9478345678935,203.01275772716684,39.9992675691842,243.663330078125
hold,243.875,243.6699981689453,243.96499633789062,243.6699981689453,124059,243.875,2025-10-03 15:03:00+00:00,243.56799926757813,243.42749938964843,243.2668441772461,242.67646759033204,243.61672480202148,243.4959507273558,243.42610159190696,243.24312972799595,243.15904351150832,80.2222584871097,70.22516689436625,64.11200476925288,0.28992138683361707,0.21985849846339842,0.372473463699255,243.76528207527977,243.2668441772461,242.76840627921243,0.2193638650716267,0.23262782767036283,0.2512548752654507,242.8448042138581,243.65153875888691,243.44492495474717,243.34441667848404,63593.8,98020.5,72137.45,92.09061847897489,0.33690721584747507,0.29730442894743203,0.03960278690004304,83.48685499902007,83.98456924584029,233.1345529946115,64.34114028862078,243.83666483561197
hold,243.7449951171875,243.868896484375,243.93499755859375,243.6699981689453,97455,243.7449951171875,2025-10-03 15:04:00+00:00,243.6469970703125,243.4729995727539,243.31259384155274,242.69736755371093,243.6594815737435,243.54575960532216,243.4751621342578,243.28875385428609,243.20244733415123,68.74988727448996,65.49096169655856,61.43488968352341,0.16231313078490556,0.18702036401454492,0.2570747007866385,243.81021581478916,243.31259384155274,242.81497186831632,0.2258832257254568,0.23494008209736816,0.25190937595035484,242.85269556226746,243.71553593753214,243.47655415603413,243.385060687419,73521.6,105170.5,74887.75,84.56470094020504,0.3433122711709302,0.3065059973921317,0.036806273778798526,48.23537859476537,69.75779370137982,152.09468325198333,69.59923827195156,243.78333028157553
hold,243.82000732421875,243.73500061035156,243.84500122070312,243.64500427246094,40134,243.82000732421875,2025-10-03 15:05:00+00:00,243.72799987792968,243.51849975585938,243.35100402832032,242.71646759033203,243.71299015723525,243.60060914910147,243.52821524040564,243.33704962427996,243.2481925186007,71.49406748624503,66.87842725530054,62.38644415501548,0.16638828718732457,0.18696271887268862,0.2755556012967116,243.879792866853,243.35100402832032,242.82221518978764,0.22218518608498974,0.23244414396485524,0.24943735558329924,242.85617513840353,243.75678962805708,243.60470318660967,243.40336053077465,74159.2,56561.8,75374.5,81.59420728263436,0.35241663050078387,0.31568812401386215,0.03672850648692172,54.68980973725621,62.13734777701388,114.89537473351434,66.27451919049273,243.77000427246094
hold,243.74000549316406,243.80999755859375,243.8699951171875,243.69000244140625,44328,243.74000549316406,2025-10-03 15:06:00+00:00,243.77000122070314,243.55950012207032,243.39500427246094,242.73476776123047,243.72199526921153,243.628488417914,243.5607983562146,243.3736819759967,243.2846231093091,64.45182416231249,63.926387611513526,60.70899486003563,0.08623443309647842,0.16849696257103663,0.12940430829090846,243.89891012324827,243.39500427246094,242.8910984216736,0.21615768461302692,0.22869761052316914,0.24613046606891595,242.85967275674668,243.78372255096525,243.63601697334153,243.42664997803305,73625.2,56713.1,75718.65,77.62663016140193,0.3438653086049044,0.3213235609320706,0.02254174767283379,32.759800052617734,45.228329461546444,93.16276752893718,55.66951925497106,243.76666768391928
hold,243.6999969482422,243.72000122070312,243.85000610351562,243.6699981689453,66425,243.6999969482422,2025-10-03 15:07:00+00:00,243.7760009765625,243.60149993896485,243.42524948120118,242.75896759033202,243.7146624955551,243.64279012397967,243.58221352421884,243.40334697347356,243.31539154182266,60.94908475417026,62.44198954757807,59.863783244097974,0.012311232208437804,0.1726398269700478,0.14794140534615705,243.92612545472906,243.42524948120118,242.9243735076733,0.21099343460692488,0.22521977652653652,0.24298177409279198,242.86462652885385,243.78776791384468,243.6635716562836,243.4472365437711,74480.2,59912.3,76997.25,72.1835133117729,0.32739858215700224,0.3225385651770569,0.004860016979945314,24.44218379111563,37.29726452699652,71.36735116905368,51.793539501690255,243.74000040690103
hold,243.6999969482422,243.72500610351562,243.83999633789062,243.6699981689453,38647,243.6999969482422,2025-10-03 15:08:00+00:00,243.74100036621093,243.65449981689454,243.44924926757812,242.79276763916016,243.70977397978413,243.65423148883218,243.60033405099165,243.430315152998,243.34388083118705,60.94908475417026,62.44198954757806,59.863783244097974,-0.0717593241446694,0.21795401706120504,0.1685246715540703,243.9544666923712,243.44924926757812,242.94403184278505,0.20513696808383738,0.22127537598502053,0.23950636432386438,242.8674819190476,243.7382398487133,243.69266931517046,243.46009200689042,57397.8,60495.8,76737.7,71.44188068995561,0.3103506576451309,0.32010098367067175,-0.009750326025540823,14.999618524452583,24.067200789395315,60.21534859685752,65.36238555572605,243.73666381835938
hold,243.52000427246094,243.69500732421875,243.7899932861328,243.47000122070312,42448,243.52000427246094,2025-10-03 15:09:00+00:00,243.6960021972656,243.67149963378907,243.47674942016602,242.82476776123048,243.6465174106764,243.62738604555796,243.58797562352538,243.43846870931282,243.35692701202214,45.73050122955667,55.69433720176589,55.99693318959413,-0.09230583160010797,0.06985747469963043,0.063689838636734,243.9320351862532,243.47674942016602,243.02146365407884,0.22154483913324455,0.22832656808821103,0.243339016757475,242.86992251448947,243.69546929569663,243.70777213275508,243.48454778774357,46396.4,59959.0,75359.1,47.622858645428565,0.2704590335358148,0.31017259364370037,-0.03971356010788557,13.158528750401542,17.533443688656586,8.658999186779113,33.95222075544011,243.59333292643228
hold,243.63999938964844,243.51199340820312,243.7100067138672,243.46859741210938,68525,243.63999938964844,2025-10-03 15:10:00+00:00,243.66000061035157,243.69400024414062,243.50274963378905,242.85756774902345,243.64434473700044,243.62990871437609,243.59597927985197,243.4567896802524,243.37789533629075,54.55599773281296,58.884241796135406,57.900500108356255,-0.07382820489007189,0.09243724081167495,0.12739800117577896,243.93223358964337,243.50274963378905,243.07326567793473,0.22438261950818283,0.22926104906461114,0.24324712556701486,242.87454432265773,243.6616743762977,243.71755220757802,243.5008625264441,52074.6,63116.9,76808.95,49.34519909483874,0.2520133780853371,0.2985407505320277,-0.04652737244669064,46.15036976170912,24.769505678854415,7.20245728986223,31.878964637258484,243.606201171875
hold,243.74000549316406,243.63999938964844,243.81500244140625,243.63999938964844,59134,243.74000549316406,2025-10-03 15:11:00+00:00,243.66000061035157,243.71500091552736,243.53225021362306,242.8951678466797,243.67623165572166,243.6519280701337,243.61813715882306,243.48253657233528,243.40471831087393,60.76061812715156,61.37986955796085,59.43609681395203,0.0,0.08623443309647842,0.18908529931575044,243.94132976336294,243.53225021362306,243.12317066388317,0.21732839554384423,0.22538547782841123,0.23999740776657666,242.8790036579088,243.6658889803057,243.7333182728382,243.5145930770931,55035.8,64330.5,78701.05,55.154320915159225,0.24720975925976063,0.2882745522775743,-0.04106479301781368,78.3499251167298,45.88627454294683,49.00811958947011,36.997275645348374,243.7316691080729
hold,243.58999633789062,243.72999572753906,243.82000732421875,243.5800018310547,64546,243.58999633789062,2025-10-03 15:12:00+00:00,243.63800048828125,243.70700073242188,243.54049987792968,242.92816772460938,243.647486549778,243.6395417236851,243.61380780175654,243.49230564193124,243.41844260917145,49.04268683642932,55.89897678697449,56.20706937901755,-0.0451377151124564,-0.032832039912939676,0.17271792248545137,243.94724351020764,243.54049987792968,243.1337562456517,0.22056798091816113,0.2264297646381006,0.23999779278550454,242.88298000293076,243.63967533863902,243.72508611405854,243.52160169023227,54660.0,64570.1,78503.3,53.06584734846468,0.22109911451366315,0.2748394647247921,-0.05374035021112894,34.546244029526704,53.01551296932187,7.9273205745286335,43.3320633845546,243.66333516438803
hold,243.6699981689453,243.5800018310547,243.67080688476562,243.5,35114,243.6699981689453,2025-10-03 15:13:00+00:00,243.6320007324219,243.6865005493164,243.55699996948243,242.9603256225586,243.6549904228338,243.64563301273716,243.6224524736317,243.5084595080234,243.4370763543399,54.50213484260469,58.05037249655235,57.50001913550911,-0.012309716730626896,-0.08406020750576627,0.13149457875648052,243.95658099740447,243.55699996948243,243.1574189415604,0.21345925289637027,0.22245670179006666,0.23670298764170075,242.88536723877198,243.63498057099525,243.68820725710736,243.5330526831234,53953.4,55675.6,76848.05,48.10370042831748,0.20855665839727067,0.2615829034592878,-0.05302624506201714,53.12321190158306,55.33979368261319,-40.564171586453256,27.5927143796643,243.6136016845703
hold,243.72459411621094,243.6699981689453,243.7794952392578,243.6699981689453,26328,243.72459411621094,2025-10-03 15:14:00+00:00,243.67291870117188,243.68446044921876,243.57873001098633,242.99140563964843,243.67819165395954,243.66142523343194,243.63816657249004,243.52810810876773,243.45837396633036,58.0780784591152,59.50230716831984,58.3805086438851,0.08401356774004318,-0.00836981328242417,0.12719053411561676,243.96491036376602,243.57873001098633,243.19254965820664,0.19860751252724596,0.21438815668452618,0.2306455630069769,242.88727156313138,243.66352362231706,243.67878387490072,243.54043657595292,50729.4,48562.9,76866.7,47.43185969589479,0.2030512671015856,0.2498765761877474,-0.04682530908616178,70.18405493038337,52.617836953831045,25.946870050244875,31.614906832298136,243.72469584147134
hold,243.7550048828125,243.71560668945312,243.77000427246094,243.69400024414062,34708,243.7550048828125,2025-10-03 15:15:00+00:00,243.6959197998047,243.67796020507814,243.59822998046874,243.02590576171875,243.70379606357722,243.68014116330806,243.65614169715502,243.54873508822632,243.4803466268105,60.115217283517815,60.32602102541098,58.87877068393876,0.0472030427894299,-0.026660011259786915,0.09239358791256783,243.97861557669654,243.59822998046874,243.21784438424095,0.1810927290691126,0.20450357608708236,0.22328168040285,242.88985955153763,243.6853001297678,243.6724899051164,243.63582838450404,43966.0,48020.3,52291.05,46.63119007824951,0.1997945364975635,0.23986016824971063,-0.04006563175214711,91.23764808647704,71.51497163948115,30.606722810050222,24.240475086386144,243.7396697998047
hold,243.73500061035156,243.77999877929688,243.78500366210938,243.7003936767578,25692,243.73500061035156,2025-10-03 15:16:00+00:00,243.69491882324218,243.67745971679688,243.61847991943358,243.05860565185546,243.71419757916868,243.6911130527168,243.6682738376468,243.56566831751044,243.4992098848506,57.95396827874776,59.4691452544772,58.39590304075844,-0.002053369450933391,-0.002053369450933391,0.026676423808720772,243.9823548082585,243.61847991943358,243.25460503060867,0.16730947996660545,0.19593974817740237,0.21667826635278872,242.89172127783587,243.67479493516345,243.66948534467758,243.6510339129608,37277.6,46156.7,51434.9,44.09745456413674,0.19190316786620087,0.23026876817300868,-0.0383656003068078,56.521162266153645,72.64762176100469,26.73798567467363,6.335996449178878,243.7401326497396
hold,243.94000244140625,243.72999572753906,243.9499969482422,243.60000610351562,67208,243.94000244140625,2025-10-03 15:17:00+00:00,243.76492004394532,243.7014602661133,243.65148010253907,243.10220581054688,243.78946586658122,243.7408909304547,243.71007823822518,243.59969869241004,243.5318611853362,70.59379528633127,64.96171614427482,61.76957445208814,0.14368656709125344,0.09848399514548851,0.026653999551512046,244.00617763052432,243.65148010253907,243.29678257455382,0.19340681778945643,0.20694339793091382,0.22302648437058747,242.89772737067554,243.79802940402956,243.70442463259832,243.6813661490301,37810.0,46235.0,53073.65,39.623336082309955,0.20902974511849948,0.22602096356210682,-0.016991218443607348,97.14435192047783,81.6343874243695,134.44836268303578,4.008642747483938,243.8300018310547
hold,243.8300018310547,243.94000244140625,244.02000427246094,243.75,127982,243.8300018310547,2025-10-03 15:18:00+00:00,243.7969207763672,243.71446075439454,243.68448028564453,243.1396057128906,243.80297785473905,243.7587131105747,243.72852802173742,243.62063534137772,243.55394567761164,59.41280397108455,60.24406105275535,59.07080239354118,0.06566407982587935,0.053346280033032115,0.03487526536752808,243.9698980830116,243.68448028564453,243.39906248827745,0.2043493113139537,0.21144774611162978,0.22526352189869941,242.90778911520158,243.82849068690004,243.7338666832797,243.71231925903848,56383.6,55168.5,57832.15,55.264321369474594,0.20476743296305244,0.22177025744229598,-0.017002824479243533,54.76112624886467,69.47554681183205,161.22621744318525,11.68808523252367,243.86666870117188
hold,244.0,243.83999633789062,244.00999450683594,243.83999633789062,29381,244.0,2025-10-03 15:19:00+00:00,243.852001953125,243.76246032714843,243.71697998046875,243.1792056274414,243.8686519031594,243.80697048845977,243.77029294147013,243.6551230376161,243.5869867385293,68.42859160512272,64.53103676571106,61.78046630677641,0.1129988070296039,0.1971073090989363,0.0738219466714663,243.99042895327068,243.71697998046875,243.44353100766682,0.2008697919521389,0.2092009553737455,0.223107767321678,242.91048858804768,243.85577242448488,243.76523825755496,243.7349660105063,56994.2,53861.8,56910.4,60.101900812245155,0.21998374993046355,0.2214129559399295,-0.0014292060094659442,95.23705722070845,82.380845130017,207.03426213398927,14.97190859973793,243.9499969482422
hold,244.16000366210938,244.0,244.17999267578125,244.0,83404,244.16000366210938,2025-10-03 15:20:00+00:00,243.93300170898436,243.81446075439453,243.75423049926758,243.22300567626954,243.96576915614273,243.8775771231897,243.8302484369531,243.7010212762064,243.62943243657227,74.61941850638397,68.02580942755608,64.12749743918127,0.16614993382046944,0.21343140443425523,0.17231400651506582,244.05462813559484,243.75423049926758,243.45383286294032,0.19788734678486902,0.20711464968856724,0.22105466772451476,242.9191941713595,243.94230043588306,243.84022874029426,243.77486886292968,66733.4,55349.7,59233.3,67.8937659605921,0.2481446866174224,0.22675930207542808,0.021385384541994318,95.3513129879347,81.78316548583594,229.42792373932565,27.362222835587453,244.11333211263022
hold,244.0800018310547,244.13999938964844,244.16000366210938,244.02999877929688,47808,244.0800018310547,2025-10-03 15:21:00+00:00,244.002001953125,243.84846038818358,243.78173065185547,243.26380584716796,244.00384671444672,243.91806206476272,243.86867203604567,243.7354740539199,243.66280794727467,66.96014015313462,64.59854315522358,62.12461043704819,0.14154767261131415,0.13949139666371285,0.15593142698857182,244.09539149674407,243.78173065185547,243.46806980696687,0.18818985193167345,0.2016068091974196,0.2167189636810855,242.92381159127,243.97577357939448,243.87230288925994,243.79688213112803,71156.6,54217.1,59273.8,69.57032492071056,0.25525411748805027,0.23245826515795254,0.022795852330097732,70.59061125572211,87.05966048812176,154.09266813589608,29.975118539035734,244.09000142415366
hold,244.10000610351562,244.0749969482422,244.18299865722656,243.99000549316406,47988,244.10000610351562,2025-10-03 15:22:00+00:00,244.03400268554688,243.8994613647461,243.803231048584,243.30560607910155,244.03589984413637,243.95445087251332,243.90426189257948,243.76861333115588,243.69519299588512,67.92071303694023,65.07240348008443,62.43266994659101,0.06559139973273037,0.20937221285456686,0.16413999190914752,244.1413095608511,243.803231048584,243.46515253631688,0.18887603937893438,0.20099154883063966,0.2155891636992481,242.9284891554634,244.00063007582884,243.92775962360705,243.81603340178353,67312.6,52561.3,58565.7,75.02828184848892,0.25925787662819744,0.23781818745200153,0.021439689176195903,56.997153700189756,74.3130259812822,121.54513687082095,24.854187962239184,244.09100341796875
hold,244.1320037841797,244.08999633789062,244.2100067138672,244.0800018310547,30810,244.1320037841797,2025-10-03 15:23:00+00:00,244.0944030761719,243.94566192626954,243.81608123779296,243.34204620361328,244.0679344908175,243.9899614548466,243.93929910667183,243.80164882688533,243.7275493505736,69.57158714015486,65.85959127446363,62.93893786864204,0.12385758555432057,0.18960299532404873,0.2513138555278678,244.18244815341535,243.81608123779296,243.44971432217056,0.18046587415515805,0.19592107268648684,0.2115137217522601,242.93155424781148,244.10875848490426,243.95719283559117,243.81827789564383,47878.2,52130.9,53903.25,80.3068238890477,0.26241210427298256,0.24273697081619774,0.019675133456784816,64.54431960049938,64.04402818547042,117.79657611611015,56.917389965028,244.1406707763672
hold,244.3350067138672,244.16000366210938,244.36000061035156,244.10000610351562,66361,244.3350067138672,2025-10-03 15:24:00+00:00,244.16140441894532,244.00670318603517,243.84558181762696,243.38434631347656,244.1569585651674,244.05897050665072,244.0001772000865,243.85013590752,243.77254619229907,77.96492040350836,70.4152032799318,65.99192668411065,0.13729783355212602,0.2504517854957213,0.28525994334257043,244.27405546052196,243.84558181762696,243.41710817473196,0.1918271073952694,0.20049774655430475,0.21382233056576855,242.9392108366354,244.17464633770786,244.01276673859525,243.857851498237,55274.2,56134.2,52348.55,80.25453410465974,0.28642431435164895,0.251474439523288,0.03494987482836093,93.24480369515011,71.59542566527975,135.47183868072614,63.662687716596075,244.26500447591147
hold,244.10499572753906,244.32000732421875,244.47000122070312,244.10499572753906,112321,244.10499572753906,2025-10-03 15:25:00+00:00,244.15040283203126,244.0417022705078,243.85983123779297,243.42664611816406,244.1396376192913,244.0681755508284,244.0163031273869,243.8733049820672,243.79717208379833,57.13279074400747,60.55552499533375,60.10172874334044,-0.022529461723975658,0.1435830394107493,0.1497457233729473,244.30266956398438,243.85983123779297,243.41699291160157,0.21656687679081127,0.21224829988357316,0.2210215287847349,242.94987709857048,244.1530209594776,244.0429811523766,243.88401252738524,61057.6,63895.5,55957.9,67.51125732005647,0.27100346703008427,0.2553802450246473,0.015623222005436976,6.408701435893423,54.732608243847636,101.74582830719521,63.84534044411752,244.2266642252604
hold,244.39669799804688,244.0800018310547,244.4199981689453,244.0399932861328,97852,244.39669799804688,2025-10-03 15:26:00+00:00,244.2137420654297,244.10787200927734,243.8926658630371,243.4738040161133,244.22532441220983,244.13388004027212,244.07482541518073,243.9208861653381,243.8415814107797,69.27833935487178,66.88780598029203,64.34010641090562,0.12975096878743703,0.27148230087526043,0.3311719168619926,244.38922086957945,243.8926658630371,243.39611085649477,0.23991516336533822,0.2242309129499251,0.22859216469081897,242.9613182408053,244.22994953351463,244.1027809553174,243.93223603767032,71066.4,71111.5,58634.1,76.55539643612305,0.29229862949242147,0.26276392191820214,0.029534707574219332,82.95305347574607,60.86885286892987,104.84491137131863,63.02587639712721,244.28556315104166
hold,244.11000061035156,244.39999389648438,244.39999389648438,244.11000061035156,51664,244.11000061035156,2025-10-03 15:27:00+00:00,244.2157409667969,244.12487182617187,243.91316604614258,243.5088040161133,244.18688314492374,244.129104154288,244.08023698366853,243.93807838761202,243.8614643144517,52.29028474970041,57.17301038120772,57.98352764162667,0.004094431210992729,0.06968851653846549,0.1805730884855099,244.41006488979713,243.91316604614258,243.41626720248803,0.24706918090354882,0.22892822532013132,0.2315160276166282,242.96609423086502,244.2300572864129,244.11904531168162,243.95349008729744,71801.6,69557.1,57896.05,75.05536879223413,0.26763983983630624,0.263739105501823,0.0039007343344832357,16.280472658883646,35.21407585684105,69.14661745147959,77.19181941728263,244.2066650390625
hold,244.3000030517578,244.16000366210938,244.38999938964844,244.11749267578125,44507,244.3000030517578,2025-10-03 15:28:00+00:00,244.2493408203125,244.1718719482422,243.94316635131835,243.54210418701172,244.22458978053513,244.16328393378197,244.11404714798994,243.9709806298071,243.89394866536324,59.89417543020074,61.19544969427707,60.686304969642045,0.06881493002721659,0.19275774809236979,0.23608981179491176,244.45712038477407,243.94316635131835,243.42921231786264,0.25177340924545255,0.23257612203275585,0.23382473007759233,242.97085499989234,244.2465156236555,244.19263874943513,243.97515997351684,74541.0,61209.6,58189.05,75.58007785211966,0.2693352684187289,0.2648583380852042,0.004476930333524698,68.42274333440412,55.885423156344615,84.5550477926997,74.13887061918632,244.2691650390625
hold,244.49000549316406,244.35000610351562,244.52000427246094,244.30999755859375,55818,244.49000549316406,2025-10-03 15:29:00+00:00,244.28034057617188,244.2208724975586,243.9916664123535,243.58110443115234,244.31306168474478,244.2286282456584,244.17188689340134,244.01816470829408,243.93810102297812,66.1822848622721,64.7599089709772,63.17366407515485,0.06343699225972521,0.20082192342789446,0.30153252061631347,244.51961821435637,243.9916664123535,243.46371461035065,0.2472345251679772,0.23167791479492508,0.2331664677264272,242.97762452371686,244.26782862805325,244.22749730177088,244.01598574388453,72432.4,63853.3,58857.55,76.16358417822441,0.2905272226802822,0.2699921150042198,0.02053510767606237,92.68328991440268,59.12883530256348,143.18014708764963,77.70794524985827,244.44000244140625
hold,244.52000427246094,244.51499938964844,244.52999877929688,244.42999267578125,72993,244.52000427246094,2025-10-03 15:30:00+00:00,244.36334228515625,244.25687255859376,244.03566665649413,243.61770446777345,244.38204254731684,244.2869034510189,244.22544341325664,244.0637864868547,243.98120496738423,67.13154049378967,65.3018430897618,63.55592095098104,0.17001231117166163,0.1474445465891145,0.3220726035011795,244.58528767066048,244.03566665649413,243.48604564232778,0.22620189350335546,0.2222727854178322,0.2268254980021033,242.9865602977437,244.38149884566013,244.2704510604896,244.06892521877484,64566.8,62812.2,59080.95,77.37171742733183,0.30569848363467145,0.2771333887303102,0.028565094904361266,97.57712510172375,86.22771945017685,146.92604809834557,77.58887423257936,244.4933319091797
hold,244.75999450683594,244.5399932861328,244.86500549316406,244.53720092773438,122441,244.75999450683594,2025-10-03 15:31:00+00:00,244.43600158691407,244.3248718261719,244.08666610717773,243.65310424804687,244.50802653382323,244.3815216621823,244.30768204303808,244.12707812503479,244.03889308141768,73.95494323570026,69.36118891583165,66.47870587363477,0.14865033438052663,0.2785941784169282,0.33614497713496067,244.70239863481368,244.08666610717773,243.4709335795418,0.2431732259604654,0.23103910222392457,0.23245291336881863,243.00362903559125,244.51060981353123,244.36870035914262,244.15251697744463,69484.6,70275.5,62246.3,78.64050810226732,0.3426285807646252,0.29023242713717323,0.05239615362745198,81.07937206169412,90.44659569260686,206.09802943000315,81.03075162993288,244.72073364257812
hold,244.78900146484375,244.75999450683594,244.86000061035156,244.64999389648438,76707,244.78900146484375,2025-10-03 15:32:00+00:00,244.5718017578125,244.39377136230468,244.1466163635254,243.686484375,244.6016848441634,244.4630176227146,244.38173118485435,244.1872529741083,244.09445666537516,74.6956929797889,69.82075848657479,66.81645218182963,0.2781536408973301,0.2822594609178102,0.3933066589785516,244.79009847798173,244.1466163635254,243.50313424906906,0.23843515280428282,0.2295367887698719,0.2313840467258838,243.0143297429157,244.62351048707004,244.4304033545383,244.2202380443044,74493.2,73147.4,62854.35,77.48414888363754,0.36856095733944017,0.30589813317762665,0.06266282416181351,82.5283243887895,87.06160718406913,176.34252631917616,79.75015082179486,244.7663319905599
hold,244.7176055908203,244.77999877929688,244.91000366210938,244.69000244140625,77701,244.7176055908203,2025-10-03 15:33:00+00:00,244.655322265625,244.45233154296875,244.19899673461913,243.72363647460938,244.64032509304906,244.51393521633574,244.43340417038758,244.23546684835483,244.14061584503776,69.0558814281033,67.1509084946664,65.12075047180925,0.1709384092696986,0.23987097044364378,0.2941006519755379,244.8492791174175,244.19899673461913,243.54871435182076,0.23580173393268883,0.22885567676510427,0.23084200739146674,243.02460828548936,244.67702729691064,244.4708851230198,244.2648392894745,81132.0,77836.5,64983.7,78.58889483255373,0.3733193712979812,0.31938238080169756,0.05393699049628364,48.391453831041254,70.66638342717495,136.45192233072305,80.68165866531908,244.7725372314453
hold,244.7509002685547,244.72999572753906,244.875,244.72999572753906,47354,244.7509002685547,2025-10-03 15:34:00+00:00,244.70750122070314,244.4939208984375,244.25031204223632,243.76205444335938,244.6771834848843,244.56132822677955,244.48224972395172,244.28232443200935,244.1858220986316,70.27687125456207,67.7698519614641,65.54886559872233,0.10670979161883148,0.17021447736080628,0.24201204029430162,244.90471411090522,244.25031204223632,243.59590997356742,0.22460068753940293,0.22375130050900308,0.22734450271471532,243.03093381068624,244.71211668285804,244.50022156816348,244.29303684117062,79439.2,75935.8,66035.0,77.78236707771477,0.37550612814794704,0.3306071302709475,0.044898997876999525,38.80868544600939,56.57615455528005,113.47267062279039,77.10035442700968,244.7852986653646
hold,244.84500122070312,244.7899932861328,244.9499969482422,244.77000427246094,86632,244.84500122070312,2025-10-03 15:35:00+00:00,244.77250061035156,244.56792144775392,244.30481185913087,243.7979183959961,244.73312273015725,244.6180628255643,244.53805764652887,244.33347686734513,244.23465018174804,73.69883153056689,69.51798765508289,66.7596519189882,0.13291221272843332,0.3031504910247839,0.31342157649521346,244.9666474540287,244.30481185913087,243.64297626423303,0.22095725784627396,0.22199025616461002,0.22599936828484793,243.0430135019339,244.7742703807044,244.60144039096178,244.34147821429127,82167.0,73366.9,68631.2,83.47300508763013,0.38341264381625706,0.3411682329800095,0.04224441083624758,59.61617465813721,48.93877131172928,111.77558699894357,78.83160031994095,244.8550008138021
hold,244.63499450683594,244.8699951171875,244.88999938964844,244.50999450683594,128401,244.63499450683594,2025-10-03 15:36:00+00:00,244.74750061035155,244.5917510986328,244.34981155395508,243.8334182739258,244.7004133223835,244.62144916181865,244.55297100965305,244.3608875618443,244.26430531693973,56.70209635360028,61.50087510887242,61.679969193044194,-0.05107043749198517,0.09750398051244001,0.21916771402842147,244.9717388880213,244.34981155395508,243.72788421988886,0.24367834712716338,0.23327701521088787,0.23333296421473612,243.05857190899616,244.7355578020788,244.63329365097903,244.37758491567965,83359.0,76421.8,73766.65,72.72573456759224,0.3571438448789195,0.34436335535979146,0.012780489519128024,28.408933277847137,42.27793112733125,53.354969684489774,46.368546285455295,244.67832946777344
hold,244.3249969482422,244.6300048828125,244.6300048828125,244.25999450683594,121825,244.3249969482422,2025-10-03 15:37:00+00:00,244.65469970703126,244.61325073242188,244.3690612792969,243.8580163574219,244.5752745310031,244.56215871910337,244.51789807712828,244.35762477878956,244.2688009933325,40.583524746975144,51.972772027093356,55.17320417212605,-0.18955284503180678,0.08807354772564284,0.07905279155170167,244.96222723612644,244.3690612792969,243.77589532246733,0.2624385832518543,0.2434000855529673,0.24007901353784392,243.07020690733185,244.61840136989707,244.62068207499266,244.39261972975717,92382.6,83437.9,76497.5,64.38692236904477,0.2933577257708748,0.33416222944200813,-0.04080450367113331,9.420610349402919,32.48190609512909,-33.202911903360025,19.85964166090701,244.40499877929688
hold,244.58999633789062,244.3249969482422,244.61990356445312,244.30999755859375,90188,244.58999633789062,2025-10-03 15:38:00+00:00,244.62917785644532,244.64225006103516,244.40706100463868,243.88541625976563,244.58018179996563,244.56772624286083,244.52899011724554,244.37874946598055,244.29259324107753,53.707642666562,57.96764709398837,59.05063489459948,-0.05214551385528688,0.118703758702522,0.10436065934753573,244.95269401144145,244.40706100463868,243.8614279978359,0.2692196436243573,0.2481505084319964,0.2434041084102978,243.08047379419438,244.5967528450308,244.6337550200525,244.45280510276515,94880.0,88006.0,74607.8,65.10403281909694,0.2751330017833027,0.3223563839102671,-0.04722338212696442,52.3808370470839,30.070126891444648,-7.5702489561608735,10.505254408359548,244.50663248697916
hold,244.11000061035156,244.58999633789062,244.61000061035156,244.08999633789062,90168,244.11000061035156,2025-10-03 15:39:00+00:00,244.5009979248047,244.6042495727539,244.41256103515624,243.90821624755858,244.42345473676096,244.476181116359,244.464530193108,244.35431775183244,244.27906786102375,36.61627845546956,46.61713666527204,50.708636859459595,-0.261857936988135,-0.1554275734282009,0.0020502992155417682,244.94369531200266,244.41256103515624,243.88142675830983,0.3050460191724402,0.26756863443406365,0.2565755447936616,243.08738053804933,244.49778225918027,244.59088357669333,244.4414678362025,103442.8,91441.0,77647.15,66.34029943889345,0.19711325533523905,0.29730775819526156,-0.10019450286002252,3.704436281435434,21.835294559307417,-88.53985516570498,13.978823941197058,244.2699991861979
hold,243.90499877929688,244.125,244.125,243.8800048828125,60603,243.90499877929688,2025-10-03 15:40:00+00:00,244.31299743652343,244.5427490234375,244.39981079101562,243.92391632080077,244.25063608427294,244.36194464894658,244.37844843713708,244.31347057251102,244.2513590401551,31.604850049136047,42.76563820441903,47.68756976877722,-0.3839173504542706,-0.25151541077137446,-0.20118897791079382,244.96569080348922,244.39981079101562,243.83393077854203,0.2964673188888773,0.2659562403450234,0.2560240958600349,243.09105060617648,244.3634037046519,244.55053748312247,244.4355622429441,98237.0,90202.0,76507.1,59.86173494351295,0.1105856087914674,0.25996332831450275,-0.14937771952303536,3.3780160857908847,19.82109647143674,-165.91531267129014,22.07756177793631,243.97000122070312
hold,243.49000549316406,243.91000366210938,243.91000366210938,243.49000549316406,63036,243.49000549316406,2025-10-03 15:41:00+00:00,244.08399963378906,244.4157501220703,244.37031097412108,243.93071655273437,243.99709255390331,244.1875568177901,244.24176490729508,244.2386101107522,244.19496248111872,23.884545537056738,36.238505701595635,42.32746451496957,-0.4680397487612428,-0.5188711563058992,-0.25398185884941943,245.04989379729673,244.37031097412108,243.69072815094543,0.31411458318265373,0.27695923524504407,0.2638323850545719,243.0929046452895,244.1522157373169,244.44076276755305,244.4079924809405,85164.0,84261.5,77268.5,59.27227673403473,-0.007405663328626133,0.206489529985877,-0.21389519331450313,0.0,2.360817455742106,-214.08741592710246,37.82345732695577,243.6300048828125
hold,243.47000122070312,243.49000549316406,243.56500244140625,243.4199981689453,48221,243.47000122070312,2025-10-03 15:42:00+00:00,243.91300048828126,244.28385009765626,244.33881072998048,243.93161651611328,243.8213954428366,244.0440456983727,244.12303203243476,244.1687365752932,244.1412616470139,23.56087689438982,35.95364224614028,42.08802399168215,-0.3499419781923439,-0.5388314982485265,-0.33974695893836804,245.11686107400521,244.33881072998048,243.56076038595575,0.2899559673652657,0.267533880760465,0.2581739035024941,243.0942404841296,243.9990536514758,244.35045344519293,244.38829063882446,70443.2,81412.9,77280.15,55.1939084265776,-0.09721594864117833,0.14574843426046594,-0.24296438290164427,7.0926130337856845,3.490209706525523,-187.93732752227288,39.99984741327351,243.48500061035156
hold,243.69000244140625,243.49000549316406,243.6999969482422,243.39500427246094,52259,243.69000244140625,2025-10-03 15:43:00+00:00,243.73300170898438,244.18108978271485,244.31671066284179,243.9386166381836,243.77759777569315,243.97323704697942,244.05641209535344,244.12521529039435,244.10783503919112,34.88298389571955,41.40855350312648,45.639051625898375,-0.36796022321414645,-0.4199138623202553,-0.32721298776369845,245.14075271423545,244.31671066284179,243.49266861144812,0.29210406856754917,0.27020950897623536,0.26040336884910154,243.0965189106785,243.77808795391465,244.2705198367091,244.37004258775963,62857.4,78868.7,78352.6,55.046730748815996,-0.13459799221169533,0.08967914896603368,-0.224277141177729,57.281265740274364,21.457959591353347,-125.69639319315982,39.65144596651446,243.59500122070312
hold,243.7899932861328,243.67930603027344,243.80499267578125,243.67349243164062,48158,243.7899932861328,2025-10-03 15:44:00+00:00,243.66900024414062,244.08499908447266,244.2894599914551,243.94861663818358,243.78172961250638,243.93658829481012,244.01542458624255,244.09474056273422,244.08429120563125,39.62487461158359,43.75337377805051,47.18455880296686,-0.13109144378297952,-0.39260610742085644,-0.2985485741750179,245.14473433106187,244.2894599914551,243.4341856518483,0.2691606650779886,0.26030170434512034,0.25426512481536456,243.09895432103494,243.67027655810583,244.21239487696636,244.35350837516668,54455.4,78949.1,77442.45,54.03802882212024,-0.14770291082112408,0.04220273700860213,-0.18990564782972622,96.34150880196509,53.571795858675046,-82.03398765303166,33.333817737927426,243.75615946451822
hold,243.80999755859375,243.78500366210938,243.8699951171875,243.7100067138672,30279,243.80999755859375,2025-10-03 15:45:00+00:00,243.65,243.98149871826172,244.27471008300782,243.9575164794922,243.79115226120217,243.91127014756685,243.98382042814274,244.0688548350851,244.06397315770252,40.633906369845555,44.23420256933698,47.498111649867454,-0.038950091707258966,-0.42271790600144754,-0.3881340781022345,245.15208992592972,244.27471008300782,243.39733024008592,0.25356462768403487,0.25313646855763405,0.24977575712512395,243.10052090229314,243.62896994650328,244.1210230736038,244.3613186904155,48390.6,73313.8,73340.35,49.8797569428877,-0.15270301013566723,0.0032215875797482543,-0.15592459771541547,87.36869157377365,80.3304887053377,-64.35038111733503,53.00631196271189,243.79666646321616
hold,244.1699981689453,243.80870056152344,244.1699981689453,243.80870056152344,40415,244.1699981689453,2025-10-03 15:46:00+00:00,243.78599853515624,243.93499908447265,244.26337509155275,243.97431640625,243.9174342304499,243.96301575184256,244.012463157497,244.07804968361785,244.07182686223902,56.05416811007413,52.16011505553388,52.79375871381653,0.2792692350571,-0.1900776047302715,-0.25287218469549494,245.1400153640401,244.26337509155275,243.3867348190654,0.26895505336086917,0.2608622641907941,0.25508632142496923,243.1036567448659,243.76860036473084,244.02179821260947,244.3533760246247,43866.4,64515.2,70468.5,48.02394934036391,-0.1088111103964593,-0.019184952015493258,-0.08962615838096605,100.0,94.57006679191291,-20.714010777521413,31.45595736145338,244.04956563313803
hold,244.0800018310547,244.13999938964844,244.13999938964844,243.97740173339844,24405,244.0800018310547,2025-10-03 15:47:00+00:00,243.90799865722656,243.9104995727539,244.2618751525879,243.99031646728517,243.97162343065153,243.986412967685,244.0228537226597,244.07822715156667,244.07243241548463,52.10672870963177,50.23782692120789,51.432035866170196,0.25054446432544397,-0.10027427412161179,-0.260546746616886,245.13966189907902,244.2618751525879,243.38408840609677,0.25804667938744147,0.25598613357337135,0.25211061257363143,243.10538239992513,243.88111546380097,243.95695495594325,244.35764634025705,39103.2,54773.2,69105.55,45.04123735746528,-0.08601944779962878,-0.03255185117232036,-0.05346759662730842,80.43521528561003,89.26796895312789,-11.413401763948391,34.61614642555843,244.06580098470053
hold,244.4499969482422,244.08999633789062,244.47000122070312,244.072998046875,51505,244.4499969482422,2025-10-03 15:48:00+00:00,244.05999755859375,243.89649963378906,244.2693748474121,244.0159164428711,244.13108126984844,244.07912976379646,244.088568065057,244.1120244058099,244.10040015865187,64.19926600423938,57.218423875919505,56.29798996390118,0.3118693829135126,-0.05723839557813899,-0.12294268171529979,245.1508916114539,244.2693748474121,243.38785808337033,0.277897607164682,0.26605877930585375,0.25901025834765495,243.1103793162692,244.08283662241234,243.894684706239,244.36291737939473,38952.4,50904.9,69455.45,45.27987788936144,-0.021270394855406494,-0.030295559908937588,0.009025165053531094,96.97501096010522,92.47007541523841,44.10689818799723,16.183155842017953,244.33099873860678
hold,244.49000549316406,244.46499633789062,244.5800018310547,244.4600067138672,41527,244.49000549316406,2025-10-03 15:49:00+00:00,244.2,243.93450012207032,244.2693748474121,244.03871643066407,244.25072267762033,244.16130490967,244.15032766938117,244.1463863228421,244.12925981306017,65.30441467499054,57.90605309447827,56.78952358186945,0.28713738312042025,0.15566952679626753,-0.14498794166480433,245.1508916114539,244.2693748474121,243.38785808337033,0.2567700751143703,0.25634064384204275,0.2528671452269333,243.11450074252923,244.24767522468554,243.9062120512821,244.36159632000079,37626.2,46040.8,68740.9,42.498480642151954,0.0320450966098349,-0.017827428605183094,0.04987252521501799,85.06532968702523,87.49185197758015,90.18260529509986,14.519833245962213,244.51000467936197
hold,244.375,244.49000549316406,244.55999755859375,244.3300018310547,60379,244.375,2025-10-03 15:50:00+00:00,244.31300048828126,243.98150024414062,244.26212463378906,244.0579165649414,244.29214845174693,244.20404392773602,244.1848926433225,244.1671693844019,244.14746278987053,59.17806025122152,55.161424846340104,54.924962106254064,0.23173883231366077,0.1926984781186943,-0.10627854259365677,245.1376415415231,244.26212463378906,243.38660772605502,0.25294516831789776,0.25445886410611557,0.25177803009893945,243.11995206382664,244.34362944136558,243.96787972220886,244.35370222272954,43646.2,46018.4,68110.2,46.022502685804604,0.05658113786549279,-0.0029457153110479164,0.05952685317654071,59.56601558973124,80.5354520789539,80.59271735642787,9.719475862796276,244.42166646321616
hold,244.55999755859375,244.41000366210938,244.55999755859375,244.36000061035156,34902,244.55999755859375,2025-10-03 15:51:00+00:00,244.39100036621093,244.0884994506836,244.25212478637695,244.07851654052735,244.38143148736253,244.2752346539076,244.24260109182578,244.20288103660113,244.17802092088706,65.28915437768785,58.56372313468499,57.29328730770493,0.15972453314210636,0.4394398296811108,0.09618361333750268,245.10903822523989,244.25212478637695,243.39521134751402,0.24538113687851057,0.2505687272586921,0.24931226429623696,243.1235430642502,244.41211912208072,244.08543411782875,244.32032348106335,42543.6,43205.0,63733.25,56.21344613767617,0.09721373302053848,0.017086174355269365,0.08012755866526912,91.998291015625,78.87654543079383,93.07636678462987,1.210356752283284,244.4933319091797
hold,244.55499267578125,244.57000732421875,244.8000030517578,244.55499267578125,64317,244.55499267578125,2025-10-03 15:52:00+00:00,244.48599853515626,244.1969985961914,244.24042434692382,244.09621643066407,244.43928521683546,244.33118625828234,244.29066133551123,244.2348911856175,244.20594475458293,64.98211513613558,58.43454089231743,57.20790291792568,0.19460457274797047,0.4456366080577587,-0.014311158523842054,245.07376192478793,244.24042434692382,243.4070867690597,0.24532817103537513,0.25017170216711143,0.24910741247149057,243.1300909279048,244.480577028271,244.21904545766918,244.30379961462762,50526.0,44814.6,63113.75,54.6177022411211,0.12524150369941367,0.038717240224098226,0.08652426347531544,47.87026816440491,66.47819158992039,118.15266449932732,11.496680149078852,244.63666280110678
hold,244.60000610351562,244.60000610351562,244.66969299316406,244.52999877929688,51920,244.60000610351562,2025-10-03 15:53:00+00:00,244.51600036621093,244.28799896240236,244.2345443725586,244.11071655273437,244.49285884572885,244.384950227329,244.33825283828114,244.26808345088097,244.2351344841335,66.62883300118136,59.304018737375905,57.8017931813115,0.061365987787350716,0.3734267524282945,0.20073142924865636,245.05590461162285,244.2345443725586,243.41318413349433,0.23023760572563404,0.24228045300283113,0.24389726015699995,243.13549877019898,244.51130588917945,244.32495433296418,244.2902337604843,50609.0,44780.7,61824.7,57.723156456625865,0.1498157431954894,0.06093694081837646,0.08887880237711294,54.54640033291719,64.80498650431569,97.29762839550591,21.80125975368995,244.5998992919922
hold,244.79859924316406,244.625,244.8000030517578,244.6199951171875,92768,244.79859924316406,2025-10-03 15:54:00+00:00,244.57771911621094,244.38885955810548,244.23692932128907,244.1317886352539,244.5947723115406,244.467680030496,244.4090753621093,244.31631215927032,244.27687261443208,73.1321044750467,62.983049479173054,60.35089663356167,0.1262193721896858,0.41371917831240257,0.3663723451095739,245.0645263171383,244.23692932128907,243.40933232543983,0.2259175117994274,0.23926020266278517,0.24180676911343743,243.14635973129367,244.60180026423376,244.46650457416771,244.31000557505607,60857.2,49241.7,64095.4,68.26955885286193,0.19080741606393303,0.08691103586748777,0.10389638019644526,99.48007911839503,67.2989158719057,102.64372325915986,39.41785223096521,244.73953247070312
hold,244.8000030517578,244.7899932861328,244.8300018310547,244.66000366210938,62556,244.8000030517578,2025-10-03 15:55:00+00:00,244.6627197265625,244.48786010742188,244.23467941284179,244.1513885498047,244.6631825582797,244.53414463474837,244.4692180835937,244.36028405858735,244.31562301719694,73.17521538378264,63.008506764678074,60.36866572052637,0.17391429227941174,0.4060561515432274,0.5380087597191039,245.05587162992862,244.23467941284179,243.41348719575495,0.21792903424883955,0.23431291454010855,0.23838731196257434,243.15360999950653,244.68694185304065,244.54415117711858,244.29752738987622,61292.6,52469.4,62891.6,77.19552137533343,0.2185216175514313,0.11323315220427649,0.1052884653471548,90.00050862112812,81.34232935748011,93.90957324410319,73.05830120768093,244.76333618164062
hold,245.0449981689453,244.7899932861328,245.05760192871094,244.7899932861328,82955,245.0449981689453,2025-10-03 15:56:00+00:00,244.7597198486328,244.5753601074219,244.25517959594725,244.17748840332033,244.79045442850156,244.6363153415878,244.55779963518626,244.4225307958926,244.36965080621533,79.78082930693394,67.24255404599793,63.37634969682785,0.19831559338945529,0.35835688518725095,0.6468956916028716,245.13378558828813,244.25517959594725,243.37657360360637,0.22502612115302317,0.2366911808285383,0.23977880389664818,243.1645432363986,244.78322289945507,244.64405554821113,244.3129311665554,70903.2,56723.4,60619.3,84.78553081998464,0.26666453537245616,0.14391942883791242,0.12274510653454374,97.11984378813766,95.53347717588694,120.38952831777704,83.04088685576906,244.96419779459634
hold,244.92999267578125,245.05999755859375,245.1300048828125,244.89999389648438,69970,244.92999267578125,2025-10-03 15:57:00+00:00,244.8347198486328,244.66035919189454,244.28542938232422,244.2020883178711,244.83696717759483,244.6950508084265,244.61506010297012,244.4686636940643,244.41115761136837,70.30011760456894,63.56453035466175,61.09115960871107,0.15333974411929352,0.3482427230211602,0.5088391899348222,245.2119216583204,244.28542938232422,243.35893710632806,0.2257382447494663,0.23621402407850875,0.2393136697267185,243.17310928105778,244.85249194966644,244.69916783100413,244.34886806091367,72033.8,61279.9,58026.55,85.1485815563418,0.28389319705812,0.17191418248195395,0.11197901457616605,57.44432179728589,81.52155806885055,116.66786136520209,82.43958095633232,244.98666381835938
hold,244.77000427246094,244.9633026123047,244.9633026123047,244.72520446777344,42995,244.77000427246094,2025-10-03 15:58:00+00:00,244.86871948242188,244.6923599243164,244.29442977905273,244.22348846435546,244.8146462092169,244.7100415012334,244.63889766750717,244.49605829210034,244.43773884552337,58.93371748517418,58.7502165356816,58.03454347378388,0.06950047616653314,0.13090911360760035,0.40198983277295564,245.2359574035339,244.29442977905273,243.35290215457158,0.22750394471829255,0.2363486041108474,0.23925578757455335,243.17785623017446,244.87971663521466,244.7254452564034,244.3455985007006,70248.8,60428.9,55666.9,79.31954439760027,0.2723026557100354,0.19199187712757024,0.08031077858246519,11.067134079686381,55.21043322170331,74.53563893144288,64.05800475612394,244.8195037841797
hold,244.7899932861328,244.77999877929688,244.80999755859375,244.72000122070312,47582,244.7899932861328,2025-10-03 15:59:00+00:00,244.86699829101562,244.72235870361328,244.32842941284179,244.24888824462892,244.8064285681889,244.7260318582133,244.66214314729572,244.5227796551942,244.46383176705,59.8792693859871,59.166343035875386,58.308199704768185,-0.0035155254392209593,0.1226994094763263,0.4019505915886589,245.28976399639023,244.32842941284179,243.36709482929334,0.20786000088576864,0.22589487080940293,0.2321481947324615,243.18314236872854,244.8903547555374,244.74649638723884,244.38518617670533,61211.6,61034.4,53537.6,73.59156759720076,0.2622000911632938,0.20603351993471497,0.05616657122857882,17.071082992184593,28.527512956385618,54.86652030785664,62.26116702622328,244.77333068847656
hold,244.92999267578125,244.80999755859375,245.02499389648438,244.14999389648438,241851,244.92999267578125,2025-10-03 16:00:00+00:00,244.89299621582032,244.7778579711914,244.37967910766602,244.27468811035158,244.84761660405303,244.7668240217269,244.70335076706272,244.5597990207021,244.4983622047338,66.23232562181023,62.05365130452983,60.21605449535526,0.05310033594891497,0.22710697730179027,0.3112563019761685,245.35444832559753,244.37967910766602,243.4049098897345,0.30316571504494455,0.2722595228944456,0.26276018545948715,243.2117788067387,244.9217515158964,244.83087121831747,244.51367083601298,97070.6,79181.6,62600.0,54.13663133511825,0.2684618169930957,0.21851917934639112,0.04994263764670456,89.14271763392857,39.09364490193318,25.05518977259352,11.505349069694573,244.70166015625
hold,245.00999450683594,244.97000122070312,245.08999633789062,244.8000030517578,57108,245.00999450683594,2025-10-03 16:01:00+00:00,244.88599548339843,244.82285766601564,244.4556785583496,244.300087890625,244.90174257164736,244.81545811874872,244.75052672702782,244.60072588307787,244.5362608937784,69.45673315689969,63.63600978500596,61.27922231610026,-0.0142845854316283,0.184002679397465,0.3810196119323879,245.3766709766832,244.4556785583496,243.53468614001602,0.3012839394860686,0.2735262202686147,0.26405699977726454,243.21871268620282,244.9104686482579,244.8550516523013,244.5882025009129,91901.2,81402.2,62303.6,55.63866507171465,0.27919722497031785,0.2306547884711765,0.04854243649914136,91.48918901370041,65.90099654660453,109.20645488456115,14.23117525415396,244.96666463216147
hold,244.97999572753906,245.02000427246094,245.10000610351562,244.8699951171875,38906,244.97999572753906,2025-10-03 16:02:00+00:00,244.89599609375,244.8653579711914,244.53117828369142,244.32788787841798,244.9278269569446,244.8483656405068,244.78582965018342,244.63520495984707,244.56913014072364,66.67163610076003,62.582171783438206,60.64117260367203,0.020415242417453766,0.17378629121723155,0.21681275758374932,245.35948736640907,244.53117828369142,243.70286920097377,0.29110208903493373,0.2704179892728654,0.2624357610415912,243.22332739082148,244.91359374883328,244.88568775474477,244.64412609075964,85688.4,78861.1,61837.85,55.07956170530907,0.2792354997831694,0.2403709307335751,0.038864569049594316,87.36749116607774,89.3331326045689,105.42977914295953,1.0986013926413276,244.98333231608072
hold,245.01499938964844,244.97999572753906,245.0500030517578,244.83999633789062,52348,245.01499938964844,2025-10-03 16:03:00+00:00,244.9449951171875,244.9068572998047,244.59742813110353,244.35478790283204,244.95688443451257,244.88169239033513,244.82108653317803,244.66973172619265,244.60215749249585,68.39673735766672,63.34495177739616,61.13693943865771,0.10009196915925553,0.1696620097209588,0.2147302076522117,245.35495105509273,244.59742813110353,243.83990520711433,0.27951703543954143,0.26610289817245986,0.259939139747572,243.22962141545193,244.939820663307,244.91306510465492,244.700136316157,87559.0,78903.9,61842.3,50.33304945795883,0.27953489783928376,0.24820372415471684,0.03133117368456692,71.6647169523422,83.50713237737345,86.69287966173484,9.3355220897866,244.96833292643228
hold,245.0399932861328,245.01499938964844,245.125,244.94000244140625,49507,245.0399932861328,2025-10-03 16:04:00+00:00,244.9949951171875,244.93099670410157,244.65992813110353,244.38109588623047,244.9845873850527,244.9133525694947,244.85476449517108,244.70339186800538,244.63458977350598,69.70310666566056,63.910675816919436,61.500519427980365,0.1021283577175384,0.09860924192992124,0.2721200147858056,245.3433010584893,244.65992813110353,243.97655520371777,0.2660142530329998,0.26030965963112346,0.2563704930259614,243.2356160647912,244.96731164006252,244.935729493413,244.7491237269061,87944.0,74577.8,61909.75,55.88591029648097,0.2787627959887118,0.25431553852151584,0.02444725746719595,70.17346610986186,76.40189140942726,101.1449476472871,2.7386779495404876,245.03499857584634
hold,245.02999877929688,245.02000427246094,245.0800018310547,244.9600067138672,46048,245.02999877929688,2025-10-03 16:05:00+00:00,245.01499633789064,244.95399627685546,244.72092819213867,244.40659576416016,244.99972451646744,244.93668181145512,244.8817236158058,244.73308340539552,244.66387932949047,68.38434911897497,63.488707918193704,61.25988605453188,0.04083048483490753,0.09395250190843941,0.19218237871895552,245.2997447342417,244.72092819213867,244.14211165003564,0.24515437648364266,0.2502871923137218,0.24987642750984418,243.24112565998706,245.01614893396925,244.953324369605,244.78211473435354,48783.4,72927.0,62698.2,51.77615555153983,0.2728024819646464,0.25801292721014196,0.014789554754504441,66.66666666666667,69.50161657629025,83.27168900099703,2.738677949540481,245.0233357747396
hold,244.97999572753906,245.0800018310547,245.0800018310547,244.9499969482422,31513,244.97999572753906,2025-10-03 16:06:00+00:00,245.00899658203124,244.94749603271484,244.76142807006835,244.4314956665039,244.9931482534913,244.94534459467192,244.8968424022263,244.75552998013583,244.68729535897555,61.58355666563992,61.30777948445327,60.026095027097455,-0.012243900236501582,-0.026526736677740435,0.17378629121723155,245.29169785843212,244.76142807006835,244.23115828170458,0.22870444881633656,0.24169559877792027,0.24416825871473255,243.2447718484038,245.0125403696949,244.9433449861601,244.8069926237512,43664.4,67782.8,62253.1,46.888107288887426,0.25804923569637594,0.25802018890738876,2.9046788987185934e-05,21.618277796106895,52.819470190878484,64.63880976861459,14.360346857938122,245.00333150227866
hold,244.86000061035156,244.9499969482422,244.99000549316406,244.77999877929688,35580,244.86000061035156,2025-10-03 16:07:00+00:00,244.98499755859376,244.94049682617188,244.8004280090332,244.4498956298828,244.9487657057781,244.92827579780786,244.89117443424556,244.76502731015543,244.70008834055895,48.1712234790726,56.30888890479583,57.12699522054977,-0.04898159820402467,-0.028576355498584203,0.10629374503200416,245.2295865261229,244.8004280090332,244.3712694919435,0.226033343823601,0.23943210699858222,0.24254151848389707,243.2485868545004,244.99318567105064,244.9401883001483,244.82261725067988,42999.2,64343.8,62811.85,47.69033730437504,0.22818745724890732,0.2520536425756925,-0.023866185326785194,26.66700574741875,38.31731673673077,-15.178745484864056,22.268323729752304,244.87666829427084
hold,244.89999389648438,244.8699951171875,244.89999389648438,244.75250244140625,44013,244.89999389648438,2025-10-03 16:08:00+00:00,244.96199645996094,244.95349578857423,244.82292785644532,244.4712954711914,244.93250843601353,244.92261941754316,244.89253127459,244.7772969998217,244.7148961595164,52.21769912256128,57.55120360472446,57.839586902046584,-0.04693814397100186,0.05310684387566627,0.041419621531246946,245.22239543682164,244.82292785644532,244.423460276069,0.2148130740028187,0.23286491757569244,0.23801532498838412,243.25339772124144,244.9678129393057,244.94879708954892,244.84071332873333,41332.2,64445.6,62437.25,39.994251433654945,0.2077232580267605,0.2431875656659061,-0.0354643076391456,45.03564273400736,31.106975425844336,-40.3615630406088,34.581752014556805,244.850830078125
hold,245.02549743652344,244.88499450683594,245.06739807128906,244.8800048828125,45010,245.02549743652344,2025-10-03 16:09:00+00:00,244.95909729003907,244.97704620361327,244.84970245361328,244.4918054199219,244.96350476951685,244.94319502133925,244.91298760719513,244.79986067588547,244.73790366151692,62.8395959078393,61.272635277154286,60.02867650894297,-0.005915707642241167,0.09620660846023486,0.09211371811868359,245.22752021195416,244.84970245361328,244.4718846952724,0.21089594749906784,0.22961693692575458,0.23560474705924975,243.2586614496454,244.9629799660236,244.9659473615474,244.85898554192397,40432.8,64188.4,62611.4,38.80849339171817,0.2052913598223256,0.23560832449719002,-0.030316964674864416,86.69380239375879,52.79881695839496,51.58232479047465,23.059517018444573,244.990966796875
hold,245.110107421875,245.00999450683594,245.1199951171875,244.97000122070312,33537,245.110107421875,2025-10-03 16:10:00+00:00,244.9751190185547,244.99505767822265,244.88645782470704,244.51080749511718,245.01237232030292,244.9765775014464,244.9433137325305,244.8280649255209,244.76547431043235,68.36988920984943,63.590106774422935,61.445729573814,0.03269340202310508,0.07353723573256768,0.026570325212187426,245.2117824240022,244.88645782470704,244.56113322541188,0.20219565449696889,0.2239295768942275,0.23152803988901763,243.26275001966593,244.97272476928683,244.9971542546683,244.88970601492085,37930.6,43357.0,61269.3,35.1909287682426,0.21110319101404684,0.23070729780056137,-0.01960410678651453,97.30941704035874,76.34628738937496,98.70701767083756,38.120391416162455,245.06670125325522
hold,245.0800018310547,245.1199951171875,245.1199951171875,245.0,24871,245.0800018310547,2025-10-03 16:11:00+00:00,244.9951202392578,245.00205841064454,244.91245803833007,244.5308074951172,245.03491549055354,244.99726236736805,244.96434267076498,244.85096828056942,244.78877264529325,64.39183356930506,62.16466246717557,60.64251857105994,0.040822150893842536,0.028573252433911123,0.0612457272523613,245.21130356009883,244.91245803833007,244.61361251656132,0.1904527205956162,0.21650568691517552,0.22621694833180253,243.26572123336922,244.98605160808793,245.00046128636396,244.90306863883387,36602.2,40133.3,60767.75,28.346945674567948,0.20848972207480188,0.2262637826554095,-0.017774060580607626,83.33545269582909,89.1128907099822,90.44308525300441,45.48703999280624,245.06666564941406
hold,245.11000061035156,245.14999389648438,245.19000244140625,245.08999633789062,20121,245.11000061035156,2025-10-03 16:12:00+00:00,245.0451202392578,245.0150588989258,244.9402084350586,244.5510073852539,245.05994386381957,245.01981001596477,244.98675158454753,244.87451667418597,244.81256730937164,66.64780510114443,63.05340553244705,61.17353930001724,0.10209915844843429,0.05306755044484871,0.1389044131045423,245.20188882078634,244.9402084350586,244.67852804933085,0.1789595619893228,0.208898181446346,0.22068283699941013,243.26815751630065,245.02770358701986,245.00830415515324,244.92573924113,33510.4,38254.8,58557.95,31.812639232842145,0.20724270659312083,0.22245956744295178,-0.015216860849830954,63.63573311138854,81.4268676158588,124.78647502016526,29.750666877793886,245.12999979654947
hold,245.1699981689453,245.125,245.22000122070312,245.125,42009,245.1699981689453,2025-10-03 16:13:00+00:00,245.09912109375,245.03055877685546,244.96870803833008,244.57176727294922,245.09662863219484,245.04984764656086,245.01494336676257,244.901378628255,244.83904366934007,70.94324718713929,64.83263951403546,62.24332601429401,0.11025082857905842,0.06326093491540889,0.15523709842514508,245.19814398540592,244.96870803833008,244.73927209125424,0.16910828318392848,0.20183406922529004,0.21541225477808407,243.27338836053056,245.09776507795692,245.02561196256798,244.94913918481433,33109.6,37220.9,58062.4,37.55809984940749,0.2108039772207917,0.22012844939851978,-0.009324472177728083,77.27146622277708,74.7475506766649,147.1236636684043,26.41775357125795,245.17166646321616
hold,245.25,245.17349243164062,245.25,245.11000061035156,28572,245.25,2025-10-03 16:14:00+00:00,245.1440216064453,245.0515594482422,244.99127807617188,244.59006713867188,245.14775242146325,245.0898781172487,245.05110592572217,244.93307148023183,244.8694848790186,75.79316701898253,67.10726386381864,63.64575280710028,0.09162416394429415,0.08570303608438438,0.13065256758585303,245.23753172686426,244.99127807617188,244.7450244254795,0.1649498698217155,0.197417306398372,0.21182116596238662,243.27707903420324,245.14875040914552,245.04183644493725,244.96970474097623,29822.0,35127.4,54852.6,57.329669100030046,0.22039323823011614,0.22018140716483905,0.00021183106527708495,100.0,80.3023997780552,158.1469231678037,35.59399180700956,245.20333353678384
hold,245.2100067138672,245.23500061035156,245.27999877929688,245.2100067138672,33658,245.2100067138672,2025-10-03 16:15:00+00:00,245.16400146484375,245.0695602416992,245.01177825927735,244.61216735839844,245.16850385226456,245.1139038365724,245.07555220082142,244.9582474105623,244.894708718637,69.06947815188914,64.8491489539065,62.428596087609286,0.04075690433289408,0.07346363117458489,0.0816343053408254,245.2591869229223,245.01177825927735,244.7643695956324,0.15138446919428292,0.18831550347203738,0.20506739927035333,243.28132125597975,245.17125065754172,245.0601476539027,244.9872152709881,29846.2,33888.4,53407.7,55.42971819213167,0.21919511793541346,0.21998414931895394,-0.0007890313835404728,58.82775334350597,78.69973985542768,144.80467069403426,32.384882710686355,245.23333740234375
hold,245.41470336914062,245.22000122070312,245.41470336914062,245.22000122070312,35807,245.41470336914062,2025-10-03 16:16:00+00:00,245.23094177246094,245.11303100585937,245.0302635192871,244.63252746582032,245.25057035788993,245.17406374308607,245.12772930363977,244.99974340679668,244.9332268408965,79.78029857708523,70.34871439168518,65.93014585073261,0.13656827794405813,0.17744617894639608,0.17744617894639608,245.33373220605407,245.0302635192871,244.72679483252014,0.15900049577701927,0.18948558574356597,0.20504974479430974,243.28629076194926,245.23984631587197,245.10450190782058,244.9975126502694,32033.4,34317.8,51050.3,55.17006130114675,0.24083690218955667,0.2241546998930745,0.01668220229648218,100.0,86.27591778116864,176.4932502220056,42.57728916107135,245.34980265299478
hold,245.2899932861328,245.4199981689453,245.4199981689453,245.2899932861328,27126,245.2899932861328,2025-10-03 16:17:00+00:00,245.26694030761718,245.1560302734375,245.0482635498047,244.65612731933595,245.2637113339709,245.19724965169542,245.1526929932541,245.0261297594636,244.9596539849881,64.02220340254468,63.79955330158923,62.22062860277474,0.07343342798459791,0.1756075613450243,0.1122355354445264,245.3680733392096,245.0482635498047,244.7284537603998,0.15485826535351652,0.18523696410563267,0.20147617993803307,243.2898203979832,245.26361173206652,245.14552375056874,245.01045345388206,33434.4,33472.4,48908.1,57.96199236229544,0.23759566670730692,0.22684289325592097,0.01075277345138595,38.09039383810493,65.63938239387029,130.75369140512967,48.28589355997946,245.3333282470703
hold,245.30999755859375,245.27999877929688,245.3144989013672,245.16000366210938,22607,245.30999755859375,2025-10-03 16:18:00+00:00,245.29494018554686,245.19703063964843,245.07526321411132,244.67632720947265,245.27914007551186,245.2197992330751,245.17689369561407,245.05193592302086,244.98560536081075,65.30467286008209,64.37250845440391,62.575280594316844,0.0571029859664822,0.16741677106071204,0.11018783866258677,245.3876374561581,245.07526321411132,244.76288897206453,0.15480640448270164,0.18304112661650265,0.199238992286594,243.2927818601945,245.2973212573657,245.1918816516336,245.02831769547814,29554.0,31331.8,47888.7,50.75241689100031,0.23419387226434196,0.22831308905760517,0.005880783206736795,57.69117905980398,65.26052429930297,77.5679096210866,21.284054308948875,245.2615000406901
hold,245.38499450683594,245.3000030517578,245.38499450683594,245.27000427246094,17123,245.38499450683594,2025-10-03 16:19:00+00:00,245.32193908691406,245.23298034667968,245.1050132751465,244.69422698974608,245.31442488595323,245.25283828782727,245.20890920503282,245.08221397609495,245.0151897419978,69.9844614016719,66.51242072265737,63.90897704904406,0.055043631737385315,0.14671822894906342,0.14487847582238852,245.4163785123595,245.1050132751465,244.79364803793348,0.1491183801816014,0.17818034859925244,0.19522714667175622,243.29510233864363,245.31825194314507,245.22970383962908,245.04713258479444,27264.2,28543.1,46365.75,57.954986260846546,0.23764854582947237,0.2301801804119786,0.007468365417493766,86.53676858970597,60.77278049587162,103.37088204039847,27.263758488580496,245.34666442871094
hold,245.3300018310547,245.3800048828125,245.41000366210938,245.3300018310547,15241,245.3300018310547,2025-10-03 16:20:00+00:00,245.34593811035157,245.25496978759764,245.12501373291016,244.71042694091796,245.31961720098707,245.26827099647278,245.22753883980542,245.10474014472763,245.03850915600202,62.744459575513545,63.50056439144607,62.20228432456842,0.048935652665888535,0.08971250165592433,0.14287129954271593,245.4402053662369,245.12501373291016,244.8098220995834,0.13924458744918514,0.1711675973460692,0.18974022688046724,243.29710921105217,245.35067152151956,245.2504407207923,245.09371654568668,23580.8,26713.5,35035.25,63.75547307956682,0.22976184047075776,0.23009651242373447,-0.00033467195297670616,67.999267578125,70.74240507587832,93.96777510224635,30.543689320388356,245.3566691080729
hold,245.55479431152344,245.3800048828125,245.6300048828125,245.3800048828125,65025,245.55479431152344,2025-10-03 16:21:00+00:00,245.37395629882812,245.30244903564454,245.15225372314453,244.72632293701173,245.39800957116586,245.32557565948292,245.27788583545436,245.14565415989088,245.07675250085546,75.05247885779859,69.56704987746171,66.08914069762565,0.057083353384941506,0.19372958908171017,0.28375140873968546,245.51374242576827,245.15225372314453,244.79076502052078,0.16221008235041762,0.18037012980405084,0.19499083758891225,243.30656904516502,245.42530547192965,245.32863934770037,245.14277341933473,29424.4,30728.9,35431.1,73.92706699139612,0.2488231586274594,0.23384184166447947,0.01498131696297994,79.10821006230661,77.88141541004586,153.23108287086256,68.28065215052939,245.52160135904947
hold,245.46200561523438,245.5449981689453,245.5449981689453,245.46200561523438,20383,245.46200561523438,2025-10-03 16:22:00+00:00,245.40835876464843,245.3376495361328,245.1763542175293,244.73978302001953,245.41934158585536,245.35286165063323,245.3062119554205,245.1744133831039,245.10528976858723,64.75091225654751,64.780800726502,63.26927521921693,0.0701261094254704,0.14361103341613166,0.22948621182389822,245.55265918737012,245.1763542175293,244.8000492476885,0.15229274148450975,0.1741143131244088,0.19012406895558606,243.30939635303488,245.45678124375382,245.35178228875841,245.1613793566365,28075.8,30755.1,34504.95,77.96356985252075,0.2475718820460031,0.2365878497407842,0.01098403230521891,44.000813793804994,63.702763811412204,123.69795131821994,73.07309363887789,245.4896697998047
hold,245.42999267578125,245.4600067138672,245.47999572753906,245.4199981689453,27419,245.42999267578125,2025-10-03 16:23:00+00:00,245.43235778808594,245.3636489868164,245.19710388183594,244.75403076171875,245.422891949164,245.36828785566286,245.3252551431683,245.1976478642564,245.1293418357868,61.360855939275766,63.16610397947341,62.30622375561508,0.04891570599719991,0.1060466242924131,0.16508291728398652,245.58121669528575,245.19710388183594,244.81299106838614,0.13910771535725835,0.1659631163722189,0.1839275684621653,243.31313155190284,245.47457727122918,245.38516905249492,245.18397178730766,29038.2,29296.1,33258.5,70.39499866358699,0.23894601987606734,0.23705948376784083,0.0018865361082265053,19.9951171875,47.70138034787053,87.13965634143653,59.0533447154767,245.44332885742188
hold,245.3300018310547,245.42999267578125,245.4600067138672,245.30999755859375,19632,245.3300018310547,2025-10-03 16:24:00+00:00,245.42135925292968,245.37164916992188,245.21160430908202,244.76561279296874,245.3919285764609,245.36063065074123,245.32598540284314,245.20968004305624,245.14420553913996,51.52978507996069,58.27978341613344,59.34374289154734,-0.022410773687189748,0.032620522346457695,0.08971250165592433,245.59278304539862,245.21160430908202,244.83042557276542,0.14066506391671252,0.16482354772230592,0.18231240592936873,243.31567193525214,245.4657459958954,245.3949535658815,245.19970432963288,29540.0,28402.1,31764.75,64.45369255992767,0.21642511160126787,0.23293260933452625,-0.01650749773325838,8.512434257515746,24.169455079606916,37.41938566960493,37.15976130162022,245.36666870117188
hold,245.38980102539062,245.33999633789062,245.38980102539062,245.28370666503906,29195,245.38980102539062,2025-10-03 16:25:00+00:00,245.43331909179688,245.3896286010742,245.2295944213867,244.7765087890625,245.39121939277084,245.3664647256711,245.33580319092738,245.2260546778139,245.16239779738075,56.403326440561635,60.25970821223566,60.5224310452044,0.024375002604499194,0.07332258333699956,0.1264073739274316,245.60874788992933,245.2295944213867,244.85044095284408,0.13572639197883393,0.16062860576725282,0.17868297518756843,243.31954976094798,245.46482837803535,245.41668255494804,245.22131423681014,32330.8,27955.8,30922.1,63.75900114049821,0.20406692829035933,0.2271594731256929,-0.023092544835333573,54.05006218905473,27.519204544690158,21.187818565594476,33.25625185821413,245.35443623860678
hold,245.2949981689453,245.36000061035156,245.40499877929688,245.25999450683594,16282,245.2949981689453,2025-10-03 16:26:00+00:00,245.38135986328126,245.37765808105468,245.24534454345704,244.78970886230468,245.35914565149568,245.35217141432597,245.32952549523782,245.23232226791674,245.17222004712625,47.55881899318426,55.74318070316846,57.736089935871746,-0.10579966206993875,-0.048776702679976705,0.07547532052265725,245.60750571720683,245.24534454345704,244.88318336970724,0.1370518034762773,0.15951258195965887,0.17707922743868126,243.32160737951034,245.3885274836188,245.40933580870166,245.23591011116534,22582.2,26003.3,30160.55,59.34343513611262,0.17995136719972038,0.2177178519404984,-0.03776648474077801,17.50076289288984,26.687753113153438,-17.662537881784214,24.330527926549358,245.31999715169272
hold,245.6300048828125,245.2899932861328,245.6699981689453,245.27000427246094,49375,245.6300048828125,2025-10-03 16:27:00+00:00,245.4149597167969,245.41165924072266,245.2838447570801,244.81580902099608,245.44943206193466,245.40773810802327,245.37575309332624,245.26847523290724,245.20613003495484,68.14930867072685,65.56504494524293,63.90230631403999,0.06844206587371673,0.1386161710571948,0.1876276531805492,245.637576825112,245.2838447570801,244.93011268904817,0.17461495962029125,0.1766898187114243,0.1876942116789524,243.32887579120472,245.4619948650587,245.4594021282028,245.28912400112594,28380.6,28228.2,30850.3,60.08486500838444,0.20160807306842798,0.21449589616608433,-0.012887823097656348,90.24562709341272,53.932150725119094,141.99276868153802,40.31463879630773,245.5233357747396
hold,245.7624053955078,245.625,245.7799072265625,245.61000061035156,32590,245.7624053955078,2025-10-03 16:28:00+00:00,245.4814422607422,245.45690002441407,245.32696533203125,244.83925720214845,245.55375650645905,245.4786715655202,245.43523806289264,245.3133779749618,245.247335617218,73.03168231393872,68.53695286297933,65.96305537272136,0.13544095246976903,0.18442291036507885,0.20893186361174823,245.69305903630942,245.32696533203125,244.96087162775308,0.1739423391332407,0.17620530424710384,0.18684718332333264,243.33392288243402,245.53452874062566,245.50474613308407,245.34287554953218,29414.8,29226.5,30279.15,60.48091350400245,0.2313359483021884,0.21786390659330518,0.01347204170888322,96.63369823614005,68.12669607414755,214.1361392733063,44.314488265554225,245.71743774414062
hold,245.64999389648438,245.75,245.75,245.63999938964844,19496,245.64999389648438,2025-10-03 16:29:00+00:00,245.54544067382812,245.4833999633789,245.3581901550293,244.8700570678711,245.58583563646752,245.51293603171302,245.46827742190675,245.34397942237294,245.27716215642292,63.40448273624251,63.52415191149724,62.76858849904428,0.1304333196271887,0.10799331482392463,0.1794328006893306,245.72263158285168,245.3581901550293,244.9937487272069,0.16658000580840276,0.1723624972194089,0.18377855582504893,243.33679286365023,245.57717516950942,245.52131649227567,245.3778244403688,29387.6,29463.8,29003.45,54.16538637669218,0.23577387529010707,0.2214459003326656,0.01432797495744148,74.5219499057366,87.13375841176314,148.3710274821819,42.877395641900755,245.67999776204428
hold,245.64500427246094,245.63999938964844,245.70590209960938,245.5800018310547,37201,245.64500427246094,2025-10-03 16:30:00+00:00,245.5964813232422,245.51490020751953,245.3849349975586,244.90485717773439,245.605558515132,245.5393496798626,245.49546616814587,245.37134531783548,245.3044097205739,62.974592178405324,63.30283195631992,62.62723477865311,0.10399912547461843,0.12839947786866074,0.09384152626499534,245.75113148443322,245.3849349975586,245.01873851068396,0.1607686147721577,0.16904376660050024,0.18102244690741265,243.34223771709156,245.6287660578074,245.54505996463604,245.41023272049497,30988.8,31659.8,29186.65,44.99378300472667,0.2349399592887096,0.2241447121238744,0.010795247164835181,32.516601786123196,67.89074997599995,103.93862936754171,27.922114359463556,245.64363606770834
hold,245.5800018310547,245.64999389648438,245.6737060546875,245.53030395507812,36357,245.5800018310547,2025-10-03 16:31:00+00:00,245.65348205566406,245.51742095947264,245.4099349975586,244.94665710449217,245.59703962043957,245.54748011010105,245.5084716547472,245.39031409176448,245.32482395097986,57.09134797313019,60.352806924667775,60.75567845580991,0.11618812623039325,0.010265537515537344,0.11823089113283869,245.7572291577435,245.4099349975586,245.0626408373737,0.15828768403461732,0.167212218958277,0.1792310017979823,243.347384765786,245.64968657371944,245.54727371635008,245.43440108206255,35003.8,28793.0,29760.95,43.972038092509436,0.2226561591211862,0.22384700152333678,-0.0011908424021505881,22.621197388526184,43.21991636012866,66.07364326192378,21.969431490417016,245.59467061360678
hold,245.49000549316406,245.5749969482422,245.5749969482422,245.49000549316406,23446,245.49000549316406,2025-10-03 16:32:00+00:00,245.62548217773437,245.5202209472656,245.4289352416992,244.9870571899414,245.5613615780144,245.53598518671365,245.50563070681133,245.39937694643717,245.3370596207713,49.605765094594005,56.43172648655204,58.22613527132064,-0.05699604562367279,0.01140701097895279,0.07337977920256451,245.74902792533376,245.4289352416992,245.10884255806465,0.14853177744261842,0.16169679888201616,0.17498173208810813,243.35055817653907,245.63109311254718,245.54863219900852,245.44748443585772,29818.0,29099.3,29927.2,43.87923903559399,0.19892556594234634,0.21886271440713873,-0.019937148464792387,0.0,18.379266391549795,16.660482581480043,32.46384448738216,245.5183359781901
hold,245.66000366210938,245.5,245.68499755859375,245.5,33757,245.66000366210938,2025-10-03 16:33:00+00:00,245.6050018310547,245.54322204589843,245.45343551635742,245.02645721435547,245.59424227271273,245.5607888817928,245.5293803922418,245.42307028422556,245.36098140161116,60.90285462779671,61.517692702225894,61.41260223407396,-0.04166696416957728,0.09371755416705524,0.11207252335300244,245.76540845386316,245.45343551635742,245.14146257885167,0.15516896144077114,0.16407503220684982,0.17593460510437384,243.35547244260417,245.60910722250466,245.57221717187466,245.47938548162372,30051.4,29733.1,29514.6,46.07691332974796,0.19980748018164718,0.21505166756204042,-0.015244187380393237,87.18209562563581,36.60109767138733,66.78782097777942,34.92983569564912,245.61500040690103
hold,245.74000549316406,245.6649932861328,245.7563934326172,245.66000366210938,25285,245.74000549316406,2025-10-03 16:34:00+00:00,245.6230041503906,245.58422241210937,245.47793579101562,245.0654574584961,245.64283001286321,245.59663220406708,245.56178425392213,245.45188257594725,245.3890572602447,65.18757482618716,63.667216036245236,62.81421082038302,0.036642214091655106,0.16712332737506846,0.16712332737506846,245.7989861427689,245.47793579101562,245.15688543926234,0.14677193416463416,0.1592403706569186,0.17214675583787092,243.35926700552008,245.62520911667508,245.6019141171747,245.5017767371884,31209.2,30298.4,29350.25,47.32436873544504,0.2075749438223795,0.21355632281410825,-0.005981378991728736,93.84809256501318,60.343396063549655,113.26677922140773,37.60497667185071,245.71880086263022
hold,245.8300018310547,245.75,245.8699951171875,245.7449951171875,132872,245.8300018310547,2025-10-03 16:35:00+00:00,245.66000366210938,245.62824249267578,245.508935546875,245.10585754394532,245.70522061892706,245.6433061294646,245.6030484965579,245.48625705368428,245.42171982104546,69.56503254085925,65.96999705585628,64.34398818987773,0.07531093870264795,0.17938838689490386,0.11207580788754937,245.84008851778268,245.508935546875,245.1777825759673,0.14437446128732034,0.15715103161166996,0.17013927337051693,243.37975683933644,245.73038603342943,245.69166728365315,245.57964155893941,50343.4,40666.1,34310.95,54.43916216868774,0.22158630841914828,0.21516231993511625,0.006423988484032028,89.19086110194655,90.07368309753184,136.0513466416043,31.108522964821123,245.81499735514322
hold,245.8249969482422,245.83999633789062,245.88999938964844,245.77000427246094,20687,245.8249969482422,2025-10-03 16:36:00+00:00,245.70900268554686,245.68124237060547,245.5294502258301,245.13895751953126,245.74514606203212,245.67964429322015,245.63719441220167,245.51705158955318,245.4515922008378,69.00208778604755,65.72053252989036,64.18979131655769,0.09976183539409,0.2160658730317207,0.1478808633124294,245.88467114744535,245.5294502258301,245.17422930421483,0.14089169784448888,0.15449703772422924,0.16775145640942088,243.38290993738198,245.76184050834533,245.71408888334037,245.59600517846593,47209.4,41106.6,33554.95,58.51435172092138,0.2280520923823417,0.21774027442456137,0.010311817957780328,71.73754395276322,84.92549920657432,119.80538771400276,32.4312054244834,245.82833353678384
hold,245.9250030517578,245.85000610351562,245.92999267578125,245.8000030517578,24732,245.9250030517578,2025-10-03 16:37:00+00:00,245.79600219726564,245.7107421875,245.56120071411132,245.1758575439453,245.8050983919407,245.7287160449277,245.68147266444106,245.55413808611723,245.48665967127633,73.92172452394561,68.30004842388406,65.90410983801176,0.1771956286855283,0.12009858856048676,0.20169106904162393,245.93799510307545,245.56120071411132,245.1844063251472,0.13933425872719582,0.1527465081741727,0.16595327391485024,243.38682284991555,245.80569778815732,245.73833168653624,245.62058650205955,47466.6,38642.3,33435.25,63.76479258850347,0.24205637365136567,0.22260349426992226,0.01945287938144341,97.30287033982184,86.07709179817721,126.9812619999443,40.37945151208346,245.88499959309897
hold,245.8699951171875,245.9199981689453,245.9550018310547,245.8699951171875,20453,245.8699951171875,2025-10-03 16:38:00+00:00,245.83800048828124,245.72150115966798,245.589200592041,245.20425750732423,245.82673063368966,245.7569718593797,245.71047611870975,245.58285236166907,245.51505488949198,67.08894830266713,65.38551393629534,64.13097946410765,0.0854805226523385,0.043777941344015706,0.2201089479894417,245.97036752463666,245.589200592041,245.20803365944536,0.13157318089005177,0.14790795143795948,0.1620986758173425,243.3899797500109,245.83352128370322,245.74343032760677,245.63877361549896,44805.8,37428.6,33327.55,67.7351193210733,0.24191696988771128,0.2264661893934801,0.015450780494231181,54.0498185417354,74.36341094477349,117.02882022390996,58.11188699445518,245.89833068847656
hold,245.96490478515625,245.8800048828125,245.97000122070312,245.8699951171875,25393,245.96490478515625,2025-10-03 16:39:00+00:00,245.8829803466797,245.75299224853515,245.61819610595703,245.23375549316407,245.87278868417854,245.798558444535,245.74961899047074,245.61758440016789,245.54837710398562,72.25182183702468,67.92846353454405,65.79804808808099,0.09151920198782762,0.12819495074141007,0.23436335062112815,246.02045966917558,245.61819610595703,245.21593254273847,0.1270635984079908,0.14448639087207843,0.15914188666011786,243.39403754996258,245.85895558511788,245.76301441622127,245.65748510857452,44827.4,38018.3,33741.05,73.34782454645983,0.2501813405493749,0.23120921962465907,0.01897212092471584,97.00206444663854,82.78491777606526,119.00118677230584,63.183001568538664,245.93496704101562
hold,246.05130004882812,245.94009399414062,246.05130004882812,245.94009399414062,39798,246.05130004882812,2025-10-03 16:40:00+00:00,245.92723999023437,245.7936218261719,245.6542610168457,245.26728149414063,245.9322924723951,245.84910676539363,245.79603146098728,245.65701309550064,245.58563065545545,76.21449593202993,70.08303804424824,67.25276143369497,0.09002083396050393,0.16539956819823548,0.3083234006108492,246.07558972480714,245.6542610168457,245.23293230888427,0.12479823501934927,0.14210922400175138,0.1568592279947551,243.40058446055386,245.94671542715284,245.80445672502663,245.6870316765605,26212.6,38278.0,34968.9,77.67053220644247,0.26347610993818193,0.23766259768736364,0.025813512250818293,100.0,83.68396099612464,137.485859028154,70.03733902308923,246.01423136393228
hold,246.18499755859375,246.05999755859375,246.2100067138672,246.05099487304688,43620,246.18499755859375,2025-10-03 16:41:00+00:00,245.99924011230468,245.85412139892577,245.6857711791992,245.29978149414063,246.016527501128,245.91628492403368,245.8558723990806,245.70501168305455,245.63002820383605,81.09005409232347,73.09527028008074,69.36966448040407,0.14644589233020908,0.24635382483434695,0.22594661268928898,246.16316394106522,245.6857711791992,245.2083784173332,0.12968589299091543,0.14331655377450575,0.1569617333674007,243.40808321011522,246.03056083058328,245.86793613047766,245.7317532310115,30799.2,39004.3,33898.65,77.42642509589274,0.2862567201976276,0.24738142218941644,0.03887529800821116,92.64461697258,96.54889380640618,165.92386513194614,66.47854183362037,246.14866638183594
hold,246.2100067138672,246.1699981689453,246.27999877929688,246.14779663085938,46839,246.2100067138672,2025-10-03 16:42:00+00:00,246.05624084472657,245.9261215209961,245.72317123413086,245.33288177490235,246.08102057204107,245.9750292820004,245.91035460135544,245.75092032221934,245.67298957494947,81.89974483441088,73.63012933251039,69.7536931448452,0.11589047822412454,0.2932914597711287,0.1821276601028729,246.2401423806032,245.72317123413086,245.20620008765852,0.13004535805471323,0.14252266767900534,0.1557827055135959,243.41616261370575,246.0931135452619,245.92812248526494,245.77135861428772,35220.6,41343.6,35221.45,78.0370960343752,0.3020397070509375,0.2583130791617207,0.04372662788921683,79.40833183695457,90.68431626984484,156.0281403184986,64.9135330965681,246.2126007080078
hold,246.25,246.21009826660156,246.3000030517578,246.12030029296875,37026,246.25,2025-10-03 16:43:00+00:00,246.13224182128906,245.98512115478516,245.7641716003418,245.36588165283203,246.13734704802738,246.03002342560035,245.96260773960844,245.79629120201756,245.71573108791617,83.23871544085942,74.50304402199696,70.37730423868352,0.15455520818283686,0.24016784543491645,0.24425243982235328,246.31084702731968,245.7641716003418,245.2174961733639,0.13713927244533455,0.14517838847258085,0.1569217556695705,243.42260739714428,246.14694650360926,245.9784427933338,245.80928679804217,38535.2,41670.5,35701.8,82.30140135345974,0.3142923376841793,0.2695089308662124,0.044783406817966886,79.9191126907286,83.9906871667544,131.01515700388177,59.775222616062926,246.2234344482422
hold,246.1699981689453,246.2550048828125,246.2899932861328,246.14999389648438,55482,246.1699981689453,2025-10-03 16:44:00+00:00,246.1732604980469,246.0281204223633,245.80617141723633,245.39330963134765,246.14823075500004,246.05801837426935,245.9945139595064,245.83026456264736,245.74938050132573,70.98392276389798,69.54375457749477,67.45608116741946,0.08338318995883014,0.17497870357670006,0.21372056722231159,246.34192924221801,245.80617141723633,245.27041359225464,0.13754786061720642,0.14480845998514205,0.15611592871618324,243.43193825687825,246.1734387167166,246.01571441548916,245.8485225095401,44553.0,44690.2,37494.3,79.62663181915138,0.30863787294362055,0.27733471928169406,0.031303153661926486,27.65559989810648,62.32768147526321,105.95231669209569,71.43016158655364,246.20332845052084
hold,246.1699981689453,246.19000244140625,246.2050018310547,246.08999633789062,25796,246.1699981689453,2025-10-03 16:45:00+00:00,246.1970001220703,246.06212005615234,245.84518127441407,245.4207095336914,246.15548655964847,246.08041433320457,246.02151153018931,245.86114943594717,245.78053736559386,70.98392276389798,69.54375457749477,67.45608116741946,0.04824120827389745,0.13830546937240215,0.24024608416466642,246.36743647219737,245.84518127441407,245.32292607663078,0.13432752240961443,0.14267967664077924,0.15415828892798702,243.43625502968473,246.19629775943162,246.10003964729347,245.87757212438908,41752.6,33982.6,37324.35,81.13068420873162,0.2998769676107145,0.28184316894749817,0.018033798663216305,38.09489210201264,48.55653489694924,76.16197146711583,69.30997837956684,246.15499877929688
hold,246.0500030517578,246.1750030517578,246.1750030517578,245.97000122070312,50105,246.0500030517578,2025-10-03 16:46:00+00:00,246.1700012207031,246.0846206665039,245.8829315185547,245.44080963134766,246.12032539035158,246.07433207691523,246.02589484119986,245.8783179464754,245.8004977867912,54.579313396275786,62.32681026742394,63.12332539415299,-0.054834578944562964,0.09153101039720524,0.2281141985673807,246.34650488930322,245.8829315185547,245.41935814780618,0.14442385221605344,0.14713125909891556,0.1565794099816394,243.44423462306668,246.1645335545728,246.1086592178104,245.90080022701284,43049.6,36924.4,39015.5,77.40490148757415,0.2738342901240287,0.2802413931828043,-0.006407103058775565,25.001192122454817,30.250561374191317,34.1620871714411,54.52249962375211,246.06500244140625
hold,246.00650024414062,246.05999755859375,246.13619995117188,246.0045928955078,20107,246.00650024414062,2025-10-03 16:47:00+00:00,246.12929992675782,246.0927703857422,245.9017562866211,245.46233978271485,246.08238367494795,246.06076571036033,246.02291105703688,245.88997088262676,245.81575722807634,49.71936179012576,59.899867807165435,61.61677021166539,-0.0826556452529029,0.033139042948658805,0.14104721031749037,246.35313445608784,245.9017562866211,245.45037811715434,0.14259288128005473,0.14602238742499749,0.155390250252231,243.44736989823204,246.13637948233995,246.11548298128747,245.92143266882604,37703.2,36461.9,37552.1,73.32498094630625,0.24500848228399263,0.273194811003042,-0.02818632871904936,15.53145899616908,26.209181073545512,18.13141130183762,48.28871311226041,246.0490976969401
hold,246.08999633789062,246.0167999267578,246.13999938964844,246.0167999267578,20192,246.08999633789062,2025-10-03 16:48:00+00:00,246.09729919433593,246.1147705078125,245.91813583374022,245.48873962402342,246.0849212292622,246.0666118358664,246.0332318694759,245.90815501492347,245.83607123621073,58.07809633843705,62.88693476811197,63.37822977497093,-0.06497610644035534,0.08947867778590354,0.14242322654147516,246.37186727724554,245.91813583374022,245.4644043902349,0.1412937761697344,0.14512787014519857,0.15434781669297296,243.45061318994203,246.10642012876997,246.12785086392202,245.93305712721627,34336.4,36435.8,36932.2,73.0854269865656,0.23054059965568285,0.2646639687335702,-0.03412336907788732,58.53368068477857,33.02211060113415,25.10796415126651,43.532245338648735,246.08226521809897
hold,246.05999755859375,246.07000732421875,246.10000610351562,246.0,35352,246.05999755859375,2025-10-03 16:49:00+00:00,246.07529907226564,246.12427978515626,245.9386360168457,245.51413970947266,246.0766133390394,246.06528898041188,246.03734966780175,245.92195888252985,245.85265837120207,54.294703543563074,61.12519593894144,62.29967143373052,-0.04468481584667747,0.03866111448727248,0.09355885198142976,246.37890425654578,245.9386360168457,245.4983677771456,0.13539553721914735,0.14190488681451474,0.15176011606548018,243.45620806969094,246.07231587725315,246.1324964977782,245.9463191535601,30310.4,37431.7,37725.0,59.8638561897521,0.21263060920981047,0.25425729682881826,-0.041626687619007785,42.85558583106267,38.97357517067011,-0.32268795742468637,29.700129130996224,246.05333455403647
hold,245.9199981689453,246.0749969482422,246.08999633789062,245.9199981689453,43503,245.9199981689453,2025-10-03 16:50:00+00:00,246.02529907226562,246.11114959716798,245.95238571166993,245.53393981933593,246.02440828234137,246.03623081811858,246.01929559105463,245.92178063584035,245.85764650436823,40.07931585856517,53.581210168741926,57.50436660326732,-0.10155583615369171,-0.05336361964222747,0.038645874863217126,246.37179656044515,245.95238571166993,245.53297486289472,0.14033877032288525,0.14391154982385743,0.15262859477404364,243.46269168509642,246.018279816181,246.11659039039844,245.95954752716855,33851.8,37802.2,38040.1,52.83564820376344,0.1785843137503491,0.23912270021312446,-0.060538386462775345,0.0,33.79642217194708,-64.05724809762012,12.821857923497262,245.9766642252604
hold,246.13999938964844,245.92999267578125,246.17999267578125,245.92300415039062,20543,246.13999938964844,2025-10-03 16:51:00+00:00,246.04329833984374,246.10664978027344,245.98038558959962,245.5565399169922,246.06293865144374,246.05698453242456,246.03786540622292,245.94161870436835,245.8785615329075,59.51322488720075,61.60132316791312,62.293284732594955,0.036576442501280455,-0.018278192981520988,0.08742353775446594,246.37035394080078,245.98038558959962,245.59041723839846,0.157432446967607,0.15220318961043455,0.15774125725318144,243.4660145840414,246.02480101906414,246.10953851023368,245.98304611437337,27939.4,35494.5,37249.4,52.42955824192975,0.17842299951706764,0.2269827600739131,-0.048559760556845466,84.61764188039204,42.491075903818235,2.1567983256695964,18.648907744712105,246.08099873860678
hold,246.14999389648438,246.16000366210938,246.19500732421875,246.13999938964844,23236,246.14999389648438,2025-10-03 16:52:00+00:00,246.0719970703125,246.10064849853515,246.0133850097656,245.5799398803711,246.0919570664573,246.07558640523655,246.05511594318622,245.96056190365164,245.8986676339132,60.19741647935091,61.92318409641517,62.494893348619065,0.058329211708367336,-0.024374645930844055,0.11388082517487377,246.33800530452584,246.0133850097656,245.6887647150054,0.1428003737679935,0.14526067139328297,0.15284919426828292,243.4697771685332,246.04774470845632,246.0981731872892,246.00377582050058,28565.2,33134.2,37238.9,52.70360819385355,0.17691877132335776,0.21696996232380206,-0.0400511910004443,83.63202574488155,56.08322254175786,57.681410715651545,17.547341437195076,246.1616668701172
hold,246.08999633789062,246.15499877929688,246.19000244140625,246.0800018310547,36766,246.08999633789062,2025-10-03 16:53:00+00:00,246.0719970703125,246.08464813232422,246.03488464355468,245.60143981933595,246.09130349026842,246.0784683917674,246.06048215775616,245.97232867040063,245.9128401305041,53.826791506918575,58.74013155251577,60.45737657362594,0.0,-0.06497610644035534,0.0508574801936232,246.31724537471806,246.03488464355468,245.7525239123913,0.13811469327993195,0.14274209560458864,0.15080878551034385,243.47557636023885,246.0521379236774,246.08028586749404,246.02353371986652,31880.0,33108.2,37389.35,46.4072940048098,0.16562826126329355,0.20670162211170037,-0.04107336084840682,61.39347021204981,76.54771261244113,9.870633092450527,6.962062313672767,246.12000020345053
hold,246.0500030517578,246.122802734375,246.125,245.99000549316406,104782,246.0500030517578,2025-10-03 16:54:00+00:00,246.06999816894532,246.07264862060546,246.05038452148438,245.62164001464845,246.07753667743157,246.07277532376548,246.05886998760255,245.97938997779673,245.92300034689328,49.733666869910074,56.649744630584024,59.10856923660985,-0.0040618170101206835,-0.04874481784134715,-0.0005271246565472789,246.29821827266866,246.05038452148438,245.8025507703001,0.1376689523593613,0.14218869640682785,0.1500557246210864,243.49171325200368,246.04994612206468,246.05885869189797,246.0355519877726,45766.0,38038.2,41364.2,33.99297372474801,0.14977497687220875,0.19531629306380205,-0.045541316191593295,29.266840342389283,58.097445433106884,-63.16387579801581,14.748222235069663,246.05500284830728
hold,246.17999267578125,246.0500030517578,246.24000549316406,246.0500030517578,30818,246.17999267578125,2025-10-03 16:55:00+00:00,246.1219970703125,246.07364807128906,246.0678840637207,245.6446398925781,246.11168867688147,246.09421879416865,246.07750424732234,245.9976265867044,245.9420368156998,60.984044699811776,61.45155405786247,62.001747183729734,0.1057232062344613,0.004060001994669682,-0.002032976364170527,246.29992410551517,246.0678840637207,245.83584402192622,0.14514516508034542,0.14560396390678657,0.15195794922990372,243.4966601348012,246.0946425087356,246.06110608207916,246.07934945002108,43229.0,38540.4,36261.5,32.45797734835092,0.15218197846886028,0.1866894301448137,-0.03450745167595343,75.994873046875,55.551727867104695,45.8275379766054,21.451445122075597,246.15666707356772
hold,246.1199951171875,246.19000244140625,246.19000244140625,246.0449981689453,20830,246.1199951171875,2025-10-03 16:56:00+00:00,246.1179962158203,246.08064727783204,246.08263397216797,245.6674398803711,246.11445749031685,246.09937405877244,246.08404130422468,246.00875099856648,245.9552189121063,54.4247381038715,58.24469964417119,59.94624009722928,-0.008127192862006154,0.02844627700125016,-0.036558870161721095,246.28688045072946,246.08263397216797,245.87838749360648,0.14512503756328712,0.14556112880351163,0.15162682176471484,243.4999189216401,246.09277738911126,246.06611262727924,246.08777055123574,43286.4,35612.9,36268.65,25.135008167784804,0.1441551466661508,0.17818257344908114,-0.03402742678293033,51.995849609375,52.4191876662131,13.388386420228308,34.4710507505361,246.1183319091797
hold,246.19500732421875,246.125,246.2550048828125,246.125,62911,246.19500732421875,2025-10-03 16:57:00+00:00,246.1269989013672,246.09949798583983,246.09613418579102,245.69414001464844,246.14130743495085,246.1185007118617,246.10111299960838,246.0256833918076,245.97298101670722,60.60525938484191,60.98596036415465,61.61673306189412,0.018286991204763098,0.07662686957094536,-0.022332051078680203,246.29245956257571,246.09613418579102,245.89980880900632,0.1436799987149604,0.1448074600050465,0.15083553337710937,243.50999255639468,246.1126983779254,246.089443663987,246.10187821963584,51221.4,39893.3,38177.6,28.656329682960518,0.1455196951544906,0.17164999779016304,-0.026130302635672453,71.43064738792414,66.47379001472471,108.77005956651253,19.840765679922082,246.1916707356771
hold,246.11500549316406,246.19000244140625,246.19500732421875,246.09800720214844,34442,246.11500549316406,2025-10-03 16:58:00+00:00,246.1320007324219,246.10199890136718,246.10838470458984,245.71844024658202,246.13254012102192,246.11780166812218,246.10325030630923,246.03380358284002,245.9835013482966,51.855337575361645,56.70984092789983,58.867362843953394,0.0101626054068037,0.0101626054068037,-0.022339308685174863,246.2750784426393,246.10838470458984,245.94169096654036,0.13701144490858214,0.1413926501525655,0.1482719423625,243.51531237768322,246.11630037201866,246.09154743139527,246.10855932667616,50756.6,41318.3,38877.05,29.796268161147992,0.1343003198255701,0.1641800621972445,-0.029879742371674373,33.3357552859115,52.254084094403545,49.47344958766246,22.734972956424127,246.1360066731771
hold,246.2100067138672,246.1300048828125,246.22999572753906,246.10000610351562,43276,246.2100067138672,2025-10-03 16:59:00+00:00,246.16400146484375,246.11699981689452,246.1206398010254,245.7421304321289,246.15836231863702,246.1362426772712,246.11967436901045,246.04982204929703,246.00027952352406,59.880062492172016,60.27213018277007,61.03519484214934,0.06502892100176785,0.060964462635872435,0.01625240493133421,246.27917737338007,246.1206398010254,245.96210222867072,0.13600832763927576,0.14057814828619922,0.14740135577492558,243.52220909575703,246.17351991185654,246.10636978061183,246.11866470054076,38455.4,42110.7,39771.2,36.75950119573693,0.13596315374715573,0.15853668050722675,-0.022573526760071017,71.33832248031878,58.701575051384815,103.83267519227702,10.3767210068418,246.18000284830728
hold,245.94500732421875,246.19000244140625,246.1999969482422,245.93800354003906,32437,245.94500732421875,2025-10-03 17:00:00+00:00,246.11700439453125,246.11950073242187,246.1153251647949,245.75882843017578,246.08724398716427,246.09799560666073,246.09280251596556,246.04029343792627,245.9961852865385,38.82187486195992,48.32613283753547,52.87347131832866,-0.09545266006729289,0.010169630554509188,-0.04267251625149387,246.28918986377073,246.1153251647949,245.9414604658191,0.15543616280911138,0.14996565011062252,0.15333477568222081,243.52684795774078,246.13426309147945,246.1133778852265,246.11491887576926,38779.2,41004.1,39403.15,37.986951921445616,0.10181032012224023,0.14719140843022943,-0.045381088307989204,2.3986204013377925,35.69089938918936,-90.35487828650875,15.300644594783378,246.02766927083334
hold,245.5,245.94500732421875,245.97999572753906,245.30999755859375,159872,245.5,2025-10-03 17:01:00+00:00,245.99300537109374,246.05550079345704,246.08107528686523,245.7672283935547,245.89149599144287,245.9783964853286,246.00160212889395,245.99117585266023,245.959430820869,22.985370397664383,35.5748059027695,42.7853890824189,-0.25190765865743486,-0.26001437849818776,-0.2058889678272592,246.397762640878,246.08107528686523,245.76438793285246,0.22894502082856866,0.1871108300273861,0.1779377944090347,243.54529417579894,245.83059181617745,245.9338834919537,246.00282835128192,66587.6,54937.0,45215.75,30.064840476011327,0.018965664459614118,0.12154625963610637,-0.10258059517649225,20.65248038744133,31.463141089699302,-350.9658769257917,53.496373238664994,245.59666442871094
hold,245.1699981689453,245.49000549316406,245.61500549316406,245.0,165975,245.1699981689453,2025-10-03 17:02:00+00:00,245.78800354003906,245.95750122070314,246.02907485961913,245.76842834472657,245.65099671727705,245.81671682205194,245.8736630581326,245.91652333595889,245.9009543281339,16.98942689984935,29.383164706731435,37.2512493302523,-0.41634035003950504,-0.3981294949579356,-0.37384622806126633,246.53123254684715,246.02907485961913,245.5269171723911,0.28409651687649634,0.21767473453714872,0.19875054196879793,243.56091113912427,245.52653868195847,245.74344035677416,245.85828502010295,87200.4,69210.9,51172.55,22.219379955532332,-0.08423750608196201,0.0803895064924927,-0.16462701257445472,14.166550106176011,12.405883631651712,-292.81699763270535,62.32563570549612,245.26166788736978
hold,244.593994140625,245.16000366210938,245.1699981689453,244.57000732421875,96872,244.593994140625,2025-10-03 17:03:00+00:00,245.48380126953126,245.80790100097656,245.9462745666504,245.75690826416016,245.29866252505974,245.57217228576658,245.67679091697758,245.79629340911035,245.80414246239252,11.095463497944522,22.139920176817512,30.11279515015481,-0.618008377624626,-0.6079085779706214,-0.5957910397929082,246.73802486772686,245.9462745666504,245.15452426557394,0.32922427799793436,0.24498302812210684,0.217857223052501,243.56667460172795,245.30463192492923,245.57847338449557,245.731839525541,99686.4,75221.5,54164.85,20.669959966051465,-0.23197017662593566,0.017917569868807028,-0.24988774649474269,1.7012066446620855,12.173412379426475,-251.3262570161007,69.69626910961478,244.7779998779297
hold,244.4499969482422,244.58999633789062,244.58999633789062,243.89999389648438,151900,244.4499969482422,2025-10-03 17:04:00+00:00,245.13179931640624,245.647900390625,245.86027450561522,245.740908203125,245.0157739994539,245.34773721826173,245.48805338332596,245.6739028217587,245.7038353872703,10.075956347060256,20.762021148924674,28.670619326711872,-0.7148408747132663,-0.6502768070192041,-0.5977558684321576,246.87764532763026,245.86027450561522,244.84290368360018,0.381335130304033,0.27705568640914385,0.24053070024717355,243.57433487584993,245.0262390710165,245.30221381275018,245.5461829853215,121411.2,79933.3,58985.75,18.411483010246798,-0.35609816900856117,-0.05688557790666662,-0.2992125911018946,32.06993193647404,15.97922956243738,-213.63872331805788,76.31339684547575,244.3133290608724
hold,244.00999450683594,244.4199981689453,244.52830505371094,243.8300018310547,129041,244.00999450683594,2025-10-03 17:05:00+00:00,244.7447967529297,245.43090057373047,245.75227432250978,245.71690795898436,244.68051416858125,245.0801886759766,245.2606597100198,245.52263842949299,245.57836569242332,7.589823397632017,17.232772596313495,24.85190487694264,-0.7867664558166729,-0.8814681263733717,-0.8653631624661808,247.03831813845676,245.75227432250978,244.4662305065628,0.4266162863543497,0.30714479614108,0.2623293917904629,243.57752094066973,244.79752164976824,245.08629340170577,245.37912927052992,140732.0,89755.6,64148.0,14.710533550884975,-0.49817701644673207,-0.14514386561467973,-0.35303315083205233,13.43232594684461,15.734488175993581,-169.82250505621028,82.84784488644121,244.12276713053384
hold,244.08999633789062,244.00999450683594,244.2899932861328,243.88499450683594,84734,244.08999633789062,2025-10-03 17:06:00+00:00,244.46279602050782,245.22790069580077,245.6542739868164,245.6904138183594,244.48367489168442,244.8821502083594,245.08055765276916,245.3923982393473,245.46811611060608,12.185967367436689,19.898898346926728,26.71539460744657,-0.5743395772339613,-0.824800430509643,-0.8368871052907922,247.1206973819303,245.6542739868164,244.1878505917025,0.4235280710604248,0.3141343663664939,0.2691231721479111,243.57997017159275,244.52345317072553,244.97609407761658,245.2707134286227,125704.4,96146.0,65879.45,11.91283391975125,-0.5859659022466701,-0.2333082729410778,-0.3526576293055923,34.21005079607284,26.570769559797167,-133.04703587297976,83.87724276821677,244.08832804361978
hold,244.53500366210938,244.05999755859375,244.61500549316406,244.05999755859375,66809,244.53500366210938,2025-10-03 17:07:00+00:00,244.33579711914064,245.06190032958983,245.58069915771483,245.67531402587892,244.5007844818261,244.81272089910942,244.99662626959073,245.31445327778022,245.3989966699767,33.613330389983716,32.8553368245485,35.9866046737545,-0.2590017178196356,-0.674263739200562,-0.6318796777282193,247.11513230924422,245.58069915771483,244.04626600618545,0.44231090870469447,0.3313396212381952,0.2827367322632635,243.58355541911695,244.32219233812768,244.8661329431705,245.22384183063474,105871.2,96535.8,68214.55,17.23688533658712,-0.5862757708672746,-0.30390177252631717,-0.2823739983409574,89.80873148544104,45.8170360761195,-85.72195923759314,63.1645780423831,244.40333557128906
hold,244.61000061035156,244.5500030517578,244.74000549316406,244.4530029296875,52896,244.61000061035156,2025-10-03 17:08:00+00:00,244.33899841308593,244.9113998413086,245.5066993713379,245.66131408691408,244.53718985800126,244.77217684135786,244.93714539893853,245.25041212619578,245.34055251741188,36.6525171653472,34.770270949862336,37.38827244035038,0.006544097610736863,-0.6115047230853635,-0.5852478860174363,247.07805408412577,245.5066993713379,243.93534465855004,0.42012400224353275,0.32817268854093573,0.2829398670829444,243.58659725123994,244.29931113609223,244.8086402065057,245.18807997250454,97076.0,98381.2,69849.75,22.696018323625964,-0.5683756760540177,-0.3567965532318573,-0.2115791228221604,84.79494592568797,69.60457606906728,-58.81089766451991,55.173158614731086,244.60100301106772
hold,244.49000549316406,244.61000061035156,244.61000061035156,244.3000030517578,50087,244.49000549316406,2025-10-03 17:09:00+00:00,244.3470001220703,244.7393997192383,245.4281997680664,245.64341430664064,244.52146173638886,244.71574257171912,244.86835464420398,245.1812842504656,245.27754903413427,33.76692595505932,33.14164601619744,36.06170374057649,0.01636676024600077,-0.6985911107593703,-0.686484374399547,247.03755131267206,245.4281997680664,243.81884822346075,0.40439165315070663,0.3268744649732796,0.2842283285834589,243.58912520281868,244.26453789803233,244.73131008812592,245.1414786486323,76713.4,99062.3,70586.5,19.63335096737059,-0.5618064624151486,-0.3977985350685156,-0.16400792734663305,63.2357231010883,79.27980017073911,-60.54226221460465,63.39419913068205,244.46666971842447
hold,244.50999450683594,244.46499633789062,244.50999450683594,244.25999450683594,45732,244.50999450683594,2025-10-03 17:10:00+00:00,244.4470001220703,244.5958984375,245.35769958496093,245.62701416015625,244.5176393265379,244.6745929587425,244.81322231537814,245.12025791013565,245.2206931432233,34.76505316229115,33.698763905324796,36.45605714661564,0.20490963946396568,-0.5834689766607446,-0.6541527069285765,246.99793686589985,245.35769958496093,243.717462304022,0.3823357027006057,0.3213834317609025,0.28259840817472276,243.59147196831793,244.41131751881574,244.68201333140806,245.0971018544927,60051.6,100391.8,70697.95,19.221197556079005,-0.5461001844807924,-0.427458864950971,-0.11864131952982143,52.082141267722044,66.7042700981661,-55.91342253058024,63.81569040807107,244.4266611735026
hold,244.86000061035156,244.51280212402344,244.97720336914062,244.50010681152344,57061,244.86000061035156,2025-10-03 17:11:00+00:00,244.6010009765625,244.53189849853516,245.2936996459961,245.61311828613282,244.6317597544758,244.7116744890643,244.8204189761433,245.0965981556098,245.19397517782537,50.12054478687429,42.7020212104632,42.92781940039755,0.3154591683450355,-0.2606922157427444,-0.5422558029818584,246.9065036099094,245.2936996459961,243.6808956820828,0.39587296768868885,0.33250579789349427,0.29186022481484014,243.5954927677429,244.6051254496653,244.548159047114,245.07300393487273,54517.0,90110.7,72523.85,18.79277059395679,-0.48230068876105747,-0.43842722971298836,-0.04387345904806911,83.65848988362445,66.32545141747828,-16.863499456103412,44.67460736117453,244.77910359700522
hold,244.91070556640625,244.8800048828125,244.91070556640625,244.6649932861328,38466,244.91070556640625,2025-10-03 17:12:00+00:00,244.67614135742187,244.50596923828124,245.2317352294922,245.60209228515626,244.72474169178597,244.7514807045327,244.83430922079913,245.07969882931857,245.17299224364618,52.02900758379853,43.89072104100302,43.798503014445934,0.15363931489170682,-0.10576033139274464,-0.48932405577816845,246.8028708680289,245.2317352294922,243.66059959095548,0.3744214409150815,0.32630626092063303,0.2896627036462019,243.59829703128943,244.6724325110036,244.43277090775112,245.05167094827345,48848.4,77359.8,73285.35,22.004901262166356,-0.4215115391134816,-0.43504409159308705,0.013532552479605442,90.72825138820926,75.48962751318525,-2.457125122858192,44.237333571620056,244.82880147298178
hold,245.2606964111328,244.9149932861328,245.27000427246094,244.9149932861328,44005,245.2606964111328,2025-10-03 17:13:00+00:00,244.80628051757813,244.57263946533203,245.1902702331543,245.5987063598633,244.90339326490158,244.85332384585274,244.8999072500812,245.09615315493804,245.1794888486452,63.32819767016068,51.387456709025415,49.393939933270254,0.2660135722814406,0.2725750780800054,-0.38556934196326775,246.711597001132,245.1902702331543,243.66894346517662,0.3722610502207395,0.3286628641444941,0.2929787037608917,243.60234209274512,244.79645556908312,244.46165109295387,245.03199819327665,47070.2,72073.1,73647.3,22.041233941727512,-0.3261650027924645,-0.41326827383296255,0.08710327104049803,98.79102584429998,91.05925570537791,58.20841060184912,31.728375919110153,245.14856465657553
hold,245.24000549316406,245.30320739746094,245.30320739746094,245.154296875,30805,245.24000549316406,2025-10-03 17:14:00+00:00,244.95628051757814,244.65164031982422,245.1497703552246,245.59690643310546,245.01559734098907,244.93066017531504,244.95223005670937,245.1092306402313,245.183971563054,62.31583322839017,50.954021947932745,49.09055331463193,0.3067610058280971,0.32317797291245,-0.28665019010746323,246.6196481698259,245.1497703552246,243.6798925406233,0.3403538319693392,0.31582341116709717,0.2861183141751796,243.60512689557882,244.9307308254312,244.50458959544568,244.96033047211318,43213.8,59963.6,69948.45,24.70247316119351,-0.253311387738961,-0.3812768966141623,0.1279655088752013,90.09706880887487,93.20544868046136,92.3486931647253,27.45390541471393,245.23250325520834
hold,244.94000244140625,245.22000122070312,245.22000122070312,244.9199981689453,40423,244.94000244140625,2025-10-03 17:15:00+00:00,245.0422821044922,244.74464111328126,245.08777084350587,245.5879104614258,244.99039904112814,244.93252862853328,244.95034888512427,245.0938462585199,245.1658997762653,49.0515161860379,45.02418113938627,44.892643142902905,0.17586517697880463,0.38113518114286027,-0.22810491185081466,246.4812176281455,245.08777084350587,243.69432405886624,0.33744718800496937,0.3161222620993581,0.2877320765582067,243.60809890314067,245.02380303958265,244.66392593643866,244.9330622776286,42152.0,51101.8,70428.7,27.513115154922716,-0.23337114773201506,-0.35169574683773286,0.1183245991057178,6.442103608206902,65.11006608712725,70.44699154450431,18.575541547495387,245.02666727701822
hold,245.13999938964844,244.94000244140625,245.15499877929688,244.92999267578125,31274,245.13999938964844,2025-10-03 17:16:00+00:00,245.09828186035156,244.84964141845703,245.0387710571289,245.58481048583985,245.04026582396827,244.97402278075631,244.9795258858203,245.09804199771338,245.1639812291085,56.288057983194356,49.26324204983783,48.00496217007296,0.11435055893119928,0.4301704565984371,-0.012235909581482723,246.35008269031664,245.0387710571289,243.72745942394118,0.321384175935063,0.30961396505766287,0.28474512546094094,243.6107330934052,245.09397898453847,244.80275002383098,244.9201998193605,36994.6,45755.8,70950.9,34.96025804067763,-0.18995844835217213,-0.31934828714062075,0.12938983878844862,57.41020944493111,51.316460620670966,86.34761873169013,9.892659370653224,245.0749969482422
hold,245.02999877929688,245.10499572753906,245.17999267578125,244.99000549316406,22930,245.02999877929688,2025-10-03 17:17:00+00:00,245.12214050292968,244.89914093017578,244.98052062988282,245.57281036376952,245.0368434757445,244.98521798046443,244.98729094635513,245.09185625058458,245.1540566031965,51.5863750571378,47.111542242125054,46.488670740562014,0.04870886007809866,0.202423010928721,0.17825647772087233,246.17993910553716,244.98052062988282,243.78110215422848,0.3026131768896522,0.3010691948833432,0.28023284246838126,243.61252021338285,245.12692768639036,244.8585872324954,244.86386940561033,33887.4,41367.9,68951.85,38.01741193428493,-0.16883862273206773,-0.28924635425891015,0.12040773152684242,36.66649712629063,33.506270059809545,75.37748752210723,6.690735669896874,245.06666564941406
hold,244.97999572753906,245.0500030517578,245.05999755859375,244.9149932861328,26843,244.97999572753906,2025-10-03 17:18:00+00:00,245.06600036621094,244.93614044189454,244.92377014160155,245.55716217041015,245.0178942263427,244.98417352987937,244.9861686049988,245.0816871121259,245.14116320499963,49.39813081749334,46.125299123079934,45.798215046702424,-0.11444992520253175,0.1512591947444042,0.21681275758374932,246.00465453975056,244.92377014160155,243.84288574345254,0.2800976191141215,0.2899217004245999,0.2737933867537411,243.61453299591477,245.0623695691437,244.9009172263487,244.83472156934795,30455.0,38762.6,68571.9,44.5995544930642,-0.15698967512025774,-0.2627950184311797,0.10580534331092195,24.5292796683365,39.53532874651941,51.63492861655236,39.978716424359284,244.98499552408853
hold,244.94000244140625,244.97999572753906,244.9949951171875,244.91000366210938,19615,244.94000244140625,2025-10-03 17:19:00+00:00,245.00599975585936,244.98114013671875,244.86026992797852,245.5429623413086,244.99193029803055,244.97533931218476,244.97906611829225,245.068806687515,245.12626240769643,47.51729927057099,45.30832198098754,45.2340142487795,-0.12233038861441997,0.18405535528313013,0.38113518114286027,245.7665556264125,244.86026992797852,243.95398422954455,0.25222530996612197,0.27528382575699456,0.26480281857871174,243.61595708585762,245.00657125004517,244.9606897403717,244.7920945208015,28217.0,35715.4,67388.85,52.55501985599686,-0.15092309551167205,-0.2404206338472782,0.08949753833560614,11.11111111111111,24.102295968579412,36.99989918524025,44.91836413489176,244.94833374023438
hold,244.88999938964844,244.9199981689453,244.9499969482422,244.7949981689453,32988,244.88999938964844,2025-10-03 17:20:00+00:00,244.99599914550782,245.019140625,244.80751953125,245.52786224365235,244.95795332856986,244.9582713276775,244.96536354465474,245.05255147861806,245.1087614433966,45.01710826340814,44.252946484726166,44.51409887234653,-0.02041440812419934,0.1554148670196285,0.3277492169938741,245.56585262045533,244.80751953125,244.04918644204466,0.23833580558480097,0.2666920367241289,0.2595740548033862,243.61825500741713,244.99793255510198,245.01376387042134,244.76675399031416,26730.0,34441.0,67416.4,57.38803013006106,-0.15049011571909432,-0.22243453022164145,0.07194441450254713,35.8495998157425,23.829996865063368,9.071177661583059,36.402195608782435,244.87833150227866
hold,244.83999633789062,244.8699951171875,244.9149932861328,244.82000732421875,28778,244.83999633789062,2025-10-03 17:21:00+00:00,244.93599853515624,245.01714019775392,244.77451934814454,245.51306213378905,244.9186343316768,244.93461632972014,244.94607628207564,245.03322828400647,245.0888529170628,42.41351863563258,43.17002733066918,43.78244507707993,-0.12238029391562476,-0.008169677534539633,0.1247235247362292,245.4637349417853,244.77451934814454,244.08530375450377,0.2178572564889812,0.25442731709483846,0.2517365265705613,243.62017434970062,244.929401769594,245.025699590343,244.67218077121092,26230.8,31612.7,60861.7,48.77830278417805,-0.1542365873426661,-0.2087949416458464,0.05455835430318029,22.499427786678872,23.153379571177492,-7.690309870963153,23.736863757058984,244.85833231608072
hold,245.02439880371094,244.83999633789062,245.22999572753906,244.8101043701172,44496,245.02439880371094,2025-10-03 17:22:00+00:00,244.93487854003905,245.02850952148438,244.76723937988282,245.50375,244.9538891556882,244.9525728245183,244.9581259007888,245.0324256039796,245.084078538296,53.88784843285082,48.20393775907096,47.14634146583596,-0.002285424484281822,0.046422322389602595,0.16941179523542269,245.44252701614494,244.76723937988282,244.0919517436207,0.24671927090796603,0.2662461771181982,0.2597438994682429,243.62357699299372,244.9419757520297,245.03925037558986,244.61107865530465,30544.0,32215.7,54787.75,47.94898000173881,-0.13150571377769893,-0.1933370960722169,0.061831382294517984,52.73607408446752,37.02836722896296,42.48715375745642,31.689669033900575,245.02149963378906
hold,245.0886993408203,245.03500366210938,245.14999389648438,244.97000122070312,48101,245.0886993408203,2025-10-03 17:23:00+00:00,244.9566192626953,245.0113098144531,244.79197463989257,245.4923239135742,244.99882588406558,244.9797981277787,244.97821412233208,245.0375413982378,245.08442081996446,57.345390123449974,49.87136345030385,48.27944861473309,0.04437244476163171,-0.07012826467074026,0.2448745691868331,245.47624839947244,244.79197463989257,244.1077008803127,0.23718690017557803,0.2600852127369876,0.25594622214981466,243.62740480662944,244.97667543326423,245.0166722288218,244.63460245671905,34795.6,32625.3,52349.2,57.53235611100835,-0.1046226921857567,-0.1755942152949249,0.07097152310916818,66.3492986408896,47.194933504012,54.310798036071716,43.761713643137284,245.06956481933594
hold,244.8699951171875,245.07000732421875,245.08999633789062,244.7899932861328,32006,244.8699951171875,2025-10-03 17:24:00+00:00,244.94261779785157,244.97430877685548,244.81297454833984,245.47492370605468,244.95588229510622,244.95783752566047,244.96156504461752,245.0223099181423,245.06853743457356,44.19556240672971,44.61096527938636,44.845846118390924,-0.028581417294423733,-0.15087684214999592,0.147233494924273,245.47952858522547,244.81297454833984,244.1464205114542,0.24616063611589725,0.2629364869527608,0.2580441664168622,243.62956119917058,244.96221450112927,244.98132580201673,244.6729758123033,37273.8,32745.4,46354.5,59.10774102273579,-0.1106999089130909,-0.1626153540185581,0.051915445105467195,18.18213344430573,45.755835389887615,-46.18844597036322,32.63605384797057,244.91666158040366
hold,245.08999633789062,244.8800048828125,245.11000061035156,244.7949981689453,49366,245.08999633789062,2025-10-03 17:25:00+00:00,244.9826171875,244.98930816650392,244.8669746398926,245.4601235961914,245.00058697603436,244.9842692881065,244.98132370512107,245.02846322902852,245.0701269829674,56.028821354004364,50.29104713947459,48.699449046104284,0.08166807494820118,0.061236994769874736,0.09392948091389465,245.43179591207007,244.8669746398926,244.3021533677151,0.2559951797288048,0.2666554836994386,0.26075646522588064,243.6334598806566,245.0050773314108,245.0022387229997,244.79822543132696,40549.4,33639.7,42370.75,58.469977851708734,-0.08585769486089134,-0.14726382218702475,0.0614061273261334,83.3340397575552,55.95515728091684,-4.217701742307409,10.514521333811405,244.99833170572916
hold,245.16000366210938,245.0800018310547,245.19000244140625,244.99000549316406,109193,245.16000366210938,2025-10-03 17:26:00+00:00,245.04661865234374,244.99130859375,244.92047500610352,245.44682373046874,245.05372587139271,245.01941616290708,245.00881292927312,245.04042145021768,245.0767845147557,59.23774245453235,51.97864242317828,49.869746669795695,0.13070059181716576,0.008160346133125683,0.1017914243995876,245.37214751797606,244.92047500610352,244.46880249423097,0.24799543237357377,0.2618941597382064,0.25786315489332384,243.64242084484724,245.08159738586548,245.03341902959522,244.91236432565924,56632.4,41431.6,43593.7,63.71229893099128,-0.05736835184862343,-0.1292847281193445,0.07191637627072106,92.50047682624452,64.67221667603515,73.89824586765944,15.479781143177654,245.11333719889322
hold,245.0500030517578,245.1699981689453,245.1999969482422,245.02000427246094,79570,245.0500030517578,2025-10-03 17:27:00+00:00,245.05173950195314,244.9933090209961,244.94622497558595,245.42932373046875,245.05248493151444,245.02553354067723,245.01514987119384,245.04129250490314,245.07480070268178,52.24803073714102,49.15482789757449,48.06087850994532,0.010449672837433045,0.008164009533769669,-0.08590587993023258,245.36454744185085,244.94622497558595,244.52790250932105,0.23828075286038466,0.256044053741281,0.25415503684036794,243.64841627061617,245.08169525960258,245.03638749582734,244.95324333452365,63647.2,47095.6,44231.75,52.53136125584403,-0.049267162004554166,-0.11328121489638643,0.06401405289183226,62.96435837540502,79.59962498640158,61.034127371006825,11.543457310856299,245.09000142415366
hold,245.1199951171875,245.0500030517578,245.19000244140625,244.9600067138672,42836,245.1199951171875,2025-10-03 17:28:00+00:00,245.05799865722656,245.00730895996094,244.97172470092772,245.41432373046874,245.0749883267388,245.0444258559793,245.03127990903903,245.04844728783806,245.07814843708962,56.0938317252556,50.97967231581102,49.28975566014105,0.012769163348354791,0.05714727409993978,-0.048935888634983625,245.3664684019274,244.97172470092772,244.57698099992805,0.2370971778144815,0.25418345901255107,0.2530045935403058,243.65178289487756,245.08586085126717,245.04685089200385,244.9821706952417,62594.2,48694.9,43728.75,49.94379327381707,-0.03372258111031101,-0.09736948813917136,0.06364690702886035,66.66454730417091,74.04312750194015,78.91786583609804,19.593756390157456,245.09000142415366
hold,245.08900451660156,245.1199951171875,245.13999938964844,245.02000427246094,20229,245.08900451660156,2025-10-03 17:29:00+00:00,245.10180053710937,245.02220916748047,245.0016746520996,245.39680572509766,245.07966039002642,245.05334158810376,245.0401606178948,245.05213430863472,245.07895259112752,53.853375697470234,50.1219048766827,48.75347769589388,0.08943905083562856,0.06083207059286133,0.06083207059286133,245.33118159160975,245.0016746520996,244.67216771258947,0.220368312010627,0.24459857745361885,0.24667080895207696,243.65333396491752,245.10901068788743,245.0528984346403,245.0139117633731,60238.8,48756.3,42235.85,51.792589478258805,-0.025611003023755075,-0.08301779111608812,0.057406788092333044,53.75127161749746,61.12672576569113,64.76781248418872,1.6931034482758671,245.08300272623697
hold,245.2100067138672,245.05999755859375,245.26499938964844,244.99000549316406,29693,245.2100067138672,2025-10-03 17:30:00+00:00,245.12580261230468,245.05420989990233,245.03667526245118,245.37997985839843,245.12310916464003,245.08467461325645,245.06629078650593,245.06648634547403,245.08866030392306,60.956924817907876,53.41756665503104,50.94173330158175,0.048965840209614885,0.13067390461689748,0.028558099205782332,245.28966780943264,245.03667526245118,244.78368271546972,0.22817196693544814,0.24676967167010141,0.24801952740599592,243.65579601693673,245.1229973439499,245.0736281335493,245.04874772057357,56304.2,48426.8,41433.9,51.653274177880746,-0.003985690666610253,-0.06721137102619255,0.0632256803595823,81.96918150890534,67.46166681019123,118.6917371483996,13.859680928208846,245.1550038655599
hold,245.35000610351562,245.22500610351562,245.4199981689453,245.19000244140625,24347,245.35000610351562,2025-10-03 17:31:00+00:00,245.16380310058594,245.10521087646484,245.06117553710936,245.36328002929687,245.19874147759856,245.1377409113083,245.1099392968151,245.09226086893233,245.10801925204103,67.673832058512,56.960911420451765,53.36111290191055,0.07750140258119753,0.20830328919020352,0.13059924328163042,245.33503066605238,245.06117553710936,244.78732040816635,0.2284325041645359,0.2455715328035986,0.24716125122185625,243.65799031535713,245.1305537256474,245.10166355026425,245.07149351900904,39335.0,47983.7,39798.2,55.98710554041122,0.029721659267266887,-0.04782476496750067,0.07754642423476756,83.72249822569198,73.14765045069826,200.47415066279726,23.68294249919692,245.32000223795572
hold,245.56500244140625,245.3209991455078,245.57949829101562,245.3209991455078,33824,245.56500244140625,2025-10-03 17:32:00+00:00,245.2668029785156,245.15927124023438,245.09389038085936,245.35037994384766,245.32082846553448,245.2231932173279,245.17994901136757,245.13523737552086,245.1418698586607,75.29017798154784,61.77021998578814,56.79671459390959,0.21016093990403373,0.2206325738721188,0.23879774841608623,245.4358781805307,245.09389038085936,244.75190258118803,0.23272773864214685,0.24649493371104247,0.24770115094975895,243.66141547375332,245.27038245626392,245.1423953755637,245.10040376689292,30185.8,46916.5,39566.1,61.40806812164568,0.08132335866719131,-0.021995140240562275,0.10331849890775359,97.54096238966686,87.74421404142139,234.84223103800974,41.20051340203616,245.4884999593099
hold,245.50999450683594,245.5800018310547,245.61500549316406,245.47000122070312,16932,245.50999450683594,2025-10-03 17:33:00+00:00,245.3448028564453,245.20140075683594,245.10635528564453,245.33557983398438,245.38388381263496,245.2805534752295,245.23072524143964,245.1693062056404,245.16913835111814,70.3430334948808,59.925171343611694,55.69453893076795,0.15910549829359524,0.17189497808292334,0.23270680972824728,245.48766597012983,245.10635528564453,244.72504460115923,0.22019581490197407,0.2392456007646064,0.2428108234026722,243.6630760477071,245.35435848743336,245.1625029141209,245.10024872920096,25005.0,43799.6,38212.45,64.78990257955553,0.11141512411137455,0.004686912629825093,0.10672821148154946,75.2917100491868,85.51839022151522,187.9211270297639,43.425451981179094,245.53166707356772
hold,245.3000030517578,245.51499938964844,245.51499938964844,245.2949981689453,16058,245.3000030517578,2025-10-03 17:34:00+00:00,245.38700256347656,245.24440155029296,245.1093551635742,245.31817993164063,245.35592355900928,245.28444339053516,245.24138336610397,245.1811877371056,245.178832032647,54.41795555583941,53.37130658994249,51.67502205164152,0.08609057577773041,0.1756066252071935,0.16742360371238008,245.49573484329665,245.1093551635742,244.72297548385177,0.22016801573070993,0.2378710021887863,0.2417246518455509,243.66446940621987,245.39155217477412,245.18991681433798,245.0987843539194,24170.8,42204.8,37475.1,66.84350848191328,0.105611357888165,0.024871801681493076,0.08073955620667192,1.5639900820141142,58.13222084028925,92.06109431599313,36.88167925644863,245.37000020345053
hold,245.27999877929688,245.2949981689453,245.35499572753906,245.24000549316406,18335,245.27999877929688,2025-10-03 17:35:00+00:00,245.4010009765625,245.2634017944336,245.12635498046876,245.30037994384764,245.33061529910515,245.28355446828752,245.24732419890287,245.19017055912298,245.1863258657322,53.08234902351634,52.77912325197053,51.304658295101234,0.028543723140695663,0.0775235400241735,0.1797101976749853,245.51134986565668,245.12635498046876,244.74136009528084,0.20514261839417994,0.22909380448780153,0.23568967958504844,243.66603801988532,245.4221039562514,245.20675579337936,245.11217563830328,21899.2,39101.7,36370.7,68.17470516613324,0.09722860255533305,0.03934316185626108,0.05788544069907198,10.664876302083334,29.173525477761416,47.00587023978552,31.387202762154036,245.29166666666666
hold,245.13999938964844,245.3000030517578,245.33999633789062,245.13999938964844,22856,245.13999938964844,2025-10-03 17:36:00+00:00,245.35899963378907,245.2614013671875,245.12635498046876,245.28217987060546,245.2670766626196,245.25484345255973,245.2308126897868,245.1856095437162,245.18289427491115,44.22074162018661,48.706075074182195,48.73777463433128,-0.08559474572769465,-0.00815968027497189,0.047179214193321065,245.51134986565668,245.12635498046876,244.74136009528084,0.20440752265818102,0.22701545761311484,0.23399002571157887,243.66781991118845,245.3786576754892,245.21850326976798,245.11184987802253,21601.0,30468.0,35949.8,62.23296355826243,0.07194917764857678,0.04586436501472422,0.02608481263385256,0.0,4.076288794699149,5.408935950493059,1.2986326705858973,245.2066650390625
hold,245.1999969482422,245.14500427246094,245.2012939453125,245.1199951171875,19078,245.1999969482422,2025-10-03 17:37:00+00:00,245.28599853515624,245.27640075683593,245.134854888916,245.2660498046875,245.24471675782712,245.24387415169625,245.22607180647225,245.18691748958219,245.18416113960234,48.51782229675476,50.470147963738306,49.86646406454282,-0.1486390526073257,0.061209506066683995,0.045411154296879495,245.51846900782857,245.134854888916,244.75124077000345,0.18682056629629804,0.21660712693539236,0.22671901630269417,243.66936444938867,245.27452386838428,245.27196412265593,245.1168258206291,18651.8,24418.8,35757.2,55.86311226663852,0.059713012093908446,0.04863409443056106,0.011078917663347385,34.04324394519836,14.9027067490939,-13.247610469084817,0.4259408357790301,245.17376200358072
hold,245.4149932861328,245.1999969482422,245.4149932861328,245.15499877929688,27201,245.4149932861328,2025-10-03 17:38:00+00:00,245.26699829101562,245.30590057373047,245.1566047668457,245.25254974365234,245.30147560059572,245.2780979785836,245.25513664949693,245.20765165290499,245.20125981712312,61.05930194676951,56.27348303236399,53.70199967391659,-0.03869545958565031,0.1203484721041542,0.2225663330799237,245.55178421445882,245.1566047668457,244.7614253192326,0.1972739863733894,0.21970622549971702,0.22830356347094383,243.67186980791112,245.27291966258406,245.31746901908687,245.1332945145223,20705.6,22855.3,35775.1,62.26413442542642,0.07683816146047207,0.05427490783654326,0.022563253623928803,100.0,44.681081315066116,48.02127115499644,32.15845683843765,245.32832845052084
hold,245.47999572753906,245.39999389648438,245.49000549316406,245.3300018310547,20147,245.47999572753906,2025-10-03 17:39:00+00:00,245.30299682617186,245.34499969482422,245.18360443115233,245.24094970703126,245.36098230957685,245.3184775283747,245.2897303538111,245.23241020514445,245.22190692159836,64.1406429465342,57.88034549396166,54.79980638819786,0.07337654852913797,0.15953029459998294,0.1591249726532164,245.58954026048943,245.18360443115233,244.77766860181524,0.19194965433567304,0.21544175668612114,0.22505118721563103,243.67378984997285,245.3076451838056,245.35202935285335,245.14834465648877,21523.4,22847.1,35801.7,59.74904148125684,0.09657060677633922,0.06273404762450246,0.033836559151836754,97.29473380345581,77.11265924955138,86.09658375084487,35.11150822878808,245.43333435058594
hold,245.37100219726562,245.5,245.52000427246094,245.3105926513672,23517,245.37100219726562,2025-10-03 17:40:00+00:00,245.32119750976562,245.36109924316406,245.2076545715332,245.22996978759767,245.36432227213982,245.3289824621529,245.30223371434258,245.24500947715546,245.23295101609224,55.54293487561169,54.278559787686135,52.60376350916016,0.03710185030237013,0.06565616369249618,0.08606564366309022,245.59785075424108,245.2076545715332,244.81745838882532,0.19444422101539832,0.2150110327152375,0.22430644597173194,243.67589097455001,245.32534803322983,245.37300716432665,245.1678171324732,22559.8,22229.5,35328.15,43.26661443085961,0.09603144606066394,0.06939352731173476,0.02663791874892918,59.17812800468208,85.49095393604597,60.94166816063701,32.4382087450655,245.4005330403646
hold,245.125,245.36000061035156,245.39999389648438,245.110107421875,23531,245.125,2025-10-03 17:41:00+00:00,245.31819763183594,245.3385986328125,245.22190475463867,245.2096697998047,245.28454818142654,245.28818596972235,245.27496698905912,245.23409952468677,245.22495464452987,41.05268168558219,47.14729608387329,48.041254864962674,-0.006118703469765482,-0.09170821190878335,0.030604753033341998,245.57654912638546,245.22190475463867,244.86726038289189,0.20807882867168073,0.22035927856481874,0.22742930447828635,243.6776837979365,245.3211350772026,245.34918617111194,245.17983239646586,22694.8,22147.9,35065.8,51.45588857838245,0.06323132519247565,0.06816108688788294,-0.004929761695407292,3.633250195436102,53.36870400119133,-44.97917177161876,13.048486297350752,245.21170043945312
hold,245.16000366210938,245.13999938964844,245.25,245.10009765625,21705,245.16000366210938,2025-10-03 17:42:00+00:00,245.31019897460936,245.2980987548828,245.2286849975586,245.1898699951172,245.24303334165418,245.26254950819975,245.25728032337454,245.2273635371797,245.22014346064688,43.49960263158588,48.19035296929744,48.7059427023946,-0.016310475787344503,-0.16492528465798414,0.016322024199922014,245.57300080108254,245.2286849975586,244.88436919403463,0.19976790225429777,0.21532664036376023,0.22373754444360608,243.67937347012065,245.31091738622413,245.29470596532124,245.1893910574791,23220.2,20936.0,33926.25,47.93956862392908,0.04240604755287336,0.06301007902088103,-0.02060403146800767,14.266506777135797,25.69262832575133,-75.23746694772301,17.221408450704228,245.17003377278647
hold,245.1649932861328,245.17999267578125,245.22999572753906,245.0399932861328,23784,245.1649932861328,2025-10-03 17:43:00+00:00,245.26019897460938,245.2635986328125,245.2324996948242,245.17136993408204,245.21701998981374,245.24303826378636,245.24308231764505,245.22169351435727,245.21605826253472,43.88696796433915,48.346839407936535,48.80396819121129,-0.1018682667478761,-0.14052430793953638,0.031004560845610176,245.57218674918133,245.2324996948242,244.8928126404671,0.19837283641886239,0.21351776900965236,0.22213111096563676,243.68122679344538,245.2549943860645,245.2635774805621,245.19590747988497,22536.8,21621.2,32710.4,47.40823533599533,0.026980001251644126,0.05580406346703365,-0.028824062215389523,34.72216335353706,17.540640108702988,-96.4204490265122,12.2398558620764,245.1449940999349
hold,245.11500549316406,245.1699981689453,245.1699981689453,245.02000427246094,21730,245.11500549316406,2025-10-03 17:44:00+00:00,245.18720092773438,245.24509887695314,245.24475021362304,245.15266998291017,245.1830151575972,245.21743170966192,245.22337819080184,245.2119946033397,245.20857287221096,40.6310724154141,46.82107228434911,47.84220404579418,-0.1486843085903043,-0.07541685947501431,-0.03874279927490107,245.54685294081642,245.24475021362304,244.94264748642965,0.19146155928536418,0.20898034954356112,0.2186960055141481,243.68285911511853,245.18870174978792,245.24639106284644,245.20937652771775,22853.4,22188.4,32196.6,39.1345766669853,0.00885883745095839,0.0464150182638186,-0.03755618081286021,41.3056458568301,30.09810532916765,-116.61181993014888,2.147843416038314,245.10166931152344
hold,245.26499938964844,245.24000549316406,245.32000732421875,245.14999389648438,35874,245.26499938964844,2025-10-03 17:45:00+00:00,245.16600036621094,245.24359893798828,245.25350036621094,245.1343701171875,245.21034323494763,245.22694524565924,245.22978145216285,245.21681322027686,245.21275261424336,52.871015151602776,51.742378467070786,50.89129812883902,-0.043201032994097124,-0.006115211074317544,-0.03464712115447118,245.54718736032464,245.25350036621094,244.95981337209724,0.19339588382383896,0.2086961696514987,0.21804390196845952,243.68582717865357,245.1764603256426,245.24660556869833,245.22188959319567,25324.8,23942.3,31522.0,41.29436169944905,0.014192631415880896,0.03997054089423106,-0.025777909478350167,81.66420833121408,52.564005847193755,-27.96208545225395,1.7735142723444102,245.24500020345053
hold,245.23500061035156,245.27499389648438,245.3699951171875,245.2100067138672,32109,245.23500061035156,2025-10-03 17:46:00+00:00,245.18800048828126,245.2530990600586,245.25725021362305,245.11667022705078,245.21856236008227,245.22855631859773,245.23058439957651,245.21846661937454,245.2144006139551,50.44435189751246,50.731193582375745,50.27411320673932,0.04487531273903621,0.03875386348195309,-0.13438471597084709,245.54796644390078,245.25725021362305,244.96653398334533,0.18862338660904945,0.2052170434849854,0.21527935441378585,243.68842402715515,245.1993193286486,245.25490539345347,245.23486224032152,27040.4,24867.6,27667.8,40.97708134340981,0.014155704642632827,0.03480757364391142,-0.02065186900127859,61.429131970179185,61.466328719407784,-3.7404183793799035,7.2296080609938365,245.27166748046875
hold,245.3000030517578,245.2451934814453,245.32000732421875,245.1750030517578,31951,245.3000030517578,2025-10-03 17:47:00+00:00,245.21600036621095,245.26309967041016,245.26975021362304,245.09877014160156,245.24570925730745,245.24284566522977,245.24126419221977,245.22587902231848,245.22074153527382,55.596432021806926,52.880013908413446,51.609321062397555,0.0571053138999749,0.04078552396423345,-0.08553275213904908,245.54482513134613,245.26975021362304,244.99467529589995,0.1823920845878906,0.20091613126898197,0.21193292193984067,243.69110771526235,245.22730384668458,245.26441970472297,245.26806242085055,29089.6,26154.9,25286.85,34.14084561685226,0.022104129955948792,0.03226688490631889,-0.010162754950370098,68.18560133166875,70.42631387768733,5.765023806459866,13.136578510284917,245.26500447591147
hold,245.30999755859375,245.32000732421875,245.34539794921875,245.22300720214844,66936,245.30999755859375,2025-10-03 17:48:00+00:00,245.24500122070313,245.25260009765626,245.27925033569335,245.08266998291015,245.26713869106956,245.25627604390257,245.2518385562773,245.23352616197985,245.22735309255677,56.40937674651641,53.21786434956387,51.8181883694033,0.059145586210060004,-0.04278293112134616,0.004074401431551829,245.545978386443,245.27925033569335,245.01252228494369,0.17382046494252232,0.1953071752547913,0.20766900885081552,243.69673579932498,245.26451053105635,245.26095137331063,245.28533109291325,37720.0,30128.4,26491.85,46.89300755801419,0.02892295134580536,0.03159809819421619,-0.002675146848410831,69.23076923076923,66.28183417753905,36.3960937371207,4.164171474476009,245.2928009033203
hold,245.39999389648438,245.36000061035156,245.39999389648438,245.2100067138672,27975,245.39999389648438,2025-10-03 17:49:00+00:00,245.3019989013672,245.24459991455078,245.2947998046875,245.0664697265625,245.31142375954119,245.28501961441896,245.27463168553993,245.24865959238934,245.24014130025512,63.440893007616886,56.25913359041514,53.70736857849869,0.11626722025725204,-0.03258995944560892,0.04892168859454035,245.55141978884856,245.2947998046875,245.03817982052644,0.17612999603890306,0.19492717578067675,0.20682701712540466,243.69920697445264,245.3006361263821,245.25925822642907,245.29868564884623,38969.0,30911.2,26879.15,52.781665760287986,0.044878314163838695,0.03425414138814069,0.010624172775698007,100.0,79.13879018747933,70.18086974632088,14.659770014173215,245.33666483561197
hold,245.41000366210938,245.41000366210938,245.46499633789062,245.3000030517578,20282,245.41000366210938,2025-10-03 17:50:00+00:00,245.33099975585938,245.24850006103514,245.3047996520996,245.0557696533203,245.34428372706395,245.31001642395705,245.2954581434737,245.26332723509117,245.2527236974295,64.19044318932404,56.597102926917565,53.918380196981374,0.05912146976608416,0.015894895686326797,0.1101428869760938,245.56300546260852,245.3047996520996,245.0465938415907,0.1745390374808901,0.19278904080582931,0.20483493469718597,243.7010046262066,245.32014277147707,245.2606625031949,245.30794569209223,35850.6,30587.7,26408.6,58.24931733654841,0.057292726527549576,0.038861858416022466,0.01843086811152711,78.43336724313326,82.5547121579675,100.11304463926173,31.517121475546144,245.39166768391928
hold,245.1699981689453,245.39500427246094,245.39500427246094,245.10000610351562,30881,245.1699981689453,2025-10-03 17:51:00+00:00,245.31799926757813,245.25299987792968,245.2957992553711,245.04916961669923,245.28618854102444,245.28201277295472,245.27615660893088,245.25484277453245,245.24659588050474,40.794148941072194,47.183388831928866,48.36781118197422,-0.026506184371916364,0.018357233633987762,-0.012234412589820408,245.55956387645907,245.2957992553711,245.03203463428312,0.19389025478272723,0.2011610777906808,0.20984267869226045,243.70335108732115,245.3094544646707,245.2619154892297,245.2980636217597,35605.0,31322.7,26735.3,56.562487954421854,0.03541689244997315,0.0381728652228126,-0.0027559727728394545,19.176421404682273,65.86992954927184,-43.26679485804397,11.612630066332223,245.22166951497397
hold,245.125,245.1699981689453,245.1824951171875,245.07000732421875,48150,245.125,2025-10-03 17:52:00+00:00,245.28299865722656,245.24949951171874,245.27379913330077,245.04826965332032,245.23245902734965,245.2506102183638,245.25290174601844,245.24303888593857,245.23758877824514,37.781963697148846,45.650295005394725,47.40706926953064,-0.07134245804346248,-0.014277884478097264,-0.118164453707482,245.5166492103154,245.27379913330077,245.03094905628615,0.18226133166644476,0.19482727173197145,0.20520673175304566,243.70688300418843,245.2652812400439,245.24901926993942,245.26644078006112,38844.8,33967.2,27451.6,47.453208298238565,0.013021440118649252,0.03314258020197993,-0.02012114008333068,13.922583635942209,37.177457427919244,-105.39469320787094,10.500440047343025,245.1258341471354
hold,244.97999572753906,245.08999633789062,245.08999633789062,244.88999938964844,76949,244.97999572753906,2025-10-03 17:53:00+00:00,245.2169982910156,245.2309997558594,245.24729919433594,245.0559896850586,245.14830459407946,245.19648732019886,245.2109162047139,245.2191258715386,245.21850781152617,29.57265092092578,41.024431474902606,44.42155394035236,-0.13452441169906443,-0.07545839074089945,-0.20368258461066435,245.49684600396694,245.24729919433594,244.99775238470494,0.1897955143357473,0.1976967959190851,0.20662548787678456,243.71191767165845,245.14314095008572,245.20141016345173,245.22347952070717,40847.4,39283.7,30452.45,37.75366000709871,-0.022020491327310765,0.02210996589612179,-0.044130457223432555,17.820884699057288,16.973296579893923,-180.13549446734223,32.47049448360195,244.98666381835938
hold,244.79879760742188,244.97999572753906,245.0399932861328,244.55999755859375,109491,244.79879760742188,2025-10-03 17:54:00+00:00,245.0967590332031,245.19937896728516,245.22223892211915,245.06296569824218,245.03180226519362,245.1169493776435,245.14751334359204,245.18091421116435,245.18741816677772,22.45850463746733,36.10141763709856,41.03114545066508,-0.24498626895487988,-0.12900388742255361,-0.233199760656203,245.53757483285267,245.22223892211915,244.90690301138562,0.2312526876505066,0.21786100532051206,0.219643118336893,243.71799935785637,244.98605438194082,245.11359274039356,245.1555380471475,57150.6,48059.8,35124.1,32.08383156603978,-0.07046878913422461,0.003594214890052511,-0.07406300402427712,38.361604078831256,23.36835747127692,-232.3495017814527,51.08606291376401,244.79959615071616
hold,245.03419494628906,244.77000427246094,245.11500549316406,244.75999450683594,59414,245.03419494628906,2025-10-03 17:55:00+00:00,245.02159729003907,245.17629852294922,245.20994873046874,245.08344970703126,245.03259982555878,245.10039849137263,245.13007974400696,245.16757609617568,245.17606829859338,43.17675987766363,45.287088064855276,46.59153868870589,-0.15313504348328907,-0.09410410940563917,-0.03704438703148903,245.53435188782683,245.20994873046874,244.88554557311065,0.2489324446044521,0.22765743253534154,0.22608920728885645,243.7219836994164,244.9683917757565,245.09346154085236,245.14277316771145,64977.0,50413.8,37178.05,39.9693723923037,-0.07566980722074845,-0.012258589532107681,-0.06341121768864078,85.43974926456437,47.20741268081764,-105.59388912446813,34.63625461583216,244.96973164876303
hold,245.31500244140625,245.02999877929688,245.4499969482422,245.0102996826172,73885,245.31500244140625,2025-10-03 17:56:00+00:00,245.05059814453125,245.18429870605468,245.21869888305665,245.10794982910156,245.12673403084128,245.14331928137938,245.1585293897607,245.18097849119664,245.18635971657952,58.579249036486075,53.81615550386297,52.2331813867436,0.05914437881629213,0.0326225175262811,0.06322351810310027,245.54452064752726,245.21869888305665,244.89287711858603,0.2761845618931018,0.24280313489888858,0.23626101959057758,243.727958077232,245.02108028235352,245.11512039454522,245.15886770370906,73577.8,54591.4,39729.5,48.01547480894146,-0.04304043520014034,-0.018414958665714215,-0.02462547653442612,84.83206748161228,69.54447360833596,44.446014584095195,6.217837545844824,245.25843302408853
hold,245.33999633789062,245.36000061035156,245.47000122070312,245.2550048828125,48121,245.33999633789062,2025-10-03 17:57:00+00:00,245.09359741210938,245.18829803466798,245.22569885253907,245.1240496826172,245.1978214665244,245.18265469268164,245.18644738178068,245.1954346590779,245.19774020704702,59.71321390877118,54.49609511189547,52.700130999574064,0.08770885788500765,0.01630382618640816,0.07138174557962519,245.55560260509185,245.22569885253907,244.8957950999863,0.2674433870356051,0.24081693511258404,0.23524841570010363,243.7318860276835,245.04919648173322,245.1238629837118,245.1684975112547,73572.0,56208.4,41181.65,53.347703678053904,-0.015085514365381414,-0.017749069805647655,0.0026635554402662416,81.68962627065827,83.98714767227831,82.1719497275031,1.2741639210426534,245.3550008138021
hold,245.38999938964844,245.35000610351562,245.44000244140625,245.30999755859375,41215,245.38999938964844,2025-10-03 17:58:00+00:00,245.17559814453125,245.19629821777343,245.22444915771484,245.13964965820313,245.26188077423245,245.22412363207502,245.21776307529882,245.21312236185705,245.21198162798046,62.13286849964881,55.89508468682593,53.651891249917426,0.16736209864472826,0.03261254406705483,0.11218974372095071,245.55165352165392,245.22444915771484,244.89724479377577,0.24780931500373296,0.23290178851972088,0.230236818895932,243.73533921494425,245.10752109553707,245.12108447003055,245.171391652039,66425.2,53636.3,41882.35,57.73265338934535,0.012142004094556569,-0.01177085502560681,0.02391285912016338,82.59700600789989,83.03956658672348,85.22023343515099,0.0009844360658018724,245.37999979654947
hold,245.3699951171875,245.4055938720703,245.5,245.32000732421875,30282,245.3699951171875,2025-10-03 17:59:00+00:00,245.2898376464844,245.19329833984375,245.21894912719728,245.1572494506836,245.29791888855084,245.25329792909753,245.24118338943552,245.22738352143253,245.22368633088468,60.438615365176354,55.16439063816983,53.202201716183296,0.23333346215271902,-0.012224441745312025,0.042809095386764716,245.53218643313636,245.21894912719728,244.9057118212582,0.2381212236862354,0.22912256618125865,0.22784424065237574,243.73783666883767,245.2725977086585,245.12059255663675,245.17115180715263,50583.4,53867.0,42389.1,57.394862639682856,0.02961159821285264,-0.0034943643779149196,0.03310596259076756,46.93572496263079,70.40745241372964,84.24022151470147,6.1662590664910875,245.39666748046875
hold,245.22000122070312,245.3800048828125,245.4199981689453,245.22000122070312,40869,245.22000122070312,2025-10-03 18:00:00+00:00,245.32699890136718,245.17429809570314,245.21139907836914,245.17144958496092,245.2719463326016,245.24663858741866,245.2379245942459,245.2267124031844,245.22341335976012,48.79841998920181,49.897259243150465,49.90879793892372,0.0758287121741481,-0.07742245164050167,-0.006116333154364738,245.51679356266683,245.21139907836914,244.90600459407145,0.2326748986228,0.22704216489989643,0.22651817910903344,243.74088654660608,245.32386192049768,245.1173612991836,245.16802690980504,46874.4,55925.7,43256.7,52.134964152564066,0.023225227658542735,0.0018495540293766116,0.021375673629166123,0.0,43.177576990176895,31.7458055514185,15.895311236863371,245.2866668701172
hold,245.1300048828125,245.30999755859375,245.34100341796875,245.0800018310547,33481,245.1300048828125,2025-10-03 18:01:00+00:00,245.28999938964844,245.17029876708983,245.21164932250977,245.17684967041015,245.22463251600524,245.22331184649744,245.22132156171767,245.2179208104233,245.21649421331955,43.00114591570304,46.9977259137082,48.035452740262684,-0.0754122482329375,-0.01631247152241415,-0.06930214709758614,245.51676828851546,245.21164932250977,244.90653035650408,0.23672156837869465,0.2294678379009083,0.22816024614736813,243.74322429719246,245.29377476763707,245.11522168118182,245.16772916779271,38793.6,56185.7,43754.2,52.02305422353592,0.006817633177888638,0.002843169859079017,0.00397446331880962,11.905540417801998,19.61375512681093,-13.781275998520561,21.36317684073279,245.1836700439453
hold,245.16000366210938,245.14999389648438,245.3000030517578,245.0897979736328,40467,245.16000366210938,2025-10-03 18:02:00+00:00,245.25400085449218,245.17379913330078,245.21164932250977,245.1818356323242,245.20308956470663,245.2106502096198,245.211888038701,245.212655615122,245.21230972804472,45.518213889928,48.08076254966407,48.70927841518724,-0.07336458729434313,0.014279923349056603,-0.06114463249649989,245.51676828851546,245.21164932250977,244.90653035650408,0.23293349834245256,0.22809192648834342,0.227305238146303,243.74610024673774,245.25278190875605,245.11764215989626,245.16756700793786,37262.8,55417.4,44692.3,44.21777720054882,-0.0016595184249013073,0.0019426322022829522,-0.0036021506271842595,23.53020375190737,11.811914723236455,-10.498048798734295,23.301688472503535,245.18326822916666
hold,244.99000549316406,245.14500427246094,245.16000366210938,244.9499969482422,30692,244.99000549316406,2025-10-03 18:03:00+00:00,245.17400207519532,245.17480010986327,245.20289993286133,245.17642181396485,245.13206154085913,245.1665212663287,245.17775226246457,245.19241469494398,245.1958427476832,35.23203636679729,42.74977332643477,45.22025880445153,-0.16300334059222804,0.004085952240824032,-0.16706944316113367,245.52255790071263,245.20289993286133,244.88324196501003,0.22965824341741467,0.2268001255868323,0.22648149889491653,243.74801239868955,245.17473154086275,245.13078275323753,245.16158479235844,35158.2,50791.7,45037.7,39.95212849685503,-0.029321481354514844,-0.0043101905090766075,-0.02501129084543824,10.23219512195122,15.22264643055353,-69.90383072855786,33.72327147165205,245.03333536783853
hold,244.66000366210938,244.97999572753906,244.97999572753906,244.64999389648438,23626,244.66000366210938,2025-10-03 18:04:00+00:00,245.0320037841797,245.16092071533203,245.1801498413086,245.16482177734375,244.9747089146092,245.06521774548483,245.0980986316407,245.144013691959,245.15615096356663,23.304922567427994,34.70542881038419,39.4592105621704,-0.2893554506283609,-0.0566971515665206,-0.3056110137354592,245.57702908667366,245.1801498413086,244.78327059594355,0.24542300816916793,0.23488665923632196,0.23188769402752468,243.74909029549937,245.0678705571415,245.19055443728004,245.1495777158484,33827.0,42205.2,45132.5,36.80764898719042,-0.09093321808180121,-0.02163479602362153,-0.06929842205817968,1.5399422521655437,11.767447042008044,-151.77723082886317,48.68570332848628,244.7633310953776
hold,244.86000061035156,244.67999267578125,244.8699951171875,244.6510009765625,38730,244.86000061035156,2025-10-03 18:05:00+00:00,244.9600036621094,245.14350128173828,245.15989990234374,245.16322174072266,244.93647281319,245.0241743184582,245.06146816682698,245.11819432090377,245.1342139003655,38.117187461828934,41.84739400985885,43.99924037479628,-0.1468071970310262,-0.07108980686376569,-0.12644188151444713,245.57814876622146,245.15989990234374,244.74165103846602,0.24164745566285822,0.23375147933551327,0.23127371529407115,243.75123853238736,244.98243000091097,245.18180334870496,245.13261928771897,33399.2,40136.8,45275.3,41.958629214050376,-0.11003958190730145,-0.03931575320035752,-0.07072382870694394,41.176998563906174,17.649711979340978,-112.64832079791363,42.683503636607014,244.79366556803384
hold,244.84500122070312,244.8699951171875,244.8699951171875,244.72999572753906,19318,244.84500122070312,2025-10-03 18:06:00+00:00,244.9030029296875,245.09650115966798,245.14039993286133,245.15732177734375,244.90598228236104,244.9883396989072,245.028165559731,245.0933585845219,245.11279073890904,37.48376394649839,41.48093609521771,43.74093218454463,-0.11626633069485909,-0.19159089987388167,-0.1142269369900561,245.5787095603701,245.14039993286133,244.70209030535256,0.22712630337508383,0.22705490150072213,0.22692731883475525,243.75229248782583,244.93272997672116,245.13466461936747,245.12271291479252,30566.6,34680.1,44635.75,46.67074631264561,-0.12445104000184415,-0.05634281056065485,-0.0681082294411893,59.092800665834375,33.9365804939687,-87.77601317568065,41.65992969324819,244.81499735514322
hold,244.9600067138672,244.85000610351562,245.07000732421875,244.85000610351562,25764,244.9600067138672,2025-10-03 18:07:00+00:00,244.86300354003907,245.05850219726562,245.1234001159668,245.15592193603516,244.92399042619644,244.98267310189922,245.01767958344425,245.08123568718963,245.10147340372075,45.57416777522842,45.42699223006495,46.27993858144809,-0.0815781307124764,-0.15488286854789987,-0.008159447310182137,245.5620036568196,245.1234001159668,244.684796575114,0.2268234176808754,0.2269085587875009,0.22683583239098717,243.75384257700705,244.87123481730052,245.0903406253828,245.11159475526816,27626.0,32444.4,44326.4,54.736390822884516,-0.11880030182152268,-0.06883430881282843,-0.049965993008694254,73.74726875455208,58.00568932809754,-39.83616025660671,18.813285457809695,244.9600067138672
hold,244.94149780273438,244.99000549316406,245.02000427246094,244.9084014892578,30814,244.94149780273438,2025-10-03 18:08:00+00:00,244.85330200195312,245.0136520385742,245.10497512817383,245.15515197753905,244.92982621837575,244.97443804206625,245.0059593094889,245.06853224314824,245.08962335920324,44.493036335641975,44.902208263844486,45.92965800197442,-0.01979986503206189,-0.18277093118285492,0.058292849763643434,245.54163187499083,245.10497512817383,244.66831838135684,0.21036332704119678,0.2186724319600455,0.22134854433442233,243.7556629128266,244.8605280937056,245.03640890677644,245.08981497297736,27650.4,31404.3,42520.3,62.74797399123187,-0.11518531713699076,-0.0781045104776609,-0.03708080665932986,62.2043710451914,65.01481348852595,-47.05722900101531,0.7452129259354112,244.95663452148438
hold,244.8950958251953,244.97999572753906,245.13999938964844,244.83999633789062,34529,244.8950958251953,2025-10-03 18:09:00+00:00,244.90032043457032,244.966162109375,245.07973022460936,245.15425384521484,244.91824942064895,244.95856959869207,244.98890338882836,245.0527652960616,245.0752139122397,41.60621213063121,43.54409452812347,45.03244870139237,0.09608933195742707,-0.19354415839042502,-0.056767228396118426,245.5034312318651,245.07973022460936,244.65602921735362,0.22316900200071332,0.22448176194560027,0.2250939970688695,243.7576165348926,244.90029330051397,244.9893415876097,245.07184364078114,29831.0,31829.0,42848.0,60.93776835841559,-0.11664431354762428,-0.08581247109165357,-0.030831842455970704,18.36630893647322,51.439316245405564,-46.00531442667607,3.9009501623149037,244.95836385091147
hold,245.00999450683594,244.89199829101562,245.00999450683594,244.8300018310547,28184,245.00999450683594,2025-10-03 18:10:00+00:00,244.9303192138672,244.94516143798828,245.0597297668457,245.1566537475586,244.94883111604463,244.96885458032085,244.99214817621413,245.04887704249563,245.07038284517276,50.82364484598954,47.757700903290875,47.68925164320778,0.06125700241382501,-0.08564012430543015,-0.12433317633851765,245.45606166774388,245.0597297668457,244.6633978659475,0.21700095539793285,0.2213039700767181,0.2229463151027924,243.75936677839837,244.9338578936426,244.96039982726734,245.06189787192588,27721.8,30560.5,43243.1,51.05921727890177,-0.10152826485190758,-0.08895562984370438,-0.0125726350082032,58.06261075014767,46.21109691060409,-42.36122137213626,26.591246394668318,244.9499969482422
hold,245.10000610351562,245.01499938964844,245.18739318847656,245.01499938964844,15048,245.10000610351562,2025-10-03 18:11:00+00:00,244.9813201904297,244.9421615600586,245.0562301635742,245.1618539428711,244.999222778535,244.99508488495982,245.0087417034913,245.053525138952,245.07257716060556,57.02378742873605,50.8523770423701,49.68950169788799,0.10414951562872168,-0.012237905886395383,-0.09781944972579085,245.44983224605872,245.0562301635742,244.6626280810897,0.21134348771831743,0.21816787804556861,0.22077738017602253,243.7603663806455,244.9652466301228,244.94794126020744,245.05864145476784,26867.8,28717.2,42451.45,47.3152204170174,-0.07749227564573857,-0.08666295900411122,0.00917068335837265,75.54862949363846,50.659183060086455,17.978476361527242,10.615755410646338,245.10079956054688
hold,245.1300048828125,245.11000061035156,245.1999969482422,245.05999755859375,25281,245.1300048828125,2025-10-03 18:12:00+00:00,245.01531982421875,244.9391616821289,245.05648040771484,245.16396606445312,245.04281681329417,245.02206888453037,245.02739757723302,245.06047784293932,245.07683106595422,59.03214250989757,51.87554873509391,50.35381606684188,0.06939833617162001,-0.012236408406250752,-0.10595154956706242,245.45026338424753,245.05648040771484,244.66269743118215,0.20115147370833458,0.21258441458863067,0.21693080919851848,243.7620799157721,244.99737260571342,244.93331264412174,245.05695773112043,26771.2,27198.6,41308.0,45.29652047674744,-0.05476218142385392,-0.08028280348805977,0.025520622064205856,81.08297591553942,71.56473871977518,41.077153091620445,9.509102140183863,245.12999979654947
hold,245.10000610351562,245.1199951171875,245.1199951171875,244.97000122070312,21494,245.10000610351562,2025-10-03 18:13:00+00:00,245.047021484375,244.95016174316407,245.06248092651367,245.16419219970703,245.0618799100347,245.03765632832744,245.03856811973804,245.06407132117354,245.07854773540322,55.98008506206062,50.738015334913094,49.665232272661584,0.06471271801763291,0.044900039954744946,-0.1100334266799531,245.4550747671202,245.06248092651367,244.66988708590713,0.1952732149084832,0.20882864655439812,0.21421999267046404,243.76350152587804,245.02891152281978,244.9403254920958,245.06584236393044,24907.2,26278.8,38535.25,38.84826817748601,-0.04089140707577599,-0.07240452420560302,0.03151311712982703,56.524912094473564,71.05217250121716,26.47896211317729,20.91708171160193,245.0633341471354
hold,245.02999877929688,245.08999633789062,245.10000610351562,244.9949951171875,24944,245.02999877929688,2025-10-03 18:14:00+00:00,245.07400207519532,244.9871612548828,245.07404098510742,245.16739227294923,245.05125286645543,245.03612481852133,245.03724975967017,245.06097381736657,245.07495151643238,49.072461161624,48.08791694903231,48.05498687705941,0.05508601699311098,0.15122828073626868,-0.07748244044548545,245.4480739024924,245.07404098510742,244.70000806772242,0.18237861082557488,0.2014130993953786,0.2090195637970193,243.76506131632456,245.06934303493225,244.9738714699653,245.10715196763655,22990.2,26410.6,34307.9,40.42930684075245,-0.038826697911048313,-0.06568895894669208,0.026862261035643764,26.086379619186626,54.564755876399865,28.166801610527155,14.269958319974352,245.04166666666666
hold,245.05999755859375,245.02049255371094,245.1199951171875,245.00999450683594,21116,245.05999755859375,2025-10-03 18:15:00+00:00,245.08400268554686,245.00716094970704,245.07533111572266,245.1667922973633,245.05416776383487,245.04089936653583,245.04074942104302,245.06088506656903,245.07384381585175,52.031548106098086,49.309711194835714,48.80185381468272,0.02040857633520635,0.08167808043112965,-0.028559263584324524,245.44898318348527,245.07533111572266,244.70167904796006,0.17203889647214451,0.19488363589224886,0.20430437553771186,243.76640997917923,245.08301840396632,244.99914148635656,245.11230579093942,21576.6,24649.2,32393.0,47.305494810936516,-0.03294444931592011,-0.05914005702053769,0.026195607704617582,60.0,47.537097237886734,50.461696572114334,0.9157038938810523,245.0633290608724
hold,245.0,245.07000732421875,245.11000061035156,244.9499969482422,19874,245.0,2025-10-03 18:16:00+00:00,245.06400146484376,245.0226608276367,245.05958099365233,245.1635922241211,245.03611184255658,245.03271949322868,245.0344802793441,245.0553500605173,245.06837390356642,45.81953327911713,46.93067474077449,47.37152453008983,-0.04080216280100311,0.06330485757279529,-0.06526499417494679,245.41772913184457,245.05958099365233,244.7014328554601,0.17031957727746314,0.19239220919347216,0.2021948177554101,243.76761799880296,245.06611169143008,245.0112635992741,245.08332837865302,22541.8,24704.8,29692.45,50.020065653641566,-0.03565441033774164,-0.05444292768397848,0.018788517346236842,29.413876671752984,38.500085430313206,33.48174556554686,6.177574889927342,245.0199991861979
hold,245.18240356445312,245.00999450683594,245.22000122070312,245.0050048828125,24829,245.18240356445312,2025-10-03 18:17:00+00:00,245.07448120117186,245.0449005126953,245.05170135498048,245.166240234375,245.08487574985543,245.0626563074736,245.05723770782242,245.0669003790569,245.07682054511358,61.937482351610555,54.170069546200466,51.874162719674516,0.021375874269522758,0.09078904494222795,0.07853302868489097,245.39127794102689,245.05170135498048,244.71212476893407,0.17741695490970052,0.19436428144416165,0.20304274170530126,243.76934676675677,245.07744396597823,245.03389473452924,245.06599237001893,22451.4,24611.3,28527.85,57.87575534390473,-0.014164237639988642,-0.04638718967518052,0.032222952035191876,86.0751624752755,58.496346382342836,105.51886963243362,16.3644938894977,245.13580322265625
hold,245.25,245.1750030517578,245.3000030517578,245.14999389648438,15991,245.25,2025-10-03 18:18:00+00:00,245.10447998046874,245.07575073242188,245.04470138549806,245.16884033203124,245.1399171665703,245.1001250459789,245.0868934450805,245.08354579914266,245.08964865288294,66.27513278848278,56.536318131119366,53.42469821358322,0.06119701866552648,0.1259493389372836,0.2411494846151668,245.36107397908225,245.04470138549806,244.72832879191387,0.17350155496166295,0.1911960581462528,0.20051733282759346,243.77051109167357,245.098748956478,245.06114562456543,245.04690039630194,21350.8,23129.0,27266.65,63.774065306663324,0.010476393095956382,-0.03501447312095314,0.04549086621690952,85.71366291742959,67.06756735481936,153.43741383535206,63.638570512042456,245.23333231608072
hold,245.28500366210938,245.25,245.33999633789062,245.2100067138672,26068,245.28500366210938,2025-10-03 18:19:00+00:00,245.15548095703124,245.11474151611327,245.04045181274415,245.1727603149414,245.18827933175,245.137100769205,245.11737194000804,245.10186015032144,245.10411939430713,68.44747216424601,57.752739640423776,54.226553531567426,0.1040708827828823,0.15921422828016793,0.17356981568995605,245.34112641584602,245.04045181274415,244.73977720964228,0.16728556482763074,0.18682416999462312,0.19715887050358602,243.77245002870154,245.15965286724762,245.11306465146563,245.0402898755019,21575.6,22282.9,27055.95,62.40466764094682,0.03298137489787223,-0.02141530351718807,0.054396678415060296,83.58385715587137,85.12422751619215,163.18454947905678,65.21926623764347,245.27833557128906
hold,245.125,245.27000427246094,245.30999755859375,245.10000610351562,25102,245.125,2025-10-03 18:20:00+00:00,245.1684814453125,245.1262420654297,245.03570175170898,245.17106018066406,245.16718622116667,245.13468061536403,245.11854548769912,245.10396377301947,245.10566610583993,50.946714910320296,50.75953360257742,50.087725465077305,0.026525113055511206,0.04693910278866349,0.11435756413278142,245.32775833157848,245.03570175170898,244.7436451718395,0.17338640629198704,0.1884789760720161,0.19776994595951647,243.7741154166426,245.1706882783172,245.12764746750022,245.0303570506114,22372.8,21974.7,26267.6,55.642246571227105,0.029014509524103005,-0.011329340908929857,0.04034385043303286,10.414547304170906,59.90402245915729,79.5207461359815,47.57411001318499,245.17833455403647
hold,245.13999938964844,245.15699768066406,245.24000549316406,245.08999633789062,35786,245.13999938964844,2025-10-03 18:21:00+00:00,245.19648132324218,245.13024139404297,245.03620147705078,245.16686004638672,245.15812394399396,245.13574437022092,245.12184608799902,245.10723973816755,245.10820931204796,52.2810973832906,51.3542054543535,50.459907290041755,0.057142608019770405,0.016317129798814334,0.07347839273677674,245.3289351961406,245.03620147705078,244.74346775796096,0.17004679900362282,0.18573113172926048,0.19549562259351272,243.77650883744556,245.18864177720098,245.13121514586368,245.03147018220042,25555.2,24048.5,26382.85,46.66366599135375,0.027535058172958315,-0.003556461092552223,0.03109151926551054,20.001220703125,37.99987505438909,53.26346714606314,33.332122291049785,245.15666707356772
hold,245.2550048828125,245.13999938964844,245.2550048828125,245.1199951171875,21989,245.2550048828125,2025-10-03 18:22:00+00:00,245.21100158691405,245.14274139404296,245.04095153808595,245.16066009521484,245.1904175902668,245.15959647273925,245.14233205643185,245.12067293313527,245.11908305803053,61.62022730146883,55.765315007418295,53.26546997028636,0.02961114554058513,0.05099334945134842,0.1279926361561692,245.34445173222485,245.04095153808595,244.73745134394704,0.16504150852096242,0.1821081770075276,0.1926153436902502,243.77809903245023,245.20156156744244,245.14282008018284,245.0309083762349,24987.2,23719.3,25458.95,54.33588328242802,0.040513414708726714,0.005257514067703565,0.03525590064102315,75.00346788736302,35.139745298219644,84.15279793469958,34.5017133066819,245.21000162760416
hold,244.97000122070312,245.25,245.25999450683594,244.97000122070312,44842,244.97000122070312,2025-10-03 18:23:00+00:00,245.15500183105468,245.1297409057617,245.0399513244629,245.1498602294922,245.11694546707895,245.12167742233206,245.1158196201659,245.10697550473233,245.10803995896921,39.352793124844155,44.8995346530126,46.424309622655755,-0.114168717348369,-0.0530415665341084,0.03058672745381538,245.34424732466974,245.0399513244629,244.73565532425604,0.18289176246551242,0.18981425623076226,0.19725238856846744,243.78070758030995,245.12900531728144,245.1166080840582,245.02808833878015,30757.4,26054.1,26166.45,42.891481311928665,0.013637463362840663,0.006933503926730985,0.006703959436109678,0.0,31.668229530162673,-45.56951893061189,2.824235318459257,245.06666564941406
hold,245.3524932861328,244.97999572753906,245.3524932861328,244.94000244140625,76730,245.3524932861328,2025-10-03 18:24:00+00:00,245.1684997558594,245.1619903564453,245.07457580566407,245.15091003417967,245.1954614067636,245.16784059509223,245.15223095339155,245.12929530304146,245.1261476128332,61.26767803107004,57.00695543586376,54.63478445716699,0.027514777917857284,0.13161429557301446,0.13978971755265235,245.35469200884305,245.07457580566407,244.7944596024851,0.21569163135994815,0.20571972683760514,0.20750183886171006,243.7865717753459,245.19299030618816,245.18147552764506,245.08635696701865,40889.8,31232.7,28821.65,56.90096702988869,0.04169298225903617,0.013885399593192023,0.027807582665844148,100.0,58.33448929578767,80.77192633915588,13.177194227584573,245.21499633789062
hold,245.4199981689453,245.35000610351562,245.5,245.35000610351562,50276,245.4199981689453,2025-10-03 18:25:00+00:00,245.22749938964844,245.19799041748047,245.10257568359376,245.15371002197264,245.27030699415752,245.21827210986285,245.19342590963058,245.15572283630542,245.14791432069333,63.94989824897351,58.730501906066074,55.88753298537696,0.120346014868052,0.14690304984006478,0.13055571499844923,245.40254890498088,245.10257568359376,244.80260246220664,0.2063062406634377,0.201739310383803,0.20476336541517032,243.79055513730697,245.2501263072591,245.22410407019134,245.12979546866885,45924.6,34148.7,29398.95,60.402208071191474,0.0703577891695204,0.025179877508457703,0.0451779116610627,85.71389645776567,61.904632152588555,210.11522512859847,10.409139732448011,245.42333475748697
hold,245.49000549316406,245.4250030517578,245.50999450683594,245.35000610351562,24208,245.49000549316406,2025-10-03 18:26:00+00:00,245.29750061035156,245.2469909667969,245.13482589721679,245.16071014404298,245.34353982715973,245.2726187865231,245.23905353786648,245.18611216874712,245.17325440754303,66.73690863829272,60.49908288453782,57.17528717602407,0.14277804698828142,0.20000224210778061,0.14686109541084755,245.45509934150542,245.13482589721679,244.81455245292815,0.19968940675727695,0.1987571027364108,0.20263122436303424,243.79254832052447,245.29483266239683,245.25559662251842,245.15378326286145,43609.0,34582.1,29643.45,60.307052671897836,0.09936437898008421,0.04001677780278301,0.0593476011773012,96.49310667915941,94.0690010456417,173.4913681954625,10.15911872705019,245.45000203450522
hold,245.33999633789062,245.5,245.55999755859375,245.3000030517578,28398,245.33999633789062,2025-10-03 18:27:00+00:00,245.3144989013672,245.26275024414062,245.15382537841796,245.16351013183595,245.34235866407005,245.28609429679662,245.25458319940867,245.20010163866925,245.18560566164285,55.927987226233704,55.05469460095851,53.6514435891232,0.03465432035474079,0.06427572743656225,0.09791522986484237,245.475442838368,245.15382537841796,244.83220791846793,0.20830442105422844,0.20313120302923413,0.20536280924269631,243.79467443450739,245.30444857969815,245.2676579109235,245.1710468835535,44890.8,34939.0,29775.15,59.356354166179855,0.10048863515376638,0.05211114927297969,0.04837748588078669,15.382358119607959,65.86312041884436,117.49940291901616,21.891760117016094,245.3999989827474
hold,245.25999450683594,245.34100341796875,245.39999389648438,245.24000549316406,22183,245.25999450683594,2025-10-03 18:28:00+00:00,245.37249755859375,245.2637496948242,245.16975021362305,245.16041015625,245.314903944992,245.2808743388045,245.25541570824365,245.20554644486623,245.19111594647197,50.80790953021423,52.34901919669687,51.86155793135907,0.11837910139517294,0.004075232145132518,0.09386431403700246,245.47904160685303,245.16975021362305,244.86045882039306,0.20140213280652616,0.20004957447859686,0.20320212324639234,243.79624541082836,245.3738812404368,245.2679739290591,245.1864615744974,40359.0,35558.2,29343.6,59.72757765100994,0.08975839233252714,0.05964059788488918,0.030117794447637958,6.246721663249249,39.374062154005536,47.95159269874843,13.810720126793576,245.29999796549478
hold,245.33999633789062,245.27000427246094,245.3699951171875,245.25999450683594,20546,245.33999633789062,2025-10-03 18:29:00+00:00,245.3699981689453,245.26924896240234,245.1919952392578,245.15761016845704,245.32326807595823,245.29269873862174,245.2684281128047,245.2177691624139,245.2021441236141,55.5548968291194,54.74421028426395,53.49075081285034,-0.005093466984911957,0.02241990947681611,0.11425723581423256,245.4824974650897,245.1919952392578,244.90149301342592,0.18834477245581707,0.19361750561238011,0.19876395596568616,243.79777681681642,245.38037043786025,245.27093296845436,245.20952903295154,29122.2,35006.0,28644.45,59.67707352292105,0.0905546150076475,0.06582340130944084,0.02473121369820666,31.247913785704068,17.625664522853757,52.45243512051006,11.863997655131994,245.32332865397134
hold,245.37989807128906,245.36000061035156,245.44000244140625,245.2899932861328,15118,245.37989807128906,2025-10-03 18:30:00+00:00,245.36197814941406,245.29473876953125,245.21049041748046,245.1577880859375,245.34214474106852,245.31013860515523,245.2855773371869,245.23250815412982,245.21531108270113,57.91787174661917,55.93394201149922,54.30072452185349,-0.016339376560766408,0.10398697451874044,0.15506043726084184,245.49938468582093,245.21049041748046,244.92159614914,0.18286825571547713,0.1905026234453128,0.19644229878986483,243.79893080946857,245.36226803189703,245.2865487243407,245.22417530544413,22090.6,34007.6,27991.15,63.8309759258931,0.09482752245409642,0.07162422553837196,0.023203296915724467,69.94735637445639,35.813997274469905,71.09308240593815,26.25692609325718,245.36996459960938
hold,245.31500244140625,245.36000061035156,245.38999938964844,245.25999450683594,18491,245.31500244140625,2025-10-03 18:31:00+00:00,245.3269775390625,245.31223907470704,245.221240234375,245.16158813476562,245.3330973078478,245.31111137240546,245.2901042762976,245.2400076347913,245.2226956277904,52.61051561582955,53.47182724108336,52.73244844007587,-0.07128724096374084,0.07138902349414071,0.05408172651275426,245.50888734444126,245.221240234375,244.93359312430871,0.1753163453007661,0.18618135625725474,0.1932786123147522,243.80028214060064,245.3243989468058,245.3044263322964,245.23047425251656,20947.2,32278.1,28163.3,58.94963300353643,0.08841574461507662,0.0749825293537129,0.01343321526136372,30.55861659744003,43.9179622525335,30.757837169194314,11.656556579045912,245.32166544596353
hold,245.02999877929688,245.30999755859375,245.30999755859375,245.02999877929688,23871,245.02999877929688,2025-10-03 18:32:00+00:00,245.26497802734374,245.28973846435548,245.21623992919922,245.15898803710937,245.2320644649975,245.25488885378377,245.2500880459898,245.22091592065544,245.20842178716123,35.80133259978699,44.257925249360284,46.53489953220266,-0.12635426885994194,-0.09174373571831376,-0.0897048810206422,245.51337748770572,245.21623992919922,244.9191023706927,0.1909859619877102,0.19324009238954903,0.19764647182878187,243.80169551714636,245.24984914478568,245.2875961672793,245.22647752758039,20041.8,32466.3,28092.8,54.192416507412766,0.04646706662254019,0.06927943680747836,-0.022812370184938174,0.0,33.501990990632144,-101.59849867224473,22.27949780209354,245.12333170572916
hold,245.1699981689453,245.05999755859375,245.1750030517578,244.99710083007812,32065,245.1699981689453,2025-10-03 18:33:00+00:00,245.24697875976562,245.3097381591797,245.2197395324707,245.15908813476562,245.2113756996468,245.2379107168161,245.2377665264445,245.21628703413634,245.20557559321932,45.73706371119472,48.9145984418758,49.59065157554189,-0.03669425911534733,0.08164140394562122,-0.04688647550687098,245.51294140731915,245.2197395324707,244.92653765762225,0.18911685622942123,0.19214453019598748,0.19670626944072975,243.80380475545024,245.224547566031,245.32116873154249,245.2280626487473,22018.2,31188.6,28621.35,47.52509790057556,0.03233512359676638,0.06189057416533597,-0.02955545056856959,44.00559245019224,24.854736349210754,-89.91664497699573,30.054000669034842,245.1140340169271
hold,245.1699981689453,245.14999389648438,245.1699981689453,245.09010314941406,23617,245.1699981689453,2025-10-03 18:34:00+00:00,245.21297912597657,245.29148864746094,245.22673950195312,245.16018798828125,245.19758318941297,245.22432820724197,245.22734062529076,245.2120789554826,245.2029402284583,45.73706371119473,48.9145984418758,49.59065157554189,-0.06929085003783289,-0.07438078771617461,0.018357233633987762,245.50792604339793,245.22673950195312,244.9455529605083,0.17351373670111106,0.1841267080056491,0.19114382896884974,243.80535412975343,245.19220187067742,245.29808391106053,245.2343123359126,22632.4,25877.3,28555.0,53.07476537585387,0.021387978783678818,0.05379005508900454,-0.032402076305325725,55.25699795181898,33.08753013400374,-68.84701159434542,20.979700547077467,245.14336649576822
hold,245.11500549316406,245.1699981689453,245.2449951171875,245.10000610351562,24305,245.11500549316406,2025-10-03 18:35:00+00:00,245.16000061035157,245.2609893798828,245.22948989868163,245.15718811035157,245.17005729066335,245.2024636644264,245.21005829727127,245.20325409527183,245.19642654436242,42.24173627510324,47.12127852328523,48.392846364231396,-0.10795202875503764,-0.12427376662732077,-0.010195764276170763,245.5051199677416,245.22948989868163,244.95385982962168,0.16943877626836307,0.18133115841037953,0.18894598062137474,243.80688086657187,245.15367397820336,245.25264150860528,245.23567241424396,24469.8,23280.2,28714.45,60.19716301277692,0.006037120063979273,0.04423946808399949,-0.03820234802002022,47.56247691739505,48.941689106468765,-62.603457330202374,10.174336002139512,245.15333557128906
hold,245.14999389648438,245.1300048828125,245.19000244140625,245.10000610351562,11765,245.14999389648438,2025-10-03 18:36:00+00:00,245.1269989013672,245.22698822021485,245.23698959350585,245.15548797607423,245.1633694926037,245.191969710838,245.20081762022716,245.19841225901843,245.19298708896403,45.3422752670692,48.417052896744664,49.21235406410469,-0.06726394361522486,-0.138503233969399,-0.04281706152267972,245.49482239482072,245.23698959350585,244.979156792191,0.15808985650011476,0.1748072426589685,0.18423409287229142,243.80763834862532,245.1274990755066,245.22108501899152,245.24216460011993,23124.6,22035.9,28309.0,56.39562964096628,-0.0010173781260220949,0.035188098841995176,-0.03620547696801727,38.66614126687026,47.161872045361434,-61.39571550127437,12.014818843042613,245.14666748046875
hold,245.19000244140625,245.16000366210938,245.2050018310547,245.1300048828125,16004,245.19000244140625,2025-10-03 18:37:00+00:00,245.15899963378905,245.2119888305664,245.23736953735352,245.1532879638672,245.17224714220458,245.19157625695166,245.19915374656242,245.19764773014458,245.19276600395975,48.99495523809779,49.92802510864235,50.16255796118082,0.06529962164081521,-0.061137156078619276,0.08980741299213908,245.49490168599422,245.23736953735352,244.9798373887128,0.14621944103469658,0.1676779359149127,0.17903232408038172,243.80869805558703,245.15838119287065,245.20245549380328,245.2433290349353,21551.2,20796.5,27867.75,64.71506657992424,-0.0011897470080839412,0.027912529671979353,-0.029102276680063294,62.071142917280575,49.4332537005153,-53.11096512984673,7.48644918695123,245.1750030517578
hold,245.22999572753906,245.22000122070312,245.30999755859375,245.22000122070312,48206,245.22999572753906,2025-10-03 18:38:00+00:00,245.1709991455078,245.20898895263673,245.23636932373046,245.1516879272461,245.19149667064943,245.19926015106915,245.20389866671266,245.20058845718043,245.19552376126194,52.682702344845616,51.45869244220622,51.122383662206296,0.024471819162965446,-0.012231419705115775,-0.049927170885071044,245.49385286644966,245.23636932373046,244.97888578101126,0.14247310905652563,0.16427202029152607,0.17622102851405402,243.81197236173736,245.18323854954912,245.2026743793075,245.2420579037402,24779.4,23398.8,29478.5,61.91337888341894,0.003736389807215801,0.023077301699026644,-0.019340911891810843,61.90233977619532,54.21320798678206,-6.792812680170143,8.977487405541568,245.25333150227866
hold,245.22500610351562,245.22999572753906,245.27000427246094,245.1999969482422,15518,245.22500610351562,2025-10-03 18:39:00+00:00,245.18200073242187,245.1974899291992,245.23336944580078,245.14818817138672,245.20266648160484,245.20440934155846,245.20714596468235,245.20280824321088,245.19770763846591,52.13405032036133,51.24820308081335,50.9937296191391,0.02243665007184396,-0.04686974651154373,-0.07945239462330059,245.48991289725038,245.23336944580078,244.97682599435117,0.13212085407970053,0.15753882771489922,0.17116323307142048,243.81301948900744,245.191536162385,245.1918651844054,245.23966745113916,23159.6,22896.0,28951.0,53.042153698462634,0.006701703092545586,0.019802181977730433,-0.013100478885184848,52.780603594438794,58.91802876263822,-13.140616520569157,15.110692416391904,245.2316691080729
hold,245.1988067626953,245.24000549316406,245.24000549316406,245.10020446777344,20690,245.1988067626953,2025-10-03 18:40:00+00:00,245.19876098632812,245.17938079833985,245.23705978393554,245.14396423339844,245.201379908635,245.20328882578585,245.2058630105305,245.2024444722549,245.19778905507548,49.007531129557975,50.08962212601098,50.2958883197405,0.0341885513547587,-0.07380038463506836,-0.11861938325503794,245.4893496897097,245.23705978393554,244.98476987816136,0.1332180214098326,0.15627184183459392,0.16966979461043022,243.81438734180708,245.20945783176305,245.1803569043878,245.24320547134528,22436.6,23453.2,28730.4,46.07473684751168,0.0054997707103723315,0.016941699724258814,-0.011441929013886482,46.999781802312896,53.89424172431567,-41.215239409679555,28.15389388768229,245.17967224121094
hold,245.08999633789062,245.19500732421875,245.25999450683594,245.08999633789062,15670,245.08999633789062,2025-10-03 18:41:00+00:00,245.18676147460937,245.1568801879883,245.23455963134765,245.14236419677735,245.1642520517202,245.1806303282068,245.1880373685859,245.19222191458542,245.18980440935806,37.97324435501618,45.48993892353341,47.46339969685216,-0.02447381606669924,-0.09172129762808451,-0.10189940642849422,245.49159383317374,245.23455963134765,244.97752542952156,0.13847232820061545,0.15725229377107383,0.16968543148351983,243.81534023523216,245.19935886881746,245.1635010766454,245.24553651619058,23217.6,23171.1,27724.6,47.982348706370416,-0.009174081151257951,0.011718543549155462,-0.020892624700413413,0.0,33.2601284655839,-59.31390769409569,24.772933239351524,245.14666239420572
hold,245.12100219726562,245.1199951171875,245.16000366210938,245.0749969482422,18891,245.12100219726562,2025-10-03 18:42:00+00:00,245.17296142578124,245.16598052978514,245.2278594970703,245.14228424072266,245.1498354335687,245.16870470201857,245.17772426530587,245.18574739482906,245.18470794920307,42.29272993920683,46.98392211702606,48.33396901571638,-0.028141540623017117,0.03713970469824737,-0.056671415103712916,245.48935991813423,245.2278594970703,244.9663590760064,0.13083438329584002,0.1520918952065105,0.16565311159702784,243.8165150043685,245.18817588400555,245.17401568210138,245.24089232758413,23795.0,22673.1,27569.7,48.50307053066521,-0.01600324718449997,0.006174185402424377,-0.022177432586924346,24.868030353018806,23.95593738511057,-76.00107406803815,20.023123367447436,245.11866760253906
hold,245.14999389648438,245.12510681152344,245.20989990234375,245.10000610351562,19492,245.14999389648438,2025-10-03 18:43:00+00:00,245.1569610595703,245.16398010253906,245.2368591308594,245.14568420410157,245.1498882545406,245.16496254091174,245.17345805471797,245.18249707679774,245.18213653789056,46.36710400030296,48.40778381541498,49.161067098886804,-0.03262318331709019,-0.008159347640551299,-0.07744454399704652,245.47344511691088,245.2368591308594,245.0002731448079,0.12784287122902357,0.14907774546519725,0.1629979062270801,243.81775182401583,245.157595559412,245.1724308191222,245.26061597578803,18052.2,21415.8,26302.2,48.321959384640905,-0.017173996978812056,0.0015045489261770913,-0.018678545904989147,40.539425932035634,21.802485428351478,-37.99685314702602,12.16984152393149,245.1532999674479
hold,245.13999938964844,245.14999389648438,245.17999267578125,245.10780334472656,18736,245.13999938964844,2025-10-03 18:44:00+00:00,245.13995971679688,245.16098022460938,245.22623443603516,245.15250823974608,245.14659196624322,245.1599699106591,245.1683105677842,245.17863365069326,245.17901526765039,45.08679665335202,47.92988170138577,48.877836035728535,-0.034664782037482765,-0.012235909581482723,-0.0977662324934736,245.46016498674595,245.22623443603516,244.99230388532436,0.1198923654898327,0.14358571586444654,0.15867368836172807,243.81892961021964,245.14287825755713,245.16980184716928,245.2407257538445,18695.8,20927.7,23402.5,42.83217006463216,-0.019045356991284734,-0.002605432257315274,-0.01643992473396946,48.18459450288429,37.8640169293129,-44.76371232635098,23.508416321494664,245.1425984700521
hold,245.10499572753906,245.1300048828125,245.13999938964844,245.0800018310547,23877,245.10499572753906,2025-10-03 18:45:00+00:00,245.12119750976564,245.15997924804688,245.21048431396486,245.1539242553711,245.13272655334185,245.1489750740351,245.1585698231311,245.17193929404286,245.17353233875326,40.51564219343628,46.209244088123185,47.86376620466188,-0.038259172789140365,-0.004083701691318591,-0.0856069591248696,245.43220965131772,245.21048431396486,244.988758976612,0.11133596450467802,0.13761513320225394,0.1539748250394434,243.82038784398918,245.12155036625563,245.16876976018628,245.2129800320422,19333.2,20884.9,22082.55,42.09680211125903,-0.02455726471816888,-0.006995798749485995,-0.017561465968682886,19.24116057793962,35.98839367095318,-104.89330802291201,23.264963310052167,245.10833231608072
hold,245.125,245.11000061035156,245.125,245.04550170898438,23432,245.125,2025-10-03 18:46:00+00:00,245.1281982421875,245.15747985839843,245.19223403930664,245.15012420654296,245.13015103556125,245.1441800592281,245.15340523495706,245.1676720854935,245.16993735069747,44.282053019232876,47.37201395270441,48.50485874466944,0.014281962802397527,-0.010195348605608686,0.038771261142067096,245.37571409486165,245.19223403930664,245.00875398375163,0.1067877254348133,0.1334639301889233,0.15042832341926157,243.82183792373684,245.12705926657335,245.1651205239212,245.19309280669793,20885.6,22051.6,22043.75,42.15629476799746,-0.025757291469375332,-0.010748097293463862,-0.01500919417591147,59.11050601316088,42.17875369799493,-118.53760669991962,7.048593981253079,245.09850056966147
hold,245.03500366210938,245.1199951171875,245.1199951171875,244.97999572753906,25833,245.03500366210938,2025-10-03 18:47:00+00:00,245.11099853515626,245.14197998046876,245.17698440551757,245.14402435302733,245.09843524441067,245.12234477980437,245.1351896083651,245.1556113197313,245.1599422626539,33.23646950626035,42.881061961598,45.84207028506273,-0.03508411534930047,-0.06321578276174433,-0.055061593116672254,245.3595008825541,245.17698440551757,244.99446792848104,0.11224723215283104,0.13428824035121004,0.150170035278389,243.82332271099477,245.1067337899295,245.14879927058982,245.1742575454651,22274.0,23034.5,21915.5,43.01560821784838,-0.03759748284954867,-0.016117974404680824,-0.021479508444867845,34.37917222963952,37.576946273580006,-197.0758554678359,0.4310220139431252,245.0449981689453
hold,244.97999572753906,245.05999755859375,245.07000732421875,244.97000122070312,36282,244.97999572753906,2025-10-03 18:48:00+00:00,245.07699890136718,245.11697998046876,245.16298446655273,245.13582427978517,245.05895540545347,245.09387496935133,245.11131362669954,245.13964626589564,245.14661288968244,28.217380464168244,40.36235170604865,44.281915731683895,-0.06934455361116384,-0.10194511452740905,-0.07749824318851622,245.36024329066944,245.16298446655273,244.965725642436,0.11049849949037303,0.1318395162915254,0.1477812766230193,243.82530754956002,245.06427486064877,245.10283900782815,245.15447431769536,25632.0,21842.1,22620.45,33.89836352158261,-0.052737920331111354,-0.023441963589966933,-0.02929595674114442,6.448119708604056,33.31259931713482,-192.80120507937008,1.4365205541676127,245.0066680908203
hold,244.79510498046875,244.98500061035156,245.02000427246094,244.79510498046875,21739,244.79510498046875,2025-10-03 18:49:00+00:00,245.00802001953124,245.07398986816406,245.13573989868163,245.12432647705077,244.9710052637919,245.03412097157482,245.06266614266406,245.10832433085682,245.12057526677773,17.722589057614826,33.28547056487055,39.53350909511045,-0.14069283268271535,-0.1753088438564063,-0.1305103749367291,245.37394653275248,245.13573989868163,244.8975332646108,0.12684146984777508,0.13848664312728698,0.15145356306917016,243.8263036374522,245.00884567101014,245.0646198902471,245.1288481841049,26232.6,22464.2,22680.1,26.487003506497274,-0.08645429520291259,-0.03604442991255606,-0.05040986529035653,0.0,13.609097312747858,-247.29915921977027,40.41799334466496,244.8700714111328
hold,244.8000030517578,244.82000732421875,244.889892578125,244.7899932861328,30694,244.8000030517578,2025-10-03 18:50:00+00:00,244.947021484375,245.03410949707032,245.10674514770508,245.11592651367187,244.91400452644723,244.98729738761142,245.02225643637078,245.08029512366602,245.09682917677625,18.65763005426406,33.61752819701219,39.713330760738025,-0.12443347997699837,-0.16264504554602677,-0.14276600181126156,245.35972898435253,245.10674514770508,244.85376131105764,0.12299258729697685,0.13573040376049414,0.14899859777979002,243.8277136601553,244.94574964075161,245.0181734320439,245.09924546469625,27596.0,23464.6,23458.9,24.99348696793679,-0.10953178916483353,-0.05074190176301156,-0.058789887401821964,3.5747370715492344,3.340952260051097,-197.3265586800537,40.892034389398184,244.82662963867188
hold,244.7904052734375,244.8300018310547,244.85000610351562,244.75999450683594,23221,244.7904052734375,2025-10-03 18:51:00+00:00,244.8801025390625,245.004150390625,245.08051528930665,245.10913452148438,244.872804775444,244.94791896477665,244.98658702668874,245.05394150091794,245.0741311098623,18.185175611027432,33.26810526547975,39.47181290946018,-0.13649963347781743,-0.12223716550229863,-0.16297449487739324,245.34993830772348,245.08051528930665,244.81109227088982,0.11828101720879267,0.13246477468329368,0.14618969296549944,243.82876717409815,244.88907908372275,244.99168892007384,245.07569418398867,27553.8,24219.7,23695.4,19.791128137638978,-0.1262121450856455,-0.06583595042753836,-0.06037619465810713,11.696009389671362,5.090248820406866,-157.09183920786217,46.80312840864257,244.80013529459634
hold,244.67999267578125,244.80999755859375,244.82000732421875,244.66000366210938,23164,244.67999267578125,2025-10-03 18:52:00+00:00,244.80910034179686,244.96004943847657,245.06301498413086,245.0995343017578,244.80853407555642,244.89433370697756,244.93941866501066,245.01994615317824,245.04493567030073,13.572459578804114,29.472854927075147,36.77064614987034,-0.1448817438416541,-0.17991502871282505,-0.2242804964074987,245.38385296405247,245.06301498413086,244.74217700420925,0.124241395051733,0.13443183807087092,0.1468475010199697,243.82969540606697,244.82532669891876,244.95248338219002,245.05862905789908,27020.0,24647.0,23660.05,6.147749045639927,-0.15060196332316877,-0.08278915300666445,-0.06781281031650432,8.695075003318731,7.988607154846442,-155.47505062807934,78.57861135146511,244.72000122070312
hold,244.6300048828125,244.6737060546875,244.75999450683594,244.6300048828125,32724,244.6300048828125,2025-10-03 18:53:00+00:00,244.73910217285157,244.90805053710938,245.03601531982423,245.0923342895508,244.7490243446418,244.84146794214456,244.89181654467248,244.98449694678135,245.0142000564127,11.968898428219035,27.91990885314746,35.61214339615053,-0.14286507095698295,-0.2121105554224254,-0.2426348071745832,245.4037537473398,245.03601531982423,244.66827689230865,0.12506257061911935,0.13411453706748283,0.1460447449725158,243.83092639503934,244.73407513814988,244.89702496693616,245.02149288254932,26308.4,25970.2,23693.0,5.832503598235917,-0.17273211426814328,-0.10077774525896022,-0.07195436900918306,0.0,6.797028130996698,-138.9801552861676,78.90178735949881,244.67333475748697
hold,244.64999389648438,244.64999389648438,244.72000122070312,244.63999938964844,25691,244.64999389648438,2025-10-03 18:54:00+00:00,244.7100799560547,244.85904998779296,245.01001510620117,245.09213409423828,244.716014195256,244.80317313301254,244.85461306033585,244.9540875785725,244.98722182234394,16.5676067296002,29.519162359310968,36.452781471316,-0.059278588922745346,-0.19988802087953095,-0.22382362844941633,245.40843665898365,245.01001510620117,244.6115935534187,0.12005310880076302,0.1309632371262787,0.14337577320671147,243.8319142800588,244.7083407224429,244.85615282026492,244.99407011006448,27098.8,26665.7,23796.7,5.747407164698117,-0.18404868933140506,-0.11743193407344919,-0.06661675525795586,10.520398329585609,6.40515777763478,-113.56274789997407,75.1599956611346,244.6699981689453
hold,244.6199951171875,244.63999938964844,244.69000244140625,244.58999633789062,15143,244.6199951171875,2025-10-03 18:55:00+00:00,244.67407836914063,244.8105499267578,244.98526458740236,245.087333984375,244.68400783589988,244.76653752984754,244.81851799215917,244.9237155366284,244.96001984418422,15.179226632768064,28.497276835435628,35.71794107638344,-0.07353265209406619,-0.19787463283314455,-0.19176679086288084,245.41480841880198,244.98526458740236,244.55572075600273,0.11718925090288615,0.12875201329694627,0.14131055084046926,243.83247414045746,244.6737301070975,244.81925127137364,244.97563723040724,23988.6,25792.3,23338.6,5.756890858456416,-0.19348231433667706,-0.13264201012609478,-0.060840304210582286,17.646530832061753,9.388976387215786,-107.54390067458809,83.16298947043225,244.63333129882812
hold,244.6199951171875,244.61500549316406,244.63999938964844,244.5500030517578,23393,244.6199951171875,2025-10-03 18:56:00+00:00,244.63999633789064,244.76004943847656,244.9587646484375,245.08283386230468,244.6626702629958,244.73722904731557,244.7879760113943,244.89610458940652,244.93483282736966,15.179226632768064,28.497276835435628,35.717941076383426,-0.06961472042159791,-0.20601933006119325,-0.204391739421386,245.40927116798298,244.9587646484375,244.508258128892,0.1133045490439917,0.1259837507679233,0.13886701689047667,243.8333374544055,244.6407089469048,244.773395369402,244.9539590486954,24023.0,25788.4,23920.0,5.682173799024426,-0.19760378005409507,-0.14563436411169484,-0.05196941594240023,41.17224665649403,23.113058606047133,-103.21274009742288,83.84427262172377,244.60333251953125
hold,244.49000549316406,244.625,244.64999389648438,244.47000122070312,49738,244.49000549316406,2025-10-03 18:57:00+00:00,244.60199890136718,244.70554962158204,244.92376480102538,245.07343383789063,244.60511533971857,244.6877843364853,244.74213439320505,244.8591864897481,244.90188265446554,10.158420345643577,24.27429416455591,32.58031403813726,-0.07764720790593381,-0.22241645511872943,-0.26921820100023963,245.40471075706267,244.92376480102538,244.4428188449881,0.12283142429217146,0.12984153112601807,0.14082538159956112,243.83486447121538,244.5834063769926,244.69939186788199,244.90152402114018,29337.8,28178.9,25606.7,0.0,-0.2140983179802447,-0.15932715488540483,-0.05477116309483987,9.092800665834373,22.637192718130052,-113.28703210781839,100.0,244.5366668701172
hold,244.47000122070312,244.47560119628906,244.64999389648438,244.44500732421875,61765,244.47000122070312,2025-10-03 18:58:00+00:00,244.56999816894532,244.65455017089843,244.8857650756836,245.06400390625,244.56007730004677,244.64422771332886,244.70026775128167,244.82380601074402,244.8698914371498,9.588969031386654,23.692426482430548,32.124327191222946,-0.06540639288546109,-0.20817802095283783,-0.2733124625167167,245.38371878580043,244.8857650756836,244.38781136556676,0.13456787400266482,0.13520903406456142,0.14388067639318322,243.836693274546,244.53486965029444,244.62014877850487,244.82070249061255,35146.0,30727.2,26284.65,0.0,-0.22566372382092936,-0.17259446867250974,-0.05306925514841962,12.192943278249219,20.819330200192542,-105.97463591289525,100.0,244.52166748046875
hold,244.52499389648438,244.44000244140625,244.5399932861328,244.4199981689453,40537,244.52499389648438,2025-10-03 18:59:00+00:00,244.5449981689453,244.6275390625,244.85076446533202,245.0566018676758,244.54838283219266,244.62038094995998,244.6733025428513,244.79664127308405,244.84434347117457,23.366676544491952,28.74877211357854,34.7599468908375,-0.05109340000755923,-0.11034170148374746,-0.2366340307887575,245.3468209140094,244.85076446533202,244.35470801665463,0.13248605160049842,0.1341223257161999,0.14274326881196023,243.83799155088136,244.51724943347247,244.59665484675108,244.78754337523972,38115.2,32607.0,27535.6,0.0,-0.22396252121458815,-0.18286807918092543,-0.04109444203366272,45.651164333576595,22.312302759220064,-103.77303661466556,100.0,244.4949951171875
hold,244.5449981689453,244.5399932861328,244.5800018310547,244.46620178222656,50889,244.5449981689453,2025-10-03 19:00:00+00:00,244.52999877929688,244.60203857421874,244.81807403564454,245.04730194091798,244.54725461111022,244.60530439375708,244.6535634084042,244.77376462725326,244.8221697450835,28.021699495123215,30.551517781631716,35.71339334553542,-0.030658551933279005,-0.10416865998101503,-0.23661471945117285,245.30414940115102,244.81807403564454,244.33199867013806,0.1298166226330165,0.13267073450990882,0.1413650202413014,243.83966170913675,244.5166141771164,244.5710376850936,244.75164816497588,45264.4,34626.5,29045.55,11.03669000323319,-0.21686535132641893,-0.18966753361002414,-0.02719781771639479,54.348835666423405,37.39764775941641,-82.57689893734484,88.15450643776825,244.53040059407553
hold,244.44000244140625,244.57000732421875,244.72000122070312,244.38999938964844,44411,244.44000244140625,2025-10-03 19:01:00+00:00,244.49400024414064,244.56699829101564,244.78557434082032,245.0341018676758,244.51150388787556,244.57224400328693,244.6207078750199,244.74342261035807,244.79386105592224,20.424529011600654,26.728931821469686,33.05138262931854,-0.07358052463986961,-0.14314402218495473,-0.24282294848110803,245.28140053887745,244.78557434082032,244.2897481427632,0.15841450955039807,0.14676581283453588,0.1503477255181293,243.84089681498787,244.4930806033891,244.54133788246108,244.72024924542993,49468.0,36745.5,30482.6,10.61048558227003,-0.22161705263530962,-0.19605743741508125,-0.02555961522022837,15.152355851481945,38.384118617160645,-83.48945494384773,51.99788411458333,244.51666768391928
hold,244.41000366210938,244.4199981689453,244.47000122070312,244.36000061035156,33310,244.41000366210938,2025-10-03 19:02:00+00:00,244.47799987792968,244.53999938964844,244.7500244140625,245.0197018432617,244.47767047928684,244.53979593505144,244.58829184226443,244.7131117968809,244.76542717489906,18.731699118862082,25.738061231045464,32.328471178013885,-0.03272192288323391,-0.11034372312967576,-0.23266882005485018,245.24650878146537,244.7500244140625,244.25354004665962,0.1514982382362787,0.14413972694289492,0.14842643431972138,243.8417736434163,244.4817587877985,244.52124645655812,244.6915587528521,46182.4,37760.1,31203.55,10.678585964345771,-0.22563123984761546,-0.2019721979015881,-0.02365904194602736,13.889713050481076,27.796968189462145,-127.87808393022529,53.24495174682441,244.41333516438803
hold,244.58999633789062,244.42999267578125,244.60499572753906,244.4199981689453,18061,244.58999633789062,2025-10-03 19:03:00+00:00,244.5019989013672,244.53599853515624,244.7220245361328,245.0095016479492,244.51511243215478,244.5498360156193,244.58855407236075,244.70191948242723,244.75243229808362,48.57007583985514,40.08893405324008,40.524013146004776,0.049083779845515915,-0.01635471696983397,-0.08378788562560914,245.18730663774215,244.7220245361328,244.25674243452346,0.15771164212105138,0.1477720368348087,0.15064384532495786,243.84239817757242,244.49608020848493,244.51486156675875,244.67426121880948,37441.6,36293.8,31132.0,14.582092501711998,-0.20259628246432726,-0.20209701481413594,-0.0004992676501913151,63.887593777815454,30.976554226592825,-45.540381457304186,13.710081926099315,244.538330078125
hold,244.58999633789062,244.60000610351562,244.61000061035156,244.52999877929688,27201,244.58999633789062,2025-10-03 19:04:00+00:00,244.51499938964844,244.52999877929688,244.69452438354492,245.0007015991211,244.54007373406674,244.55786808007358,244.58877595936536,244.6917446511057,244.740400004736,48.57007583985514,40.08893405324008,40.52401314600479,0.026583148156121707,-0.024523834085659533,-0.08578705524884572,245.1211484497912,244.69452438354492,244.26790031729863,0.14661024054014224,0.14293130785051433,0.14727993988351643,243.8433368001864,244.50403168120928,244.51094346658144,244.65680269860331,34774.4,36444.8,31555.25,20.488556557464506,-0.1825319246624133,-0.19818399678379145,0.015652072121378147,91.998291015625,56.591865947973844,-9.041207318829207,12.326247361050143,244.57666524251303
hold,244.63999938964844,244.60000610351562,244.672607421875,244.5500030517578,28363,244.63999938964844,2025-10-03 19:05:00+00:00,244.53399963378905,244.53199920654296,244.6712745666504,244.9923016357422,244.57338228592732,244.57429434198858,244.5966564871012,244.68704053642776,244.7329629221369,54.839758067035106,43.600480983982,42.65125034915133,0.03884815531475024,0.008177693099598938,-0.0614427202001872,245.0543452234512,244.6712745666504,244.28820390984959,0.14318083047972013,0.14147938372670527,0.14610491275178647,243.8443783890353,244.51573802640544,244.51626307004483,244.63921576423235,30269.2,37766.8,31779.55,26.247497467107962,-0.15866858014831564,-0.1902809134566963,0.03161233330838065,87.09151313802477,80.99246597715508,45.30960565646259,0.34415142662771214,244.6208699544271
hold,244.44000244140625,244.63999938964844,244.64999389648438,244.38499450683594,37315,244.44000244140625,2025-10-03 19:06:00+00:00,244.53399963378905,244.51399993896484,244.63702468872071,244.98110168457032,244.52892233775367,244.5474359618721,244.5725558646866,244.66458252778943,244.71126214578646,34.95522505640666,34.81170707822781,37.081366372551585,0.0,-0.07358052463986961,-0.09808330944860069,244.9710530063202,244.63702468872071,244.30299637112122,0.16058348178953688,0.15030224129254327,0.15176655450876986,243.84540116148014,244.51946363965436,244.50279932189892,244.610243794063,28850.0,39159.0,32473.7,25.488549273256865,-0.16382618391435244,-0.18498996754822752,0.021163783633875083,19.12568306010929,66.07182907125302,-73.46861652027562,7.538855804863649,244.49166361490884
hold,244.4199981689453,244.43499755859375,244.4600067138672,244.38999938964844,18903,244.4199981689453,2025-10-03 19:07:00+00:00,244.53599853515624,244.50699920654296,244.6062744140625,244.96585357666015,244.49261428148424,244.52194840328679,244.54908544995715,244.6423475860763,244.6896870363908,33.53623186586293,34.07190173754469,36.579667840513785,0.004089238036980946,-0.028634022923569938,-0.08584667034928486,244.89873851236757,244.6062744140625,244.31381031575745,0.1476440307079959,0.14456689007298662,0.14787325782829272,243.8459005514608,244.53306403443275,244.50022458075696,244.58756980640948,25968.6,36075.5,32127.2,26.232086857603903,-0.16773863310402248,-0.18153970065938652,0.013801067555364033,12.170406918138893,39.46253437209098,-136.987292969841,4.0613701145907015,244.42333475748697
hold,244.38999938964844,244.42999267578125,244.4600067138672,244.37159729003906,16815,244.38999938964844,2025-10-03 19:08:00+00:00,244.49599914550782,244.4989990234375,244.57677459716797,244.94865356445314,244.45840931753898,244.49555860055912,244.52461067144813,244.61940684094648,244.66748795144693,31.312351102436622,32.94132835904048,35.81663710991545,-0.08176824532345153,-0.03272460042345371,-0.10627202670029318,244.82871852985514,244.57677459716797,244.3248306644808,0.13918194401087147,0.14055564248406793,0.1450416466854276,243.84632087602574,244.50636134047565,244.50026672462815,244.559386863004,25719.4,31580.5,31153.85,26.733224899330267,-0.17192935088780814,-0.17961763070507086,0.007688279817262722,6.610030145245273,12.635373374497819,-139.0579767529882,6.2248733147590585,244.4072011311849
hold,244.52000427246094,244.38999938964844,244.52000427246094,244.38999938964844,18777,244.52000427246094,2025-10-03 19:09:00+00:00,244.48200073242188,244.49850006103514,244.5630195617676,244.93335357666015,244.47894096917966,244.50044773493948,244.52390199468087,244.61037024381142,244.656563234485,48.55914233432034,41.93357541585707,41.38065612001301,-0.02861607853045488,-0.0020405374288853984,-0.04087598999364748,244.7950322422862,244.5630195617676,244.33100688124898,0.13787093526824698,0.13980201679324164,0.1443256103105263,243.84690153035447,244.4895623737294,244.49811823228896,244.5499309345743,24034.6,29404.5,31005.75,30.525796411566574,-0.15611549954550696,-0.17491720447315812,0.018801704927651153,100.0,39.593479021128054,-44.56417274440659,7.16739941626334,244.47666931152344
hold,244.43499755859375,244.5,244.52999877929688,244.43499755859375,37059,244.43499755859375,2025-10-03 19:10:00+00:00,244.44100036621094,244.4875,244.54476928710938,244.91955352783202,244.46429316565104,244.48735769967035,244.510224389129,244.594427272428,244.64015096219674,40.753103674530024,38.31558819838233,39.05611092084925,-0.08379734776248607,-0.04498174617154425,-0.07562650735281275,244.75582208992128,244.54476928710938,244.33371648429747,0.1317466903303724,0.13660195992966187,0.14197682985303098,243.84790024038233,244.44076116811266,244.48125667190504,244.53087999991507,25773.8,28021.5,31324.0,29.66332703385443,-0.15279326252638725,-0.17049241608380394,0.01769915355741669,40.02504575667084,48.878358633972034,-48.12943444823854,13.717221285078965,244.46666463216147
hold,244.55999755859375,244.44500732421875,244.5749969482422,244.33999633789062,51839,244.55999755859375,2025-10-03 19:11:00+00:00,244.46499938964843,244.49949951171874,244.5332489013672,244.90795349121095,244.4961946299653,244.50188567145506,244.5178817998159,244.59129729844307,244.63421367304096,53.56026772336096,45.73044643264301,43.92011387516868,0.0490898036283008,0.0490898036283008,0.02862778185492923,244.71211024688031,244.5332489013672,244.35438755585406,0.14649725033339958,0.14363043495979763,0.1464065336862944,243.8495878150308,244.4840645869211,244.5018168470379,244.52398483117372,28678.6,28764.3,32754.9,40.21803136626828,-0.13232800158590408,-0.16285953318422397,0.030531531598319894,93.61729757807935,77.8807811115834,-9.119607717453738,11.61408063818178,244.49166361490884
hold,244.40049743652344,244.56629943847656,244.56629943847656,244.36500549316406,32055,244.40049743652344,2025-10-03 19:12:00+00:00,244.46109924316406,244.49854888916016,244.5192741394043,244.89086334228514,244.4642955654847,244.48160802446876,244.4998226670017,244.57395185645035,244.61690135922484,40.52072477543147,39.24746567296132,39.677369706970154,-0.007978370251191932,-0.0038894584687620298,-0.028430393844903996,244.6937105124716,244.5192741394043,244.344837766337,0.15432534961612823,0.14774925712784778,0.14902021995420894,243.8503939489716,244.47468902393922,244.50115516947434,244.51258079564303,31309.0,28638.8,33199.45,42.8422271019101,-0.13529333475608496,-0.1573462934985962,0.02205295874251123,25.74508148821505,53.12914160765508,-69.67315366464545,15.163162696794988,244.44393412272134
hold,244.27000427246094,244.3699951171875,244.39999389648438,244.27000427246094,26189,244.27000427246094,2025-10-03 19:13:00+00:00,244.43710021972657,244.4665496826172,244.50127410888672,244.8768634033203,244.39953180114344,244.43928727406723,244.46446599091848,244.54632025790585,244.5912052787238,32.880136850158294,34.88957441883966,36.63704566111782,-0.049099847574443176,-0.13082794481407659,-0.1042795748443544,244.69902869836665,244.50127410888672,244.3035195194068,0.15092075167989563,0.1465166790517515,0.1481379791974609,243.85089499457874,244.45096399693287,244.4751526053194,244.49707336486588,33183.8,29451.6,32872.7,44.23745961564854,-0.15191800465657934,-0.15626063573019283,0.00434263107361349,0.0,39.7874596887648,-188.53665078088724,5.746880570409988,244.3133341471354
hold,244.22999572753906,244.2899932861328,244.2899932861328,244.19000244140625,23730,244.22999572753906,2025-10-03 19:14:00+00:00,244.37909851074218,244.43054962158203,244.48027420043945,244.85441345214844,244.34301977660866,244.39742896476162,244.42839364270625,244.51756348241793,244.5644490156731,30.802600008124415,33.655694199596695,35.75504556945174,-0.11860319804294114,-0.1471853369891044,-0.12881164765783873,244.6985349849013,244.48027420043945,244.2620134159776,0.14364505068656233,0.14319340517138085,0.1458452585083705,243.85130472188388,244.41269004750694,244.44443076821725,244.4814112087306,34174.4,29104.5,32774.65,34.848659276554116,-0.16702005091147498,-0.15841251876644927,-0.008607532145025715,10.62811727018369,12.124399586132915,-201.93052894417494,7.903475758246617,244.23666381835938
hold,244.06500244140625,244.1999969482422,244.22500610351562,244.0399932861328,38058,244.06500244140625,2025-10-03 19:15:00+00:00,244.3050994873047,244.3730499267578,244.4525245666504,244.82731353759766,244.2503473315412,244.33094366009055,244.3724873040447,244.4764215695987,244.5274529731348,23.62160245056215,29.087160286411418,32.3796607458559,-0.1513674886505596,-0.23503799447218182,-0.15341187868376402,244.7266474244841,244.4525245666504,244.1784017088167,0.15026753507508914,0.14653690775958578,0.1479479815035076,243.85167449578728,244.3308903898198,244.3779707161077,244.454957716153,34374.2,30074.0,33920.4,35.39733560059352,-0.19650931304425967,-0.16603187762201135,-0.030477435422248317,6.946975797906159,5.858364356029949,-221.746708836782,39.825184835879206,244.11000061035156
hold,244.25,244.0500030517578,244.25,244.0500030517578,65851,244.25,2025-10-03 19:16:00+00:00,244.24309997558595,244.3540496826172,244.43402481079102,244.80251342773437,244.25023155436082,244.31475492807246,244.35364310342243,244.45583779054428,244.50690090105076,41.47073099216185,39.073551420524666,39.143341263644245,-0.1267572627119765,-0.07772968397502562,-0.06546526726073619,244.71037303365384,244.43402481079102,244.1576765879282,0.15737173695610318,0.15035548207977162,0.15042650372915903,243.85286352509496,244.23834077752554,244.34534849810237,244.4308791904786,37176.6,32927.6,36043.3,47.731556708738154,-0.19214597297829528,-0.17125469669326815,-0.020891276285027127,84.002685546875,33.859259538321616,-131.6201712506994,33.94299649443682,244.18333435058594
hold,244.3000030517578,244.2449951171875,244.36000061035156,244.22999572753906,52813,244.3000030517578,2025-10-03 19:17:00+00:00,244.2230010986328,244.34205017089843,244.4245246887207,244.78171356201173,244.26682205349317,244.31180455280955,244.3453907877817,244.44167099610914,244.49157513443646,45.48787060097221,41.47270125646031,40.8232160513118,-0.04111873168004732,-0.04909382132658322,-0.11856301994142032,244.70554591571454,244.4245246887207,244.14350346172688,0.15346218636415987,0.1489018678463951,0.1494540455902705,243.85393144207447,244.22894592357522,244.33486920708967,244.41726926155178,41328.2,36318.6,36197.05,51.55268938182797,-0.1797705816269115,-0.17295787367999685,-0.006812707946914659,81.25119206561129,57.40028447013082,-55.09854342192447,37.76453989653551,244.29666646321616
hold,244.14930725097656,244.26010131835938,244.26010131835938,244.14930725097656,31712,244.14930725097656,2025-10-03 19:18:00+00:00,244.19886169433593,244.31798095703124,244.4084899902344,244.75949981689453,244.22765045265433,244.27930509244297,244.31522408981166,244.41509247382436,244.46622195788387,36.644725889271754,36.7730034427966,37.543769052170575,-0.04941131509120885,-0.09848690178525772,-0.180174616097246,244.7129235435993,244.4084899902344,244.10405643686948,0.15306698842374417,0.14903000591317042,0.14951317678984097,243.8543544317581,244.2119742474925,244.3168531768212,244.40032906264886,42432.8,37808.3,34694.4,45.39440984041013,-0.18691686544090658,-0.1757496720321788,-0.011167193408727766,32.033864934042136,65.7625808488428,-96.2297354714227,43.765532058168056,244.18623860677084
hold,244.1999969482422,244.14999389648438,244.2100067138672,244.14999389648438,24912,244.1999969482422,2025-10-03 19:19:00+00:00,244.19286193847657,244.28598022460938,244.39224014282226,244.73669982910155,244.21843261785028,244.2634434636028,244.29749683726249,244.39553833513506,244.4465015867993,41.13558368843746,39.26611605761584,39.26693246227365,-0.012283003652975282,-0.13087163366076826,-0.1798571135153739,244.7046546046006,244.39224014282226,244.07982568104393,0.13987162763329858,0.14272068141156005,0.14528395231844973,243.85474283127397,244.20857119235936,244.29934829550595,244.38552033505604,42669.2,38421.8,33913.15,44.99298727386423,-0.1830581231964743,-0.17721136226503792,-0.005846760931436379,24.058516801853997,45.78119126716914,-82.95537967597298,53.88892702684148,244.1866658528646
hold,244.16000366210938,244.1999969482422,244.24000549316406,244.1300048828125,27205,244.16000366210938,2025-10-03 19:20:00+00:00,244.21186218261718,244.25848083496095,244.37299041748048,244.71230194091797,244.19895629926998,244.24275550330412,244.27634404108508,244.3741260921327,244.42527951830374,38.61600430541028,37.99320700792971,38.38948786886945,0.038924556881494043,-0.11250185089328542,-0.11454703669625123,244.69274085440136,244.37299041748048,244.0532399805596,0.13560433945019343,0.14038353347870308,0.14360379317716937,243.85511696781606,244.22902947913138,244.2757939558998,244.36374932105116,40498.6,37436.4,32728.95,45.97342928883572,-0.1825240149996148,-0.1782738928119533,-0.0042501221876614925,23.058878723903355,26.38375348659983,-77.88276056637666,37.6770538243626,244.17667134602866
hold,244.13099670410156,244.14999389648438,244.16000366210938,244.02999877929688,41093,244.13099670410156,2025-10-03 19:21:00+00:00,244.1880615234375,244.21558074951173,244.35754013061523,244.68862182617187,244.17630310088052,244.22040374346363,244.2539829123184,244.3520234204935,244.4034807913258,36.71319840775295,37.0549423677436,37.747124167987806,-0.04872192257868475,-0.17541742671525987,-0.11823969683691332,244.69235286282097,244.35754013061523,244.0227273984095,0.13480441707338006,0.13964220128826002,0.14295622601694702,243.85562676179006,244.19859433358312,244.2189128773278,244.34386331434047,35547.0,36361.8,32563.05,43.88723427423937,-0.18307704786215595,-0.17923452382199384,-0.0038425240401621097,48.09271234469229,31.73670262348321,-100.79447487405952,44.97445242433988,244.10699971516928
hold,244.30999755859375,244.1199951171875,244.32000732421875,244.09500122070312,40082,244.30999755859375,2025-10-03 19:22:00+00:00,244.1900604248047,244.20653076171874,244.35253982543946,244.67422180175782,244.22086792011828,244.23832250648968,244.2626005502069,244.34820288759352,244.3965561074197,53.285379974026725,45.92898514529097,43.836402283369445,0.0040910792922994954,-0.037029334587664844,-0.03273531292380539,244.68705608549746,244.35253982543946,244.01802356538147,0.14769037227941503,0.14573962287592895,0.14686336304069358,243.85644425614896,244.19319789126607,244.21307441091355,244.33845242733935,33000.8,37164.5,32901.65,49.72865311841196,-0.15823360093003203,-0.1750343392436015,0.016800738313569485,96.54845838156372,55.90001648338646,-21.963758471150683,20.660802402917824,244.24166870117188
hold,244.38949584960938,244.3000030517578,244.38999938964844,244.27000427246094,28991,244.38949584960938,2025-10-03 19:23:00+00:00,244.23809814453125,244.2184799194336,244.3425148010254,244.65861175537108,244.27707722994867,244.26855717511364,244.28212290396112,244.35195679323132,244.3960331253597,58.866390414251654,49.34463028029082,46.28649150382563,0.09837775144121437,0.04891782660926125,-0.053373311210211286,244.659524507925,244.3425148010254,244.0255050941258,0.1437339072662843,0.14390072961246972,0.14558392276197007,243.85713703180446,244.23684222921392,244.22275187604257,244.3338731984232,32456.6,37444.7,33448.15,50.71246046721343,-0.1274759502460654,-0.1655226614440943,0.03804671119802891,99.860128004069,81.50043291010833,50.037397624385825,19.46168201611313,244.3498331705729
hold,244.30499267578125,244.38999938964844,244.42999267578125,244.27999877929688,38036,244.30499267578125,2025-10-03 19:24:00+00:00,244.25909729003905,244.22597961425782,244.32826461791993,244.6413116455078,244.28638237855955,244.27584427524718,244.28564133039498,244.34768732800856,244.38928938835392,51.2703340430124,46.01706167210297,44.13747858323909,0.042995793960356264,0.030707509132438207,-0.053185871135877916,244.6244318732895,244.32826461791993,244.03209736255036,0.14462819144029723,0.14433595581760583,0.145793921510656,243.8578993796421,244.25685317532896,244.2303562275533,244.32200893127933,35081.4,38875.3,33989.9,50.61950809538,-0.11344511310673511,-0.1551071517766225,0.04166203866988738,62.685615377607725,86.36473392108014,53.918495412100775,16.00147329650092,244.33832804361978
hold,244.3000030517578,244.30999755859375,244.35000610351562,244.27999877929688,38354,244.3000030517578,2025-10-03 19:25:00+00:00,244.28709716796874,244.24947967529297,244.3112648010254,244.62501159667968,244.290922602959,244.28067603054933,244.28785082598927,244.34335239380394,244.38267558564309,50.81859769115443,45.82057768419835,44.010792748995975,0.0573391987011031,0.09628607461161096,-0.1063111340494865,244.57065465760968,244.3112648010254,244.05187494444112,0.13396806755150475,0.13902676784625898,0.14218503592532716,243.858656927829,244.27984767225047,244.2533977176708,244.3077100995005,37311.2,38904.9,34489.45,41.771383205157086,-0.10199955509375513,-0.14448563244004903,0.04248607734629389,18.750596089651882,60.432113157109534,51.12454370101644,7.518370127658187,244.31000264485678
hold,244.33999633789062,244.30999755859375,244.3699951171875,244.24000549316406,36151,244.33999633789062,2025-10-03 19:26:00+00:00,244.32889709472656,244.25847930908202,244.3062644958496,244.6088116455078,244.3072805146029,244.2925400920176,244.29587321243562,244.34304729781184,244.37951415988366,54.56229987007386,47.7464523188309,45.331380338605165,0.08560962622963443,0.036845992995138174,-0.024754899956177894,244.5593129294021,244.3062644958496,244.0532160622971,0.13339971847606658,0.1383812575732003,0.1416043020252372,243.8594330790699,244.32550036007027,244.26273229165295,244.302236425245,36322.8,35934.9,34431.25,48.48607949986409,-0.08697406786606621,-0.13298331952525247,0.04600925165918626,52.63031081840816,44.68884076188925,73.49178090015702,11.289870857320684,244.31666564941406
hold,244.4199981689453,244.35499572753906,244.4499969482422,244.32000732421875,25916,244.4199981689453,2025-10-03 19:27:00+00:00,244.35089721679688,244.27047882080078,244.3062644958496,244.5934115600586,244.3448530660504,244.31803170740315,244.31496935959098,244.35004283155126,244.3825129753697,61.41656501270847,51.46319383340905,47.911879465108136,0.04502501389660923,0.0491179351979286,0.06140495920942895,244.5593129294021,244.3062644958496,244.0532160622971,0.132912562125691,0.13778185517678868,0.1410512221203896,243.86008032138395,244.34383673018866,244.26907101670946,244.30342362765285,33489.6,33245.2,34781.9,53.56707612464,-0.06448126796655629,-0.11928290921351324,0.05480164124695695,85.71428571428571,52.365064207448576,131.79353628132333,6.656975366188947,244.39666748046875
hold,244.3000030517578,244.39999389648438,244.4550018310547,244.2949981689453,27949,244.3000030517578,2025-10-03 19:28:00+00:00,244.33299865722657,244.2855484008789,244.30176467895507,244.57481170654296,244.32990306128622,244.3144259762741,244.31266685069357,244.34549376066093,244.37640112917623,48.59019795314833,46.159745818865275,44.59659886084259,-0.03661892158680745,0.0617228049827478,0.028664506998906714,244.5518807539354,244.30176467895507,244.05164860397474,0.13678271926621727,0.13936912710054486,0.1419537192627222,243.86062743196177,244.32851990862218,244.2832560608895,244.30122861552212,33281.2,32868.9,35338.6,53.128719004181505,-0.06197515290213573,-0.10782135795123775,0.045846205049102015,27.906316536550744,55.41697102308154,77.1637018951565,13.097531960524764,244.3500010172526
hold,244.3300018310547,244.3000030517578,244.3800048828125,244.3000030517578,35684,244.3300018310547,2025-10-03 19:29:00+00:00,244.33800048828124,244.29854888916014,244.29226455688476,244.55691162109375,244.32993598454237,244.3175411472302,244.31533377074913,244.34408540342397,244.37296414413018,51.54189234385384,47.6132221373765,45.584981647049865,0.010236858035327716,0.05323705341407286,0.1085773818440262,244.52211408375652,244.29226455688476,244.062415030013,0.1286711638074273,0.1351286059544122,0.1390036293480539,243.8613715405597,244.33429704754244,244.29428008743994,244.29697091689155,32810.8,33946.1,36183.95,53.37017465540812,-0.05542299689997776,-0.09734168574098576,0.041918688841007995,21.876788098416938,45.16579678308447,58.17307041643185,35.40078632752948,244.336669921875
hold,244.22000122070312,244.32000732421875,244.32000732421875,244.2100067138672,50772,244.22000122070312,2025-10-03 19:30:00+00:00,244.3220001220703,244.30454864501954,244.28151473999023,244.5373355102539,244.29329106326264,244.2980331619248,244.3006672245882,244.3328050231766,244.36163355720967,41.37850353402566,43.02639842936911,42.65516031725906,-0.032747372106146956,0.02457304951419481,-0.01228199766504606,244.50363728892654,244.28151473999023,244.05939219105392,0.12743172857600912,0.13404764247106132,0.13809846210231325,243.8621786555062,244.3088668614168,244.2939542269806,244.28473450162028,35294.4,36302.8,36869.6,41.80462665435151,-0.0636003952848796,-0.09059342764976452,0.026993032364884928,4.079471848530145,17.954192161165945,-22.92313100971369,18.687167356593733,244.25000508626303
hold,244.25,244.2100067138672,244.2899932861328,244.1652069091797,54152,244.25,2025-10-03 19:31:00+00:00,244.3040008544922,244.3164489746094,244.26601486206056,244.5205355834961,244.27886070884176,244.28842652953983,244.29287226695925,244.32527729379692,244.35336440482376,44.83920378684177,44.59399563022497,43.69147415410868,-0.036832421723609954,0.048745672407455566,-0.020467888306664808,244.44785419113566,244.26601486206056,244.08417553298545,0.1270538212013114,0.13338612350549445,0.13746455328568524,243.86310734359876,244.28668835857349,244.30543083794618,244.26290106215157,38894.6,37608.7,36985.25,31.151375905337673,-0.06493787528393113,-0.08546231717659786,0.020524441892666723,39.47574056972366,21.810666838890246,-32.22471699879492,0.06621320652501021,244.23506673177084
hold,244.3699951171875,244.25999450683594,244.4600067138672,244.25999450683594,52289,244.3699951171875,2025-10-03 19:32:00+00:00,244.29400024414062,244.32244873046875,244.26448974609374,244.50551544189454,244.30923884495704,244.3047402470694,244.3047373208405,244.32934255046877,244.35459630944328,56.75342336067986,50.465063374491464,47.66383030531555,-0.020457839838150207,0.024557962913228946,0.09039053548658176,244.44225786418033,244.26448974609374,244.08672162800715,0.1389042344392937,0.13885902281704396,0.14091894188480442,243.86427668892506,244.29076889458307,244.31365388105334,244.2644659104661,44169.2,38829.4,37996.95,39.94903299606366,-0.049856062373891064,-0.07834106621605649,0.02848500384216543,69.46687370600414,37.674028708085984,75.28675349889484,29.441761083080465,244.36333211263022
hold,244.43499755859375,244.3699951171875,244.44000244140625,244.33999633789062,45051,244.43499755859375,2025-10-03 19:33:00+00:00,244.3209991455078,244.32699890136718,244.2727394104004,244.49121551513673,244.35115841616928,244.33079170937427,244.32477735741793,244.3389475512074,244.3605519575285,61.94773992204783,53.348914212618325,49.682871874470926,0.05525767709766968,0.018618520745415142,0.09623284737442914,244.4654510519477,244.2727394104004,244.08002776885309,0.13334735859305533,0.13608381429551403,0.13897071148627207,243.8654087933348,244.31699126284616,244.321735709121,244.2741443483694,47589.6,40435.4,38940.05,42.18493940768341,-0.029760248154218516,-0.06862490260368889,0.038864654449470376,91.51656314699792,66.81972580757524,103.39648275340289,29.441761083080454,244.40499877929688
hold,244.3699951171875,244.44000244140625,244.456298828125,244.33999633789062,31368,244.3699951171875,2025-10-03 19:34:00+00:00,244.32899780273436,244.3334991455078,244.2797393798828,244.4758154296875,244.3574373165087,244.33863239093694,244.331733935844,244.3417700572056,244.36125145083656,54.334044449705914,50.2014409586245,47.7487037968009,0.016368553117953318,0.02660708677882615,0.08600567329968184,244.47587226471467,244.2797393798828,244.08360649505096,0.13091237739895814,0.13467086257686126,0.13789127237903887,243.86610474836726,244.32212050792828,244.32714359154164,244.27929960349863,46726.4,39768.6,39321.95,41.86129925220285,-0.022619059899625427,-0.0594237340628762,0.036804674163250777,54.996948428440646,71.9934617604809,82.8842160072483,28.285427502509357,244.38876342773438
hold,244.4499969482422,244.3699951171875,244.4499969482422,244.3300018310547,56947,244.4499969482422,2025-10-03 19:35:00+00:00,244.3749969482422,244.34849853515624,244.29898910522462,244.46271545410156,244.38829052708655,244.360905302398,244.34992824544372,244.35160886548164,244.36782519138512,61.18413554165307,53.813126806272166,50.251508669905924,0.09417563114792303,0.06139741899741075,0.1306676532055733,244.48218582511063,244.29898910522462,244.1157923853386,0.12935276879732127,0.13362259504904975,0.1370390745127751,243.86756314715961,244.37410806499523,244.34645054280963,244.3014972957259,47961.4,41627.9,40266.4,50.816496318507134,-0.006919888987113154,-0.048922965047723595,0.04200307606061044,95.0102694212879,80.50792699890883,108.38342814995124,43.76227094240838,244.40999857584634
hold,244.55999755859375,244.47000122070312,244.58999633789062,244.44000244140625,62520,244.55999755859375,2025-10-03 19:36:00+00:00,244.43699645996094,244.37049865722656,244.3144889831543,244.45141540527345,244.44552620425563,244.40072375363718,244.38224660131297,244.3705532921282,244.38206018154872,68.71272330581908,58.29222016483367,53.469272966962635,0.12691814067297852,0.09003897192455211,0.10232900924983293,244.52837014028026,244.3144889831543,244.10060782602832,0.13230150132404322,0.13479197372300156,0.137655970797137,243.86945671605886,244.44801764926197,244.37713922860252,244.3258771685376,49635.0,44264.8,40099.85,52.710908073553675,0.018663572088456704,-0.03540565762048754,0.05406922970894425,88.4617641880392,79.4896606792559,226.3139695712075,42.2128822107807,244.52999877929688
hold,244.8679962158203,244.5500030517578,244.8800048828125,244.5500030517578,95601,244.8679962158203,2025-10-03 19:37:00+00:00,244.5365966796875,244.41529846191406,244.34288864135743,244.44807525634766,244.58634954144387,244.49417824607383,244.45697731123718,244.41577537610019,244.41805544334662,80.84747357276268,67.7289758700922,60.903779054405206,0.20378978949277154,0.1832902586658804,0.19579416232577918,244.66499277034424,244.34288864135743,244.02078451237062,0.16054440557127814,0.14873553496097913,0.14681529747606797,243.87361485417355,244.5997571474941,244.46656482979762,244.38884421076582,58297.4,51233.3,42239.25,57.56151912041478,0.0761228027272125,-0.013099965550947536,0.08922276827816003,97.81661811624359,93.76288390852356,304.2682446054485,55.651248306560866,244.76600138346353
hold,244.8300018310547,244.8699951171875,244.88999938964844,244.73500061035156,31836,244.8300018310547,2025-10-03 19:38:00+00:00,244.6155975341797,244.46829833984376,244.37692337036134,244.44507537841798,244.66756697131416,244.56134296307002,244.51436569890143,244.4534323265506,244.44856999058425,76.57324712798214,65.75258098356692,59.668911748050654,0.16159890212376427,0.21694587502096288,0.21489906920165996,244.74985596450125,244.37692337036134,244.00399077622143,0.1597521732463634,0.14918290955640026,0.14720498708658258,243.87493926141622,244.65277237714488,244.49799642002358,244.4144574899099,55654.4,51622.0,42245.45,63.05587592703191,0.11277297248577156,0.012074622056396285,0.10069835042937528,86.66711878200128,90.98183369542802,217.52937807453594,54.19900729537957,244.8183339436849
hold,244.85670471191406,244.82000732421875,244.8699951171875,244.77999877929688,33596,244.85670471191406,2025-10-03 19:39:00+00:00,244.712939453125,244.52096862792968,244.4097587585449,244.44630737304686,244.73061288484746,244.62041531283884,244.56703323936492,244.49009345249272,244.4788021921642,77.54657500433589,66.49263409034178,60.26346943417181,0.19916913060179958,0.21557028482469004,0.22787623954237374,244.82754279877972,244.4097587585449,243.9919747183101,0.14978705390982935,0.14495529729455917,0.1444807656962989,243.8763718797928,244.7088203907251,244.53309612727216,244.43812260745946,56100.0,51413.2,42679.65,68.77590540104828,0.14161312067463427,0.03798232178004388,0.1036307988945904,90.20734224934925,91.56369304919804,157.5110659296652,54.19900729537959,244.83556620279947
hold,244.99000549316406,244.85000610351562,245.01190185546875,244.85000610351562,49611,244.99000549316406,2025-10-03 19:40:00+00:00,244.82094116210936,244.59796905517578,244.45125885009764,244.450107421875,244.81707708761968,244.6943333489039,244.63210589379557,244.53554000164468,244.5166691033494,81.92117730855583,69.98005373311312,63.11371848240596,0.2209075686903003,0.31529124093529093,0.26602650610445244,244.92297508561165,244.45125885009764,243.97954261458364,0.15151686791601443,0.14616532977017102,0.14531005075614775,243.87876641202973,244.81384555032216,244.6082742272965,244.47801499061393,54632.8,51297.1,43799.95,69.4248461681868,0.1776642455545243,0.06591870653493997,0.11174553901958434,92.0923568633934,89.65560596491464,150.68196193916575,66.641185904642,244.9506378173828
hold,245.0500030517578,245.0,245.07000732421875,244.99000549316406,46286,245.0500030517578,2025-10-03 19:41:00+00:00,244.9189422607422,244.67796936035157,244.49720916748046,244.4552993774414,244.89471907566573,244.7654672894747,244.6963977642513,244.58230936983676,244.55617532175,83.59909785298444,71.42178585428283,64.32311839689228,0.200362078040446,0.3275345145374872,0.2577550476770051,245.01223910403746,244.49720916748046,243.98217923092346,0.141300434078682,0.1414393655762079,0.1422001355322687,243.88111131197616,244.91815942007,244.68716302531985,244.52424221674144,51386.0,50510.5,44059.6,70.3542582113168,0.2092919677247096,0.0945933587728939,0.11469860895181569,93.102178259497,91.80062579074655,136.82113853409456,65.90790723323427,245.03667195638022
hold,245.05999755859375,245.0449981689453,245.10000610351562,245.00999450683594,38622,245.05999755859375,2025-10-03 19:42:00+00:00,244.95734252929688,244.7469696044922,244.53470916748046,244.46289947509766,244.94981190330844,244.82437334329853,244.75233619415013,244.62573556881466,244.59349548744214,83.88968727254736,71.66590201415428,64.52655333183854,0.07841014168475184,0.28235972304020374,0.3110906661245206,245.09681890132597,244.53470916748046,243.97259943363494,0.1339734573073971,0.13776595351217072,0.13971496701547914,243.88307743985882,244.96954063384507,244.75021066936128,244.5575242812803,39990.2,49143.8,43986.6,74.90102261200052,0.23087785585639153,0.12185025818959344,0.10902759766679809,83.99658203125,89.73037238471346,114.19260145143457,71.07409044490848,245.0566660563151
hold,244.9499969482422,245.06500244140625,245.13499450683594,244.92999267578125,49843,244.9499969482422,2025-10-03 19:43:00+00:00,244.98134155273436,244.79846954345703,244.5627342224121,244.46929931640625,244.94987358495302,244.84949806428727,244.78274554093355,244.65521387603533,244.61990300305698,68.34157819408317,65.0770781506452,60.53735943874678,0.04901160653926017,0.21068971088110514,0.2537531668403965,245.14848258536395,244.5627342224121,243.97698585946026,0.1441203678427243,0.14256851619377905,0.1428238653030605,243.88536887300262,244.9854530637817,244.7988949757342,244.5846548181341,43591.6,49623.0,45029.2,73.36998322741682,0.22959506123029882,0.14339921879773454,0.08619584243256428,9.758094529214738,62.28561827332058,86.0863852763399,58.41472364929714,245.00499471028647
hold,244.69500732421875,244.9250030517578,244.9250030517578,244.69500732421875,80563,244.69500732421875,2025-10-03 19:44:00+00:00,244.94900207519532,244.83097076416016,244.58223495483398,244.47019958496094,244.86491816470829,244.8185999162736,244.76924735374666,244.65883146223382,244.625466286106,45.523507443565954,52.92914707619062,52.61946324129929,-0.066037557715872,0.13300004645635427,0.1944992634269783,245.15824981936544,244.58223495483398,244.00622009030252,0.15995883301139763,0.15059859532446893,0.14816509190879273,243.8881697440125,244.91345627039843,244.80821656879257,244.60536028991234,52985.0,54542.5,47155.55,70.35668665034231,0.19313363016760832,0.1533461010717093,0.03978752909589903,0.0,31.251558853488245,23.17165614022309,39.6819075590512,244.77167256673178
hold,244.75999450683594,244.69000244140625,244.82000732421875,244.6649932861328,50810,244.75999450683594,2025-10-03 19:45:00+00:00,244.9029998779297,244.86197052001953,244.6052345275879,244.4729995727539,244.82994361208418,244.80687883438605,244.76782383883733,244.6680281026522,244.63543133949338,50.443315426879245,55.223269233553026,54.22174919093707,-0.09388586520707799,0.12681430250104944,0.20880020750703687,245.17097821956912,244.6052345275879,244.03949083560667,0.15925243373633188,0.15091398409314527,0.14849123220294247,243.89006775287217,244.86988607117837,244.841500027285,244.62583884983965,53224.8,53928.8,47778.35,70.67005137546634,0.17144749489267497,0.15696637983590245,0.01448111505677252,20.21297318355951,9.990355904258083,8.652614435866804,41.38691188511684,244.74833170572916
hold,244.77000427246094,244.75999450683594,244.80999755859375,244.6999969482422,44063,244.77000427246094,2025-10-03 19:46:00+00:00,244.8470001220703,244.88297119140626,244.6267349243164,244.47599975585936,244.8099638322098,244.79950392200104,244.76815929016405,244.6772986635439,244.64539970489838,51.234709546836015,55.58235720826225,54.470758715738754,-0.11426189586201944,0.08587124466946902,0.16368996327949892,245.18313083649488,244.6267349243164,244.0703390121379,0.1522164589670791,0.1479916002544608,0.14665834544811485,243.89172591153925,244.8216180227057,244.86924264801564,244.64315718647848,52780.2,52083.1,48173.95,70.33686930247998,0.1541042171026561,0.1563939472892532,-0.0022897301865971165,40.38732394366197,20.20009904240716,4.157298798150507,31.81718271471067,244.75999959309897
hold,244.82000732421875,244.7700958251953,244.83999633789062,244.74000549316406,37579,244.82000732421875,2025-10-03 19:47:00+00:00,244.79900207519532,244.8781723022461,244.64673538208007,244.48259979248047,244.81331166287947,244.8036046024446,244.77613591078784,244.6902721781507,244.65833360262582,55.38685717101454,57.41939298130624,55.73372468088265,-0.09793121552513621,-0.01959786184523123,0.15751008221836518,245.20072018760675,244.64673538208007,244.09275057655339,0.14475565693271958,0.1445629748596109,0.1444360835089933,243.8932153691735,244.786362398477,244.86550232734632,244.6559032690229,52571.6,46280.9,48757.1,70.02736570780995,0.14527099981879132,0.15416935779516083,-0.008898357976369509,88.57790565873223,49.72606759531791,10.099831980173917,33.72644532752212,244.8000030517578
hold,244.82000732421875,244.8300018310547,244.91000366210938,244.80999755859375,45650,244.82000732421875,2025-10-03 19:48:00+00:00,244.77300415039062,244.8771728515625,244.67273559570313,244.48959991455078,244.81554354999258,244.80688514679946,244.782885359008,244.7020662823387,244.67030943385492,55.38685717101454,57.41939298130623,55.73372468088265,-0.05306782022573539,-0.004082223077723221,0.18415198920614081,245.20767025688056,244.67273559570313,244.1378009345257,0.13836286358742036,0.14138034119218332,0.14232037017597576,243.89501830653901,244.76076888561738,244.86351615988727,244.67346738066192,51733.0,47662.3,49642.15,74.94987930958393,0.1365757129445342,0.1506506288250355,-0.014074915880501304,57.145971081886216,62.03706689476014,19.575359915402117,36.89050441481642,244.84666951497397
hold,244.75,244.81300354003906,244.8699951171875,244.75,66476,244.75,2025-10-03 19:49:00+00:00,244.78400268554688,244.8665023803711,244.6937355041504,244.4941000366211,244.79369569999506,244.79550811743957,244.77782607300676,244.70642389303518,244.67621243875456,47.65458381973324,53.806047156566855,53.44530153495797,0.022473967238892285,-0.04357843173606613,0.12272573348459999,245.20568450362015,244.6937355041504,244.18178650468064,0.13573889981600318,0.1398528251918488,0.14125726289081025,243.89743349346287,244.77950350700874,244.84915459020357,244.69041073163694,48915.6,50950.3,51181.75,66.21127591437258,0.11929567868500612,0.14437963879702964,-0.025083960112023518,5.879184992370523,50.534353910996316,-30.71225763670586,31.065111809469393,244.78999837239584
hold,244.67999267578125,244.75,244.75,244.27000427246094,130303,244.67999267578125,2025-10-03 19:50:00+00:00,244.76800231933595,244.83550109863282,244.71673507690429,244.4967999267578,244.7557946919238,244.77240502910792,244.76277478112593,244.704021055103,244.6764924563121,40.98006570278696,50.391059745087304,51.236352149549404,-0.032685828096982214,-0.12654100593155126,0.04906571736399799,245.18055486461748,244.71673507690429,244.2529152891911,0.1849184466335831,0.16414874678807836,0.15738766596929846,243.90174275204433,244.74255077892553,244.7999673570319,244.7108302584869,64814.2,59019.5,55158.3,52.81362092004144,0.095912572795811,0.13468622559678592,-0.03877365280097492,64.06074911188995,42.36196839538223,-182.263124521112,16.829828378051726,244.56666564941406
hold,244.79100036621094,244.66000366210938,244.88999938964844,244.66000366210938,83558,244.79100036621094,2025-10-03 19:51:00+00:00,244.77220153808594,244.80960083007812,244.74378509521483,244.5038198852539,244.7675299166862,244.77612409652852,244.7671171788313,244.7119282652037,244.68497452371201,53.12539366512038,55.241970141736374,54.375915722138465,0.008577886744091653,-0.1056938103739465,-0.03144381903689564,245.15577626229063,244.74378509521483,244.33179392813904,0.1913580581915087,0.16885210255600583,0.1608451927107158,243.9048718251511,244.75035862489776,244.78032900794724,244.73877879864045,72713.2,62746.7,56628.6,52.09360368588185,0.09114957281650504,0.12597889504072976,-0.03482932222422472,84.03228982083087,51.32407464169711,-40.47599209708792,29.669002984674197,244.78033447265625
hold,244.97970581054688,244.8000030517578,245.0500030517578,244.8000030517578,140717,244.97970581054688,2025-10-03 19:52:00+00:00,244.80414123535155,244.80157165527345,244.7742706298828,244.51521392822266,244.8382552146398,244.8168404393322,244.79982312217217,244.7362716784167,244.70680647088497,66.71123106137799,62.03764372342225,59.07858463527355,0.06523097849459417,-0.03276411852068074,0.061146092542813016,245.16054407927112,244.7742706298828,244.3879971804945,0.20102157638513246,0.1752914299124965,0.16551935903624718,243.9112035508722,244.8139015117194,244.8039792895797,244.78233805847168,93340.8,72956.2,61050.0,57.907931556770144,0.11003396844722602,0.12278990972202902,-0.012755941274803007,90.98751907351618,79.69351933541233,58.76562757454087,16.829828378051726,244.9432373046875
hold,245.16990661621094,244.97000122070312,245.22999572753906,244.92999267578125,130136,245.16990661621094,2025-10-03 19:53:00+00:00,244.87412109375,244.8235626220703,244.81101608276367,244.52681213378906,244.9488056818302,244.88745367470796,244.856759044332,244.77569303639797,244.74111018535353,75.17280488693004,67.40887131599216,63.10346559345695,0.14292103648571938,0.08977737118127697,0.12791232515579773,245.20100401568962,244.81101608276367,244.42102814983772,0.21516178715265818,0.18419940290144762,0.17192334440394075,243.91802372236103,244.8974486550593,244.8537935901863,244.8329355760069,110238.0,80985.5,65304.25,62.00086640069258,0.14634348935442176,0.1275006256485076,0.018842863705914176,89.45790389506091,88.15923759646932,126.6050305276699,4.423679377768186,245.1099650065104
hold,245.30499267578125,245.1649932861328,245.4499969482422,245.1649932861328,158727,245.30499267578125,2025-10-03 19:54:00+00:00,244.98511962890626,244.88456115722656,244.85776596069337,244.54111206054688,245.0675346798139,244.97096147492263,244.92571806455496,244.8238111854328,244.78287925871854,79.49215502110452,70.59143493179607,65.62482519109886,0.22675900951225741,0.2492839384966587,0.12857144191785266,245.2492388971224,244.85776596069337,244.46629302426433,0.2251391978607606,0.1913997071305853,0.17730812143753286,243.92712980019772,245.01321690198614,244.94884760953093,244.89533754189333,128688.2,88801.9,71672.2,65.76723936987875,0.18808221620409427,0.13961694375962494,0.048465272444469326,77.6914409127189,86.04562129376534,176.22328967741277,0.17555635875458792,245.3066609700521
hold,245.2899932861328,245.2899932861328,245.47999572753906,245.1699981689453,284902,245.2899932861328,2025-10-03 19:55:00+00:00,245.10711975097655,244.93756103515625,244.8997657775879,244.55411193847655,245.14168754858687,245.03476783716468,244.98176040633615,244.8661913764055,244.82044326074924,77.74010808588524,69.77666380521248,65.10611669865062,0.24930547188623536,0.21653815623127604,0.09793520970669438,245.2874565050343,244.8997657775879,244.5120750501415,0.2372618208226162,0.19987098223509706,0.1836266660640194,243.9430033355701,245.16643511378422,245.04401529945034,244.97827909996093,159608.0,112211.1,83069.95,71.86335715814221,0.21432457641543579,0.15455847029078712,0.059766106124648666,65.45429324455542,77.53454601744507,149.04289895618334,1.4323189926547715,245.3133290608724
hold,245.24000549316406,245.27999877929688,245.3699951171875,245.22000122070312,185344,245.24000549316406,2025-10-03 19:56:00+00:00,245.1969207763672,244.98456115722655,244.93376617431642,244.5701119995117,245.17446019677928,245.07581536836457,245.02149041969426,244.900174477929,244.8515219446318,71.60396208841767,67.0011650712745,63.35381985541389,0.18342387027358306,0.19201749090952844,0.0734546381962126,245.3155306521303,244.93376617431642,244.55200169650254,0.22479497448858174,0.19630833325290262,0.18202510560784585,243.9527569760147,245.2164519004002,245.08232435502921,245.02012385736407,179965.2,126339.2,89211.15,62.17725339335543,0.2242934237327745,0.16850546097918462,0.05578796275358988,23.81321449331525,55.65298288352986,117.65095860105968,3.2065768635336314,245.27666727701822
hold,245.22000122070312,245.22000122070312,245.2550048828125,244.99000549316406,233308,245.22000122070312,2025-10-03 19:57:00+00:00,245.24497985839844,245.024560546875,244.95136642456055,244.58611206054687,245.18964053808725,245.10465253883228,245.0520305429264,244.929249636363,244.87881670582226,69.05902769035627,65.87195468128233,62.64534766478045,0.09808788420297988,0.1633828463842243,0.11022832244329003,245.35139892843213,244.95136642456055,244.55133392068896,0.23053846236856113,0.2012148372811551,0.18597626199073117,243.9646405116897,245.2508550639364,245.1110942280401,245.05195464336833,198483.4,145912.1,96096.5,55.35122367880807,0.22583583301002363,0.17997153538535243,0.0458642976246712,46.93883906327852,45.40211560038306,68.47128273241319,10.991294672077496,245.1550038655599
hold,245.27999877929688,245.22999572753906,245.36000061035156,245.22000122070312,319021,245.27999877929688,2025-10-03 19:58:00+00:00,245.26699829101562,245.0705596923828,244.97386627197267,244.60391204833985,245.2197599518238,245.1397217869252,245.08710257929107,244.96113592208428,244.90853389645002,72.48137355724037,67.63384596998046,63.91610755528175,0.04490443570559245,0.18788965007625033,0.23906963263170158,245.3941697380826,244.97386627197267,244.55356280586273,0.2176043091228292,0.19684230530738955,0.1837868871172886,243.9812932507662,245.26764312017536,245.1498662489244,245.08808538261044,236260.4,173249.2,110455.75,65.1428460731167,0.23118789047518362,0.19021480640331867,0.04097308407186495,76.31610649319359,49.02272001659579,91.11988630576565,7.78066048106944,245.2866668701172
hold,245.4499969482422,245.28500366210938,245.47999572753906,245.2100067138672,745301,245.4499969482422,2025-10-03 19:59:00+00:00,245.2959991455078,245.14055938720702,245.00353088378907,244.62251190185546,245.29650561729662,245.20177681918864,245.14293248220662,245.0055778335532,244.94864227065685,79.8492037385647,72.03860256431521,67.23247333713971,0.0591118309004779,0.2860048818149898,0.28190981242524044,245.46799806755243,245.00353088378907,244.5390637000257,0.22508783834412144,0.20206707019056708,0.18789175028655464,244.02348518237332,245.34116643713844,245.2536556798021,245.1830951801295,353575.2,241131.7,146041.0,76.39133191179471,0.25313454853178996,0.20279875482901294,0.05033579370277702,93.87767812655704,72.37754122767639,99.85473118164815,15.616795705757422,245.37999979654947
