action,close,open,high,low,volume,price,time,sma_5,sma_10,sma_20,sma_50,ema_5,ema_9,ema_12,ema_21,ema_26,rsi_7,rsi_14,rsi_21,roc_5,roc_10,roc_14,bb_20,20,2.0,atr_7,atr_14,atr_21,vwap,vwma_5,vwma_10,vwma_20,volume_avg_5,volume_avg_10,volume_avg_20,mfi_14,macd_12_26_9,12,26,stoch_14_3_3,14,cci_14,adx_14,typical_price
hold,517.3150024414062,517.6400146484375,518.8099975585938,516.5,775140,517.3150024414062,2025-10-02 13:30:00+00:00,0.0,0.0,0.0,0.0,0.0,0.0,0.0,0.0,0.0,50.0,50.0,50.0,0.0,0.0,0.0,0.0,0.0,0.0,0.0,0.0,0.0,517.3150024414062,517.3150024414062,517.3150024414062,517.3150024414062,0.0,0.0,0.0,50.0,0.0,0.0,0.0,0.0,0.0,0.0,0.0,517.5416666666666
hold,518.1599731445312,517.3150024414062,518.7098999023438,516.6199951171875,122988,518.1599731445312,2025-10-02 13:31:00+00:00,0.0,0.0,0.0,0.0,0.0,0.0,0.0,0.0,0.0,50.0,50.0,50.0,0.0,0.0,0.0,0.0,0.0,0.0,0.0,0.0,0.0,517.4307111787309,517.4307111787309,517.4307111787309,517.4307111787309,0.0,0.0,0.0,99.99999842981768,0.0,0.0,0.0,0.0,0.0,0.0,0.0,517.8299560546875
hold,517.7949829101562,518.0999755859375,518.0999755859375,517.6500244140625,18037,517.7949829101562,2025-10-02 13:32:00+00:00,0.0,0.0,0.0,0.0,0.0,0.0,0.0,0.0,0.0,50.0,50.0,50.0,0.0,0.0,0.0,0.0,0.0,0.0,0.0,0.0,0.0,517.4378827790646,517.4378827790646,517.4378827790646,517.4378827790646,0.0,0.0,0.0,99.99999863064912,0.0,0.0,0.0,56.059925489470764,18.68664182982359,0.0,0.0,517.8483276367188
hold,520.0399780273438,519.7999877929688,520.3037719726562,519.3800048828125,254655,520.0399780273438,2025-10-02 13:33:00+00:00,0.0,0.0,0.0,0.0,0.0,0.0,0.0,0.0,0.0,50.0,50.0,50.0,0.0,0.0,0.0,0.0,0.0,0.0,0.0,0.0,0.0,518.0038421626168,518.0038421626168,518.0038421626168,518.0038421626168,0.0,0.0,0.0,99.99999951320304,0.0,0.0,0.0,92.83903570540966,49.63298706496014,0.0,0.0,519.9079182942709
hold,520.635009765625,520.1199951171875,521.3699951171875,520.1199951171875,115491,520.635009765625,2025-10-02 13:34:00+00:00,518.7889892578125,0.0,0.0,0.0,518.7889892578125,0.0,0.0,0.0,0.0,50.0,50.0,50.0,0.0,0.0,0.0,0.0,0.0,0.0,0.0,0.0,0.0,518.240080659869,518.240080659869,518.240080659869,518.240080659869,257262.2,0.0,0.0,99.9999996234395,0.0,0.0,0.0,80.24217365623154,76.38037828370399,0.0,0.0,520.7083333333334
hold,521.0399780273438,520.530029296875,521.2927856445312,520.3099975585938,88175,521.0399780273438,2025-10-02 13:35:00+00:00,519.533984375,0.0,0.0,0.0,519.5393188476563,0.0,0.0,0.0,0.0,50.0,50.0,50.0,0.7200594547534719,0.0,0.0,0.0,0.0,0.0,0.0,0.0,0.0,518.4196975860342,519.8484105404993,518.4196975860342,518.4196975860342,119869.2,0.0,0.0,99.99999967896267,0.0,0.0,0.0,83.41614525825052,85.49911820663057,0.0,0.0,520.8809204101562
hold,521.4099731445312,521.2000122070312,521.5999755859375,521.0,87644,521.4099731445312,2025-10-02 13:36:00+00:00,520.183984375,0.0,0.0,0.0,520.162870279948,0.0,0.0,0.0,0.0,50.0,50.0,50.0,0.6272194242015432,0.0,0.0,0.0,0.0,0.0,1.4759172712053572,0.0,0.0,518.5989427359517,520.4592578979965,518.5989427359517,518.5989427359517,112800.4,0.0,0.0,99.99999972003091,0.0,0.0,0.0,87.16182777961069,83.60671556469758,0.0,0.0,521.3366495768229
hold,519.9199829101562,521.3099975585938,521.3400268554688,519.8699951171875,79495,519.9199829101562,2025-10-02 13:37:00+00:00,520.608984375,0.0,0.0,0.0,520.0819078233508,0.0,0.0,0.0,0.0,70.62553158586562,50.0,50.0,0.4103940884202645,0.0,0.0,0.0,0.0,0.0,1.4850688077965561,0.0,0.0,518.6670631210313,520.4675491760916,518.6670631210313,518.6670631210313,125092.0,0.0,0.0,89.62052889307682,0.0,0.0,0.0,2.889500423370025,57.822491153743755,0.0,0.0,520.3766682942709
hold,519.5,519.9149780273438,520.3499145507812,519.2899780273438,50580,519.5,2025-10-02 13:38:00+00:00,520.5009887695312,0.0,0.0,0.0,519.8879385489006,519.5349867078993,0.0,0.0,0.0,65.54022641419178,50.0,50.0,-0.1038339454962745,0.0,0.0,0.0,0.0,0.0,1.4243356243166911,0.0,0.0,518.6935232485515,520.6098050550565,518.6935232485515,518.6935232485515,84277.0,0.0,0.0,84.07518983945702,0.0,0.0,0.0,9.091869897217745,33.047732700066156,0.0,0.0,519.7132975260416
hold,517.9249877929688,519.4400024414062,519.4400024414062,517.8101196289062,100854,517.9249877929688,2025-10-02 13:39:00+00:00,519.958984375,519.3739868164063,0.0,0.0,519.2336216302567,519.2129869249133,0.0,0.0,0.0,49.83927136605224,50.0,50.0,-0.5205224239292368,0.0,0.0,0.0,0.0,0.0,1.4622705881419853,0.0,0.0,518.6477422835424,519.9369425520354,518.6477422835424,518.6477422835424,81349.6,169305.9,0.0,74.8623678904496,0.0,0.0,0.0,3.254141162637895,5.078503827741888,0.0,0.0,518.3917032877604
hold,518.1900024414062,517.9600219726562,518.469970703125,517.6799926757812,76643,518.1900024414062,2025-10-02 13:40:00+00:00,519.3889892578125,519.4614868164062,0.0,0.0,518.8857485673066,519.0083900282118,0.0,0.0,0.0,52.0922479173485,50.0,50.0,-0.5469782945883541,0.16914259123948508,0.0,0.0,0.0,0.0,1.3662287937422375,0.0,0.0,518.6279182935594,519.352070269703,519.6511763645877,518.6279182935594,79043.2,99456.2,0.0,69.11042616380689,0.0,0.0,0.0,19.102048280907095,10.48268644692091,0.0,0.0,518.1133219401041
hold,517.885009765625,518.280029296875,518.2899780273438,517.8300170898438,36545,517.885009765625,2025-10-02 13:41:00+00:00,518.6839965820312,519.4339904785156,0.0,0.0,518.5521689667461,518.7837139756945,519.1512400309244,0.0,0.0,49.129456261845476,50.0,50.0,-0.6760444871523688,-0.05306534529048889,0.0,0.0,0.0,0.0,1.2367619571362034,0.0,0.0,518.6128873525234,518.6721370909208,519.782057387085,518.6128873525234,68823.4,90811.9,0.0,66.66849488341614,0.0,0.0,0.0,11.64863365237897,11.334941031974653,0.0,0.0,518.0016682942709
hold,518.02001953125,517.8099975585938,518.1900024414062,517.510009765625,46972,518.02001953125,2025-10-02 13:42:00+00:00,518.30400390625,519.456494140625,0.0,0.0,518.3747858215808,518.6309750868056,518.9772061078976,0.0,0.0,50.58104676763849,50.0,50.0,-0.365433805462055,0.04346056422350399,0.0,0.0,0.0,0.0,1.15722348837121,0.0,0.0,518.5978604251604,518.2554770480028,519.7319796116058,518.5978604251604,62318.8,93705.4,0.0,63.7727745412379,0.0,0.0,0.0,53.12817904374364,27.95962032567657,0.0,0.0,517.9066772460938
hold,517.8300170898438,518.010009765625,518.010009765625,517.614990234375,31547,517.8300170898438,2025-10-02 13:43:00+00:00,517.9700073242187,519.235498046875,0.0,0.0,518.1931962443351,518.4707834874133,518.8007154897355,0.0,0.0,48.31733315388873,50.0,50.0,-0.3214596554679981,-0.42495981672082145,0.0,0.0,0.0,0.0,1.0497671753003228,1.2111554827008928,0.0,518.5850083503144,517.9944376196031,519.5380790249594,518.5850083503144,58512.2,71394.6,0.0,61.9654728089579,0.0,0.0,0.0,41.02824947178966,35.268354055970754,-64.35745103138487,0.0,517.8183390299479
hold,517.8800048828125,517.8300170898438,518.1300048828125,517.5449829101562,34503,517.8800048828125,2025-10-02 13:44:00+00:00,517.9610107421875,518.9599975585937,0.0,0.0,518.0887991238276,518.3526277664932,518.659067704055,0.0,0.0,49.01766672996935,53.05243581542277,50.0,-0.008685217206440542,-0.5291624326325508,0.10921825942410109,0.0,0.0,0.0,0.9833750034940267,1.1664316605548468,0.0,518.5723343923444,518.0079472792022,519.2475476464214,518.5723343923444,45242.0,63295.8,0.0,63.108989850916146,0.0,0.0,0.0,54.41163270801544,49.52268707451625,-64.74351871716247,0.7794498099207239,517.8516642252604
hold,518.219970703125,517.8049926757812,518.2750244140625,517.5499877929688,0,518.219970703125,2025-10-02 13:45:00+00:00,517.9670043945313,518.6779968261719,0.0,0.0,518.1325229835934,518.3260963538196,518.5915143192965,0.0,0.0,53.96700716585988,54.838964693206016,50.0,0.005783257410902794,-0.5412266703402091,0.011578964355283147,0.0,0.0,0.0,0.9464695202939871,1.1349034434504828,0.0,518.5723343923444,517.9146562872266,518.9574366318747,518.5723343923444,29913.4,54478.3,0.0,58.68105161634437,0.0,0.0,0.0,92.45882451300058,62.63290223093522,-57.15135801227235,2.7025263278108094,518.0149943033854
hold,519.094970703125,518.2000122070312,519.1400146484375,518.1099853515625,597794,519.094970703125,2025-10-02 13:46:00+00:00,518.2089965820312,518.4464965820313,0.0,0.0,518.453338890104,518.4798712236807,518.6689691475779,0.0,0.0,64.35711501851881,59.147889852256945,50.0,0.23363505694972367,-0.443988907125209,0.25106226129547377,0.0,0.0,0.0,0.9584066312341318,1.1274124329808053,0.0,518.6964587590236,518.9088211738773,518.8316153071779,518.6964587590236,142163.2,105493.3,0.0,73.62968158464483,0.0,0.0,0.0,97.17598438755596,81.348813869524,-19.878052273879582,12.78507761715693,518.7816569010416
hold,519.0800170898438,519.030029296875,519.2000122070312,518.8699951171875,54864,519.0800170898438,2025-10-02 13:47:00+00:00,518.42099609375,518.3625,0.0,0.0,518.6622316233506,518.5999003969133,518.7322072925418,0.0,0.0,64.06879005331925,59.04420743012752,50.0,0.20462482503145898,-0.16155674871562853,-0.18459368088226577,0.0,0.0,0.0,0.8686366967497916,1.07045562275673,0.0,518.7046407736228,518.9799784220102,518.7608676359179,518.7046407736228,143741.6,103030.2,0.0,69.86262904892209,0.0,0.0,0.0,92.72767625952504,94.12082838669386,-1.0670620627013228,17.354900282377475,519.0500081380209
hold,518.3400268554688,519.0999755859375,519.0999755859375,518.3300170898438,56239,518.3400268554688,2025-10-02 13:48:00+00:00,518.522998046875,518.2465026855468,0.0,0.0,518.5548300340567,518.5479256886244,518.6718718406845,0.0,0.0,50.90278884118004,53.99966827424812,50.0,0.09848980337045873,-0.22328645708012512,-0.44080456886473807,0.0,0.0,0.0,0.8545398109417857,1.0489915422808027,0.0,518.6968385563569,518.9803652850652,518.7019339698562,518.6968385563569,148680.0,103596.1,0.0,64.33506216092957,0.0,0.0,0.0,21.10420516266308,70.33595526991469,-22.468047155099644,47.25581895393216,518.5900065104166
hold,517.77001953125,518.3499755859375,518.4650268554688,517.77001953125,52726,517.77001953125,2025-10-02 13:49:00+00:00,518.5010009765625,518.231005859375,518.8024963378906,0.0,518.2932265331212,518.3923444571496,518.5331253315408,0.0,0.0,42.96771666644598,50.42581854328185,50.0,-0.021237613062004165,-0.02992098573562081,-0.6275830327787526,521.1793968627112,518.8024963378906,516.42559581307,0.8317494556956377,1.0237069552763705,0.0,518.6786104964731,518.9464233541404,518.7315159022617,518.6786104964731,152324.6,98783.3,134044.6,59.326527954502616,0.0,0.0,0.0,0.0,37.943960474062706,-57.985277719839885,51.9913885898816,518.0016886393229
hold,517.6649780273438,517.77001953125,517.77001953125,517.344970703125,56034,517.6649780273438,2025-10-02 13:50:00+00:00,518.3900024414063,518.1785034179687,518.8199951171875,0.0,518.0838103645287,518.2468711711884,518.3995642078181,518.7483287992932,0.0,41.57436042996614,49.77209177647168,50.0,-0.10709596448555071,-0.10131890070995078,-0.7182438599327315,521.1576634509627,518.8199951171875,516.4823267834124,0.7736493660426894,0.980945660479844,1.0245855422247023,518.657858060428,518.8586059595095,518.7126379927982,519.188446567293,163531.4,96722.4,98089.3,53.91340986415326,0.0,0.0,0.0,18.233984836892258,13.11272999985178,-92.33176415265245,62.54934163137119,517.5933227539062
hold,516.9600219726562,517.7000122070312,517.864990234375,516.9310302734375,42358,516.9600219726562,2025-10-02 13:51:00+00:00,517.9630126953125,518.0860046386719,518.7599975585938,0.0,517.7092142339046,517.9895013314821,518.1780961716394,518.5857554514171,0.0,33.15596276449881,45.50808695281888,48.591890295276926,-0.4112828771153219,-0.1786087211497711,-0.5693108622084815,521.220702463572,518.7599975585938,516.2992926536156,0.796550879599091,0.9775895390839623,1.0202700383538832,518.6319819927049,518.013068622454,518.6674273422072,519.2055096286972,52444.2,97303.7,94057.8,55.54809025270366,0.0,0.0,0.0,1.889945489993236,6.707976775628498,-131.83516405841317,57.79367673640802,517.2520141601562
hold,517.2050170898438,516.9000244140625,517.2999877929688,516.7382202148438,48012,517.2050170898438,2025-10-02 13:52:00+00:00,517.5880126953125,518.0045043945313,518.7304992675781,0.0,517.5411485192177,517.8326044831545,518.028391697517,518.4602337821831,0.0,38.22751719396343,47.20101097759198,49.62006371104247,-0.36121598564166457,-0.1573302981888105,-0.4417676439184312,521.2502076296691,518.7304992675781,516.2107909054871,0.763010407959935,0.9478879704440365,0.9984365878667936,518.6077498504332,517.631921220465,518.6265648628137,519.168565025029,51073.8,97407.7,95556.55,55.67484288515757,0.0,0.0,0.0,41.427874979686905,20.517268435524134,-160.39983744850073,54.68185251903074,517.0810750325521
hold,517.4500732421875,517.2100219726562,517.5900268554688,517.1099853515625,49427,517.4500732421875,2025-10-02 13:53:00+00:00,517.4100219726563,517.9665100097657,518.6010040283203,0.0,517.510790093541,517.7560982349611,517.9394196274663,518.3684010058198,0.0,43.251921193319454,48.910742310304904,50.65654571303265,-0.17169301369222642,-0.07337231043335396,-0.09169562426501202,521.1043628517562,518.6010040283203,516.0976452048844,0.7225862788094085,0.9144703656913374,0.9737511076781962,518.5878589948604,517.435542310077,518.5932753565762,518.9886898671477,49711.4,99195.7,85295.15,62.26636769527137,0.0,0.0,0.0,63.17642597909106,35.4980821495904,-94.96958534831366,27.126564589562886,517.3833618164062
hold,517.739990234375,517.52001953125,517.8294067382812,517.0599975585938,36463,517.739990234375,2025-10-02 13:54:00+00:00,517.4040161132813,517.9525085449219,518.4562530517578,0.0,517.5871901404857,517.7528766348439,517.9087381823754,518.3112727538703,0.0,48.97971321922027,50.935004532889984,51.88616725892475,-0.005799736512783468,-0.027036117849188437,-0.08684308939019615,520.8022767304119,518.4562530517578,516.1102293731037,0.7292752646491358,0.904108852405349,0.9640205396786392,518.5772466142525,517.4074117457926,518.5867321902409,518.8438314938218,46458.8,99391.7,81343.75,67.63930926564012,0.0,0.0,0.0,91.80557109296342,65.46995735058046,-60.019492344361,17.55754232451969,517.5431315104166
hold,517.4299926757812,517.77001953125,517.9000244140625,517.3800048828125,66417,517.4299926757812,2025-10-02 13:55:00+00:00,517.3570190429688,517.8735107421875,518.2757537841796,0.0,517.5347909855843,517.6882998430314,517.8350850275147,518.2311563831349,518.4807692307693,43.50225313580253,48.71247930892887,50.47400821486592,-0.0453933260963402,-0.15244067616149595,-0.0878606411198643,520.3370694515114,518.2757537841796,516.2144381168479,0.6993815884492592,0.8766739008942527,0.9428776345153707,518.5516736889899,517.354119874732,518.5142765599094,518.6646868250087,48535.4,106033.4,80255.85,71.57383758813089,-0.7924693877379241,0.0,-0.7924693877379241,44.045629586572694,66.34254221954238,-49.293642185094974,15.600448933782266,517.5700073242188
hold,517.677490234375,517.5,517.7000122070312,517.280029296875,22686,517.677490234375,2025-10-02 13:56:00+00:00,517.5005126953125,517.7317626953125,518.0891296386719,0.0,517.582357401848,517.6861379213001,517.810839674724,518.1808230968841,518.4212670828882,48.832158695562335,50.56705335439942,51.5787728336776,0.13878602430048242,-0.2730676559686165,-0.06612279139036954,519.5779632925386,518.0891296386719,516.6002959848053,0.6594674915502579,0.8440531158415382,0.917977885736365,518.5450681537295,517.4618716243115,517.7597440137753,518.4939230168284,44601.0,48522.6,77007.95,73.08634745439807,-0.7351291615881337,0.0,-0.7351291615881337,73.50868269999273,69.78662779317628,-46.41930725091426,10.98295721852094,517.5525105794271
hold,517.6900024414062,517.6950073242188,517.8099975585938,517.4400024414062,29744,517.6900024414062,2025-10-02 13:57:00+00:00,517.597509765625,517.5927612304688,517.9776306152344,0.0,517.6182390817007,517.6869108253213,517.7922493311366,518.1362030372951,518.3670993316673,49.11528843848506,50.66418091941123,51.636040663366956,0.09377042672388716,-0.26778427268890853,-0.027038727732387788,519.2138964780464,517.9776306152344,516.7413647524223,0.6181142952127211,0.8101918302233926,0.891883468186419,518.536680027826,517.5552481167507,517.5978033840639,518.4018163958121,40947.4,46010.6,74520.4,75.79099283760756,-0.6801885063459849,0.0,-0.6801885063459849,66.12522150029534,61.22651126228692,-29.92065049256569,8.028657951104211,517.6466674804688
hold,518.1649780273438,517.6849975585938,518.27001953125,517.6500244140625,43229,518.1649780273438,2025-10-02 13:58:00+00:00,517.7404907226562,517.5752563476562,517.9108795166015,0.0,517.8004853969151,517.7825242657259,517.8495922074762,518.1388189454814,518.3521273831989,59.130717659889626,54.332407612782944,53.81334006897726,0.13815918136350244,-0.03377104199089948,0.05502686758407184,518.9375384418099,517.9108795166015,516.8842205913932,0.6183829840662609,0.7966063507208289,0.8789364038531372,518.5314550077209,517.7141916635102,517.5592803081385,518.3574590902397,39707.8,44709.6,74152.85,75.97387939732997,-0.5696031174729796,0.0,-0.5696031174729796,89.38964241676942,76.34118220568583,23.413806554694094,0.18562498293887889,518.0283406575521
hold,518.469970703125,518.1400146484375,518.5800170898438,518.1400146484375,48993,518.469970703125,2025-10-02 13:59:00+00:00,517.8864868164062,517.6452514648438,517.9381286621094,0.0,518.0236471656517,517.9200135532058,517.9450350529606,518.1689236507217,518.3608565180082,64.38254085030451,56.565621119257514,55.17395171306602,0.1409936420826883,0.13518572831016426,0.04824206208433032,518.9933704672251,517.9381286621094,516.8828868569938,0.5929000494005451,0.7711346429126447,0.8580347865937616,518.5304908416924,517.8851650854641,517.6348527357966,518.3917861437426,42213.8,44336.3,71559.8,76.95089416152514,-0.4408429648024139,0.0,-0.4408429648024139,90.34693221972374,81.95393204559616,67.3812440847222,3.7370506390764655,518.3966674804688
hold,518.1596069335938,518.4450073242188,518.4600219726562,518.0800170898438,40857,518.1596069335938,2025-10-02 14:00:00+00:00,518.0324096679688,517.6947143554687,517.9366088867188,0.0,518.0689670882991,517.9679322292834,517.9780461115196,518.1680766764373,518.345949141385,55.86045421134427,53.68842739694536,53.4902574888719,0.14100733783124014,0.09555000381421844,-0.1801912602359218,518.9904819688321,517.9366088867188,516.8827358046054,0.5639077013835029,0.7439074265104022,0.8357452069122134,518.5257032689831,518.1085723407614,517.6809818518183,518.3960710222436,37101.8,42818.6,69770.5,50.79772153227318,-0.3780169121015433,0.0,-0.3780169121015433,54.79425083677889,78.17694182442402,55.8221048895076,19.617712647339918,518.2332153320312
hold,518.385009765625,518.0900268554688,518.52001953125,518.0900268554688,56463,518.385009765625,2025-10-02 14:01:00+00:00,518.1739135742188,517.8372131347656,517.9616088867188,0.0,518.1743146474078,518.0513477365517,518.0406559044588,518.1877978663634,518.3488425209583,60.31164372955673,55.460317154790864,54.54795196935805,0.13667187478630283,0.2756475805481381,-0.13389213634445427,519.0329765402273,517.9616088867188,516.8902412332102,0.5447769834403239,0.7214849443154627,0.816423657810739,518.5232374014245,518.224348154017,517.839904250553,518.4088257913788,43857.2,44229.1,70766.4,50.91317880358689,-0.29749478440658095,0.0,-0.29749478440658095,60.99853515625,68.71323940425087,89.2067823308363,19.61771264733991,518.3316853841146
hold,518.22998046875,518.4500122070312,518.52001953125,518.2100219726562,31612,518.22998046875,2025-10-02 14:02:00+00:00,518.2819091796875,517.9397094726562,517.9721069335938,0.0,518.1928699211885,518.0870742829914,518.0697827605036,518.1916326483986,518.3400379244985,55.79664617364561,53.93193395391149,53.66657062267881,0.10430528401113297,0.19817351824493293,-0.02123053999637091,519.049655129064,517.9721069335938,516.8945587381235,0.511237065605099,0.6920929881924832,0.7923081292765967,518.5203877533238,518.2970198109132,517.9404306570035,518.4178326753304,44230.8,42589.1,69998.4,52.92372419549925,-0.25296364150710815,0.0,-0.25296364150710815,34.08239700374532,49.958394332258074,95.80055514908871,6.432054586245892,518.3200073242188
hold,518.5250244140625,518.27001953125,518.530029296875,518.0,36983,518.5250244140625,2025-10-02 14:03:00+00:00,518.3539184570312,518.0472045898438,518.0068572998047,0.0,518.3035880854799,518.1746643092056,518.1398199379742,518.2219409907317,518.3537406274291,62.09680991908221,56.3948268973878,55.11581291080505,0.06948489419131493,0.20774007531580338,0.14581857858360062,519.1083950454386,518.0068572998047,516.9053195541708,0.5139216700722277,0.6805170102412345,0.7798186610669969,518.5204398714892,518.3628169357303,518.0513443336282,518.4338480633247,42981.6,41344.7,70270.2,60.366033304862256,-0.17907631822356507,-0.4806427549095815,0.30156643668601646,99.0557346844772,64.71222228149084,90.1228409239247,4.699267619660159,518.3516845703125
hold,518.72998046875,518.5650024414062,518.8300170898438,518.4400024414062,36631,518.72998046875,2025-10-02 14:04:00+00:00,518.4059204101562,518.1462036132813,518.0493560791016,0.0,518.4457188799033,518.2857275411145,518.2306138657858,518.2681263978243,518.3816102453047,66.02163193774115,58.07174209550946,56.116979639355336,0.05014943590125129,0.19121378550010068,0.2057319862480624,519.1928262083323,518.0493560791016,516.9058859498708,0.49622066698155226,0.6597668415409678,0.7612565652274971,518.5227470974454,518.4033004942902,518.1388944098748,518.4551313289275,40509.2,41361.5,70376.6,68.56233398854067,-0.09588270419021683,-0.4036907447657086,0.30780804057549177,87.94764320905949,73.69525829909401,116.16052983153723,30.647887323943664,518.6666666666666
hold,518.719970703125,518.6900024414062,518.77001953125,518.4639282226562,24667,518.719970703125,2025-10-02 14:05:00+00:00,518.5179931640625,518.2752014160156,518.0743560791016,0.0,518.5371361543106,518.3725761735167,518.3058995330688,518.3092031528516,518.406673982921,65.63438714710236,57.95452033455165,56.052864098798715,0.10814501208371208,0.24930484231748873,0.34044194051079635,519.2529768244,518.0743560791016,516.8957353338031,0.4690593300690091,0.6345043034733093,0.7395820291973186,518.5241986746889,518.4986443085527,518.3040525597379,518.4596927012251,37271.2,37186.5,71609.95,70.67132343736961,-0.03409780940432938,-0.32977215769343277,0.2956743482891034,86.74167218177807,91.24835002510493,100.0589273910125,53.15484657589921,518.6513061523438
hold,518.25,518.6699829101562,518.77001953125,518.239990234375,39224,518.25,2025-10-02 14:06:00+00:00,518.4909912109375,518.3324523925781,518.0321075439454,0.0,518.4414241028737,518.3480609388133,518.2972996049044,518.3038210480469,518.3950685027046,49.674592224770635,52.587228273179214,53.06400643681973,-0.02604430357390954,0.11059197597442377,0.20204423306565217,519.118314900573,518.0321075439454,516.9459001873178,0.4777693253270078,0.6270418030020016,0.7296033276581606,518.5210267060123,518.4789143159361,518.3351904122005,518.0155792796462,33823.4,38840.3,43681.45,71.75887855287729,-0.047007563891270365,-0.2732192389330003,0.22621167504172995,1.6964932243715733,58.795269538403055,58.09514231116966,51.196148252169124,518.4200032552084
hold,518.3599853515625,518.27001953125,518.5379028320312,518.2050170898438,17889,518.3599853515625,2025-10-02 14:07:00+00:00,518.5169921875,518.3994506835937,517.9961059570312,0.0,518.4142778524367,518.3504458213631,518.3069435659288,518.308926893821,518.3924697507681,52.80771713473228,53.66864153546135,53.67104087256952,0.025086329952371304,0.12941778033120907,0.17584539193776952,518.9843062669984,517.9961059570312,517.007905647064,0.45707167059279236,0.6060306558009658,0.7107120140643196,518.5201815247508,518.515864111511,518.3873325764758,517.9531421959795,31078.8,37654.8,41832.7,66.72343608256617,-0.04202392940499067,-0.2269801770273984,0.18495624762240773,27.427892405747002,38.622019270632215,42.56622935579006,42.272892798117596,518.3676350911459
hold,518.1099853515625,518.3099975585938,518.3300170898438,518.1099853515625,27695,518.1099853515625,2025-10-02 14:08:00+00:00,518.433984375,518.3939514160156,517.9846038818359,0.0,518.312847018812,518.302353727403,518.2766423021801,518.2908412990702,518.3715449804565,45.32469177138879,50.830645303107914,52.06395555409283,-0.08004224347108368,-0.010612966547952999,0.07146349985829903,518.9618183148583,517.9846038818359,517.0073894488136,0.42749000336525056,0.5805998946723255,0.6887733467279235,518.516875508873,518.4366094078983,518.3926814920594,517.9315928584249,29221.2,36101.4,40405.5,60.87392595977458,-0.06919125305353191,-0.1954223922326251,0.12623113917909318,0.0,9.708128543372858,-2.564158724547129,28.835423291534173,518.1833292643229
hold,518.260009765625,518.1500244140625,518.4072265625,518.1099853515625,37400,518.260009765625,2025-10-02 14:09:00+00:00,518.339990234375,518.3729553222656,518.0091033935547,0.0,518.295234601083,518.2938849350475,518.2740834504025,518.2880384323933,518.3632831126912,50.259380196120865,52.455440599252974,52.951632025079334,-0.09060025848136082,-0.04049625809866301,0.1604114762562351,518.9881373742068,518.0091033935547,517.0300694129027,0.4088830330184291,0.5603599886912666,0.6701289593093319,518.5141099145004,518.318472883976,518.3676442078481,517.9578319192258,29375.0,34942.1,39639.2,58.58305239548467,-0.06939817764373402,-0.17021754931484687,0.10081937167111285,35.05919269719013,20.82902836764571,4.623671307916976,29.06524729382214,518.2590738932291
hold,517.8699951171875,518.2650146484375,518.4650268554688,517.8699951171875,44150,517.8699951171875,2025-10-02 14:10:00+00:00,518.1699951171875,518.343994140625,518.0193542480469,0.0,518.1534881064513,518.2091069714755,518.2119160145232,518.2500344946473,518.3267432611724,39.45819367150622,48.013514731457974,50.40383752493189,-0.163860200868179,-0.05589239541849623,0.037186257166666584,518.9879991696652,518.0193542480469,517.0507093264285,0.43547570519883205,0.5628365422334082,0.6665529011651375,518.5060260387484,518.1399179596042,518.3294505766385,517.9738797872853,33271.6,35271.4,39045.0,56.14240718264465,-0.11763628969686124,-0.15970129739124975,0.042065007694388507,0.0,11.686397565730042,-78.3277874683628,20.780165659279167,518.0683390299479
hold,517.4199829101562,517.8699951171875,517.969970703125,517.3499755859375,33260,517.4199829101562,2025-10-02 14:11:00+00:00,518.0039916992188,518.2474914550781,518.0423522949219,0.0,517.9089863743529,518.0512821592117,518.0900801523129,518.1745752596935,518.2595758277638,30.604416201656946,43.44239510186814,47.627480409087404,-0.16015766325976843,-0.18616025488566174,-0.05215853695775429,518.9275469456834,518.0423522949219,517.1571576441604,0.46183562119721316,0.5669192975872719,0.664335863832869,518.4958539971653,517.963708764141,518.2281309452,518.0056526761593,32078.8,32951.1,38590.1,50.03946482950026,-0.20829366855207354,-0.1694197716234145,-0.03887389692865903,6.278395095516996,13.779195930902375,-249.48325031089504,6.821500918641356,517.5799763997396
hold,517.5800170898438,517.4500122070312,517.7999877929688,517.3300170898438,44740,517.5800170898438,2025-10-02 14:12:00+00:00,517.847998046875,518.1824951171875,518.0611022949219,0.0,517.7993299461832,517.9570291453381,518.0116089119331,518.1205245169798,518.2092381434734,36.514594005053944,45.43201511839324,48.68296294124284,-0.15046845508141593,-0.12541987214216058,-0.11289086725369761,518.8885610787746,518.0611022949219,517.2336435110691,0.46299777575832557,0.5599943979828239,0.6550803799896372,518.4844589676968,517.8341706863262,518.1433330061823,518.0308920027157,37449.0,34263.9,38426.5,41.59702332903358,-0.25220899813530195,-0.185977616925792,-0.06623138120950994,22.02624220262422,9.434879099380405,-198.81480718071782,30.530019294064235,517.5700073242188
hold,517.239990234375,517.6400146484375,517.7199096679688,517.1900024414062,29838,517.239990234375,2025-10-02 14:13:00+00:00,517.6739990234375,518.0539916992187,518.0505981445312,0.0,517.6128833755805,517.8136213631456,517.8928983461549,518.0404759458339,518.1374420020587,30.149605696171136,42.047442247455365,46.58829969198996,-0.1679170720087872,-0.24782491088826408,-0.23723273058263286,518.9133961468535,518.0505981445312,517.187800142209,0.47255626873035045,0.5578453143099437,0.649119753635964,518.4742174069607,517.7002242721973,518.0209164056981,518.0377139044582,37877.6,33549.4,37447.05,33.4161933209506,-0.32382063891316193,-0.213546221323266,-0.11027441758989592,6.408952187182096,11.57119649510777,-176.58958204967652,55.86432114359654,517.38330078125
hold,517.2899780273438,517.2849731445312,517.2899780273438,516.8701171875,39973,517.2899780273438,2025-10-02 14:14:00+00:00,517.4799926757812,517.9099914550782,518.0280975341797,0.0,517.5052482595016,517.7088926959852,517.8001413740301,517.9722488623348,518.0746668928206,32.177305715557424,42.72299243010919,46.940702007054234,-0.18717086404562291,-0.27760154524035663,-0.1678303161059503,518.9439623826755,518.0280975341797,517.1122326856838,0.46502835031797896,0.5479892804195012,0.6382026625030014,518.4613035257659,517.5057329401052,517.8580307456986,518.0124187715743,38392.2,33883.6,37622.55,33.48080888694338,-0.3657741968353321,-0.24399181642567924,-0.12178238040965284,45.152609123728254,24.529267837844856,-162.17199522971256,60.982651088051846,517.1500244140625
hold,517.5900268554688,517.2899780273438,517.6400146484375,517.27001953125,43330,517.5900268554688,2025-10-02 14:15:00+00:00,517.4239990234375,517.7969970703125,518.036099243164,0.0,517.5335077914907,517.685119527882,517.7678160634822,517.9375014071652,518.0387676307945,43.63547987871526,46.73652816806695,49.05900015089825,-0.054061495039000415,-0.21783311063281618,-0.15335761937168707,518.9335331465268,518.036099243164,517.1386653398013,0.451452174156482,0.5352754116172155,0.6254308746308347,518.4511248377042,517.4407038790168,517.7660750157706,518.0403619553337,38228.2,35749.9,36468.2,31.67775658501145,-0.3536481029125298,-0.26592307372304935,-0.08772502918948044,84.71593765711413,45.425832989341494,-83.4287290710807,42.535387880103215,517.5000203450521
hold,518.0900268554688,517.6099853515625,518.1898803710938,517.510009765625,87095,518.0900268554688,2025-10-02 14:16:00+00:00,517.5580078125,517.7809997558594,518.0567260742188,0.0,517.7190141461501,517.7661009933994,517.817386954557,517.951367357011,518.0425646104,57.57111722927715,52.6862533612863,52.385103926292125,0.12949711403566821,-0.030867948775928605,-0.02700608196281099,518.9390793478593,518.0567260742188,517.1743728005782,0.48408337862966316,0.545603639749468,0.6280232427659735,518.4428399812496,517.6743674381344,517.788852014308,518.0561821864815,48995.2,40537.0,39688.65,44.484033291625956,-0.27646361700055877,-0.2680311823785512,-0.008432434622007545,92.43398233362623,74.10084303815621,-12.11370572246389,17.096556915884143,517.9299723307291
hold,518.280029296875,518.1500244140625,518.2999877929688,517.77001953125,79730,518.280029296875,2025-10-02 14:17:00+00:00,517.6980102539062,517.7730041503906,518.0862274169922,0.0,517.9060191963918,517.8688866540945,517.8885626995291,517.9812457151804,518.0601545871759,61.76240567599786,54.7545654017804,53.59408674867955,0.13524714709179717,-0.015424812282389455,-0.0472484654842544,518.9569406900504,518.0862274169922,517.215514143934,0.4906383619281041,0.5444868270329881,0.6233539579542009,518.4394907571774,517.8619282654488,517.8508038101111,518.0902428370335,55993.2,46721.1,42187.95,48.536001734186414,-0.19126793308146262,-0.2526785325191335,0.06141059943767091,98.06222222222222,91.73738073765419,21.118644067796893,6.930652525542069,518.1166788736979
hold,518.35498046875,518.2000122070312,518.3699951171875,518.0,42813,518.35498046875,2025-10-02 14:18:00+00:00,517.9210083007813,517.7975036621094,518.0957275390625,0.0,518.0556729538446,517.9661054170256,517.9603192794092,518.0152216018686,518.0819935413666,63.42518321407662,55.57949361081378,54.077051680141864,0.21556535755670567,0.04728631451124399,-0.07229194650772479,518.9737855687176,518.0957275390625,517.2176695094074,0.4734036126794464,0.5320231334725961,0.6112892512510247,518.4385674339595,517.9973358422343,517.8806740490886,518.0998516020138,58588.2,48232.9,42167.15,49.07129744062159,-0.11588812434104057,-0.22532045088351496,0.1094323265424744,98.2540809084457,96.25009515476472,50.048648132656005,15.869811195172282,518.2416585286459
hold,518.0900268554688,518.3499755859375,518.510009765625,517.8800048828125,48105,518.0900268554688,2025-10-02 14:19:00+00:00,518.0810180664063,517.7805053710938,518.0767303466797,518.2807409667969,518.067124254386,517.9908897047143,517.9802742911106,518.0220220794686,518.0825886016704,53.78014852844389,51.97214484119066,52.065759346131244,0.15466157515286516,-0.03279877029931792,-0.121441988594031,518.9378559127601,518.0767303466797,517.2156047805993,0.49577522269845403,0.5390218298540178,0.6121804718015712,518.4343406201697,518.1060606867944,517.8723252556026,518.0777663101546,60214.6,49303.4,42122.75,47.20292168808808,-0.09169889695613165,-0.1985961400980383,0.10689724314190666,43.24480369515012,79.85370227527268,45.322190884072356,10.258196634787927,518.1600138346354
hold,518.1599731445312,518.1500244140625,518.3350219726562,518.0,33975,518.1599731445312,2025-10-02 14:20:00+00:00,518.1950073242188,517.8095031738281,518.0767486572265,518.2976403808593,518.0980738844345,518.0247063926777,518.0079202685599,518.0345630853833,518.0883207900305,55.84806697397064,52.84231766438772,52.55490438138863,0.11011539239368906,0.055994367327292564,-0.017371317987216594,518.9378812870597,518.0767486572265,517.2156160273934,0.4728104726924249,0.5244504114827487,0.5989824480327464,518.4320106104376,518.1889881086984,517.8927778362471,518.0771071395568,58343.6,48285.9,41778.65,53.18329795965269,-0.06361439735280783,-0.17159979154899221,0.10798539419618439,44.439062197248596,61.979315600281474,51.70329994016773,2.723236761407849,518.1649983723959
hold,518.3049926757812,518.0999755859375,518.3599853515625,518.0599975585938,28201,518.3049926757812,2025-10-02 14:21:00+00:00,518.2380004882813,517.8980041503906,518.0727478027344,518.3005407714844,518.1670468148834,518.0807636492984,518.0536237158248,518.0591475936012,518.1043705593454,60.15964875848658,54.67584967556319,53.58598367738168,0.041491981927779684,0.17104282688260056,-0.010608973943841908,518.9288432781503,518.0727478027344,517.2166523273185,0.4481215184461856,0.5084173673031774,0.5847446073154132,518.4311215227902,518.2400587678501,517.9500194225415,518.0635330572408,46564.8,47780.0,40365.55,56.84820436232276,-0.023606910046964913,-0.14200121524858675,0.11839430520162184,67.4578570044565,51.71390763228507,70.10688239144865,0.4777874764551818,518.2416585286459
hold,518.02001953125,518.280029296875,518.2999877929688,518.0,47491,518.02001953125,2025-10-02 14:22:00+00:00,518.1859985351563,517.9420043945313,518.0622497558594,518.3050415039063,518.118037720339,518.0686148256888,518.0484538412747,518.0555904970238,518.098122335042,49.15494516784821,50.519100898625304,51.28629623682883,-0.050167814873697224,0.085011481679725,-0.017364232085095577,518.915520087551,518.0622497558594,517.2089794241678,0.42767454092262336,0.49388703219446833,0.5714230867661674,518.4263320627672,518.1720739551047,517.9913850206311,518.054630815431,40117.0,48055.1,41159.5,55.08980179559885,-0.02950750935326596,-0.1195024740695226,0.08999496471625663,5.561207188877586,39.15270879686089,44.33946227028052,0.8519553072625717,518.1066691080729
hold,518.030029296875,518.0004272460938,518.0999755859375,517.6900024414062,70872,518.030029296875,2025-10-02 14:23:00+00:00,518.1210083007812,518.0210083007812,518.0375,518.2648425292969,518.0887015791843,518.0608977199261,518.0456192959824,518.0532667515557,518.0930784062889,49.533252827355525,50.66099139665875,51.36327858793559,-0.06268892633792111,0.15274129561057578,-0.04437549963656372,518.8639354857007,518.0375,517.2110645142993,0.42514577000957005,0.48789318307566704,0.5637349942787904,518.4195596771149,518.0937960838868,518.0396205235277,518.0322990055496,45728.8,52158.5,42853.95,46.79750049054494,-0.03218068636283533,-0.10203811652818515,0.06985743016534982,50.7515714676141,41.25687855364939,15.556289115404585,12.780604609398392,517.9400024414062
hold,517.9299926757812,518.030029296875,518.1300048828125,517.8099975585938,32203,517.9299926757812,2025-10-02 14:24:00+00:00,518.0890014648437,518.085009765625,517.9975006103516,518.2107421875,518.0357986113834,518.0347167110972,518.0278305851822,518.0420600173944,518.0809979818068,45.57917871638629,49.14426121066445,50.525413108474716,-0.03088926082187346,0.12372454051365153,0.011585447923116941,518.7610459805611,517.9975006103516,517.2339552401421,0.41012599203945294,0.4759013360144587,0.5521289147521218,518.4157875256118,518.0698532685603,518.0910692237777,517.9984617844403,42548.4,51381.5,42632.55,52.511207368558544,-0.04628127070964183,-0.09088674736447648,0.04460547665483465,39.34360616369822,31.885461606729972,21.280098653926697,3.5860986754049957,517.9566650390625
hold,517.6900024414062,517.9299926757812,517.9500122070312,517.6900024414062,31004,517.6900024414062,2025-10-02 14:25:00+00:00,517.9950073242187,518.0950073242187,517.9460021972657,518.1437426757813,517.920533221391,517.965773857159,517.9758570246013,518.0100547832136,518.0520353491845,37.25543124050714,45.61592191633586,48.531222590895595,-0.09069992424789444,0.019315593568308274,0.05218575628473275,518.6437927130778,517.9460021972657,517.2482116814535,0.38868081683738825,0.4604805095580688,0.5382184790794017,518.4104431541825,517.999115569683,518.1095651255785,517.9666092626721,41954.2,50148.9,42949.4,52.68982356207088,-0.08626149202552824,-0.08996169629668685,0.003700204271158608,0.0,30.031725877104105,-22.853818398405924,13.594344752582929,517.7766723632812
hold,517.869873046875,517.655029296875,517.875,517.6099853515625,27979,517.869873046875,2025-10-02 14:26:00+00:00,517.9079833984375,518.0729919433594,517.9269958496094,518.0729406738282,517.9036464965524,517.9465936951021,517.9595517972588,517.997310989001,518.0385418453097,45.895191323184584,48.5948205180659,50.08172438844612,-0.0839504992340356,-0.04249335003222638,0.05600215376571147,518.6112054926625,517.9269958496094,517.2427862065563,0.37101422135168993,0.446518662335171,0.5252087728583588,518.4068747118134,517.9406943087143,518.0982519147025,517.9503044381407,41909.8,44237.3,42387.15,58.41511446606349,-0.09194815020759961,-0.09035898707886941,-0.0015891631287301977,49.97652582159625,29.77337732843149,-26.339976739722005,10.634466687850864,517.7849527994791
hold,517.760009765625,517.8350219726562,517.8900146484375,517.6749877929688,24796,517.760009765625,2025-10-02 14:27:00+00:00,517.8559814453125,518.0209899902344,517.8969970703125,518.0297412109375,517.8557675862432,517.9092769092067,517.9288530231613,517.9757381505123,518.0179098394071,41.79426991814064,46.90485140642459,49.13247841782295,-0.050192995602810805,-0.10033562974739445,0.10053737937284499,518.5547386740584,517.8969970703125,517.2392554665666,0.34873031193984133,0.4299835332732838,0.5104382053636155,518.4031123861957,517.8965556332035,518.0391970363626,517.936208225001,37370.8,38743.9,42732.5,58.87486145802866,-0.10863293020042875,-0.09401377570318128,-0.01461915449724746,44.121342667384674,31.36595616299364,-41.53976457261154,18.35591891589204,517.7750040690104
hold,517.0800170898438,517.7650146484375,517.7650146484375,517.0800170898438,40486,517.0800170898438,2025-10-02 14:28:00+00:00,517.6659790039063,517.8934936523438,517.8454986572266,517.9813415527344,517.5971840874435,517.7434249453341,517.798262879574,517.8943089631788,517.9484363024025,25.40334120151398,38.07810805870609,43.74407951576719,-0.1833894085871251,-0.24596337007378546,-0.040588634309265806,518.584710485598,517.8454986572266,517.1062868288552,0.39676849003325687,0.44819882079617424,0.5187505555174314,518.3906657415469,517.6248200389723,517.9032547769535,517.890699064357,31293.6,38511.2,43372.05,58.8264583309528,-0.2050113570683152,-0.11621329197620807,-0.08879806509210712,0.0,31.36595616299364,-193.1549128013001,5.094100390323944,517.308349609375
hold,516.9301147460938,517.0499877929688,517.2100219726562,516.9000244140625,45338,516.9301147460938,2025-10-02 14:29:00+00:00,517.4660034179688,517.7775024414062,517.77900390625,517.9614440917969,517.3748276403269,517.580762905486,517.6647016282693,517.8066549434437,517.8730050760092,23.075813704228423,36.449691668303146,42.661108848620934,-0.19305271828762638,-0.2238823465518243,-0.12749706816883338,518.5926190294682,517.77900390625,516.9653887830317,0.3843726426847559,0.4383273020674296,0.5088099366163037,518.3754397991222,517.3811685529037,517.7643621706526,517.8251695142435,33920.6,38234.5,43768.95,51.88194213132005,-0.29224217052319545,-0.15141906768560556,-0.1408231028375899,3.0394574599260173,15.720266709103564,-226.82292752775714,17.72310815503379,517.0133870442709
hold,517.469970703125,516.9299926757812,517.5900268554688,516.9299926757812,56214,517.469970703125,2025-10-02 14:30:00+00:00,517.4219970703125,517.7085021972656,517.7590026855469,517.9470434570312,517.406541994593,517.5586044650139,517.634743024401,517.776047285233,517.8431506780178,44.45763201469356,45.49066422780997,47.56951054165469,-0.0425026052741194,-0.13316397969122684,-0.11968115968322367,518.5822971635097,517.7590026855469,516.9357082075841,0.42375286225657643,0.45416350761172036,0.5160110910482655,518.3638854446066,517.3576425982365,517.6902371316172,517.8004398174199,38962.6,40458.4,44372.15,49.43730621888135,-0.28454621300386407,-0.17804449674925726,-0.1065017162546068,65.89048828676263,22.976648582229547,-114.79392374783129,27.17723783690194,517.3299967447916
hold,517.5599975585938,517.4099731445312,518.7000122070312,517.094970703125,460468,517.5599975585938,2025-10-02 14:31:00+00:00,517.3600219726562,517.6340026855469,517.7660034179687,517.9405432128906,517.45769384926,517.5588830837299,517.6232437219692,517.756406400993,517.8221763728752,47.30716856838489,46.84863608290836,48.343788402754306,-0.05983655439504619,-0.1437368205429427,-0.13892716245657424,518.5799760728631,517.7660034179687,516.9520307630743,0.592508382492244,0.5363690787756153,0.5678696821367409,518.2878096831964,517.483333713781,517.5978576317875,517.7258481810833,125460.4,83685.1,65732.55,68.88081111328084,-0.26329328914528105,-0.19509425522846202,-0.06819903391681903,36.66542334949646,35.19845636539503,-9.824458875562932,13.645270005486324,517.7849934895834
hold,518.0,517.5800170898438,518.0,517.5499877929688,44511,518.0,2025-10-02 14:32:00+00:00,517.4080200195312,517.6320007324218,517.7870025634766,517.9401428222657,517.6384625661733,517.6471064669839,517.6812062262816,517.77855127363,517.835348493403,59.23299411029367,53.01020258631239,51.98278929779295,0.04635163586381201,-0.003864625013549752,-0.06848211787778909,518.6023677109401,517.7870025634766,516.971637416013,0.5721517859978162,0.530200730793875,0.5622574214174318,518.2852007117538,517.5082741306238,517.5952803364794,517.7400957017684,129403.4,83387.1,65721.1,68.93308740748837,-0.1882420264190614,-0.1937238094665819,0.005481783047520505,60.45172413793104,54.335878591396714,12.917503533438595,11.65988494457697,517.8499959309896
hold,517.739990234375,517.9400024414062,518.094970703125,517.6699829101562,132882,517.739990234375,2025-10-02 14:33:00+00:00,517.5400146484375,517.6029968261719,517.8120025634765,517.9383422851563,517.6723051222406,517.6656832204621,517.6902499198344,517.7750457246068,517.8282849186602,51.2381226091144,49.36817636126737,49.80576585711723,0.12763462572884118,-0.05598885124356046,-0.06756289504708021,518.5884804175573,517.8120025634765,517.0355247093958,0.5511283584222354,0.5226855209492232,0.5557207724436851,518.2708348995191,517.5733653771284,517.5823520707064,517.750613154898,147882.6,89588.1,70873.3,63.505315880921295,-0.1626016981980456,-0.18749938721287465,0.024897689014829055,40.187093584819564,45.76808035741569,16.312416560055514,10.333462187951415,517.8349812825521
hold,517.6400146484375,517.760009765625,517.77001953125,517.4199829101562,54556,517.6400146484375,2025-10-02 14:34:00+00:00,517.6819946289063,517.5739990234375,517.8295043945312,517.9335424804688,517.6615416309729,517.6605495060572,517.6825214165426,517.7627701722278,517.8143389727178,48.31288046780043,48.00253470169916,48.97764256325662,0.13732995662139735,-0.05598788088050989,-0.10034709800880684,518.5732157947638,517.8295043945312,517.0857929942987,0.5224009673753089,0.5103534566738323,0.5459262890460691,518.264083791346,517.6171784369074,517.5735860798865,517.7592575210023,149726.2,91823.4,71602.45,59.21677125892056,-0.15378946666055526,-0.18075740310241079,0.026967936441855522,32.59788407631793,44.41223393302284,-35.080719585012496,1.8461133960598688,517.6100056966146
hold,518.06201171875,517.6400146484375,518.1400146484375,517.594970703125,71623,518.06201171875,2025-10-02 14:35:00+00:00,517.8004028320313,517.6111999511719,517.8531036376953,517.9303833007813,517.795031660232,517.7408419485959,517.7409045399592,517.7899739491843,517.8326851020535,59.65553777350335,53.81060788104203,52.47952023949151,0.11441069997173937,0.07185946716941963,-0.046879918284569465,518.5948724578435,517.8531036376953,517.1113348175471,0.5256356785091933,0.5128313487194514,0.5458842726778039,518.26128399585,517.6697089715551,517.6063055234923,517.779127475193,152808.0,95885.3,73017.1,60.76954618417489,-0.09184315345760297,-0.16297455317344922,0.07113139971584626,89.16673730609477,53.98390498907742,63.650728634775554,11.266553480475382,517.9323323567709
hold,518.239990234375,518.0449829101562,518.239990234375,517.9000244140625,47422,518.239990234375,2025-10-02 14:36:00+00:00,517.9364013671875,517.6482116699219,517.8606018066406,517.9132836914063,517.9433511849463,517.8406716057517,517.8176869544847,517.8308845205652,517.8628558525958,63.58732493824268,56.0408011591253,53.88125353325073,0.1313843185309674,0.07146914828669688,0.0424637455757113,518.6147276700799,517.8606018066406,517.1064759432013,0.4991114130525229,0.5004838109760977,0.5360786320889799,518.2610904277407,517.8906884553894,517.6294848481781,517.7754512157976,70198.8,97829.6,71033.45,64.93466696934136,-0.022184246844062727,-0.13481649190757194,0.11263224506350922,100.0,73.92154046080424,119.60893506822127,15.543615145663676,518.1266682942709
hold,518.6199951171875,518.219970703125,518.6199951171875,518.1099853515625,60317,518.6199951171875,2025-10-02 14:37:00+00:00,518.060400390625,517.7342102050782,517.8776000976562,517.9040832519531,518.16889916236,517.9965363080389,517.9411189795159,517.9026218475308,517.9189402425656,70.70012002618108,60.43352495587985,56.74189208818167,0.11969017706322395,0.16609729128207304,0.11388641332496956,518.6823993312704,517.8776000976562,517.072800864042,0.5006683205628767,0.5011642363081622,0.5348372574954571,518.2651927315578,517.9973515517839,517.6852228285461,517.7830946043688,73360.0,101381.7,70062.8,70.88375276616154,0.07759606547335807,-0.09233398043138594,0.169930045904744,100.0,96.38891243536493,186.2325238534488,33.873677967777006,518.4499918619791
hold,518.9249877929688,518.6500244140625,519.0999755859375,518.6500244140625,48599,518.9249877929688,2025-10-02 14:38:00+00:00,518.2973999023437,517.9187072753906,517.9061004638672,517.9157824707031,518.4209287058964,518.1822266050249,518.0924834123548,517.995564206207,517.9934622833362,75.2306529661714,63.57923112723173,58.89078234725014,0.22887889306315995,0.3568056475105346,0.19210996297917748,518.8106879477773,517.9061004638672,517.0015129799572,0.4977129131610371,0.49965111005400775,0.5322250294599591,518.2712136676412,518.277974948837,517.7681577624879,517.8051342574573,56503.4,102193.0,70352.1,71.30259151832304,0.1887643216887227,-0.036114320007364205,0.2248786416960869,85.41709053916581,95.13903017972194,230.59703591217652,41.03475629462056,518.8916625976562
hold,518.9486083984375,518.9199829101562,518.9600219726562,518.6500244140625,31266,518.9486083984375,2025-10-02 14:39:00+00:00,518.5591186523437,518.120556640625,517.9490295410156,517.9393542480469,518.5968219367435,518.3355029637074,518.2241949486752,518.0822045873188,518.0642138474177,75.57194081023208,63.81914530547532,59.05617872912828,0.25279996000478244,0.39047708670159326,0.24311961812971322,518.9597251770062,517.9490295410156,516.938333905025,0.4708964339371389,0.4861044278068465,0.5216427689425206,518.2751673296949,518.4931245574188,517.842476926359,517.8209931673177,51845.4,100785.8,69510.15,71.2822577788439,0.2712891162897222,0.025366367252053074,0.2459227490376691,84.71023427866831,90.04244160594472,161.01280716997846,45.22901918073456,518.8528849283854
hold,518.6599731445312,518.989990234375,519.0,518.4201049804688,69319,518.6599731445312,2025-10-02 14:40:00+00:00,518.6787109375,518.2395568847656,517.9740295410156,517.9592541503906,518.6178723393394,518.4003969998722,518.2912377480376,518.1347290016108,518.1083441657224,63.164446243366605,58.72822054288019,56.157232637859515,0.11542275099411776,0.22996550694319612,0.15256730286465883,519.0281615959848,517.9740295410156,516.9198974860465,0.4864676604505834,0.49280375578716107,0.524416685637222,518.2800831449933,518.6583233603832,517.9184915176619,517.8537107194676,51384.6,102096.3,71277.35,66.43959802965759,0.29205283414978567,0.07870366063159959,0.21334917351818608,35.28144357662268,68.46958946481892,106.48348702941391,40.02683624059272,518.693359375
hold,518.5300903320312,518.7000122070312,518.7899780273438,518.5300903320312,428965,518.5300903320312,2025-10-02 14:41:00+00:00,518.7367309570312,518.3365661621094,517.9852844238281,517.9906555175781,518.5886116702368,518.426335666304,518.3279842994212,518.1706709407399,518.139584622486,58.15213234114154,56.54243671334155,54.88427389348649,0.05597794518424788,0.18743580995702325,0.1487331102985036,519.0579545041004,517.9852844238281,516.9126143435559,0.45409909400228576,0.47616689432468523,0.5118200670503305,518.2983992380279,518.6032393190945,518.3504740957854,518.0056106850558,127693.2,98946.0,91315.55,49.55322602986018,0.2867510438179579,0.12031313726887125,0.16643790654908666,18.96642458688559,46.319367480725525,79.30973000721036,39.81088439357124,518.6167195638021
hold,518.5999755859375,518.5900268554688,518.75,518.4918823242188,31033,518.5999755859375,2025-10-02 14:42:00+00:00,518.7327270507812,518.3965637207032,518.0142822265625,518.0185546875,518.592399642137,518.4610636502307,518.3698291127314,518.2096986357578,518.1736876568158,60.13780401729904,57.4598766846161,55.45474446716485,-0.003860154147253112,0.11582540269063707,0.293950345373655,519.1199880419922,518.0142822265625,516.9085764111328,0.4261017485421378,0.4605919501430113,0.49973900079942185,518.2999891892878,518.6014140141698,518.3743912707143,518.0154239878237,121836.4,97598.2,90492.65,49.846312296702244,0.28737599341491205,0.15372570849807943,0.13365028491683262,31.017787601305127,28.421885254937802,67.68132847066846,61.355496993040084,518.6139526367188
hold,518.8499755859375,518.6185913085938,518.8499755859375,518.3101196289062,21399,518.8499755859375,2025-10-02 14:43:00+00:00,518.717724609375,518.5075622558594,518.0552795410156,518.046552734375,518.6782582900705,518.5388460373721,518.4436978009169,518.2679056312287,518.2237830589729,66.72693532898342,60.65944858432644,57.47449857196476,-0.014455308338548732,0.2143904995748971,0.3713965940612203,519.2195343736195,518.0552795410156,516.8910247084117,0.44235234975486815,0.4662536649207426,0.5016493320485566,518.3019813859714,518.5835330608043,518.4836771198273,518.024980709773,116396.4,86449.9,88019.0,51.9823621601683,0.31506297839916897,0.18599316247829734,0.12906981592087163,100.0,49.99473739606358,64.5899732364781,61.27648796960743,518.6700236002604
hold,518.6300048828125,518.8021850585938,518.8021850585938,518.4400024414062,31597,518.6300048828125,2025-10-02 14:44:00+00:00,518.65400390625,518.6065612792969,518.0902801513672,518.0643530273437,518.6621738209845,518.5570778064603,518.4723604289009,518.300823745009,518.2538735644425,57.047020557336864,56.62390134212115,55.16368735677736,-0.061394039885426015,0.19125071601108076,0.22417420243947203,519.2791921028263,518.0902801513672,516.9013681999081,0.43772674900863695,0.4622336277500646,0.49728379930963723,518.30372648852,518.566452770056,518.5438648329678,518.0375822418187,116462.6,84154.0,87988.7,49.15404496905429,0.30320424201772767,0.2094353783861834,0.09376886363154427,59.253815715093275,63.4238677721328,49.61679586001824,56.72748542425329,518.6240641276041
hold,518.22998046875,518.6599731445312,518.6599731445312,518.219970703125,99324,518.22998046875,2025-10-02 14:45:00+00:00,518.5680053710937,518.6233581542969,518.1172790527344,518.0803527832031,518.5181093702397,518.4916583389182,518.4350712042623,518.2943834471673,518.2521037055023,43.62130473246655,50.09680072320012,51.23063297613937,-0.08290454209803212,0.032422518192897015,0.12945028853015253,519.2930573704198,518.1172790527344,516.941500735049,0.43805184792258167,0.4606456858683635,0.49455611559995216,518.3025134904216,518.5012864452164,518.5477021059542,518.0539304851933,122463.6,86924.1,91404.7,25.051395612912714,0.23955463341587802,0.2154592293921223,0.024095404023755707,1.5888393722146872,53.61421836243599,0.5782354970888628,21.536779634546306,518.3699747721354
hold,517.9000244140625,518.260009765625,518.333984375,517.8599853515625,50961,517.9000244140625,2025-10-02 14:46:00+00:00,518.4419921875,518.5893615722656,518.1187866210937,518.0848034667969,518.312081051514,518.3733315539471,518.3527563134624,518.2585326259759,518.2260237579883,35.56639429045309,45.4436413231655,48.25113496725969,-0.12151000100404952,-0.06560007462155706,-0.019300306165540543,519.2933689002668,518.1187866210937,516.9442043419206,0.44318715871042713,0.4615994956947304,0.4935772064493592,518.2991451993026,518.3177857850886,518.526604016536,518.0524754048918,46862.8,87278.0,92553.8,21.143591581996546,0.1473077959587954,0.20182894270545693,-0.05452114674666153,4.249530349161106,21.69739514548969,-68.51537824554262,5.361494719740048,518.0313313802084
hold,518.010009765625,517.9199829101562,518.1550903320312,517.7750244140625,44365,518.010009765625,2025-10-02 14:47:00+00:00,518.3239990234375,518.5283630371093,518.1312866210938,518.0912036132812,518.2113906228844,518.3006671962827,518.3000260753336,518.2359396386713,518.2100227215169,39.88339431414292,47.204004792674866,49.28349396785359,-0.11376125107717759,-0.11761701386477927,0.05215350105132215,519.2956065277349,518.1312866210938,516.9669667144526,0.4341698386044733,0.4557756687143032,0.4881719069979016,518.297053945173,518.2272869311066,518.4932813718982,518.0553449979493,49529.2,85682.8,93532.25,22.857207576426802,0.09064447476578152,0.17959204911752186,-0.08894757435174033,26.55355541761501,10.7973083796636,-83.55287613117532,1.295524551549195,517.9800415039062
hold,518.47998046875,518.0250244140625,518.52001953125,517.989990234375,53291,518.47998046875,2025-10-02 14:48:00+00:00,518.25,518.4838623046875,518.201284790039,518.0975036621094,518.3009205715064,518.3365298507762,518.3277113666284,518.2581251686785,518.2300195916823,54.93523088895112,54.029810026988564,53.45002489625833,-0.0713106166709682,-0.08575561683999902,0.16226833253665188,519.2686768570836,518.201284790039,517.1338927229945,0.44786404692883425,0.4610794992972101,0.49016511603966817,518.2986295188351,518.2277926827032,518.4681057302564,518.0883251007193,55907.6,86152.0,94172.5,27.77218026023239,0.10651025909385226,0.16497569111278795,-0.0584654320189357,94.6255939701786,41.809559912318235,-27.720810981782854,20.6429890300858,518.3299967447916
hold,518.3699951171875,518.4500122070312,518.6799926757812,518.3099975585938,72913,518.3699951171875,2025-10-02 14:49:00+00:00,518.197998046875,518.4260009765625,518.2732788085938,518.0955041503906,518.3239454200668,518.3432229040585,518.334216559022,518.2682951639974,518.2403881491272,51.42012037974268,52.32486731082167,52.39236354442306,-0.05013396123962221,-0.11149722186088863,0.05944913764584243,519.1683269909457,518.2732788085938,517.3782306262418,0.43673991410864366,0.45457347200365933,0.4844427351419459,518.2994607350292,518.2204987334886,518.4435510957823,518.126549795304,64170.8,90316.7,95551.25,27.862356441063625,0.10283475493133665,0.15254750387649768,-0.049712748945161034,65.74492479935253,62.30802472904872,-7.396553720474779,14.232051462647327,518.4533284505209
hold,517.7650146484375,518.3800048828125,518.3800048828125,517.7650146484375,26720,517.7650146484375,2025-10-02 14:50:00+00:00,518.1050048828125,518.3365051269532,518.2880310058594,518.0876123046875,518.1376351628571,518.2275812529343,518.2466470343167,518.2225423898556,518.2051752972243,36.452111911808736,44.0843898517874,47.018759125407556,-0.08972190684373926,-0.17255206540574095,-0.09165166619478582,519.1382347745363,518.2880310058594,517.4378272371824,0.462204245575266,0.4660318121730408,0.49065928272447235,518.2971892456494,518.1676798064971,518.4050501825828,518.1410320004675,49650.0,86056.8,94076.55,23.972835387374246,0.02240595571004178,0.1265191942432065,-0.10411323853316473,0.0,53.45683958984372,-137.5015308017685,9.030770772777387,517.9700113932291
hold,517.2984008789062,517.7999877929688,517.8099975585938,517.1900024414062,46436,517.2984008789062,2025-10-02 14:51:00+00:00,517.9846801757812,518.2133361816407,518.274951171875,518.0658801269532,517.8578904015402,518.0417451781287,518.1007630104074,518.1385295252238,518.1380068217933,28.885881777880513,38.98474618873157,43.412798506187144,-0.11616595999139215,-0.23753480773628977,-0.2548290175319257,519.1760777654297,518.274951171875,517.3738245783204,0.48474579866272804,0.477029191102645,0.4968181319846165,518.2898660167979,518.0580240476387,518.185347993486,518.2966841328505,48745.0,47803.9,73374.95,18.579357806503907,-0.09626164366454759,0.0819630266616557,-0.1782246703262033,7.275110601343601,24.340011800232045,-199.0468668873048,37.96533534287868,517.4328002929688
hold,517.4099731445312,517.3800048828125,517.5399780273438,517.239990234375,220396,517.4099731445312,2025-10-02 14:52:00+00:00,517.8646728515625,518.0943359375,518.2454498291015,518.0494799804687,517.7085846492039,517.9153907714092,517.9944876464265,518.072297126979,518.0840784012554,32.778235081721164,40.749682599599325,44.4817876395893,-0.11583494715965781,-0.229464422951762,-0.2919525334251071,519.2165654704564,518.2454498291015,517.2743341877466,0.4583517978493026,0.46438337695022397,0.4874452586981467,518.2602755745095,517.7228348586343,517.9100167039682,518.1858020459223,83951.2,66740.2,82169.2,12.02409413622729,-0.1686876298462039,0.031832895360083775,-0.20052052520628766,18.484895112068525,8.586668571137375,-158.18387915121528,61.96036801132342,517.3966471354166
hold,517.4299926757812,517.3900146484375,517.5,517.239990234375,35282,517.4299926757812,2025-10-02 14:53:00+00:00,517.6546752929687,517.9523376464844,518.2299499511719,518.0275793457031,517.6157206580631,517.8183111522836,517.9076422663272,518.0139058132338,518.0356276067758,33.53972299323581,41.079021421314685,44.6786825722819,-0.20251269721532383,-0.2736789008330708,-0.2926331621435411,519.241879196436,518.2299499511719,517.2180207059077,0.4300172218172594,0.4497852618555651,0.4766149971232349,518.2558296155497,517.5966830650824,517.8556336074993,518.2068747824396,80349.4,68128.5,77289.2,11.98582300277343,-0.21731645449222015,-0.01799697461037701,-0.19931947988184315,38.70840716676511,21.48947096005908,-127.65898980025905,61.96036801132343,517.3899943033854
hold,517.0499877929688,517.469970703125,517.4990234375,517.0499877929688,28283,517.0499877929688,2025-10-02 14:54:00+00:00,517.390673828125,517.7943359375,518.2004486083985,517.9939794921875,517.427143036365,517.6646464804206,517.775695424272,517.9262769023006,517.9626172501976,26.813284428232848,36.887675627097025,41.7290866999131,-0.2546457813246573,-0.3046520785469719,-0.31041249275541394,519.3092213025043,518.2004486083985,517.0916759142926,0.4327341393478295,0.44973171776097115,0.4753016946188547,518.2506756471447,517.3954977839663,517.7859346236808,518.205693735871,71423.4,67797.1,75975.55,12.40004591442738,-0.2979707697769527,-0.07399173364369215,-0.22397903613326053,0.0,19.06443409294455,-130.44567959250674,61.40209146806696,517.1996663411459
hold,516.7775268554688,517.0650024414062,517.1699829101562,516.5966186523438,51883,516.7775268554688,2025-10-02 14:55:00+00:00,517.1931762695312,517.6490905761718,518.1362243652344,517.9551306152343,517.2106043093996,517.4872225554303,517.6221310290715,517.8218450798613,517.8748327765139,22.961303662144815,34.19378285250532,39.753301493982356,-0.19072122778308118,-0.28027201590449763,-0.33798684188998135,519.4066519239972,518.1362243652344,516.8657968064716,0.45282415627135386,0.4585626134789375,0.4799713404852187,518.2392150890529,517.2857989341653,517.6330098940822,518.1631494773518,76456.0,63053.0,74988.55,18.15635578352571,-0.3876102210836052,-0.13671543113167475,-0.2508947899519305,20.025673940949936,19.578027035905016,-147.59620347802453,66.9167147528371,516.8480428059896
hold,516.6651000976562,516.760009765625,516.7686157226562,516.5800170898438,33127,516.6651000976562,2025-10-02 14:56:00+00:00,517.0665161132813,517.5255981445313,518.0574798583984,517.9234326171875,517.0287695721519,517.3227980638756,517.4748955011614,517.7166864451154,517.7852229484504,21.476049683594795,33.118986517458865,38.95418569177667,-0.1224246547397019,-0.2384483989556495,-0.3730959466581426,519.4787016017053,518.0574798583984,516.6362581150916,0.4163506718933033,0.43991598148937056,0.4665207893013988,518.2314347105417,517.2284852854964,517.5584684007822,518.1272890365364,73794.2,61269.6,74273.8,18.112451985104727,-0.4624248845748298,-0.20185732182030577,-0.260567562754524,9.258152354386665,9.761275431778868,-135.33977837206174,66.68990626694554,516.6712443033854
hold,515.7974243164062,516.6500244140625,516.6500244140625,515.75,103428,515.7974243164062,2025-10-02 14:57:00+00:00,516.7440063476563,517.3043395996094,517.9163513183594,517.8721813964844,516.61832115357,517.0177233143818,517.2168230111992,517.5422080697782,517.637978605336,13.571621018048432,26.258919585789428,33.49753175196524,-0.3116578558246223,-0.4271317942716667,-0.5883302328546903,519.6188458739153,517.9163513183594,516.2138567628034,0.4876005898594386,0.4738577040727191,0.48788170874686787,518.1944440657239,516.4824188811643,517.2575064483408,517.9502027464265,50400.6,67175.9,76429.35,14.07680347276451,-0.6202552909542192,-0.2855369156470885,-0.33471837530713067,3.3397807865892974,10.874535693975298,-166.32543424826338,72.37258460895963,516.0658162434896
hold,515.260009765625,515.7800903320312,515.8099975585938,515.219970703125,59983,515.260009765625,2025-10-02 14:58:00+00:00,516.310009765625,516.9823425292968,517.7331024169922,517.8151818847656,516.1655506909217,516.6661806046304,516.9157748195723,517.3347354966734,517.4618327653574,10.72042631400626,23.07134176625182,30.700726781028663,-0.4193771023853171,-0.621040507719097,-0.6497879192217138,519.7260719736245,517.7331024169922,515.74013286036,0.5022329135179117,0.48215550060100704,0.49274576335267184,518.168806727232,516.0966056489774,516.9848814444113,517.8146551133578,55340.8,67845.1,76998.55,13.650059668837187,-0.7956521607269451,-0.38755996466305986,-0.40809219606388525,2.585425452252394,5.061119531076119,-191.99078957815786,75.75450021849142,515.4299926757812
hold,515.030029296875,515.260009765625,515.3400268554688,514.9400024414062,104690,515.030029296875,2025-10-02 14:59:00+00:00,515.9060180664062,516.6483459472656,517.5371734619141,517.7505822753906,515.7870435595728,516.3389503430793,516.6256601237727,517.1252167512371,517.2816991750994,9.702731653713599,21.849029123845114,29.590596551336674,-0.3906698663152389,-0.6443208233064178,-0.6174770454192127,519.7697067611653,517.5371734619141,515.304640162663,0.48763169930999567,0.4762889944196851,0.4883304610055208,518.1216641032354,515.7040254532878,516.5545319446046,517.6119913762451,70622.2,71022.8,80669.75,13.580933581973667,-0.9427488320201292,-0.4985977381344737,-0.44415109388565543,5.264660741692544,3.7299556601780783,-168.63249864476066,76.08553592035928,515.1033528645834
hold,514.2449951171875,515.0551147460938,515.0650024414062,514.0999755859375,112472,514.2449951171875,2025-10-02 15:00:00+00:00,515.39951171875,516.2963439941407,517.3164245605469,517.6780822753906,515.2730274121111,515.9201592979009,516.2594039689135,516.8633784208689,517.0567581337726,7.0409114239758,18.287434211079386,26.195591728234902,-0.49006228147950076,-0.6798488564624424,-0.7057403214085957,519.9057944544952,517.3164245605469,514.7270546665986,0.5558310073326749,0.5111988416374754,0.5110302893132936,518.0601039934764,515.1727309567657,516.1875600057372,517.3395345253452,82740.0,79598.0,82827.4,12.748293208100534,-1.1365988358717232,-0.6261979576819237,-0.5104008781897995,8.480565371024735,5.443550521656557,-165.70268422662693,78.44287361507996,514.4699910481771
hold,513.2550048828125,514.310791015625,514.3109130859375,513.0700073242188,200564,513.2550048828125,2025-10-02 15:01:00+00:00,514.7174926757813,515.8920043945312,517.0526702880859,517.5947827148437,514.6003532356783,515.3871284148833,515.797188724898,516.5353444628638,516.7751467818497,5.016248008150626,14.97275737140842,22.740784902555816,-0.660020429906955,-0.7816370569141317,-0.9179368724870616,520.1236636487891,517.0526702880859,513.9816769273826,0.6536988293878284,0.5633207645004236,0.545786264189744,517.9277842927962,514.4258080714105,515.5142176147029,516.4083163980516,116227.4,95010.8,71407.35,11.028693210372552,-1.3880183669664348,-0.7785620395388259,-0.6094563274276089,8.149602064960206,7.298276059225828,-170.30527537421247,81.94623757491787,513.5453084309896
hold,511.6499938964844,513.2550048828125,513.2899780273438,511.21551513671875,257166,511.6499938964844,2025-10-02 15:02:00+00:00,513.8880065917969,515.3160064697265,516.7051712036133,517.4761822509765,513.6169001226137,514.6397015112035,515.1591587512959,516.091221684102,516.3955058273782,3.2490789262982673,11.373491007021258,18.57136386815003,-0.8040812583386829,-1.113233131754479,-1.3173096029842342,520.4876213973591,516.7051712036133,512.9227210098675,0.8566651238502815,0.6712594877950362,0.6185803892580894,517.7136828268399,513.2613807156065,514.0838848963007,515.6274978401196,146975.0,98687.8,82714.0,5.421356998752344,-1.7558043161747037,-0.9740104948660016,-0.7817938213087021,11.286665609640082,9.30561101520834,-187.21025220594228,95.61984023530198,512.0518290201823
hold,511.5400085449219,511.6099853515625,512.1099853515625,510.6791076660156,215465,511.5400085449219,2025-10-02 15:03:00+00:00,513.1440063476563,514.7270080566407,516.3396728515625,517.3621826171875,512.9246029300498,514.0197629179472,514.6023664118537,515.6774750350856,516.0358393620111,3.160076802590652,11.175242162416069,18.329557122970854,-0.7219658328220023,-1.1383151758174184,-1.3175891036520304,520.6044491853485,516.3396728515625,512.0748965177764,0.9386954898069376,0.7255179304915961,0.6572612128908888,517.5421749597886,512.710164494401,513.5130718087881,515.1137040578557,178071.4,116706.1,92417.3,0.0,-2.016076444063856,-1.1824236847055725,-0.8336527593582834,23.704487971295805,14.380251881965364,-165.84635622515012,100.0,511.4430338541667
hold,511.739990234375,511.625,512.030029296875,511.3349914550781,140106,511.739990234375,2025-10-02 15:04:00+00:00,512.4859985351562,514.1960083007813,515.9951721191406,517.2511828613282,512.5297320314916,513.5638083812328,514.1620008460877,515.3195218713847,515.7176283155195,8.47829770868104,14.106912673754422,20.310493085685692,-0.6388052881094332,-1.0269795346596002,-1.1636600086148137,520.566373933955,515.9951721191406,511.4239703043263,0.9038872543769286,0.723340781299116,0.65906009998165,517.4392225086754,512.3009995251848,513.2406045937433,514.8153773519327,185154.6,127888.4,97842.75,8.663455524043826,-2.15381993428673,-1.376702934621804,-0.7771169996649261,40.633291643776374,25.20814840823742,-126.78621433683139,100.0,511.70167032877606
hold,511.62109375,511.7900085449219,512.280029296875,511.5400085449219,156671,511.62109375,2025-10-02 15:05:00+00:00,511.9612182617187,513.6803649902344,515.6647277832031,517.1318041992188,512.2268526043277,513.1752654549862,513.7710920620742,514.983301133077,515.4141813106662,8.167190418698155,13.814972004508618,20.00754555323772,-0.5102434427367754,-0.9978052135597006,-1.097491722236204,520.490362543432,515.6647277832031,510.8390930229743,0.880477754030671,0.7245322077744024,0.6629153691231489,517.3260274108069,511.96576655977174,512.9246073623871,514.3985355226757,193994.4,138367.2,100710.1,17.18696280777371,-2.238915855680034,-1.54914551883345,-0.689770336846584,58.84023713757411,41.059338917548764,-101.22374621758938,92.65880750429028,511.81371053059894
hold,511.8299865722656,511.67999267578125,512.260009765625,511.20001220703125,136309,511.8299865722656,2025-10-02 15:06:00+00:00,511.67621459960935,513.1968536376953,515.3612258911132,517.0066033935547,512.0945639269737,512.9062096784421,513.4724604482575,514.6966361730033,515.148685404118,14.591189810045009,17.062498888640633,22.149701279154797,-0.277643334597826,-0.9358312617741603,-1.0784458866058488,520.347209752951,515.3612258911132,510.37524202927546,0.9061234403968251,0.7484940185472129,0.6818240448122251,517.234544415301,511.6598400624891,512.7409188710343,514.1467883795854,181143.4,148685.4,104977.5,18.093477090078864,-2.242475725675945,-1.6878115602019492,-0.5546641654739957,58.330036733540545,52.60118850496368,-87.41273457188827,93.00785250938887,511.7633361816406
hold,511.92999267578125,511.7143859863281,512.4400024414062,511.6400146484375,134468,511.92999267578125,2025-10-02 15:07:00+00:00,511.7322143554687,512.8101104736328,515.057225036621,516.8796026611328,512.0397068432429,512.71096627791,513.2351577140304,514.4451231278013,514.9102637205375,17.80274018070014,18.64303113149826,23.183765047111635,0.05472467167731924,-0.7497966174900084,-1.0629457275095124,520.10121453554,515.057225036621,510.0132355377022,0.8909612050499572,0.7521721452916085,0.6874508899625359,517.1488484967417,511.70946718613607,512.4608124414501,513.9323800228773,156603.8,151789.4,109482.65,24.800618834790868,-2.1992974426275396,-1.7901087366870674,-0.4091887059404722,58.86985627091947,58.680043380678036,-68.1175276400675,88.26898900165683,512.0033365885416
hold,511.9739990234375,511.9150085449219,512.1998901367188,511.010009765625,151601,511.9739990234375,2025-10-02 15:08:00+00:00,511.8190124511719,512.4815093994141,514.7319259643555,516.7519830322266,512.0178042366412,512.5635728270155,513.0411333000931,514.22047548195,514.6927626318634,19.359427111098213,19.37117342200675,23.65232050148728,0.0848399873452935,-0.6377383611979123,-0.9817210887477517,519.6894210676891,514.7319259643555,509.7744308610218,0.9336639430562134,0.78343701856319,0.7113761033497366,517.0562820871406,511.8160029081932,512.3106391876439,513.6966949644839,143831.0,160951.2,114398.15,23.16233601313104,-2.129189804847897,-1.8579249503192334,-0.27126485452866356,67.41218148448505,61.53735816298169,-68.4121142461403,88.93322232520146,511.72796630859375
hold,512.1849975585938,511.9800109863281,512.3049926757812,511.4700012207031,115114,512.1849975585938,2025-10-02 15:09:00+00:00,511.90801391601565,512.1970062255859,514.4226760864258,516.633882446289,512.0735353439587,512.4878577733311,512.9094201090932,514.0354320343721,514.5070022560656,27.08405153754852,22.932733302648032,25.92700566865841,0.0869596538693289,-0.5524011371075431,-0.8886859544415577,519.2022655227934,514.4226760864258,509.6430866500582,0.919567873345058,0.7871194783142569,0.717262548670136,516.9910041919819,511.8925357713163,512.1259676567798,513.47578267281,138832.6,161993.6,116508.2,28.39002814017593,-2.0191444827344185,-1.8901688568022705,-0.12897562593214795,82.16739937684066,69.48314571074839,-51.32464383221942,85.58201493273691,511.9866638183594
hold,512.9099731445312,512.1300048828125,513.010009765625,512.1099853515625,150197,512.9099731445312,2025-10-02 15:10:00+00:00,512.1657897949219,512.0635040283203,514.1799240112305,516.5288824462891,512.3523479441496,512.5722808475712,512.9095051914683,513.9331175898411,514.3887038033592,47.314503213293925,33.75957198489833,33.116191192950495,0.25192069097155945,-0.2596081605717955,-0.7268009688316925,518.7441511665824,514.1799240112305,509.61569685587864,0.9167759505904068,0.7951841165819885,0.7259654946412009,516.9208751652848,512.1765931490938,512.0532290303156,513.3944377767525,137537.8,165766.1,122682.05,34.13191325485609,-1.8164229557880844,-1.8754196765994333,0.05899672081134888,94.9981689453125,81.52591660221275,-14.82130493894138,69.42155601207006,512.6766560872396
hold,512.3109741210938,512.8599853515625,513.0,512.3109741210938,83204,512.3109741210938,2025-10-02 15:11:00+00:00,512.2619873046875,511.96910095214844,513.9305526733399,516.4090020751953,512.3385566697978,512.5200195022757,512.8174234883337,513.7856500017731,514.2347979009692,37.33065114444158,30.00843846867818,30.544357857360907,0.09397408542811395,-0.18393016195415243,-0.6759340064431579,518.3279428553147,513.9305526733399,509.5331624913651,0.8842402260640988,0.7876013853194357,0.7242064653204889,516.8774053513382,512.2686639076934,511.91066757671206,513.2854464662421,126916.8,154030.1,124520.45,34.48603339887117,-1.714778398693511,-1.843291421018249,0.12851302232473794,54.608326892971085,77.25796507170809,-11.763496595770953,65.93568722127219,512.5406494140625
hold,511.19000244140625,512.2899780273438,512.3200073242188,511.1600036621094,92234,511.19000244140625,2025-10-02 15:12:00+00:00,512.1139892578125,511.9231018066406,513.6195541381836,516.2724017333984,511.95570526033396,512.2540160901018,512.5670510195756,513.5496820417397,514.0092574965571,25.55666817924343,24.51803292612479,26.500350933044885,-0.1445491072924214,-0.08990353963948042,-0.7898938879557261,517.8658477936827,513.6195541381836,509.3732604826845,0.9236350026419954,0.8142015479472885,0.7449587127866264,516.8185696583017,512.1775879923244,511.91107952402194,512.8188143291392,118470.0,137536.9,118112.35,33.952053534844666,-1.7552414064552977,-1.8256814181056589,0.07044001165036118,1.621550287854044,50.40934870871254,-69.30315758033672,68.612487496669,511.5566711425781
hold,511.534912109375,511.2699890136719,511.6499938964844,511.2250061035156,70632,511.534912109375,2025-10-02 15:13:00+00:00,512.026171875,511.92259216308594,513.3248001098633,516.1424993896485,511.815440876681,512.1101952939565,512.4082604180063,513.3665211387975,513.8259726530621,33.12780247771573,28.832602931854993,29.515271995669366,-0.08576351824507385,-0.0009962926578063437,-0.6786239614555242,517.280649976552,513.3248001098633,509.3689502431746,0.857400210132871,0.7889008270280625,0.7313888433719359,516.7770412720353,512.1491763155273,511.9544617181881,512.7131351111502,102276.2,123053.6,119879.85,34.537264634190194,-1.715777359105573,-1.8037006063056418,0.08792324720006883,20.375499643408023,25.535125608077717,-76.24594999663326,67.45957070272304,511.469970703125
hold,511.3599853515625,511.510009765625,511.9999084472656,511.3534851074219,100867,511.3599853515625,2025-10-02 15:14:00+00:00,511.8611694335938,511.8845916748047,513.040299987793,516.011099243164,511.6636223683082,511.9601533054778,512.2469873308611,513.1841087945033,513.643306927025,31.247416793465234,27.959706962576234,28.884324709467947,-0.16107699580499113,-0.07425741393367738,-0.5610185403880413,516.6901878822309,513.040299987793,509.3904120933551,0.8272606572344251,0.7787238636577545,0.7273428670134509,516.7169136775267,511.98075723428036,511.92935101450854,512.608224838907,99426.8,119129.7,123509.05,39.7751563554273,-1.6831536215472624,-1.779591209353966,0.09643758780670364,17.239746389203127,13.078932106821732,-68.00011272076172,55.41063856189853,511.5711263020833
hold,511.4049987792969,511.3399963378906,511.8999938964844,511.25,66592,511.4049987792969,2025-10-02 15:15:00+00:00,511.5601745605469,511.86298217773435,512.7716735839844,515.8853991699219,511.57741450530443,511.84912240024164,512.1174506306204,513.0223715203937,513.4775063234896,32.39937741123127,28.559078624679344,29.292724516104883,-0.2934188150032897,-0.04223730673792709,-0.3604457990503224,516.0541284791929,512.7716735839844,509.4892186887759,0.8019368342701323,0.7695288660025131,0.7236595827025425,516.6782713139507,511.550542305929,511.94149875441167,512.4889273543957,82705.8,110121.8,124244.5,42.638784205611145,-1.6283839232479522,-1.7493497521327634,0.12096582888481122,23.227788279773158,20.281011437461437,-74.79465652522849,48.753307301143906,511.51833089192706
hold,512.4650268554688,511.42498779296875,512.5360107421875,511.3689880371094,87166,512.4650268554688,2025-10-02 15:16:00+00:00,511.5909851074219,511.9264862060547,512.561669921875,515.7773022460938,511.87328528869256,511.9723032912871,512.1709238959817,512.9717038235823,513.4025078443769,53.708714029326586,41.00662952722166,38.084634137395724,0.03007016092897259,0.12407250451580629,0.15929501978050845,515.3157861914667,512.561669921875,509.80755365228333,0.8540919586712741,0.7979212830793426,0.744772112339475,516.6385303485037,511.5899227751995,511.99932159450657,512.4336176606803,83498.2,105207.5,126946.45,52.030803100381114,-1.4302045530898226,-1.6855207123241756,0.2553161592343529,94.48030374940674,44.98261280612767,61.327036250361076,10.72449223124514,512.1233418782552
hold,512.2650146484375,512.5399780273438,512.6099853515625,512.239990234375,63544,512.2650146484375,2025-10-02 15:17:00+00:00,511.8059875488281,511.9599884033203,512.3850494384766,515.66740234375,512.0038617419409,512.0308455627172,512.1853993963596,512.9074593531145,513.3182490891222,50.22362998028332,39.60444673902415,37.168986737134546,0.21029601555137423,0.0654429272458018,0.1417300878533252,514.705384934846,512.3850494384766,510.0647139421071,0.7849352670307349,0.7673551283727825,0.7269255887608095,516.6086625097768,511.79512875476263,512.0260307559529,512.290112639923,77760.2,98115.1,124952.25,61.2327583632347,-1.2874035264050008,-1.6058972751403406,0.31849374873533987,74.63423391078,64.11410864665329,96.38334139273064,1.6700616492870566,512.3716634114584
hold,512.9199829101562,512.3099975585938,512.989990234375,512.3099975585938,61611,512.9199829101562,2025-10-02 15:18:00+00:00,512.0830017089844,512.0545867919922,512.2680480957031,515.5842016601563,512.3092354646794,512.2086730322051,512.298412244636,512.9085978583001,513.2887478906803,60.11193791769764,46.10362635008056,41.96643991355609,0.2707675992377032,0.18477186117325542,0.23058441753610417,514.2002362196077,512.2680480957031,510.3358599717984,0.7763695983031299,0.7643280181988338,0.726832731483509,516.5843985573956,512.0260071882373,512.0966861693447,512.2343930788002,75956.0,89116.1,125033.65,59.1673784285882,-1.0800748584752,-1.5007327918073128,0.42065793333211277,95.681231997289,88.2652565524919,139.16362344424675,9.288781034160914,512.739990234375
hold,512.8499755859375,512.8800048828125,513.0700073242188,512.635009765625,67853,512.8499755859375,2025-10-02 15:19:00+00:00,512.3809997558594,512.1210845947265,512.1590454101563,515.5025988769531,512.4894821717655,512.3369335429516,512.3832681432978,512.9032685608126,513.256246238477,58.658815959488486,45.53953418759698,41.60986929467661,0.29137794842328624,0.1298316097725367,0.2401937392632182,513.6516419711818,512.1590454101563,510.6664488491308,0.7276021640589327,0.7408044139413278,0.7129358184887586,516.5575395438082,512.3809680329828,512.1452074035218,512.1325575524853,69353.2,84390.0,123191.8,56.547232720225104,-0.9193126955254911,-1.3844487725509487,0.46513607702545756,73.4906978454298,81.26872125116627,125.92183432641382,6.031971122856775,512.8516642252604
hold,512.9099731445312,512.8200073242188,513.0501098632812,512.6400146484375,42738,512.9099731445312,2025-10-02 15:20:00+00:00,512.6819946289063,512.1210845947265,512.0922943115235,515.4113989257812,512.6296458293541,512.4515414632675,512.4642996819491,512.9038780684234,513.2305963796662,59.63445472791019,46.14766125091189,42.05292096091402,0.29428229462494265,0.0,0.21100494316448984,513.2975174915646,512.0922943115235,510.88707113148234,0.6822440284567638,0.7171823282915009,0.6985148373628058,516.5410900731096,512.6522505031257,512.0336153523417,512.0471957382417,64582.4,73644.1,119705.1,63.97275457192827,-0.7790549163986498,-1.2633700013204892,0.4843150849218394,78.94314166398972,82.70502383556952,105.90311948318256,14.235515524413367,512.86669921875
hold,512.701904296875,512.905029296875,512.969970703125,512.6422119140625,37627,512.701904296875,2025-10-02 15:21:00+00:00,512.7293701171875,512.1601776123047,512.0646392822266,515.3142370605469,512.6537319851944,512.501614029989,512.5008542380915,512.8855168164645,513.1914340031632,54.43667356922168,44.300193894900175,40.9222475294566,0.04622314284737657,0.07630720314978978,0.15078460573467942,513.184214828341,512.0646392822266,510.9450637361122,0.6316032799718689,0.689366361203715,0.6808597874437436,516.525907256718,512.718781798349,512.0366092109314,511.9496644869286,54674.6,69086.4,111558.25,57.882441755887065,-0.689819973174167,-1.148659995691225,0.4588400225170579,15.378139469622562,55.93732632634737,77.94870426982557,10.572696794375126,512.7713623046875
hold,513.0599975585938,512.780029296875,513.0700073242188,512.6649780273438,25829,513.0599975585938,2025-10-02 15:22:00+00:00,512.8883666992188,512.3471771240235,512.135139465332,515.2154370117188,512.7891538429942,512.61329073571,512.5868762873996,512.9013787021125,513.1816979702321,61.22294780638616,48.147613859133166,43.65965175590299,0.15518977236847592,0.3658121458276843,0.2121198610139837,513.3172265013276,512.135139465332,510.9530524293365,0.5992355681008876,0.6690565708945211,0.6677250021785655,516.5165238384793,512.8785363649044,512.2039845332698,512.0025409742916,47131.6,62445.9,99991.4,67.13532433089519,-0.5684072345220557,-1.0326094434573911,0.4642022089353355,97.6721078779276,63.997796337179956,86.89450440174315,31.907069201142995,512.9316609700521
hold,512.2999877929688,513.0599975585938,513.0999755859375,512.2929077148438,58718,512.2999877929688,2025-10-02 15:23:00+00:00,512.7643676757813,512.4236846923828,512.1731384277343,515.1066369628907,512.6260984929858,512.5506301471618,512.5427395959487,512.8467068012812,513.1163861052496,44.72760237501511,41.58260507375014,39.57335278593616,-0.12087560201297504,0.14956470525909357,0.02245091811027619,513.3247255533281,512.1731384277343,511.0215513021405,0.628925897099868,0.6789145209087517,0.6743603768888123,516.4907310351537,512.7216193965182,512.2903374426031,512.0660894738927,46553.0,61254.5,92154.05,59.477124687742595,-0.5657559580878342,-0.9392387463834798,0.37348278829564563,0.8772593208802844,37.97583555614349,32.92956336436342,17.67567943282129,512.5642903645834
hold,512.2150268554688,512.2999877929688,512.4500122070312,512.1699829101562,61132,512.2150268554688,2025-10-02 15:24:00+00:00,512.6373779296875,512.5091888427735,512.196890258789,514.9981372070313,512.4890746138135,512.4835094888232,512.4923222512595,512.7892813516619,513.049618753414,43.20925592388961,40.911043396226,39.14332452126406,-0.1238078893819412,0.16720931015327778,-0.13549089030223893,513.3312287296667,512.196890258789,511.06255178791133,0.5790835256391726,0.6504227191920552,0.6555827064119641,516.4636733476726,512.546085572395,512.4461272115566,512.0971495513496,45208.8,57281.0,88205.35,48.89933363904558,-0.5661092645908639,-0.8646128500249567,0.29850358543409283,4.843473124630833,34.464280107812904,-2.645540345141141,3.842983814725239,512.2783406575521
hold,511.25,512.2100219726562,512.2750244140625,511.25,68532,511.25,2025-10-02 15:25:00+00:00,512.3053833007813,512.4936889648437,512.178335571289,514.8618969726563,512.0760497425424,512.2368075910586,512.3011957510657,512.649346683329,512.9163136605686,29.80268849613813,34.16225866952304,34.652389744228586,-0.3236383052476719,-0.03030842085369733,-0.20709572402073315,513.360857693421,512.178335571289,510.9958134491571,0.6427893668425051,0.6771799831113726,0.6731751686810373,516.4269466804581,512.1316319811764,512.4241312733203,512.1070108884397,50367.6,57475.0,83798.4,49.69956484496182,-0.6795060695100119,-0.8275914939219677,0.14808542441195582,0.0,1.9069108151703726,-83.94751844605149,24.466578919284267,511.5916748046875
hold,511.04998779296875,511.2900085449219,511.3599853515625,510.92999267578125,92019,511.04998779296875,2025-10-02 15:26:00+00:00,511.975,512.3521850585937,512.1393356323242,514.7180969238282,511.7340290926845,511.9994436314406,512.1087022190508,512.5039504205689,512.7780673000055,27.722792246470576,32.94906563321922,33.80826178789803,-0.32219823840360146,-0.2761240257082139,-0.027389942637532076,513.4131640843217,512.1393356323242,510.8655071803267,0.61238983954804,0.6595237468735068,0.6615950499715236,516.3765653008219,511.73653857759905,512.1998190919961,512.0705421116904,61246.0,57960.3,81583.9,49.71573805912629,-0.7786236685649328,-0.8177979288505608,0.03917426028562798,7.894314166398972,4.2459290970099355,-133.25145842470928,6.318055874203629,511.1133219401042
hold,511.6000061035156,511.07080078125,511.6099853515625,511.04998779296875,69168,511.6000061035156,2025-10-02 15:27:00+00:00,511.68300170898436,512.2856842041016,512.122836303711,514.5776971435547,511.68935476296156,511.91955612585565,512.0304412781992,512.4217736644731,512.690803507673,40.9451582289544,39.32971256018839,38.15805094866983,-0.2845654430330807,-0.1298172871278871,0.012725230008681554,513.4154926335906,512.122836303711,510.8301799738314,0.6049052279831414,0.6524147334249528,0.6567570741916297,516.3431590163583,511.61173546237,512.1218482341483,512.0618298895668,69913.8,58522.7,78318.9,57.44347727639294,-0.771247381817318,-0.8084878194439123,0.03724043762659435,49.81394926714162,19.236087811180198,-94.40705667634508,0.849256900212315,511.4199930826823
hold,511.635009765625,511.5400085449219,511.8500061035156,511.4100036621094,56899,511.635009765625,2025-10-02 15:28:00+00:00,511.5500061035156,512.1571868896484,512.1058868408203,514.4318975830079,511.67123976384937,511.86264685380957,511.96960566088006,512.3502496736687,512.6125965638175,41.73654208866836,39.722840289513904,38.42842829099414,-0.12980246792675734,-0.2505211704251982,0.053782936080424705,513.4146938124784,512.1058868408203,510.79707986916213,0.5813476870435855,0.6372424268521882,0.6464354250113734,516.3162268549975,511.49933139114876,511.98942358096264,512.0543755374565,69550.0,58051.5,73583.8,55.268831258657144,-0.749949710007968,-0.7967801975567235,0.04683048754875552,76.63117391448569,44.779812449342096,-69.74041730851023,2.1786510850852725,511.6316731770833
hold,511.5350036621094,511.5799865722656,511.739990234375,511.5,35392,511.5350036621094,2025-10-02 15:29:00+00:00,511.41400146484375,512.0256896972656,512.0733871459961,514.2836254882812,511.6258277299361,511.7971182154696,511.9027438149153,512.2761363998906,512.5327748673947,39.9519873299041,38.94637442624904,37.930939784408494,-0.1327612736264484,-0.25640479407759614,0.025421120857796936,513.4048076610927,512.0733871459961,510.7419666308995,0.532582336662359,0.6088672702466748,0.627080892123927,516.2992749721313,511.3673808861614,511.853535757935,512.0303675366508,64402.0,54805.4,69597.7,57.34809899587507,-0.7356566519250691,-0.7845554884303926,0.04889883650532345,60.625596032805646,62.356906404810985,-76.15280044555297,0.7177409496533534,511.59166463216144
hold,511.7099914550781,511.5,511.7099914550781,511.29998779296875,43921,511.7099914550781,2025-10-02 15:30:00+00:00,511.50599975585936,511.9056915283203,512.0133880615234,514.1446258544922,511.6538823049834,511.7796928633913,511.8730896057096,512.2246686776349,512.4718279479638,44.77253681977939,41.115328037122076,39.37294700144683,0.08997387874388754,-0.23395561644011667,-0.14733403468010095,513.2958532994602,512.0133880615234,510.7309228235866,0.5150710974405042,0.5946627268082961,0.6167438811708531,516.2791708898486,511.4450279047721,511.7598519195298,511.9166646021948,59479.8,54923.7,64283.9,49.4060237140037,-0.6921350845724987,-0.7660714076588139,0.07393632308631515,74.54363868390391,70.60013621039842,-67.85597188551219,26.50964195572581,511.5733235677083
hold,511.6400146484375,511.739990234375,511.760009765625,511.5299987792969,28199,511.6400146484375,2025-10-02 15:31:00+00:00,511.62400512695314,511.79950256347655,511.97984008789064,514.0068243408203,511.6492597528015,511.7517572204006,511.83723191997547,512.1715183113442,512.4102121479989,43.156191412317185,40.49577348447956,38.99257386913119,0.11545384396091123,-0.20711638469410157,-0.12200716077183826,513.2645133027304,511.97984008789064,510.69516687305094,0.47434822442445,0.5686161739168554,0.5983280290354851,516.266159607845,511.6241948128959,511.6879266718776,511.88366689991614,46715.8,53980.9,61533.65,47.01629323508752,-0.6584549275983136,-0.7445481116467139,0.08609318404840027,73.91535093538543,69.69486188403165,-51.84036914665274,27.508194743298407,511.6433410644531
hold,511.8900146484375,511.6449890136719,511.95001220703125,511.6099853515625,31569,511.8900146484375,2025-10-02 15:32:00+00:00,511.6820068359375,511.68250427246096,512.0148406982422,513.8726251220703,511.7295113846802,511.779408706008,511.84535233973884,512.1459270692618,512.3716789998832,50.590872360685196,43.756530721329305,41.12615659739199,0.0566865796446444,-0.22804017380494232,-0.20080486158387023,513.2486681247409,512.0148406982422,510.78101327174346,0.45515945743077857,0.5522883654562765,0.5860279731513549,516.2524621987601,511.67555082391044,511.6346601392637,511.9385210887244,39196.0,54554.9,58500.4,44.79678792577344,-0.5922702938752309,-0.7140925480924173,0.1218222542171864,90.7699530516432,79.74298089031085,-26.85436697644658,36.02351224953876,511.81667073567706
hold,511.6400146484375,511.79998779296875,511.80999755859375,511.5,32683,511.6400146484375,2025-10-02 15:33:00+00:00,511.6830078125,511.6165069580078,512.0200958251953,513.7284259033203,511.699679139266,511.7515298944939,511.81376192569246,512.099935031005,512.3174816405169,43.893209334138966,41.318178163004326,39.66944943250346,0.0009782135149024864,-0.12882552415713877,-0.2359288281368454,513.2465754525774,512.0200958251953,510.7936161978132,0.44585305614602444,0.540697385669221,0.576694005307838,516.2375639845571,511.6822187918921,511.55979842668825,511.9550852637732,34352.8,51951.4,56602.95,37.175249441771804,-0.5659517460230177,-0.6844643876785375,0.11851264165551978,31.113522311135224,65.26627543272129,-40.10027473328682,42.25666065173549,511.65000406901044
hold,511.3700866699219,511.6199951171875,511.92041015625,511.3700866699219,37272,511.3700866699219,2025-10-02 15:34:00+00:00,511.6500244140625,511.5320129394531,512.0206008911133,513.5832275390625,511.589814982818,511.6752412495795,511.74550419403545,512.0335851799974,512.2473042352876,37.6195689128569,38.80385514985594,38.13797770169786,-0.03223962993868445,-0.1649581018218138,-0.30022548892326867,513.246000609134,512.0206008911133,510.7952011730927,0.460777403314896,0.5413849642877141,0.575438266308804,516.2197003141229,511.6452261484561,511.46471927690556,511.99085799477297,34728.8,49565.4,53423.2,31.172493162980288,-0.5720629857081008,-0.6619841072844501,0.08992112157634935,0.0,40.62782512092614,-47.42305288187962,44.75306447845471,511.55352783203125
hold,511.5,511.44000244140625,511.5929870605469,511.3800048828125,37077,511.5,2025-10-02 15:35:00+00:00,511.6080261230469,511.5570129394531,512.0253509521484,513.4486279296875,511.559876655212,511.64019299966367,511.70773431802996,511.9850774363613,512.1919483660071,42.25400362804455,40.67500309483124,39.321784216583914,-0.04103720048166378,0.04889975550122249,-0.23442555738569076,513.2418730777822,512.0253509521484,510.8088288265146,0.4267949729306251,0.5186360661689488,0.558650748419099,516.202532285166,511.59589097496416,511.4992373281186,512.0108916971056,33360.0,46419.9,51947.45,31.20208014000869,-0.5517553663434,-0.6399383590962401,0.08818299275284003,23.606721011478957,18.24008110753806,-53.2156052351374,44.753064478454704,511.4909973144531
hold,511.5849914550781,511.5,511.64990234375,511.39581298828125,29762,511.5849914550781,2025-10-02 15:36:00+00:00,511.597021484375,511.6105133056641,511.9813491821289,513.3223272705078,511.5682482551674,511.6291526907466,511.68885080065274,511.94870598351736,512.1469885948271,45.3527433599016,41.92604455532475,40.10906303750813,-0.01075427874756493,0.10468714898514196,-0.28749193282159413,513.1947336127349,511.9813491821289,510.76796475152287,0.402122741864643,0.499739872547506,0.5441478249452729,516.1890889183833,511.5865739933285,511.60843643471,511.9576483020324,33672.6,40194.2,49077.25,31.591471364637883,-0.5178359040805276,-0.6155178680930976,0.09768196401257001,39.05062940165253,20.885783471043826,-37.843724120266515,46.86051064355925,511.54356892903644
hold,511.3900146484375,511.5069885253906,511.5660095214844,511.1199951171875,61357,511.3900146484375,2025-10-02 15:37:00+00:00,511.497021484375,511.5895141601562,511.9375991821289,513.189927368164,511.50883705292415,511.58132508228476,511.64287600800424,511.8979158621464,512.0909164506501,39.65714742377367,39.849918185511456,38.89352091185622,-0.09767723254836227,-0.041046022785941084,-0.17762505684442634,513.1698684762481,511.9375991821289,510.7053298880097,0.411104684154069,0.497258191500586,0.5403787065140991,516.1604565076531,511.47736631955644,511.5759127398159,511.9021429758906,39630.2,39413.1,48967.9,31.476190075022785,-0.5095913683653066,-0.5943325681475394,0.08474119978223282,50.95600092144667,37.871117111526054,-100.32268748520707,45.07561235356763,511.3586730957031
hold,511.2200012207031,511.4200134277344,511.5299987792969,511.17999267578125,38409,511.2200012207031,2025-10-02 15:38:00+00:00,511.41301879882815,511.5480133056641,511.85260009765625,513.0447277832031,511.4125584421838,511.50906030996845,511.57781834841944,511.8362872583789,512.0264042113947,35.164639621656505,38.07922643445198,37.843475500278075,-0.08209159090556634,-0.0811141804217007,-0.19425936034601937,513.035630969956,511.85260009765625,510.66956922535655,0.40237631549143416,0.4867401852159459,0.5313133444665528,516.1420734685233,511.40280679879305,511.5305695339116,511.8091555147807,40775.4,37564.1,47807.8,32.561327891174415,-0.5173439014262726,-0.5789348348032861,0.06159093337701349,18.872379636028565,36.29300331970926,-107.99905038091696,42.61393982552965,511.30999755859375
hold,511.3550109863281,511.19000244140625,511.3550109863281,510.7300109863281,76863,511.3550109863281,2025-10-02 15:39:00+00:00,511.4100036621094,511.53001403808594,511.7778518676758,512.904428100586,511.3933759568986,511.4782504452404,511.5435402927131,511.7925348700106,511.9766713799083,41.32298613395766,40.34606840537287,39.21189940946672,-0.0029480964934659975,-0.03518677597675072,0.020540046225550123,512.8859043326299,511.7778518676758,510.66979940272165,0.43417969899265785,0.4966158862719498,0.5357746137776693,516.1066915072615,511.3927266860464,511.49784237835604,511.6998171468951,48693.6,41711.2,48258.3,32.15992368189002,-0.49842093466787674,-0.5628320547762042,0.0644111201083275,74.76089654668905,48.1964257013881,-145.75673977949373,30.746196506022482,511.1466776529948
hold,511.6000061035156,511.30999755859375,511.739990234375,511.30999755859375,45926,511.6000061035156,2025-10-02 15:40:00+00:00,511.4300048828125,511.5190155029297,511.712353515625,512.7811279296875,511.46225267243767,511.5026015768955,511.5522273405289,511.77503225487476,511.9487702483236,51.14687757060742,44.32889708721887,41.6592029233042,0.019551535389173997,-0.02149368849526468,0.10762514894525205,512.692458731747,511.712353515625,510.73224829950294,0.4335815528195996,0.49185708552261415,0.5307373786349827,516.0868763461822,511.4146916819255,511.48680529716626,511.6416735661331,50463.4,41911.7,48417.7,41.88489359408494,-0.4461686714281541,-0.5394993781065942,0.09333070667844012,86.13990028705243,59.92439215659002,16.018482480598333,0.2663185378590111,511.5499979654948
hold,511.8399963378906,511.6000061035156,512.0999755859375,511.6000061035156,63880,511.8399963378906,2025-10-02 15:41:00+00:00,511.481005859375,511.539013671875,511.6692581176758,512.6719598388672,511.58816722758866,511.5700805290945,511.59649949396913,511.78093808060345,511.94071292162494,58.99302121241619,47.991955964481456,43.9789772291691,0.04984604456186276,0.03908640523172101,0.04690974032678981,512.5413783901456,511.6692581176758,510.797137845206,0.44306554276278176,0.49243654244398993,0.5292722407200728,516.061061549302,511.4918470560051,511.52691429761256,511.6143015055647,57287.0,45479.8,49730.35,41.39370008248538,-0.37063239253041047,-0.5057259809913575,0.135093588460947,81.02292218930297,80.64123967434814,153.06353339534883,4.74789287317341,511.84665934244794
hold,511.9700012207031,511.8599853515625,512.0700073242188,511.8399963378906,40498,511.9700012207031,2025-10-02 15:42:00+00:00,511.5970031738281,511.54701232910156,511.61475830078126,512.5631604003906,511.7154452252935,511.65006466741625,511.6539612980821,511.7981256387943,511.94288242526034,62.77177931583984,49.91450242675766,45.2179647491707,0.1134137459966529,0.015625734039871674,0.06547469361636947,512.2311760923685,511.61475830078126,510.99834050919395,0.41262917755783085,0.4736918598642853,0.5150217047966468,516.0453567319327,511.5882880687211,511.54089109697105,511.5915765459996,53115.2,46372.7,50463.8,39.801422361413046,-0.2928177578440909,-0.4631443363619042,0.1703265785178133,83.5470910917098,83.56997118935507,169.2117064550525,5.6083163991761085,511.9600016276042
hold,512.397216796875,511.9200134277344,512.7000122070312,511.8900146484375,40127,512.397216796875,2025-10-02 15:43:00+00:00,511.8324462890625,511.6227325439453,511.61961975097654,512.4625048828125,511.9427024158207,511.79949509330805,511.7683082978964,511.8525884713471,511.9765368231577,72.49048541909823,55.70874187053257,49.10208447659543,0.23027572735043467,0.14799509943681696,0.16855408302325162,512.2586946505169,511.61961975097654,510.9805448514362,0.46939608913439074,0.4977136954878185,0.5290681740250802,516.0315330783443,511.76264818387574,511.6069438173793,511.58222083227355,53458.8,47117.1,49534.25,46.10170003776706,-0.17704172984963407,-0.4059238150594502,0.22888208520981612,72.47329726730476,79.01443684943918,220.59028786201844,17.838744716776183,512.3290812174479
hold,512.4400024414062,512.3477783203125,512.4749755859375,512.2899780273438,27205,512.4400024414062,2025-10-02 15:44:00+00:00,512.0494445800781,511.72972412109374,511.63086853027346,512.3703051757813,512.1084690910159,511.92759656292776,511.87164585843635,511.9059897413524,512.0108676096946,73.30475438002942,56.254566158660325,49.478761158456884,0.21217968569142154,0.2092253339360818,0.14266107727392519,512.3176102683491,511.63086853027346,510.9441267921978,0.42876772762858495,0.4753768285668136,0.5126838590045407,516.0223300937027,511.99128517633665,511.67523968873735,511.5661783752118,43527.2,46110.4,47837.9,52.01390527597079,-0.08327104676686758,-0.3413932614009337,0.2581222146340661,69.7668641992832,75.26241751943259,173.5288278706057,26.774577977299284,512.4016520182291
hold,512.7550048828125,512.4249877929688,512.7899780273438,512.4249877929688,24792,512.7550048828125,2025-10-02 15:45:00+00:00,512.2804443359375,511.855224609375,511.70611877441405,512.2898547363282,512.3239810216148,512.0930782269047,512.0075472468019,511.9831729360306,512.0659888891848,78.71603563247561,60.14843031782532,52.21268557802299,0.22576207300966608,0.2453577483504399,0.21792475225792135,512.5262944618078,511.70611877441405,510.88594308702034,0.4196566571637871,0.46749207183882696,0.5056508292602769,516.0147182236653,512.1790899908491,511.7493606609574,511.622192301757,39300.4,44881.9,45650.9,51.73961821514377,0.027089337719871764,-0.26769674157677265,0.2947860792966444,96.11393692777213,79.45136613145336,170.32339273212494,33.45950037850113,512.6566569010416
hold,512.7449951171875,512.7899780273438,512.8400268554688,512.6199951171875,33776,512.7449951171875,2025-10-02 15:46:00+00:00,512.4614440917969,511.9712249755859,511.790869140625,512.2114526367187,512.4643190534724,512.2234616049614,512.1210007653227,512.052429497954,512.1162856468146,78.12890505011211,59.96576918367978,52.11858237732517,0.17681282935525833,0.22674700811883258,0.16702425214080308,512.6704763814163,511.790869140625,510.9112618998336,0.3911388116091389,0.44981633372757146,0.4920499201660376,516.0043732259777,512.4241368910414,511.83442624959383,511.7281587544354,33279.6,45283.3,42738.75,51.92525047056597,0.10717595814674041,-0.19272220163207004,0.29989815977881046,82.72303595206391,82.86794569303976,142.38895163150764,30.088593332302327,512.7350056966146
hold,512.6599731445312,512.7449951171875,512.8699951171875,512.64501953125,33960,512.6599731445312,2025-10-02 15:47:00+00:00,512.5994384765625,512.0982208251953,511.84386749267577,512.1487036132812,512.5295370838254,512.3107639128754,512.2039195928933,512.1076607385519,512.1565587947937,72.75156055174301,58.345013518567285,51.29407950794101,0.1347680376160727,0.24833462909259219,0.19935080660072935,512.7958423930311,511.84386749267577,510.8918925923205,0.36740120794176195,0.43375628031399494,0.47933209472658345,515.993768052767,512.5892850553469,511.9644183874576,511.7775854385826,31972.0,42543.6,40978.35,51.806798060423304,0.15420511808167703,-0.12333673768932064,0.27754185577099766,52.804827869976684,77.2139335832709,113.02225430553787,36.2031306880233,512.7249959309896
hold,512.8400268554688,512.75,512.9099731445312,512.6583251953125,18286,512.8400268554688,2025-10-02 15:48:00+00:00,512.6880004882812,512.2602233886719,511.904118347168,512.1003039550782,512.6330336743732,512.4166165013941,512.3017822486742,512.1742394764534,512.2071860585474,76.71170872639502,60.76358559926273,52.94918958852068,0.08641929426585648,0.31689402427473295,0.2874513437262687,512.9440596600432,511.904118347168,510.8641770342928,0.35086502812418885,0.4207485423786203,0.4684899925595437,515.9883923441816,512.6783466161808,512.0744659196215,511.8128502774397,27603.8,40531.3,39047.7,56.72495096320637,0.20943044284661028,-0.05678330158213447,0.26621374442874474,75.87876236581772,70.46887539595276,102.22205603612275,44.01167649516814,512.8027750651041
hold,512.7000122070312,512.8021850585938,512.8599853515625,512.6719970703125,15629,512.7000122070312,2025-10-02 15:49:00+00:00,512.7400024414062,512.3947235107422,511.9623687744141,512.0537036132813,512.6553598519259,512.4732956425215,512.3630483961138,512.222036997415,512.2436916991759,67.77536520897644,57.94603426636725,51.519705912615834,0.05073955280349726,0.2630268975185785,0.23460649208822093,513.0428065385706,511.9623687744141,510.8819310102576,0.3275969214278761,0.4041228094408617,0.4551327682114702,515.9836085563877,512.7323058293767,512.2635972745244,511.8439843833439,25288.6,34407.9,38059.55,58.929467095063984,0.22960394334563716,0.0004941474034198604,0.2291097959422173,20.7555862704446,49.81305883541301,80.79812480238056,44.011676495168146,512.7439982096354
hold,513.4500122070312,512.6950073242188,513.4500122070312,512.6950073242188,56486,513.4500122070312,2025-10-02 15:50:00+00:00,512.87900390625,512.5797241210937,512.0493698120117,512.0378039550782,512.9202439702945,512.6686389554235,512.5302735977934,512.33367110738,512.3330487738318,81.35150978175967,66.82096007987799,57.91070329871609,0.13554374264520155,0.36161182201809833,0.36455736253100984,513.3011472580068,512.0493698120117,510.7975923660166,0.38865520162567957,0.42918581468169303,0.46941239271628116,515.9703572249241,512.985109458606,512.538501957871,511.9688340659973,31627.4,35463.9,38687.8,60.842190419881526,0.33559018159166953,0.0675133542410698,0.26807682735059973,100.0,65.5447828787541,116.39710861873185,53.56061937398706,513.1983439127604
hold,513.405029296875,513.4000244140625,513.6334228515625,513.3200073242188,36457,513.405029296875,2025-10-02 15:51:00+00:00,513.0110107421875,512.7362274169922,512.1376205444336,512.0408044433593,513.0818390791546,512.8159170237138,512.6648513976521,512.431067306425,512.4124547385017,79.02197392930995,65.92237013042657,57.43389125127074,0.1287256211124303,0.30576605388048267,0.39402698346051024,513.5050422807685,512.1376205444336,510.77019880809877,0.377906676728261,0.4209165084432685,0.46198397055568446,515.9617266144674,513.1307344479699,512.7714108810361,512.0476456323988,32163.6,32721.6,39100.7,70.1814020303557,0.40346228521218563,0.13470314043529297,0.26875914477689267,76.24428643981716,65.66662423675392,130.97572209021533,70.33139499788729,513.4528198242188
hold,513.2999267578125,513.3599853515625,513.4000244140625,513.0601196289062,30217,513.2999267578125,2025-10-02 15:52:00+00:00,513.1390014648438,512.8692199707032,512.2081161499024,512.0738031005859,513.1545349720407,512.9127189705337,512.7625552992153,512.5100545292784,512.4781934065987,73.30031370944106,63.76472662564771,56.29671856344726,0.12483003292726963,0.2597663015290739,0.40685527407825983,513.6599746465283,512.2081161499024,510.75625765327646,0.3731928183340451,0.4154874484093743,0.45640900376583043,515.9543248527609,513.2650622397335,512.924204522233,512.1024919439899,31415.0,31693.5,39033.1,71.22117484978601,0.43452556393492614,0.19466762513521962,0.23985793879970652,64.46178861788619,80.23535835256779,97.299046421924,56.88974553811368,513.2533569335938
hold,513.4600219726562,513.2420043945312,513.47998046875,513.22998046875,25620,513.4600219726562,2025-10-02 15:53:00+00:00,513.2630004882812,512.9755004882812,512.2991165161133,512.1122033691406,513.2563639722459,513.0221795709582,512.86985786436,512.596415205949,512.5509214485289,76.34417105027057,65.61108167907679,57.63820706496606,0.12089444753153604,0.20741821792575588,0.41165353640866265,513.8234769073064,512.2991165161133,510.77475612492015,0.35559384428632435,0.4036669163801333,0.4465800035865052,515.9484578817483,513.3427165372121,513.0395181821298,512.1669892672606,32881.8,30242.8,38679.95,83.79603183719479,0.4712581224292762,0.24998572459403096,0.22127239783524527,69.75407218141169,70.15338241303834,110.44963683257814,82.21925273256845,513.3899943033854
hold,513.6099853515625,513.4400024414062,513.6099853515625,513.2750244140625,31179,513.6099853515625,2025-10-02 15:54:00+00:00,513.4449951171875,513.0924987792969,512.4111114501953,512.1496032714844,513.3742377653515,513.139740727079,512.983723631622,512.6885579464594,512.6293706265315,78.96486923113767,67.29230411683629,58.8796475408951,0.17748646827880268,0.22831607692259132,0.3928810054861848,513.9746200913373,512.4111114501953,510.8476028090533,0.35264628617399235,0.3987593464601238,0.4412648099633383,515.9417830751762,513.4448398005055,513.1507982051131,512.264308804203,35991.8,30640.2,38375.3,83.3013915461146,0.5103701005475614,0.30206259978473704,0.20830750076282434,100.0,78.07195359976596,115.38148356788818,80.52016378068029,513.4983317057291
hold,513.9149780273438,513.5599975585938,513.9600219726562,513.5599975585938,53309,513.9149780273438,2025-10-02 15:55:00+00:00,513.53798828125,513.20849609375,512.5318603515625,512.1954809570312,513.554484519349,513.294788187132,513.126993538656,512.8000506810852,512.7246008043694,83.34330235768888,70.45580328474611,61.30145544139732,0.09055717387440987,0.2262236611023145,0.4053965505429803,514.1666496969027,512.5318603515625,510.89707100622235,0.3594145901580649,0.39884970843172207,0.43930098158710795,515.9319397366903,513.5849583090613,513.3017307296632,512.4127433616059,35356.4,33491.9,39186.9,82.93195753211042,0.5701873827625832,0.35568755638030625,0.21449982638227694,93.82994732881866,87.86133983674345,135.53463253777275,80.44726087156174,513.8116658528646
hold,514.030029296875,514.010009765625,514.1500244140625,513.9650268554688,25417,514.030029296875,2025-10-02 15:56:00+00:00,513.66298828125,513.3369995117188,512.6541122436523,512.2394818115234,513.712999445191,513.4418364090806,513.2659221168435,512.9118669188842,512.8212992112217,84.74110360507774,71.57276696523343,62.183628961789154,0.12173624416105895,0.25061857100990453,0.40237280919977686,514.3518589855056,512.6541122436523,510.95636550179904,0.3416477039524485,0.3871494711665098,0.42957457230766233,515.9275459416978,513.6927888003945,513.4159990623732,512.4970937584645,33148.4,32656.0,38969.65,82.36824618568949,0.6205371978588801,0.40865748467602103,0.21187971318285903,86.28627232142857,93.37207321674907,145.18444354869993,81.7515589174363,514.0483601888021
hold,514.1400146484375,514.0250244140625,514.1900024414062,513.9100952148438,38725,514.1400146484375,2025-10-02 15:57:00+00:00,513.831005859375,513.4850036621094,512.7916122436524,512.2836822509765,513.8553378462732,513.581472056952,513.4003978909349,513.02351671248,512.9189818362006,86.04701543726058,72.63775967257506,63.02958242583731,0.16366413607952338,0.28869847100175117,0.3401263305950746,514.5029601465455,512.7916122436524,511.08026434075913,0.33282763575388447,0.3794893108376519,0.422447555843607,515.9212762732317,513.8603063516493,513.5781122254012,512.6709256081741,34850.0,33132.5,37838.05,82.3187068006385,0.6624902207513514,0.45942403189108716,0.20306618886026429,92.06549118387909,90.72723694470876,130.9972672720516,72.30232245939052,514.0800374348959
hold,514.1400146484375,514.142822265625,514.1699829101562,513.9400024414062,26073,514.1400146484375,2025-10-02 15:58:00+00:00,513.9670043945313,513.6150024414062,512.937612915039,512.3270025634765,513.9502301136613,513.693180575249,513.5141850843968,513.1250165248398,513.0094287111812,86.04701543726058,72.63775967257506,63.02958242583731,0.13243342162624344,0.25348797381120164,0.33174853620558903,514.5847596687045,512.937612915039,511.2904661613736,0.31813518332475815,0.36881010783139107,0.4132824564581971,515.9170797094381,513.9607517945551,513.6611146285908,512.7972407014947,34940.6,33911.2,37221.25,82.27766154785056,0.6837518640678582,0.5042895983264414,0.17946226574141677,82.1412996075011,86.83102103760291,114.00533687535425,72.30232245939052,514.0833333333334
hold,514.1950073242188,514.1400146484375,514.280029296875,514.0999755859375,38039,514.1950073242188,2025-10-02 15:59:00+00:00,514.0840087890625,513.764501953125,513.0796127319336,512.3672027587891,514.0318225171804,513.793545925043,513.6189269674463,513.2222884156924,513.0972493491839,86.81496985525277,73.21955365680415,63.479928974394255,0.11390393281700052,0.29159256516339077,0.2808363502439835,514.6441315088147,513.0796127319336,511.51509395505246,0.298409258698007,0.35532750805325597,0.40217632571911627,515.911180885804,514.070065878476,513.7588398403221,513.0297003311701,36312.6,36152.2,35280.05,82.78807271023916,0.6962965758590371,0.5426909938329606,0.15360558202607655,77.0169938953968,83.741261562259,112.57913889159002,69.55764747543307,514.1916707356771
hold,514.344970703125,514.1950073242188,514.47998046875,514.1849975585938,30503,514.344970703125,2025-10-02 16:00:00+00:00,514.1700073242188,513.8539978027344,513.2168609619141,512.395902709961,514.1362052458287,513.9038308806594,513.7306260037046,513.3243504418226,513.1896731531796,88.77968862361689,74.79351789481245,64.71077648012812,0.08367000265915027,0.1743029457233489,0.31204119029417865,514.7184433608394,513.2168609619141,511.7152785629888,0.29791978033489885,0.35101717963204127,0.39707187735897975,515.9068905999465,514.1749620413053,513.8641128112797,513.182964893725,31751.4,33553.9,34508.9,82.66934280716345,0.714157727479801,0.5769843405623287,0.13717338691747227,74.99717418333898,78.05182256207895,112.51214118668956,71.61489145089838,514.3366495768229
hold,514.5316162109375,514.280029296875,514.5599975585938,514.1900024414062,54107,514.5316162109375,2025-10-02 16:01:00+00:00,514.2703247070312,513.9666564941406,513.3514419555664,512.4403155517579,514.268008900865,514.029387946715,513.8538552663558,513.4341018753785,513.2890763426432,90.77558207062806,76.63418397956423,66.19951095011146,0.09757930188409507,0.2194343354223463,0.36508468857555776,514.8173432345556,513.3514419555664,511.8855406765773,0.3082162570281276,0.3523727466002883,0.3957825078270045,515.9002404518868,514.2975633244492,514.0137590746966,513.4162969653106,37489.4,35318.9,34020.25,90.46201242211188,0.7403116040718487,0.6096497932642327,0.13066181080761596,93.83043651320153,81.94820153064578,107.0627831318753,72.24120765277291,514.4272054036459
hold,514.4650268554688,514.43798828125,514.5355834960938,514.4000244140625,15337,514.4650268554688,2025-10-02 16:02:00+00:00,514.3353271484375,514.0831665039062,513.4761932373046,512.505816040039,514.3336815523996,514.1165157284659,513.9478816646808,513.527822328114,513.3761837880377,84.51787712167864,74.542768851607,65.1696067938505,0.06321472707264172,0.22698232298910356,0.3168629426146501,514.8736743984051,513.4761932373046,512.0787120762042,0.28355094631428795,0.3368860562739284,0.3833909161224448,515.8982759583672,514.3504068786206,514.0979748805811,513.5302338428561,32811.8,33830.9,32762.2,90.40416470387044,0.7403319404281774,0.6357862226970217,0.10454571773115573,74.67447916666667,81.16736328773572,100.45888635022526,71.74317957707899,514.4668782552084
hold,514.2000122070312,514.5,514.5,514.0900268554688,24775,514.2000122070312,2025-10-02 16:03:00+00:00,514.3473266601562,514.1571655273438,513.5663330078125,512.5591180419922,514.2891251039435,514.133215024179,513.9866709788886,513.5889304989246,513.4372081153706,64.02483738505518,66.73670305750271,61.191404884473876,0.011669497974160907,0.14411837391585813,0.2925687466912506,514.9051375608033,513.5663330078125,512.2275284548218,0.3016112603452825,0.3421065625780228,0.38465673652286414,515.8945292211017,514.3612173837719,514.1538988554757,513.6272163554935,32552.2,33746.4,31994.6,88.69378121534685,0.6960069088083856,0.6478303599192945,0.048176548889091064,23.4025974025974,63.96917102748853,62.76719004265193,50.76826893019454,514.2633463541666
hold,514.1300048828125,514.219970703125,514.3250122070312,514.030029296875,18851,514.1300048828125,2025-10-02 16:04:00+00:00,514.334326171875,514.2091674804688,513.6508331298828,512.6145184326172,514.2360850302332,514.1325729959058,514.008722348723,513.638119079278,513.4885263944403,59.57311093239847,64.80606604303784,60.172571446622115,-0.012641593263324624,0.10124794028177825,0.13243600343066428,514.9052882451253,513.6508331298828,512.3963780146403,0.30066435317542073,0.338740587405039,0.3803865543149301,515.8915721072096,514.3748959835069,514.2046722360299,513.6933663275636,28714.6,32513.6,31576.9,83.54377550013861,0.6440466014654476,0.6470736082285252,-0.0030270067630776554,19.77544367982615,39.28417341636341,38.81757835557429,31.799531957572253,514.1616821289062
hold,514.10498046875,514.0908813476562,514.125,513.75,37023,514.10498046875,2025-10-02 16:05:00+00:00,514.286328125,514.2281677246094,513.7183319091797,512.6685180664062,514.1923835097389,514.1270544904746,514.0235312902656,513.6805610237755,513.534189659204,57.89437049953842,64.09231466626055,59.79887795101485,-0.04665939166216132,0.036971571082744466,0.13633508281631093,514.9167398558999,513.7183319091797,512.5199239624595,0.31199871455214634,0.3416880370770005,0.38036837948148106,515.8857110517665,514.3143983502039,514.2427244305283,513.7531751212263,30018.6,30885.0,32188.45,75.3235711331401,0.5928648312706173,0.6362318528369437,-0.043367021566326436,47.330729166666664,30.169590083030073,-1.6097927132223286,8.322217711535114,513.9933268229166
hold,514.4749755859375,514.1163940429688,514.5399780273438,514.1163940429688,33642,514.4749755859375,2025-10-02 16:06:00+00:00,514.275,514.2726623535157,513.8048309326172,512.7087170410156,514.2865808684718,514.1966387095672,514.0929842588305,513.7527805294266,513.6038775056287,71.6667403599258,69.44981181307128,63.3339811700333,-0.0110081913755091,0.08656036879229168,0.22892051349919962,514.9586412771391,513.8048309326172,512.6510205880952,0.32956997798666116,0.34835300289962545,0.3829697689630177,515.8815181603627,514.2654053284326,514.2844163506808,513.8438089417149,25925.6,31707.5,32181.75,82.17963003131077,0.592761203938494,0.6275377230572537,-0.034776519118759786,91.77161399984547,52.95926228211275,83.21365943375716,37.61309314824317,514.3771158854166
hold,514.369873046875,514.4500122070312,514.4959716796875,514.1799926757812,39848,514.369873046875,2025-10-02 16:07:00+00:00,514.2559692382813,514.2956481933594,513.8903259277344,512.7508142089844,514.3143449279396,514.2312855770288,514.1355825339142,513.8088798491946,513.6606179160914,64.65778432813286,66.41826711083112,61.71529285186858,-0.018495680683165667,0.04470735439541197,0.1771999835007998,514.9409235583972,513.8903259277344,512.8397282970715,0.3276284102608881,0.3460405744000986,0.3797797325317431,515.8762152243304,514.2725497518708,514.312691934906,513.9379790729263,30827.8,31819.8,32476.15,74.18540759286931,0.5706676609373744,0.6161637106332779,-0.045496049695903484,78.46712508691957,72.52315608447724,67.45343027806639,35.32491530643671,514.3486124674479
hold,514.22998046875,514.405029296875,514.47998046875,514.1699829101562,23022,514.22998046875,2025-10-02 16:08:00+00:00,514.261962890625,514.3046447753907,513.9598236083984,512.7770141601562,514.2862234415431,514.2310245553731,514.1501052931196,513.8471617236996,513.702792919992,56.133020573476486,62.50725229303932,59.58691793654113,0.005828133218068448,0.01749831130611717,0.12071321330778209,514.9015683106876,513.9598236083984,513.0180789061093,0.3251097171655827,0.34346607327107376,0.3764567718680291,515.872885444566,514.2779117118763,514.320935806865,513.9789408485886,30477.2,31514.7,32712.95,68.70864498697128,0.5282316353810756,0.5985772955828375,-0.0703456602017618,26.81556195965418,65.68476701547307,38.05192955803181,30.58576042191342,514.2933146158854
hold,514.2999877929688,514.2100219726562,514.2999877929688,514.0499877929688,24390,514.2999877929688,2025-10-02 16:09:00+00:00,514.2959594726562,514.3151428222657,514.0398223876953,512.8060144042969,514.290811558685,514.2448172028922,514.1731641392503,513.8883277299968,513.7470295772496,59.268389905592066,63.660478783738945,60.30622747253358,0.03306224272885898,0.020416469871284842,0.074917015865709,514.7928172393534,514.0398223876953,513.2868275360371,0.3143797575704994,0.3367899251802828,0.3704350208266944,515.8695221622462,514.2989763137602,514.335129172965,514.0208984225869,31585.0,30149.8,33151.0,60.93099129257967,0.49778762564267254,0.5784193615948046,-0.08063173595213202,56.05583686875599,53.77950797177658,-9.782002208555703,8.745247148288975,514.2166544596354
hold,514.1201171875,514.3400268554688,514.3400268554688,514.1201171875,21400,514.1201171875,2025-10-02 16:10:00+00:00,514.2989868164062,514.2926574707031,514.0733276367188,512.8302172851562,514.2339134349568,514.2198771998138,514.1650030697502,513.9093994988607,513.7746656965273,48.810823768466804,58.667430038144076,57.543147376114156,0.0029442855691066564,-0.04371647987879001,0.017525803064118318,514.7763390739709,514.0733276367188,513.3703161994666,0.3008840304845352,0.328441335379459,0.363267146881078,515.8662461828823,514.3225509850076,514.3183660522434,514.0756340482116,28460.4,29239.5,31396.7,55.53697751404833,0.44521150328648673,0.5517777899331411,-0.10656628664665435,16.30943931866572,33.06027938235863,-30.356283818070665,0.5994550408719308,514.1934204101562
hold,514.27001953125,514.1199951171875,514.2999877929688,514.0700073242188,16706,514.27001953125,2025-10-02 16:11:00+00:00,514.2579956054688,514.2664978027344,514.1165771484375,512.8615795898437,514.2459488003879,514.2299056661011,514.1811594484425,513.9421831381687,513.8113585731735,56.30662554915451,61.38560875675408,59.17975454961345,-0.03983790551796514,-0.050841711460594824,0.025285890829056697,514.75309580953,514.1165771484375,513.480058487345,0.29075495023674447,0.3214084163344976,0.3569201622081695,515.8639161092668,514.2746475750643,514.2699492137446,514.1211723833823,25073.2,25499.4,30409.15,53.11326154909925,0.4185470929276107,0.525131650532035,-0.10658455760442431,75.86279461279462,49.40935693340544,-26.481014304932806,0.8890184362019935,514.2133382161459
hold,514.3099975585938,514.22998046875,514.3099975585938,514.1500244140625,14227,514.3099975585938,2025-10-02 16:12:00+00:00,514.2460205078125,514.2509948730469,514.1670806884765,512.8865795898438,514.2672983864566,514.2459240445996,514.2009806961581,513.9756208127528,513.8482947943157,58.21061970470192,62.10143236175457,59.61567944425692,-0.011640551171198452,-0.030134078855189737,0.03306159904174784,514.6857831991746,514.1670806884765,513.6483781777785,0.27207183513595956,0.3098773254914085,0.34754173279498285,515.8619867875996,514.2416472203092,514.2604088804075,514.1676133153683,19949.0,25388.4,29609.65,51.69700051530078,0.3976292502838987,0.4996311704824078,-0.10200192019850907,88.87884267631102,60.35035886925712,-7.546189393739036,1.4777254617892033,514.2566731770834
hold,514.260009765625,514.2999877929688,514.469970703125,514.239990234375,15500,514.260009765625,2025-10-02 16:13:00+00:00,514.2520263671875,514.2569946289062,514.207080078125,512.9257800292969,514.2648688461794,514.2487411888047,514.2100620914607,514.001474353923,513.8787921995979,54.73144430015101,60.588993437750936,58.7913863495949,0.005839662799828703,0.011668136361224612,0.012641593263324624,514.6125344492544,514.207080078125,513.8016257069957,0.2660587827951082,0.30417040715273647,0.3419435773642694,515.85982275412,514.2476458476234,514.2665008120362,514.2012184390886,18444.6,24460.9,29103.65,48.75028222384072,0.3699489892068186,0.47369473422728997,-0.10374574502047135,47.50495956050664,70.74886561653743,34.256953755154,4.312649500492478,514.3233235677084
hold,514.239990234375,514.2000122070312,514.2651977539062,514.0900268554688,19158,514.239990234375,2025-10-02 16:14:00+00:00,514.2400268554687,514.2679931640625,514.2385803222656,512.966279296875,514.256575975578,514.2469909979188,514.2146664211398,514.0231576157822,513.9055476095814,53.24453035683536,59.959187726432894,58.451529299878025,-0.011665868173790818,0.021392517557416117,-0.020410517207252662,514.5374722403956,514.2385803222656,513.9396884041357,0.2530747993154499,0.29495615653021956,0.3340020212248994,515.8571227044034,514.2312845425965,514.2749330709125,514.2348589604622,17398.2,24491.6,28502.6,41.774374791407496,0.3414433883374386,0.4472444650493197,-0.1058010767118811,39.46987951807229,58.61789391829666,-50.04863346808828,16.324386975261685,514.1984049479166
hold,514.1199951171875,514.1799926757812,514.364990234375,514.1199951171875,23330,514.1199951171875,2025-10-02 16:15:00+00:00,514.2400024414062,514.2694946289063,514.2488311767578,513.0236791992188,514.2110490227813,514.2215918217726,514.2001016051471,514.0319610250009,513.9214326101447,44.74409592164092,56.18903630047125,56.39962196684894,-2.3743539382933903e-05,0.0029205413306461186,-0.07999918387546699,514.5148854189135,514.2488311767578,513.982776934602,0.2519205590114571,0.29138751086288245,0.3297635972231185,515.8536037205764,514.2288396657315,514.2865125968656,514.2614715835706,17784.2,23122.3,27003.65,36.29395447675717,0.3001592116278289,0.4178274143650216,-0.1176682027371927,7.887550200803213,31.620796426460714,-39.654898078221386,14.975119034833345,514.20166015625
hold,513.9000244140625,514.1849975585938,514.1849975585938,513.8300170898438,48425,513.9000244140625,2025-10-02 16:16:00+00:00,514.1660034179688,514.2119995117188,514.2423309326172,513.0806799316406,514.1073741532084,514.1572783402306,514.1539358834417,514.0199667876428,513.9198468178423,33.355276150809644,49.98430901387952,52.82991670781877,-0.07194569061691472,-0.11175493447862764,-0.10982329447342179,514.5345196149542,514.2423309326172,513.9501422502801,0.2666434032598204,0.29592986499767654,0.3309644006291605,515.8454237975302,514.0911504300267,514.1846615764409,514.2408342142002,24128.0,24600.6,28154.05,28.704853820189058,0.2374315223883059,0.38174823596967844,-0.14431671358137255,13.086138049058757,20.14785592264475,-198.39682680634655,27.334475584383807,513.9716796875
hold,513.75,514.0,514.02001953125,513.6400146484375,19057,513.75,2025-10-02 16:17:00+00:00,514.05400390625,514.1500122070313,514.2228302001953,513.1236798095703,513.9882494354723,514.0758226721846,514.0917919013738,513.9954243524026,513.9072655720762,27.73761021374888,46.23442084805743,50.539202316233016,-0.10888327297778247,-0.12051114953587307,-0.08751695767172843,514.5837143046756,514.2228302001953,513.861946095715,0.2828379003387746,0.3019352234130211,0.33329966168551,515.8419766496957,514.0145198263514,514.115111802509,514.230805764502,25094.0,22521.5,27170.65,29.16921506595274,0.1685571001083872,0.3391100087974202,-0.170552908689033,15.170904192625022,12.048197480828998,-221.27462281667766,22.68376847451006,513.8033447265625
hold,513.6472778320312,513.719970703125,513.8419799804688,513.64501953125,24602,513.6472778320312,2025-10-02 16:18:00+00:00,513.9314575195312,514.0917419433594,514.198193359375,513.1639251708984,513.8745922343253,513.9901137041539,514.0234051214749,513.9637746687324,513.8880072209618,24.44840528421925,43.81086320316547,49.01135735863322,-0.11914827557231289,-0.11331557063000942,-0.09389202073340959,514.6371578952334,514.198193359375,513.7592288235165,0.27056969303591394,0.29443702525628745,0.3268073182347119,515.8373255302694,513.9191063554733,514.0527023235703,514.2086839185747,26914.4,22679.5,27097.1,28.705389526302625,0.10210648319218762,0.29170930367637365,-0.18960282048418603,1.3327360286706238,9.863259423451467,-182.66425344997208,20.127795527156547,513.71142578125
hold,513.9282836914062,513.8300170898438,513.9459838867188,513.7672119140625,14227,513.9282836914062,2025-10-02 16:19:00+00:00,513.8691162109375,514.0545715332031,514.1848571777343,513.2117907714844,513.8924893866856,513.9777477016044,514.0087710553105,513.9605482162482,513.8909906632169,45.19130063746858,51.32725866487962,53.08517427885642,-0.06061499472778918,-0.0722737916362015,-0.03436978517162811,514.6393312302247,514.1848571777343,513.730383125244,0.2745891732718548,0.2947419559299455,0.32546916282770183,515.8349887977188,513.8726941294516,514.016690116332,514.2019886682336,25928.2,21663.2,25906.5,34.85654831601306,0.0867570383874181,0.25071885061858257,-0.16396181223116446,75.85929971088981,30.787646644061823,-101.61286680990594,1.1433466165133463,513.8804931640625
hold,513.7249755859375,513.8699951171875,513.8800048828125,513.594970703125,20988,513.7249755859375,2025-10-02 16:20:00+00:00,513.7901123046875,514.0150573730468,514.153857421875,513.2520904541016,513.836651453103,513.927193278471,513.9651102138685,513.9391325225836,513.8786932500851,36.68882094631828,46.48251422146975,50.04751412503672,-0.07683411168631168,-0.07685783698255705,-0.14577968523071938,514.6436264209202,514.153857421875,513.6640884228299,0.28297828970176836,0.2974970296693244,0.32584267832548985,515.8311855645519,513.8030168434151,513.9781375130257,514.1737297069731,25459.8,21622.0,25430.75,25.85689974966097,0.04850002838588807,0.21027508617204366,-0.16177505778615558,37.03703703703704,38.07635759219916,-122.65693596648035,40.71871994404127,513.7333170572916
hold,513.739990234375,513.6900024414062,513.9600219726562,513.6900024414062,18157,513.739990234375,2025-10-02 16:21:00+00:00,513.75810546875,513.9620544433594,514.1142761230469,513.2940899658203,513.8044310468604,513.8897526696519,513.9304763708694,513.921028678201,513.8684189526251,37.698758971875584,46.881277887458744,50.26818753079334,-0.03114111151677166,-0.10306439744593986,-0.12245717440037517,514.6034834664026,514.1142761230469,513.6250687796912,0.28112703849437287,0.29553435121080124,0.32318443322665696,515.8279297569692,513.7428096338745,513.9358708760601,514.1160999423957,19406.2,21767.1,23633.25,33.69530862516872,0.021333717026777776,0.1724868123429905,-0.1511530953162127,39.72579836147801,50.87404503646829,-84.0778145862524,33.090758734752946,513.7966715494791
hold,513.860107421875,513.7999877929688,513.938720703125,513.7999877929688,14369,513.860107421875,2025-10-02 16:22:00+00:00,513.780126953125,513.9170654296875,514.0840301513672,513.333491821289,513.822989838532,513.8838236200966,513.9196503787165,513.9154903821714,513.8678032836807,45.77243313043407,50.085490709292095,52.0476232967111,0.021432101581508513,-0.08747450736994383,-0.07192755399789012,514.5572950666672,514.0840301513672,513.6107652360672,0.26935609995946247,0.28861978817788686,0.31725805396586376,515.8255081832145,513.7595778253835,513.9064357854752,514.0969566181999,18468.6,21781.3,23584.85,39.5642105767714,0.016020336415863312,0.14119351715756506,-0.12517318074170175,72.62999498411637,49.797610127543805,-52.55064885454854,32.63394529786437,513.8662719726562
hold,514.010009765625,513.9500122070312,514.010009765625,513.9199829101562,20487,514.010009765625,2025-10-02 16:23:00+00:00,513.8526733398437,513.8920654296875,514.0745300292969,513.3808917236328,513.8853298142296,513.9090608492022,513.9335518228562,513.9240830533944,513.878337097158,54.379990892857364,53.82861772042059,54.19521371072354,0.0706188758801069,-0.04861354086504568,-0.05638305157037658,514.545724370127,514.0745300292969,513.6033356884667,0.252291277643825,0.2787113992901807,0.309288734431775,515.8223283950184,513.8490437953271,513.8913618332265,514.0876831930369,17645.6,22280.0,23370.45,47.14589440722949,0.030723752044195862,0.11909956413489123,-0.08837581209069537,100.0,70.78526444853146,-10.267579657436936,20.260086982732638,513.9800008138021
hold,513.8900146484375,513.9849853515625,514.0700073242188,513.8800048828125,32865,513.8900146484375,2025-10-02 16:24:00+00:00,513.84501953125,513.8570678710937,514.0625305175781,513.4312902832031,513.8868914256323,513.9052516090493,513.9268537960226,513.920985925671,513.8792021009565,47.359480343342824,50.56006696877758,52.22914502464273,-0.007446378061521335,-0.0680568591676411,-0.04475657173683041,514.5396487911588,514.0625305175781,513.5854122439974,0.24339287246702854,0.2723750451556142,0.3036084347638929,515.8169144142186,513.8510945980703,513.8629343526983,514.072531895961,21373.2,23650.7,24071.15,45.35836161928436,0.026049508092796714,0.10048955292647234,-0.07444004483367563,33.340867992766725,68.6569543256277,-16.998059764876217,18.590233545647553,513.9466756184896
hold,513.7000122070312,513.85498046875,513.8599853515625,513.6099853515625,20989,513.7000122070312,2025-10-02 16:25:00+00:00,513.8400268554688,513.8150695800781,514.0422821044922,513.4752905273438,513.8245983527653,513.8642037286456,513.8919550900239,513.9008974057946,513.8659287754806,38.23966505656924,45.81611230111369,49.25815753823871,-0.004859288547880626,-0.08168966664300227,-0.11083813999857581,514.5442037711695,514.0422821044922,513.5403604378149,0.24862664738245302,0.27292177742128465,0.30248561867394563,515.8131332846411,513.8461905352738,513.82272014333,514.0531499181718,21373.4,23416.6,23269.45,39.27141452969488,-0.0017250468349629955,0.08004663297418528,-0.08177167980914828,19.570120737694044,50.97032957682026,-91.36785799933968,29.392700622398994,513.7233276367188
hold,513.89501953125,513.655029296875,513.89501953125,513.655029296875,11986,513.89501953125,2025-10-02 16:26:00+00:00,513.8710327148438,513.8145690917969,514.0132843017578,513.5214910888672,513.8480720789269,513.8703668891665,513.8924265425202,513.9003630535633,513.8680836462784,49.81192506655878,50.90737567206511,52.18902733801198,0.030176606809268165,-0.0009739020382819513,-0.08068636217721449,514.4774549519985,514.0132843017578,513.5491136515171,0.24739287409567404,0.27056952434655007,0.29950964799304347,515.8111787881625,513.871152233943,513.8081703911636,514.0168974647086,20139.2,19772.7,22186.65,38.82160446794537,0.0022832428880974476,0.0644939549569677,-0.06221071206887026,61.96099243730927,38.29066038925668,-47.96848570366846,27.46798244022785,513.8150227864584
hold,513.719970703125,513.905029296875,513.905029296875,513.719970703125,12926,513.719970703125,2025-10-02 16:27:00+00:00,513.8430053710938,513.8115661621093,513.9807891845703,513.5680902099609,513.8053716203262,513.8402876519582,513.865894874921,513.883963748978,513.8571123171558,41.640787083755434,46.66830733032099,49.494486914224034,-0.027271375365776136,-0.005845118613138686,-0.10501284413425883,514.4313511989263,513.9807891845703,513.5302271702143,0.2384879769034349,0.2644616007325108,0.2940595977909938,515.8088833231118,513.8530624073105,513.8080058990907,513.9739440725995,19850.6,19159.6,20840.55,34.010936640890904,-0.016824665197646027,0.04823023092604496,-0.06505489612369099,37.27761688043029,39.602910018477864,-56.43788799385695,39.94264319286226,513.7816569010416
hold,513.6300048828125,513.7000732421875,513.7999877929688,513.5800170898438,16389,513.6300048828125,2025-10-02 16:28:00+00:00,513.7670043945312,513.8098388671875,513.9507904052734,513.6162902832032,513.746916041155,513.7982310981291,513.8296041069043,513.8608765793266,513.8402895442415,37.91181665170117,44.61219733891678,48.152849598534964,-0.07392947133184667,-0.003362803613338424,-0.11861880895036715,514.4107872398203,513.9507904052734,513.4907935707266,0.2358426520779442,0.26128367947483144,0.29053155518785123,515.8058550800492,513.7808531666108,513.8136605849123,513.9458311818701,19031.0,18338.3,20508.9,34.32824115449861,-0.04205844611237808,0.030172495518360355,-0.07223094163073843,15.380281690140846,38.206297002626805,-110.48739189422292,39.54775078181382,513.6700032552084
hold,513.8599853515625,513.610107421875,513.8800048828125,513.610107421875,21288,513.8599853515625,2025-10-02 16:29:00+00:00,513.7609985351562,513.8030090332031,513.9287902832032,513.6663897705079,513.7846058112909,513.8105819488159,513.834278144544,513.8607955586208,513.841748492932,50.99873759524084,50.60346686669456,51.66929699094932,-0.005843526050130327,-0.013289468980609846,-0.05057375089364768,514.3611355326855,513.9287902832032,513.4964450337209,0.24070762477216645,0.26189894957930776,0.28954897927116785,515.802348606322,513.7580837039892,513.8102759610667,513.9201225530629,16715.6,19044.4,20353.8,33.872192276628994,-0.031166544116103978,0.01790468759146749,-0.04907123170757147,86.14084507042253,46.26624788033123,-30.008684309543053,41.38435291250304,513.7833658854166
hold,513.9498901367188,513.8648071289062,513.9586181640625,513.7899780273438,15130,513.9498901367188,2025-10-02 16:30:00+00:00,513.8109741210938,513.8255004882812,513.920278930664,513.7133874511719,513.8397005864335,513.8384435863965,513.8520646048785,513.8688950657206,513.8497589850643,55.296195700484006,52.75494822133322,52.978352978590195,0.04864277277587337,0.04378112053530588,0.009703389820443345,514.3438358762614,513.920278930664,513.4967219850666,0.2304122693359641,0.25523760580355365,0.28379141534010033,515.7999791237878,513.8111066967818,513.8314186628471,513.9105680512934,15543.8,18458.6,20040.3,43.8981199312973,-0.011315398667875343,0.012060670339598923,-0.023376069007474264,97.69466387231985,66.40526354429441,79.16295756016663,19.61238477901205,513.8994954427084
hold,513.8825073242188,513.9500122070312,514.0,513.8825073242188,17306,513.8825073242188,2025-10-02 16:31:00+00:00,513.8084716796875,513.8397521972656,513.9009033203125,513.7542376708984,513.8539694990286,513.847256333961,513.8567481001617,513.8701325437659,513.8521847879647,51.35776157569283,50.96331224893167,51.87267320693111,-0.0024347788080653176,0.027741093267575262,0.025792179896593673,514.2929753422279,513.9009033203125,513.5088312983971,0.2142808988281478,0.24539868223053193,0.27587242774205983,515.797177841645,513.8138750348458,513.8452658141763,513.8943983493783,16607.8,18373.5,20070.3,50.805083687123194,-0.004928454003675142,0.00866284547094411,-0.013591299474619253,69.86537257357546,84.56696050543927,82.67974025210178,1.912393162393163,513.9216715494791
hold,514.194091796875,513.9199829101562,514.25,513.9199829101562,35032,514.194091796875,2025-10-02 16:32:00+00:00,513.9032958984375,513.8731506347656,513.8951080322265,513.7987194824219,513.9673435983108,513.9166234265438,513.9086471304253,513.8995833849576,513.8775112330692,64.85995012831137,58.056795348658305,56.300802985163585,0.09229173884384399,0.06499519425153615,0.10645709389363583,514.2656568229568,513.8951080322265,513.5245592414963,0.23616829553573382,0.25411968176986893,0.280235296696307,515.7924510061529,513.9520990207626,513.9040081343794,513.9052605270648,21029.0,20439.8,21110.55,61.732378049679056,0.039112193474579726,0.014752715071671234,0.02435947840290849,87.84662332493035,85.13555325694189,191.96904175124968,16.383239831697058,514.1213582356771
hold,514.469970703125,514.260009765625,514.5,514.2000122070312,25569,514.469970703125,2025-10-02 16:33:00+00:00,514.0712890625,513.9191467285157,513.9056060791015,513.8401745605469,514.1348859665823,514.02729288186,513.9950046031483,513.9514367775183,513.92139711974,72.6905221865064,63.14085913615062,59.744214253375965,0.16353519310152895,0.0894848210659808,0.1054012843636393,514.325520753089,513.9056060791015,513.485691405114,0.24613113947705756,0.25781886186666403,0.28145781605005427,515.789611008136,514.11409562582,513.9627222908665,513.92594263425,22865.0,20948.0,21614.0,63.26676198593698,0.10589576211998519,0.03298132448133403,0.07291443763865116,95.13689829000693,84.28296472950423,251.3203140745274,24.31767692795938,514.3899943033854
hold,514.6500244140625,514.52001953125,514.6500244140625,514.469970703125,31920,514.6500244140625,2025-10-02 16:34:00+00:00,514.229296875,513.9951477050781,513.9261077880859,513.884375,514.3065987824091,514.1518391883005,514.0957768817506,514.0149447444769,513.975369511912,76.6521087454143,66.03456771732516,61.806630378677916,0.15374597848078925,0.14789346824435537,0.18006693699676957,514.4390563546796,513.9261077880859,513.4131592214923,0.23669150682854934,0.2522642082288666,0.27662904913993264,515.7865640775497,514.2942883836415,514.0793848196547,513.9643573602499,24991.4,20853.5,22252.1,71.76162911170096,0.17646967638847855,0.06167899486276293,0.11479068152571562,100.0,94.32784053831243,232.7134576701445,45.92658187087424,514.5900065104166
hold,514.885009765625,514.6500244140625,514.969970703125,514.610107421875,36666,514.885009765625,2025-10-02 16:35:00+00:00,514.4163208007812,514.1136474609375,513.9643585205079,513.9269750976563,514.4994024434811,514.2984733037654,514.2171973254235,514.0940415645813,514.0427502714464,80.87605786015186,69.40988141212402,64.3121423286109,0.18194762696758113,0.2306789041142114,0.2228791904495554,514.622874958477,513.9643585205079,513.3058420825387,0.2542874746030423,0.25994985630180467,0.2805925840023168,515.7838036523075,514.4777110432071,514.2466448058967,514.0300795638158,29298.6,22421.2,22918.9,73.43746766739262,0.25572303231899696,0.10048780235400975,0.1552352299649872,88.96551724137932,94.70080517712874,203.40238452118993,53.313640312771504,514.8216959635416
hold,514.8825073242188,514.9299926757812,514.9400024414062,514.8300170898438,33851,514.8825073242188,2025-10-02 16:36:00+00:00,514.6163208007813,514.2123962402344,514.0134826660156,513.9697253417969,514.6271040703937,514.415280107856,514.3195527098536,514.1657202700029,514.1049544975776,80.69467934891912,69.33086606885809,64.2650016910191,0.1945970111352866,0.19215749432043305,0.1989646379582387,514.7827438973857,514.0134826660156,513.2442214346456,0.23367288559725052,0.2492381059632829,0.2724684300766112,515.7812630672324,514.6249365640632,514.3512428083498,514.1092889732492,32607.6,24607.7,22190.2,74.99861963733622,0.3103256102783689,0.14245536393888159,0.16787024633948733,82.50732421875,90.49094715337644,157.89443082941654,53.313640312771504,514.8841756184896
hold,514.5900268554688,514.9099731445312,514.9099731445312,514.3499755859375,27642,514.5900268554688,2025-10-02 16:37:00+00:00,514.6955078125,514.2994018554688,514.0554840087891,514.0083264160156,514.614744998752,514.4502294573786,514.3611641168714,514.2042935959544,514.1408857833474,61.79684946334119,60.641681891699605,58.961157830842204,0.07700109062127429,0.1693638951105814,0.11284159429273032,514.8537962336299,514.0554840087891,513.2571717839484,0.28029069602532186,0.271435209722602,0.2861602933393321,515.7785273986358,514.7157079181388,514.4078405385902,514.1537982926701,31129.6,26079.3,22619.45,67.38130527575606,0.3093436740311972,0.17583302595734474,0.1335106480738525,38.7182516243355,70.0636976948216,85.46537931630318,17.78304014433919,514.6166585286459
hold,514.4749755859375,514.6160278320312,514.6500244140625,514.4550170898438,14553,514.4749755859375,2025-10-02 16:38:00+00:00,514.6965087890625,514.3838989257813,514.0968688964844,514.041025390625,514.5681551944806,514.4551786830904,514.3786735736508,514.2289010495892,514.1656331761318,55.79975784008956,57.58439352956965,57.017550159188104,0.0009728231184533157,0.16450960712814758,0.11382998712286393,514.892054253947,514.0968688964844,513.3016835390217,0.2681073571958116,0.2659760750437554,0.2818196757621615,515.7769532266079,514.7349282650895,514.4608414804709,514.1925366150501,28926.4,25895.7,22117.0,71.21620492627437,0.28954550695857506,0.1985755221575908,0.09096998480098425,21.18547636288404,47.47035073532317,58.771916790491154,15.439705413320198,514.5266723632812
hold,514.75,514.4882202148438,514.760009765625,514.468994140625,25359,514.75,2025-10-02 16:39:00+00:00,514.71650390625,514.472900390625,514.1379547119141,514.0820251464844,514.6287701296537,514.5141429464724,514.435800716166,514.2762736814448,514.2089196075294,65.21434290149463,62.456973358840514,60.302123821049165,0.019425936305224864,0.17320178138186562,0.2043970737819613,514.9777162430684,514.1379547119141,513.2981931807598,0.27137996688212424,0.2677646143263443,0.28225757810682045,515.7747967674651,514.7573249671514,514.5373496703554,514.2320015441386,27614.2,26302.8,22673.6,78.04406790793217,0.3052233389429375,0.21990508551466015,0.08531825342827737,71.433242506812,43.778990164677175,69.79130421907877,36.24752879153983,514.65966796875
hold,513.9949951171875,514.719970703125,514.72412109375,513.9949951171875,28677,513.9949951171875,2025-10-02 16:40:00+00:00,514.5385009765625,514.4774108886719,514.1514556884765,514.0929248046875,514.417511792165,514.4103133806154,514.3679844701693,514.2507029028759,514.1930733489855,38.767652153150024,46.62281539585448,49.417027615477494,-0.17285697418975812,0.008776143615236763,0.01945447652493166,514.9727031914745,514.1514556884765,513.3302081854786,0.34046924058646366,0.30256749064678395,0.3047693545213766,515.7705804460421,514.5532765674631,514.5132519074438,514.2403388222368,26016.4,27657.5,23058.05,70.73956578437773,0.21724003162989902,0.21937207473770795,-0.0021320431078089286,0.0,30.87290628989868,-7.515713434003057,8.22089659233467,514.238037109375
hold,513.9901733398438,514.0449829101562,514.1981201171875,513.9600219726562,23003,513.9901733398438,2025-10-02 16:41:00+00:00,514.3600341796875,514.4881774902344,514.16396484375,514.1046276855469,514.2750656413913,514.3262853724611,514.3098596808884,514.2270183971457,514.1780437186787,38.65086592729669,46.5416636221362,49.35728316090588,-0.17330827357339257,0.020951484841470067,0.052597261568189675,514.9671853492963,514.16396484375,513.3607443382037,0.32584479829286167,0.2979625373528173,0.30159453499803723,515.7672036276931,514.3511710112302,514.5092957568755,514.2474852228667,23846.8,28227.2,23300.35,68.71655863319963,0.1482416537824065,0.20514599054664767,-0.05690433676424117,3.768978408484016,25.067406971765337,-48.279424216747294,6.2683693118475645,514.0494384765625
hold,513.8599853515625,513.9901123046875,514.1799926757812,513.8300170898438,27137,513.8599853515625,2025-10-02 16:42:00+00:00,514.2140258789062,514.4547668457031,514.1639587402344,514.1158288574219,514.1367055447818,514.2330253682815,514.2406482456075,514.1936517566381,514.1544838396331,35.30105452581134,44.29960078083533,47.721636932002106,-0.14186856833727451,-0.06497671806086873,0.0447755128329139,514.9671884833026,514.1639587402344,513.3607289971662,0.32929205367066716,0.30167775510886613,0.3038983945665831,515.7629457274667,514.1832949363636,514.4853210383596,514.2371476898186,23745.8,27437.7,23938.75,66.68258838906328,0.07854152864831576,0.17982509816698128,-0.10128356951866552,3.3517646255717115,2.3735810113519094,-74.73294013476645,6.709070092863505,513.9566650390625
hold,513.9099731445312,513.8099975585938,513.9099731445312,513.739990234375,12009,513.9099731445312,2025-10-02 16:43:00+00:00,514.101025390625,514.3987670898438,514.1589569091797,514.1248278808594,514.0611280780316,514.1684149235314,514.1897751531343,514.1678627919011,514.1363719362923,37.71905379951655,45.38746807259346,48.41088969232959,-0.10982117075038812,-0.10884941599767282,0.009727901450538194,514.9671893176502,514.1589569091797,513.3507245007091,0.306533604597179,0.29227098046939354,0.2975214667375196,515.7611168684409,514.1185090355041,514.4603347064282,514.2386878560084,23237.0,26081.7,23514.85,62.41983855751874,0.03204298723903776,0.1502686759813926,-0.11822568874235484,37.10365041300293,14.741464482352887,-98.6384478427557,0.37751146469380786,513.8533121744791
hold,514.02001953125,513.9000244140625,514.0421752929688,513.9000244140625,15378,514.02001953125,2025-10-02 16:44:00+00:00,513.955029296875,514.3357666015625,514.1654571533203,514.1330285644531,514.0474252291044,514.1387358450752,514.1636589036136,514.1544224954783,514.1277532396225,43.17370425882576,47.80431274638518,49.93662017598169,-0.14181262141816417,-0.12241423354244875,0.013645181344935104,514.9669965126042,514.1654571533203,513.3639177940364,0.2830503580699034,0.2815481160720262,0.290122867316983,515.7589191160963,513.9534629829536,514.4078280551885,514.2565683433402,21240.8,24427.5,22640.5,62.446412151780876,0.010982605452682037,0.12241146187565048,-0.11142885642296844,63.64266888611458,34.69936130822974,-73.27203200981768,1.8068257863038166,513.9874064127604
hold,514.260009765625,514.02001953125,514.3049926757812,513.97998046875,19928,514.260009765625,2025-10-02 16:45:00+00:00,514.0080322265625,514.2732666015625,514.19345703125,514.1399291992187,514.118286741278,514.1629906291852,514.1784821131538,514.164021338219,514.1375500193263,53.528918246825405,52.71848400077383,53.111951340135924,0.05155977216803023,-0.12138632668379667,0.07346084679392992,514.9666255843601,514.19345703125,513.4202884781398,0.2890449079215244,0.28465269399768506,0.2917842644462338,515.7564712643775,514.0039257326498,514.3179874250084,514.2825786663476,19491.0,22753.7,22587.45,62.72324247002351,0.02544060985883334,0.10301729147228705,-0.07757668161345371,92.0384573836016,64.26159222757303,-37.933840017452,9.907902217168852,514.1816609700521
hold,514.4400024414062,514.3400268554688,514.4450073242188,514.260009765625,13428,514.4400024414062,2025-10-02 16:46:00+00:00,514.097998046875,514.2290161132812,514.2207061767579,514.1481286621093,514.2255253079875,514.2183929916293,514.218716009808,514.1891105294178,514.1599539024434,59.91963350565057,56.059843563472036,55.34251040641963,0.0875170625616375,-0.0859428853219628,0.04782447882119841,514.9882760350557,514.2207061767579,513.45313631846,0.2741810008746995,0.27753447004026116,0.28669918321516313,515.7550241918727,514.0741576891462,514.2336322125747,514.2974932834621,17576.0,20711.4,22659.55,60.32233639930541,0.058439089185981175,0.09410165101502588,-0.0356625618290447,99.08164408108411,84.92092345026676,3.5547191235688427,6.058378583453869,514.3816731770834
hold,514.3333129882812,514.4199829101562,514.4199829101562,514.1849975585938,17760,514.3333129882812,2025-10-02 16:47:00+00:00,514.1926635742187,514.2033447265625,514.2513732910156,514.1519946289062,514.2614545347521,514.2413769909598,514.2363463141885,514.2022198438599,514.1727953162091,54.716133804096245,53.6400819054153,53.75105484814298,0.09211218040161624,-0.049887066167258305,-0.026562816612402118,514.9847152683149,514.2513732910156,513.5180313137164,0.2714415554372424,0.2759252138097068,0.2851899308150363,515.7529602769104,514.206822591604,514.1926594995143,514.3151805599886,15700.6,19723.2,22901.25,53.950611345093414,0.06858167475070331,0.08899765576216137,-0.020415981011458056,75.98109988187426,89.03373378218664,-11.639505271461447,7.047270136874772,514.3127644856771
hold,514.3499755859375,514.4299926757812,514.4299926757812,514.2750244140625,10215,514.3499755859375,2025-10-02 16:48:00+00:00,514.2806640625,514.1908447265625,514.2873718261719,514.1561938476563,514.290961551814,514.2630967099553,514.2538277406114,514.2156521840487,514.1859197806334,55.42150831799337,53.97422135734938,53.96812735452929,0.08561858387646125,-0.024296614205119894,-0.05830152800762237,514.9636348077892,514.2873718261719,513.6111088445547,0.25480251347745775,0.2672854315174956,0.27898889895330836,515.7517897907593,514.272358224281,514.1796909147844,514.3408190456029,15341.8,19289.4,22592.55,50.67817385244636,0.07717692932192222,0.08663351047411355,-0.009456581152191335,63.45070422535211,79.50448272943682,1.8529215729672095,13.682049065168055,514.3516642252604
hold,514.4500122070312,514.344970703125,514.5,514.2930908203125,11632,514.4500122070312,2025-10-02 16:49:00+00:00,514.3666625976563,514.1608459472657,514.3168731689453,514.1612939453125,514.3439784368865,514.3004798093706,514.2840099662145,514.2369576406835,514.2054821825888,59.806740464355954,56.02352585077764,55.29095714583007,0.08365290444784096,-0.05827834734701312,-0.08448440920658387,514.9669568884503,514.3168731689453,513.6667894494403,0.24796060865032094,0.26297284210106736,0.2755565313692222,515.7505542594093,514.3538644061647,514.1165202928474,514.3668395174138,14592.6,17916.7,22109.75,46.27180702470132,0.09499762678183288,0.08830633373565742,0.006691293046175453,84.1309823677582,74.52092882499484,28.40204392393917,27.82452835920649,514.4143676757812
hold,514.5999755859375,514.4600219726562,514.6563720703125,514.4600219726562,12427,514.5999755859375,2025-10-02 16:50:00+00:00,514.4346557617188,514.2213439941406,514.3493774414062,514.1663940429687,514.4293108199035,514.3603789646841,514.3326200615566,514.2699592720702,514.2347039161701,65.7067053002659,58.9726287458854,57.225787314904416,0.06610776919392199,0.11770162637713398,-0.054873050504188385,514.9877165503174,514.3493774414062,513.711038332495,0.24201764502616793,0.2589290578996518,0.2722614519364616,515.7493887787713,514.4291563145651,514.1747884686033,514.3877855779872,13092.4,16291.7,21974.6,41.823385001680116,0.1256750485139264,0.09578007669131124,0.029894971822615177,85.21126760563381,77.59765139958137,87.32909701122948,18.594097917077708,514.5721232096354
hold,514.6699829101562,514.5999755859375,514.7000122070312,514.5200805664062,16148,514.6699829101562,2025-10-02 16:51:00+00:00,514.4806518554688,514.2893249511719,514.3887512207032,514.1691613769531,514.5095348499879,514.4222997537785,514.3845220382642,514.3063250573507,514.2669468046136,68.24538601896693,60.31071985734207,58.1142943583488,0.044705012763115046,0.13226119983874063,0.01553781661414845,515.0037631490712,514.3887512207032,513.7737392923351,0.23314821582600107,0.25328638523717667,0.26786479425496346,515.7479698692837,514.4840568172548,514.2532387104883,514.4181306298873,13636.4,15606.2,21916.7,50.29050520235202,0.15535294916492148,0.1076946511860333,0.04765829797888818,92.62036898155093,87.32087298498097,104.74436024061521,6.9998941014508045,514.6300252278646
hold,514.6500244140625,514.6300048828125,514.6599731445312,514.57958984375,10041,514.6500244140625,2025-10-02 16:52:00+00:00,514.543994140625,514.3683288574218,514.4115478515625,514.172861328125,514.5563647046795,514.4678446858353,514.4253685576178,514.3375704534154,514.295322923832,66.60540260748554,59.71279254105916,57.75517124281005,0.061577078089916776,0.15374597848078925,0.03402475075209173,515.0297995839317,514.4115478515625,513.7932961191934,0.2127546230517509,0.24165114817782476,0.2594137595955009,515.7470731550419,514.5558972989066,514.358702217035,514.4427517650824,12092.6,13896.6,20667.15,51.22378137875933,0.17252176200327085,0.12066007334948081,0.05186168865379004,79.1709053916582,85.66751399294765,99.45861489881194,6.999894101450808,514.6298624674479
hold,514.7999877929688,514.6300048828125,514.8800048828125,514.6282958984375,11357,514.7999877929688,2025-10-02 16:53:00+00:00,514.6339965820313,514.4573303222656,514.4280487060547,514.1848608398437,514.637572400776,514.534273307262,514.4830022861333,514.3796083933748,514.332705506731,72.4160752964102,62.70471223260713,59.71901605019984,0.08749144131262081,0.17318493412214706,0.009711081684069936,515.0688611306226,514.4280487060547,513.7872362814868,0.21831953181221506,0.24236956504905158,0.25904686553738177,515.7461990812762,514.6350406482945,514.4338968301441,514.4511729815299,12321.0,13831.4,19956.55,48.24143286644634,0.20156780053093826,0.1368416187857723,0.06472618174516595,77.76835679158894,83.18654372159936,135.2113457737328,12.564715252887293,514.7694295247396
hold,514.8099975585938,514.8200073242188,514.8693237304688,514.7899780273438,11024,514.8099975585938,2025-10-02 16:54:00+00:00,514.7059936523438,514.536328125,514.4360473632812,514.1984606933594,514.6950474533819,514.5894181575284,514.5333092511273,514.418734681122,514.3680604735357,72.78483767775744,62.90274992619213,59.849828478095546,0.06997479697165024,0.15368623736953946,0.15856233020721042,515.091567760838,514.4360473632812,513.7805269657244,0.19846612771404146,0.2307250034830479,0.25048966732726835,515.7453611372767,514.7019451814341,514.5123586062924,514.4448497814324,12199.4,13396.0,18911.75,57.482867042508175,0.22135768399266453,0.15374483182715076,0.06761285216551377,76.6964648516863,77.87857567831115,124.86582673515913,51.64982562818564,514.8230997721354
hold,514.905029296875,514.77001953125,514.9500122070312,514.7100219726562,17187,514.905029296875,2025-10-02 16:55:00+00:00,514.7670043945312,514.600830078125,514.4370483398437,514.2144616699219,514.765041401213,514.6525403853977,514.5904969504732,514.4629432825541,514.4078359419312,76.29496385527072,64.81306408752971,61.108851770594086,0.059279775633521464,0.12542673336469792,0.17799094311212812,515.0953631177885,514.4370483398437,513.778733561899,0.20439814295132125,0.23138680568961592,0.24998969432954127,515.7441901511737,514.7742961532746,514.6021141969909,514.4219099542281,13151.4,13121.9,17937.8,67.46430897195289,0.2447044434665031,0.17193675415502124,0.07276768931148186,86.01783342819199,80.1608850238224,113.59300829597153,58.1743456629894,514.8550211588541
hold,515.3499755859375,514.914794921875,515.375,514.8800048828125,40445,515.3499755859375,2025-10-02 16:56:00+00:00,514.9030029296875,514.6918273925781,514.4604217529297,514.2319616699219,514.9600194627878,514.7920274255057,514.7073398174676,514.5435825828616,514.4776240637095,86.09289308264535,72.06607909056375,66.30353342329524,0.13212207790636848,0.17688615586127446,0.28996035434742173,515.2075452842706,514.4604217529297,513.7132982215888,0.24591199641363248,0.2502159707966077,0.2616566192275393,515.742901674533,515.0515498555413,514.8070238921925,514.481972723909,18010.8,15823.6,18267.5,81.83143935630673,0.3144033617961668,0.20043007568325036,0.11397328611291643,96.23680587425424,86.31703471804417,164.38641482807142,80.64977815943894,515.20166015625
hold,515.469970703125,515.3599853515625,515.5759887695312,515.2839965820312,32573,515.469970703125,2025-10-02 16:57:00+00:00,515.0669921875,514.8054931640625,514.5044189453125,514.2539636230468,515.1300032095669,514.9276160810296,514.8246676460303,514.6277996847037,514.5511312221847,87.69332493112653,73.64390422982174,67.53157938103678,0.15932114061318123,0.22099632400626712,0.30355463799396215,515.3709804719107,514.5044189453125,513.6378574187144,0.25249488085454214,0.2531999862754214,0.2631011700976565,515.7421851221767,515.2084160664932,514.9804272179903,514.5608188593371,22517.2,17304.9,18514.05,88.40091766682936,0.37648485884483307,0.23564103231556693,0.14084382652926614,87.75725965604737,90.00396631949786,187.1527675662654,91.74225626553786,515.4433186848959
hold,515.3900146484375,515.4481811523438,515.5,515.2999877929688,46890,515.3900146484375,2025-10-02 16:58:00+00:00,515.1849975585938,514.9094970703125,514.5501708984375,514.2771643066407,515.2166736891904,515.0200957945112,514.9116441079391,514.6970919541341,514.6132707352405,80.49237630741396,70.77523320555902,65.85246841910572,0.11461283400535634,0.2022045517383777,0.2665256342421914,515.4984527563878,514.5501708984375,513.6018890404872,0.24499735602264325,0.249400859186552,0.26009693376116094,515.7408591565566,515.2972208613527,515.102709923046,514.6604921668114,29623.8,20972.4,20130.9,72.43627397533893,0.4068250592707727,0.2698778377066081,0.1369472215641646,73.27896167675173,85.75767573568446,144.04634522743123,91.09420289855072,515.3966674804688
hold,515.5,515.3900146484375,515.5,515.3099975585938,46344,515.5,2025-10-02 16:59:00+00:00,515.322998046875,515.0144958496094,514.5876708984375,514.3011645507812,515.3111157927937,515.116076635609,515.0021603990253,514.7700835946673,514.6789543844819,82.76378534842823,72.3696383463264,67.03627713817727,0.1340305053667332,0.2040990899123939,0.2411212637241865,515.6201737858845,514.5876708984375,513.5551680109905,0.23714093964887278,0.24515811505938756,0.25675910079187947,515.7399661747032,515.3777312549499,515.2090943801596,514.7469795662856,36687.8,24443.6,21180.15,74.89047451908765,0.4371222511271071,0.30332672039070796,0.13379553073639916,73.97575250836121,78.3373246137201,126.24663958120381,89.44792650467932,515.4366658528646
hold,515.405029296875,515.4849853515625,515.5900268554688,515.3215942382812,18417,515.405029296875,2025-10-02 17:00:00+00:00,515.422998046875,515.0950012207031,514.6581726074219,514.3268627929688,515.3424202941542,515.1738671678622,515.0641402294638,514.8278059312316,514.7327377113259,74.07490745623575,68.87540972703349,64.9934304067334,0.09710528574226039,0.15644262517129814,0.1875878335450138,515.7115207372777,514.6581726074219,513.604824477566,0.2416111792972481,0.2468205794971099,0.25731498252500423,515.7394734226788,515.4244476859241,515.253730530627,514.8284711118907,36933.8,25042.6,20667.15,75.30723272800913,0.44112945653637325,0.330887267619841,0.11024218891653226,36.216329966329965,61.15701471714764,103.54782770993037,89.06340378197999,515.4388834635416
hold,515.2105712890625,515.3800048828125,515.4500122070312,515.2000122070312,19878,515.2105712890625,2025-10-02 17:01:00+00:00,515.3951171875,515.1490600585937,514.7191925048828,514.345673828125,515.2984706257903,515.1812079921024,515.0866680847867,514.8626027819435,514.7681327911582,59.2226039442725,62.2480364410028,60.997107128979486,-0.027050413016222907,0.1050359253223863,0.1705622168792395,515.7518748507786,514.7191925048828,513.6865101589871,0.24280958225478408,0.24704768096160204,0.2569666500238136,515.7386349179742,515.4168949995897,515.2874438294338,514.8939942019848,32820.4,25415.6,20510.9,74.77509229156004,0.4130752009441494,0.34732485428470267,0.06575034665944673,2.70735524256651,37.63314590575256,62.907666182193836,82.85566744126001,515.286865234375
hold,515.0900268554688,515.2449951171875,515.2449951171875,515.0900268554688,16747,515.0900268554688,2025-10-02 17:02:00+00:00,515.3191284179687,515.1930603027344,514.7806945800781,514.3612744140624,515.2289893690165,515.1629717647756,515.0871848187378,514.8832776977184,514.791976795922,51.72245411731331,58.49078142577372,58.64980832540296,-0.07370824087734712,0.0854954669257424,0.14388087968473176,515.7456604049461,514.7806945800781,513.8157287552102,0.23026082217820779,0.24047057958711263,0.2521095839140487,515.7377697564825,515.3683173760979,515.2993052208467,514.9723850526051,29655.2,26086.2,19991.4,69.92313601463978,0.37099496885366534,0.3520588771984952,0.01893609165517013,0.0,12.974561736298824,27.85849449952586,69.49670365010452,515.1416829427084
hold,515.280029296875,515.1497802734375,515.280029296875,515.1497802734375,20994,515.280029296875,2025-10-02 17:03:00+00:00,515.2971313476562,515.241064453125,514.8491973876953,514.3816748046875,515.2460026783027,515.1863832711955,515.1168531999897,514.9193460249145,514.8281288330296,60.84180481542248,62.34844731456821,61.12565391372638,-0.02134021778390957,0.09324815759306172,0.16134066870421696,515.7495441946386,514.8491973876953,513.948850580752,0.22450962492507096,0.2368657125741939,0.24915210093748683,515.7370056274224,515.3448584364411,515.3187732014327,515.0193923343409,24476.0,27049.9,20440.65,70.8036002334187,0.3582544381658863,0.3532979893919735,0.004956448773912825,52.780603594438794,18.495986279001766,39.088677989226426,68.7775171789491,515.2366129557291
hold,515.280029296875,515.3499755859375,515.4400024414062,515.280029296875,19672,515.280029296875,2025-10-02 17:04:00+00:00,515.2531372070313,515.2880676269531,514.9121978759765,514.4024755859375,515.2573448844935,515.2051124763315,515.1419572148951,514.9521354132745,514.8616029414626,60.841804815422485,62.348447314568205,61.12565391372638,-0.04267132941319108,0.09130198335508291,0.13215191278685398,515.7454830432199,514.9121978759765,514.0789127087331,0.21529012772595366,0.23137338628541218,0.24490548396576126,515.7362919275188,515.2564102455362,515.3361352816135,515.0690056434664,19141.6,27914.7,20655.35,71.45083606857706,0.3435095348688719,0.35134029848735315,-0.007830763618481229,54.29019881409138,35.690267469510054,54.19130729955775,68.8531319267712,515.3333536783854
hold,515.364990234375,515.260009765625,515.3800048828125,515.1300048828125,12116,515.364990234375,2025-10-02 17:05:00+00:00,515.2451293945312,515.3340637207032,514.9674468994141,514.4273754882812,515.2932266677874,515.2370880279402,515.1762699871229,514.9896676697382,514.8988908890858,64.87949655075494,64.07965827921237,62.240240870258944,-0.007768465619092235,0.08932927653243095,0.1350394130795995,515.7662514244968,514.9674468994141,514.1686423743314,0.22024868090796026,0.23270385869359703,0.24514807996739169,515.7359351133751,515.2405103504079,515.3644450393717,515.1176315064972,17881.4,27407.6,20264.75,67.35358733922203,0.3381971388544116,0.34871166656076485,-0.01051452770635325,75.80232329198661,60.957708566838924,37.542376788777474,52.10113005171423,515.2916666666666
hold,515.5,515.364990234375,515.5,515.280029296875,29674,515.5,2025-10-02 17:06:00+00:00,515.3030151367187,515.3490661621094,515.0204467773438,514.459375,515.3621511118583,515.2896704223522,515.2260746044885,515.0360615179438,514.9434174898943,70.51577985254255,66.69991037314472,63.964174422555914,0.05617678034310247,0.02911117127577754,0.16515603723233302,515.812870748954,515.0204467773438,514.2280228057335,0.2202089697961088,0.2317943475815544,0.24394915726061114,515.7353811212564,515.3241290365709,515.381944422011,515.1661335638587,19840.6,26330.5,21077.05,72.14346075194194,0.3462529324579009,0.34821991974019206,-0.001966987282291166,100.0,76.69750736869265,73.60239614064281,55.45580848562574,515.4266764322916
hold,516.02001953125,515.5800170898438,516.0650024414062,515.57421875,32257,516.02001953125,2025-10-02 17:07:00+00:00,515.489013671875,515.4040710449219,515.1047821044922,514.504775390625,515.581440584989,515.4357402441318,515.3482199778364,515.1255122464262,515.023165789254,82.86959294048384,74.43530382291412,69.58088071145198,0.1805495403315585,0.10670821956412083,0.23699140777211836,515.9443561217281,515.1047821044922,514.2652080872563,0.26946518002612896,0.2555949257118898,0.2592374088865939,515.736105799605,515.5539883281401,515.4493050673003,515.2632230218243,22942.6,26298.9,21801.9,73.74548809907316,0.41257445487781297,0.36109082676771626,0.05148362811009671,95.18898100398198,90.33043476532286,216.76562445449724,62.921448269726895,515.8864135742188
hold,516.1799926757812,516.0399780273438,516.2000122070312,515.9000854492188,38621,516.1799926757812,2025-10-02 17:08:00+00:00,515.6690063476562,515.4830688476562,515.1962829589844,514.5554296875,515.7809579485864,515.5845907304617,515.4761850082895,515.2213741036403,515.1088566697375,85.10889429711465,76.2621051454264,71.03895033306671,0.17465520255739278,0.15327771297288656,0.2661166495764435,516.0843504583099,515.1962829589844,514.3082154596589,0.2738168339956105,0.2587614851476477,0.2611749969306847,515.7374547680777,515.7801362034055,515.5710073830494,515.3595433174102,26468.0,25472.0,23222.2,75.5988449248853,0.4757340607242213,0.3840194735590173,0.09171458716520403,97.82392357194985,97.67096819197728,236.34328668229077,65.20384026714902,516.0933634440104
hold,515.8900146484375,516.1500244140625,516.1599731445312,515.8900146484375,22046,515.8900146484375,2025-10-02 17:09:00+00:00,515.7910034179688,515.5220703125,515.2682830810547,514.5946643066407,515.8173101818702,515.645675514057,515.5398511067738,515.2821596077127,515.1667202237153,66.67647666047631,66.92632996434217,65.09987180571953,0.11837938924100261,0.07565754576867119,0.19129456803083472,516.1359215641753,515.2682830810547,514.4006445979342,0.2761255759024876,0.260991238161655,0.2625465698074973,515.7377189623421,515.871147406877,515.6158103980948,515.4064508915476,26942.8,23042.2,23742.9,70.33742602257938,0.4789552903416734,0.4030066369155485,0.07594865342612489,50.463279040280895,81.15872787207091,153.56684072301215,63.097360400253045,515.9800008138021
hold,515.9299926757812,515.8900146484375,515.9650268554688,515.75,21404,515.9299926757812,2025-10-02 17:10:00+00:00,515.90400390625,515.5745666503906,515.3347839355469,514.6387646484375,515.8548710131739,515.7025389464019,515.5998728866211,515.3410535229917,515.2232589238683,67.7982119927191,67.51672454609121,65.51719325672549,0.1096315139973519,0.10185453169178707,0.11254819391119364,516.1911436839843,515.3347839355469,514.4784241871095,0.2673971872690965,0.2577080679693046,0.26028372626755697,515.7380416917399,515.9224808913956,515.6612530031905,515.4503252639525,28800.4,23340.9,24191.75,63.173453184885936,0.47928002253354407,0.4182613140391477,0.06101870849439639,39.997287399972876,62.76149667073454,95.83998865917849,42.13690258726627,515.8816731770834
hold,515.6599731445312,515.9099731445312,515.9099731445312,515.6500244140625,15440,515.6599731445312,2025-10-02 17:11:00+00:00,515.9359985351563,515.6195068359375,515.3842834472656,514.6771643066406,515.7899050569597,515.6940257860277,515.6091190801458,515.370046215859,515.2556081253989,53.58471301063549,59.7576174029686,60.395523695314814,0.031032617755819593,0.08722683122443346,0.036860040779306276,516.1944122862524,515.3842834472656,514.5741546082788,0.2691930550476184,0.25929808180855074,0.2612210850985662,515.7379472809696,515.9878558556371,515.7002924016109,515.483107392886,25953.6,22897.1,24156.35,57.14023084733883,0.43841766062882925,0.42229258335708403,0.016125077271745225,1.9509275882704966,30.803831342841423,49.51747352606441,27.258030505377096,515.739990234375
hold,515.739990234375,515.6749877929688,515.8909912109375,515.6749877929688,15913,515.739990234375,2025-10-02 17:12:00+00:00,515.8799926757813,515.6845031738281,515.4387817382812,514.7147619628906,515.7732667827648,515.7032186756973,515.6292531038733,515.4036774902696,515.2914882816194,56.72152894047498,61.181301427780504,61.33598323086604,-0.054267138148899184,0.12618442311418038,0.0679049993190552,516.1883860865709,515.4387817382812,514.6891773899916,0.26373948524170865,0.2572780807083864,0.2597828461132178,515.7379498240947,515.9439340285512,515.7478595595644,515.5085732176566,22684.8,22813.7,24449.95,67.33822194736543,0.4117303940778356,0.4201801455012344,-0.008449751423398766,28.560356520054253,23.50285716943254,48.27754430713928,27.258030505377107,515.7686564127604
hold,515.5900268554688,515.7100219726562,515.7999877929688,515.5474853515625,26828,515.5900268554688,2025-10-02 17:13:00+00:00,515.7619995117187,515.7155029296875,515.4782836914062,514.7463623046875,515.7121868069995,515.6805803116516,515.6232182964266,515.4206183416513,515.3136022500527,49.41903053769072,57.10390548818484,58.59776140239125,-0.1142945927164334,0.06016098838853835,0.017463987481813773,516.1701135389503,515.4782836914062,514.7864538438621,0.26213419326521453,0.2569369636153767,0.2594361601747907,515.7376400317997,515.7608064134129,515.7717398385281,515.528857164895,20326.2,23397.1,25223.5,56.62976227393524,0.36697806159895663,0.4095397287207788,-0.04256166712182219,11.73598248863445,14.0824221989864,15.450527055653012,18.55416953148021,515.6458333333334
hold,515.719970703125,515.6199951171875,515.719970703125,515.5650024414062,14930,515.719970703125,2025-10-02 17:14:00+00:00,515.7279907226563,515.7594970703125,515.5237823486328,514.7829614257812,515.7147814390414,515.6884583899464,515.6381032820725,515.4478321926944,515.3437036169469,55.243981589341324,59.61541587416681,60.21377794768178,-0.03296127866099124,0.08537909121964647,0.06110561371115234,516.1504475526932,515.5237823486328,514.8971171445725,0.24682477447286244,0.2496534849084748,0.2544614983435507,515.7376194624441,515.7242174920358,515.8105657138922,515.5500580741151,18903.0,22922.9,25418.8,56.137516648079895,0.3447547729995222,0.3965827375765275,-0.05182796457700534,50.21321961620469,30.169852874964466,17.338283201701074,14.42135681849457,515.6683146158854
hold,515.60498046875,515.6749877929688,515.72998046875,515.510009765625,25583,515.60498046875,2025-10-02 17:15:00+00:00,515.66298828125,515.78349609375,515.5587799072266,514.8210607910156,515.678181115611,515.6717628057071,515.6330074646382,515.4621183996085,515.3630574578212,49.373773720713814,56.464872265342855,58.10640911487676,-0.06299540861069748,0.04656704256644568,0.0765530060263872,516.1178483472946,515.5587799072266,514.9997114671586,0.24298847856602496,0.24753328620965517,0.2528190795236197,515.7373554052117,515.64868247674,515.811138880254,515.5742296414917,19738.8,24269.6,25838.6,55.10959565755348,0.3087053478858479,0.3790072596383916,-0.07030191175254369,32.750999789518,31.566733964785712,-1.9627193548952468,18.88336848125246,515.614990234375
hold,515.6199951171875,515.6849975585938,515.7100219726562,515.5399780273438,17497,515.6199951171875,2025-10-02 17:16:00+00:00,515.6549926757813,515.7954956054688,515.5722808837891,514.8555603027344,515.6587857828032,515.6614092680032,515.6310055650305,515.4764708284793,515.3820898770335,50.18021245223506,56.78600914642234,58.3064675538006,-0.007752788547841156,0.02327742331474297,0.10288847271109289,516.1235140709938,515.5722808837891,515.0210476965843,0.23256783095837852,0.24199833328842982,0.24887740646594736,515.737195828608,515.641970179683,515.8366825131445,515.5942179648724,20150.2,23051.9,24691.2,60.56459338936954,0.2793193909697038,0.3590696859046541,-0.07975029493495028,50.0,44.32140646857423,-10.874724771985429,27.06781279847183,515.6233317057291
hold,515.5599975585938,515.6199951171875,515.7899780273438,515.4299926757812,33605,515.5599975585938,2025-10-02 17:17:00+00:00,515.618994140625,515.7494934082031,515.5767822265625,514.8923608398437,515.6258563747334,515.6411269261214,515.6200812563479,515.4840641675805,515.3952682238157,46.711377050985355,55.0388876615484,57.16117058275494,-0.0348998873830694,-0.0891480863618686,0.054333225780316095,516.1260669248119,515.5767822265625,515.0274975283131,0.25077033390182446,0.2504259774508634,0.25416826099435463,515.73673428243,515.6055435182338,515.7710763678513,515.6000724544692,23688.6,23186.7,24742.8,51.774435192051975,0.24585870230566798,0.3364274891848569,-0.0905687868791889,36.11393692777212,39.62164557243005,-32.8775213065565,17.184249899646012,515.5933227539062
hold,515.52001953125,515.5549926757812,515.5599975585938,515.3278198242188,11880,515.52001953125,2025-10-02 17:18:00+00:00,515.6049926757812,515.68349609375,515.5832824707031,514.9301611328125,515.5905774269056,515.6169054471471,515.6046871447944,515.487332837005,515.4045090614034,44.32919153546696,53.8500023848197,56.38625971822009,-0.013578098988011378,-0.1278571726715078,0.04657472068197142,516.1266172129233,515.5832824707031,515.039947728483,0.24811424825513526,0.2491225315168732,0.2531210930600996,515.7365349137292,515.5997486108789,515.6795457381535,515.6194236759585,20699.0,20512.6,22992.3,46.85695339746547,0.21239638574377295,0.3116212684966401,-0.09922488275286717,41.58742736397253,42.56712143058155,-86.48756874412304,1.5648624130631994,515.4692789713541
hold,515.5350952148438,515.510009765625,515.6099853515625,515.4000244140625,20378,515.5350952148438,2025-10-02 17:19:00+00:00,515.568017578125,515.6480041503906,515.5850372314453,514.9636633300781,515.5720833562184,515.6005434006864,515.5939806940328,515.491674871354,515.4141821098063,45.55084077803332,54.25132089966961,56.61911921455076,-0.03584803745900968,-0.06879750014847956,0.03300670082214753,516.1275107641661,515.5850372314453,515.0425636987245,0.24266377529011593,0.24632527480138225,0.2510658475572377,515.736217537863,515.5711793339025,515.6422721467483,515.6282190236539,21788.6,20345.8,21694.0,51.91663144640731,0.18636129088008602,0.28656927297332935,-0.10020798209324333,44.84944532488114,40.8502698722086,-81.3912642201984,14.872869404037555,515.5150349934896
hold,515.4149780273438,515.5120239257812,515.5349731445312,515.3599853515625,21300,515.4149780273438,2025-10-02 17:20:00+00:00,515.5300170898438,515.5965026855469,515.5855346679688,514.9929650878906,515.5197149132603,515.563430326018,515.5664418222345,515.4847024309894,515.4142410666609,37.83345905433171,50.484391637319,54.19823934503874,-0.03685038907760624,-0.09982258363512965,-0.016493108177740058,516.127364898953,515.5855346679688,515.0437044369845,0.2330132164317065,0.2412384596928014,0.24744889592504785,515.7356893830779,515.5311275255468,515.5881805874637,515.6272309637144,20932.0,20335.4,21838.15,43.94908395873348,0.1491892593570583,0.2590932702500751,-0.10990401089301682,30.889033095392602,39.10863526141542,-115.26504032390993,4.547581571446798,515.4366455078125
hold,515.4299926757812,515.4320068359375,515.5,515.3499755859375,19054,515.4299926757812,2025-10-02 17:21:00+00:00,515.4920166015625,515.5735046386719,515.5965057373047,515.0239147949219,515.4898075007673,515.5367427959707,515.5454496458572,515.4797288168795,515.4154078525218,39.332409022843805,50.942927671909764,54.45383955945696,-0.03684931600898588,-0.04459924770727554,-0.11434185363674988,516.1159455287353,515.5965057373047,515.0770659458741,0.22115767323610558,0.23472317071920842,0.24280963488397417,515.7352404399663,515.4983461470634,515.5682616166551,515.6376089814519,21243.4,20696.8,21796.95,35.260012799131644,0.1213349434489146,0.23154160488984302,-0.11020666144092842,30.774647887323944,35.50437543586589,-106.91904008190205,57.94366588039407,515.4266560872396
hold,515.5800170898438,515.3900146484375,515.6099853515625,515.3900146484375,40188,515.5800170898438,2025-10-02 17:22:00+00:00,515.4960205078125,515.5575073242187,515.6210052490235,515.0516333007813,515.5198773637928,515.5453976547453,515.5507677141628,515.4888459326035,515.4276011293604,52.64325933633147,55.3883319994811,56.973001918751,0.0038830652775237407,-0.031018177290954525,-0.11623379333773438,516.0859428751343,515.6210052490235,515.1560676229127,0.2209881060773762,0.2336694230339078,0.2417220667049754,515.734761120916,515.5090766095101,515.5584871000761,515.6525331290505,22560.0,23124.3,22969.0,35.58244598984986,0.11779652538496066,0.20879258898886657,-0.09099606360390591,88.47417840375587,50.045953128824145,-57.83651470122561,62.56783776063982,515.5266723632812
hold,515.6563720703125,515.64990234375,515.7100219726562,515.4099731445312,19135,515.6563720703125,2025-10-02 17:23:00+00:00,515.523291015625,515.5641418457031,515.6398223876953,515.075361328125,515.5653755992994,515.5675925378588,515.5670145381858,515.5040755814861,515.4445471249865,58.10168975585782,57.499226785881405,58.208265157017856,0.02644951386882746,0.012867823539641122,-0.045289222797657736,516.0777126704869,515.6398223876953,515.2019321049037,0.23228249494132247,0.23841080911184295,0.24449953153450038,515.734646036359,515.5314704850853,515.5630806153873,515.6697865525956,24011.0,22355.0,22876.05,42.23833532396804,0.12304541287232951,0.19164315376555915,-0.06859774089322965,85.09916935073741,68.11599854727241,-10.25791899566701,44.95412844036697,515.5921223958334
hold,515.5499877929688,515.6199951171875,515.6300048828125,515.489990234375,9806,515.5499877929688,2025-10-02 17:24:00+00:00,515.52626953125,515.5471435546875,515.6533203125,515.0933605957031,515.5602463305225,515.5640715888808,515.5643950389217,515.5082494188936,515.452357544837,48.933579510126286,53.68754668133932,55.86206617941078,0.0028887612624691784,-0.032960311760759975,-0.07365435004886432,516.0616620334994,515.6533203125,515.2449785915006,0.22286811508363355,0.23326588245653274,0.24077964126797657,515.7345072115305,515.5324543453931,515.5517689710475,515.6842900387571,21896.6,21842.6,22382.75,43.92055151202421,0.11171404404376517,0.17565733182120036,-0.06394328777743519,49.99046347510967,74.52127040986765,-22.326303221792735,35.376213592233015,515.5566609700521
hold,515.6699829101562,515.5736083984375,515.7650146484375,515.5499877929688,16479,515.6699829101562,2025-10-02 17:25:00+00:00,515.5772705078125,515.5536437988281,515.668569946289,515.1090600585937,515.5968251904005,515.5852538531359,515.580639326804,515.5229524635538,515.468477942268,57.714088242546254,57.13889369270131,57.87308116511652,0.04947564461329478,0.012607023568149899,0.0019411562165587018,516.0548877395988,515.668569946289,515.2822521529793,0.22174793513865018,0.23196309481454827,0.23955331813468006,515.7344257950388,515.5780160468051,515.5545720101778,515.6923270400661,20932.4,20932.2,22600.9,49.39822679322129,0.11677591086788652,0.16388104763053762,-0.0471051367626511,73.23362558019598,69.44108613534769,71.83978246404544,5.916557639191731,515.6616617838541
hold,515.6900024414062,515.6599731445312,515.75,515.5850219726562,21943,515.6900024414062,2025-10-02 17:26:00+00:00,515.6292724609375,515.56064453125,515.6780700683594,515.1252099609375,515.6278842740692,515.6062035707901,515.5974644213582,515.5381388251767,515.4848871644264,59.083456696110744,57.70520184015495,58.206653545532646,0.05044521454314221,0.013577309817637908,-0.00969244074829903,516.0566055794561,515.6780700683594,515.2995345572626,0.2136379483108073,0.22717844713806268,0.23600211381130243,515.7343512812774,515.6270881592748,515.5631188546499,515.7050577837487,21510.2,21376.8,22214.35,50.419783285517255,0.12131640636368957,0.15536811937716802,-0.03405171301347845,72.72525521526853,65.3164480901914,96.30645817605853,5.9165576391917405,515.6750081380209
hold,516.0,515.72998046875,516.0,515.72998046875,20984,516.0,2025-10-02 17:27:00+00:00,515.7132690429687,515.6046447753906,515.6770690917969,515.1534094238282,515.7519228493795,515.6849628566321,515.6593929719185,515.5801262047061,515.5230436707651,74.18558303215558,65.34157739417958,62.973554016173026,0.08145833745202441,0.08534456580996538,0.07951533644505007,516.0520717777712,515.6770690917969,515.3020664058225,0.22740360692265624,0.23309409795632607,0.2395257064199904,515.7347767122199,515.7370734921562,515.6092165101356,515.6958879794853,17669.4,20114.7,21650.7,58.596540960837736,0.16191918586696374,0.15667833267512718,0.005240853191836564,100.0,81.98629359848816,242.99703292232314,34.069140501110056,515.9099934895834
hold,515.844970703125,516.04150390625,516.1799926757812,515.75,19211,515.844970703125,2025-10-02 17:28:00+00:00,515.7509887695312,515.6371398925781,515.6603179931641,515.1808093261719,515.782938800628,515.7169644259307,515.6879433921041,515.6042029772896,515.5468901176066,61.040594526497856,59.550906464977274,59.41502876647496,0.036574479251617505,0.06303366689240708,0.024237959959079507,515.9678182065269,515.6603179931641,515.3528177798013,0.2563449024738839,0.24715828208667778,0.2485955621038599,515.7349380383341,515.7779795350059,515.6360238179124,515.6576084191527,17684.6,20847.8,20680.2,59.19465263104144,0.1700743083240468,0.1593575278049111,0.010716780519135688,43.69101354123923,72.13875625216924,195.08554157104052,44.45869402586299,515.9249877929688
hold,515.760009765625,515.8400268554688,515.8400268554688,515.6375122070312,12601,515.760009765625,2025-10-02 17:29:00+00:00,515.7929931640625,515.6596313476563,515.6538177490235,515.2010095214844,515.7752957889604,515.7255734938695,515.6990305264919,515.6183672307747,515.5626767582005,54.82899702921378,56.59100742086914,57.54389047647249,0.040737460504138207,0.043627398574585745,0.03006745527051713,515.9467732878568,515.6538177490235,515.3608622101901,0.24936113013386477,0.24432258308718294,0.24663665419861655,515.7349620913318,515.8000064371354,515.6540559652383,515.648123863906,18243.6,20070.1,20207.95,61.89927541608495,0.16289673566905094,0.16006536937773908,0.0028313662913118653,22.58100810081008,55.424007214016434,71.62227890983684,37.53561253561253,515.745849609375
hold,515.77001953125,515.7650146484375,515.7999877929688,515.6599731445312,17312,515.77001953125,2025-10-02 17:30:00+00:00,515.8130004882812,515.6951354980469,515.6458190917969,515.2365100097657,515.7735370363903,515.7344627013456,515.7099519118393,515.6321538035452,515.5780354821301,55.45210476560623,56.86304400531329,57.70865170338806,0.019399349275518934,0.06888459184191856,0.02909592635723974,515.9160284300292,515.6458190917969,515.3756097535645,0.23374020417724123,0.2368720163264913,0.2415594158290396,515.735008237468,515.8176436641769,515.6901487569295,515.6383183506887,18410.2,19671.3,20003.35,55.77510000093687,0.15642721921551583,0.15933773934529444,-0.0029105201297786043,24.426192619261926,30.232738087103744,60.40273373653232,37.535612535612536,515.7433268229166
hold,515.7946166992188,515.8250122070312,515.9400024414062,515.77001953125,17468,515.7946166992188,2025-10-02 17:31:00+00:00,515.8339233398438,515.7315979003906,515.6525512695313,515.2725988769531,515.7805635906665,515.7464935009202,515.7229772637438,515.6469231576973,515.5940785352477,57.14681143779167,57.5667636013471,58.12791792636632,0.020286268362238898,0.07074171635697922,0.045507630874394085,515.9304359142185,515.6525512695313,515.374666624844,0.22463201931709964,0.23209422302861693,0.238151010797002,515.7350873021576,515.8450324045552,515.7249048900434,515.6442768170591,17515.2,19512.7,20104.75,65.66149694167112,0.1524149656725058,0.1579531846107367,-0.005538218938230921,51.937046004842614,32.98141557497154,90.2188897712413,56.948580504268406,515.8348795572916
hold,515.9099731445312,515.8800048828125,515.9650268554688,515.844970703125,14812,515.9099731445312,2025-10-02 17:32:00+00:00,515.81591796875,515.7645935058594,515.6610504150391,515.3135986328125,515.8237001086214,515.7791894296424,515.751745860788,515.6708367928641,515.6174781359354,64.52983291222218,60.79683911555864,60.076903483003086,-0.017447065013323645,0.06399706034960673,0.07564276817723306,515.9588003498612,515.6610504150391,515.3633004802169,0.21688603887894256,0.2276882182587157,0.23492525581857335,515.7352837791233,515.8169018731036,515.7753551489513,515.6502928831169,16280.8,16975.1,20049.7,70.42238513067477,0.1617112937070715,0.15870480643000368,0.0030064872770678153,81.95278111244498,52.77200657884984,106.51076632346386,71.79622961237025,515.9066569010416
hold,516.0750122070312,515.875,516.0750122070312,515.8519287109375,10069,516.0750122070312,2025-10-02 17:33:00+00:00,515.8619262695313,515.8064575195312,515.6852996826171,515.3568994140625,515.9074708080914,515.8383539851202,515.8014791448254,515.7075800123338,515.6513695486091,72.45184046141404,64.9120668356241,62.685999486051124,0.04459508514596756,0.08118587481774901,0.10472943495000962,516.0310841814272,515.6852996826171,515.3395151838071,0.21777138990962935,0.22735930953264674,0.23436136249834366,515.7355430358101,515.8454048575045,515.8083015230844,515.6656306734333,14452.4,16068.5,19211.75,69.25272617848009,0.18698443651112484,0.1643607324462279,0.022623704064896943,100.0,77.96327570576254,123.76371245320139,73.19172497105754,516.0006510416666
hold,515.9400024414062,516.0700073242188,516.1099853515625,515.9400024414062,14272,515.9400024414062,2025-10-02 17:34:00+00:00,515.8979248046875,515.845458984375,515.6963012695312,515.3952990722656,515.918314685863,515.8586836763775,515.8227904212224,515.7287093240676,515.6727497628904,59.72179160668186,59.41730520166979,59.35415515087916,0.03489853272320269,0.07565021000332553,0.10186440760257581,516.0593674661031,515.6963012695312,515.3332350729593,0.21094446423057514,0.22326099529147553,0.23129572191062492,515.7357639553633,515.8782205185789,515.8350204648032,515.6737243214602,14786.6,16515.1,19178.85,71.16863299427129,0.1859339134871334,0.168675368654409,0.017258544832724404,35.859051128512206,72.60394408031907,107.216174660878,79.71087747674888,515.9966634114584
hold,515.9000244140625,515.9199829101562,516.0549926757812,515.8900146484375,15250,515.9000244140625,2025-10-02 17:35:00+00:00,515.92392578125,515.8684631347656,515.7110534667969,515.4280993652344,515.9122179285962,515.8669518239145,515.834672573967,515.744283423158,515.6895849222365,56.304168521394516,57.8555627951597,58.389232740689714,0.02520597900022437,0.04461021807164787,0.09119215896637045,516.0819702768622,515.7110534667969,515.3401366567316,0.20437783038960014,0.21909792615235227,0.22813773645505944,515.7359533832766,515.908910016412,515.8576590617532,515.6876823499779,14374.2,16392.2,18662.2,72.24847448380835,0.1773669016780559,0.17041367525913836,0.006953226418917546,18.637653736991485,51.49890162183456,74.3353803818162,73.95175889231372,515.9483439127604
hold,515.969970703125,515.8499755859375,515.969970703125,515.8300170898438,27769,515.969970703125,2025-10-02 17:36:00+00:00,515.9589965820312,515.8964599609375,515.7285522460937,515.4586987304688,515.9314688534391,515.8875555997566,515.8554876707606,515.7648004486095,515.7103542393393,60.874440116568906,59.84427493597185,59.5959318091255,0.03399686585106533,0.05429003090874552,0.07563396569989593,516.1133947506697,515.7285522460937,515.3437097415177,0.19517437080269298,0.21344476094727355,0.22393849249440187,515.736443769564,515.9538410132731,515.8977047246742,515.7112098919597,16434.4,16974.8,19175.8,59.084498414156414,0.17720136041737078,0.17177121229078487,0.005430148126585904,49.9890996293874,34.828601498297026,54.5950404342628,62.84403669724771,515.9233194986979
hold,515.8099975585938,515.9099731445312,515.9600219726562,515.739990234375,24460,515.8099975585938,2025-10-02 17:37:00+00:00,515.9390014648437,515.8774597167969,515.7410522460938,515.488232421875,515.890978421824,515.8720439915242,515.8484891919657,515.7689092767899,515.7177352259507,47.59230404968249,53.61310348693154,55.71582632872308,-0.019378494532318727,-0.03682217856710271,0.029792221448647654,516.1193686276824,515.7410522460938,515.3627358645051,0.20014667050945115,0.21462588293318258,0.22422620564943033,515.7365792856011,515.9225990177421,515.8729282425484,515.7312377167341,18364.0,17322.4,18718.55,49.89548519877489,0.15430876557343254,0.1682787229473144,-0.013969957373881875,22.22437512110056,30.283709495826482,2.072296665560955,47.368421052631575,515.836669921875
hold,515.9400024414062,515.8099975585938,516.0449829101562,515.7899780273438,20042,515.9400024414062,2025-10-02 17:38:00+00:00,515.9119995117187,515.886962890625,515.7620513916015,515.5200329589844,515.9073197616848,515.8856356815006,515.862568153418,515.784463200846,515.7341994641326,56.57543608470857,57.48714793164409,58.04657894200793,-0.02616088018825426,0.018422538490918412,0.07565021000332553,516.135554499978,515.7620513916015,515.3885482832251,0.20798355798131526,0.21751009721027667,0.22569185694290983,515.7368859162108,515.9109494054321,515.8837374315024,515.7487351212859,20358.6,17405.5,19126.65,55.80559965183564,0.15143621736797286,0.1649102218314461,-0.013474004463473244,65.57934760856514,45.93094078635104,46.3323140012404,50.882578664620105,515.9249877929688
hold,515.969970703125,515.9500122070312,515.969970703125,515.739990234375,17135,515.969970703125,2025-10-02 17:39:00+00:00,515.9179931640625,515.907958984375,515.7837951660156,515.5504321289062,515.9282034088316,515.9025026858255,515.8790916226037,515.801327519235,515.7516640003543,58.48900681263255,58.35065136237745,58.57430510363372,0.00580847803561295,0.04070903783242361,0.05817437564928343,516.1525195506864,515.7837951660156,515.4150707813448,0.21112597380541306,0.2184008380345426,0.22589607655277127,515.7371859103538,515.9166507986303,515.9007412751151,515.7702079407863,20931.2,17858.9,18964.5,49.15708850662405,0.15083868547128532,0.16209591455941397,-0.01125722908812865,75.40524314588754,54.40298862518441,14.796468490742972,38.946286301721926,515.893310546875
hold,515.8599853515625,515.8900146484375,515.8900146484375,515.7899780273438,19104,515.8599853515625,2025-10-02 17:40:00+00:00,515.9099853515625,515.9169555664063,515.8060455322266,515.5756323242188,515.9054640564086,515.893999218973,515.8761521962897,515.8066600494466,515.7596878041475,49.20494743385255,54.01442855335639,55.86627461752639,-0.00776101194131066,0.017443010819873577,0.032962227181350834,516.1345773102694,515.8060455322266,515.4775137541837,0.2066783598019612,0.21565739787359314,0.223710200325556,515.7373618698423,515.9090110941225,515.9089708207227,515.7948211799569,21702.0,18038.1,18854.7,40.95627508508667,0.13431141482556086,0.15653901461264336,-0.022227599787082497,39.34360616369822,60.10939897271697,-44.76704680493771,38.94628630172193,515.8466593424479
hold,515.875,515.8599853515625,515.9400024414062,515.7000122070312,22984,515.875,2025-10-02 17:41:00+00:00,515.8909912109375,515.9249938964844,515.8282958984375,515.5997326660156,515.8953093709391,515.8901993751784,515.875974935322,515.8128727722242,515.7682294482847,50.45742329136683,54.51140228494377,56.15682271985828,-0.018406246199867228,0.015584362104369313,-0.02422480620155039,516.1086895637635,515.8282958984375,515.5479022331116,0.211437199026681,0.21739545762369364,0.2244854400421962,515.7375987388947,515.8851547589121,515.9155161251168,515.8179018056352,20745.0,18589.7,19051.2,32.32101447967365,0.121969926893712,0.1496251970688571,-0.027655270175145102,64.82025774361293,59.856369017732895,-46.16201501682156,11.923008376403487,515.8383382161459
hold,516.3049926757812,515.8400268554688,516.3054809570312,515.8200073242188,41877,516.3049926757812,2025-10-02 17:42:00+00:00,515.989990234375,515.9644958496094,515.8645446777343,515.63283203125,516.0318704725532,515.9731580352991,515.9419776646234,515.8576109452748,515.8079896873585,72.83605337654632,65.88283833585048,63.4018743983449,0.0959646225413207,0.07656753150986984,0.0891783382184021,516.1908638492513,515.8645446777343,515.5382255062174,0.25058526099608375,0.23654389870860837,0.23691344922173446,515.7393722934765,516.0454616513567,515.9924885997395,515.8961798242218,24228.4,21296.2,19135.65,37.900545851319336,0.16516834794060742,0.15273382724320717,0.012434520697400253,99.91935483870968,68.02773958200693,206.6670348755401,25.392512077294686,516.1434936523438
hold,516.35498046875,516.2352905273438,516.3900146484375,516.2352905273438,18768,516.35498046875,2025-10-02 17:43:00+00:00,516.0729858398438,515.9924926757812,515.8994750976562,515.6639318847656,516.1395738046189,516.0495225219893,516.005516557566,515.9028263564999,515.8485075230171,74.4041545512829,66.91819399735854,64.12550588721453,0.08043145043611497,0.05424952867247844,0.11535805255536785,516.2750306206905,515.8994750976562,515.523919574622,0.23689081243860752,0.2306996288789756,0.23299967169183042,515.7402334829421,516.1115565444946,516.0194320728618,515.9307021988969,23973.6,22166.1,19117.3,43.74339854461461,0.20101499897214126,0.162390061588994,0.03862493738314726,94.92260061919505,86.55407106717256,252.4321898182764,42.618728752446685,516.3267618815104
hold,516.4799194335938,516.3568725585938,516.541015625,516.2750244140625,19735,516.4799194335938,2025-10-02 17:44:00+00:00,516.1749755859375,516.046484375,515.9459716796875,515.6973303222657,516.2530223476106,516.1356019043102,516.0785016154164,515.9552893635084,515.8952787756524,78.09194158158297,69.41637687202211,65.89519672493668,0.09883302506419711,0.10464724379436285,0.13763884589277448,516.3647187065617,515.9459716796875,515.5272246528134,0.24104801222416358,0.23322045616887022,0.23457069737019565,515.7413199647456,516.190725919419,516.0644354092076,515.9678498315303,24493.6,22712.4,19613.75,50.32701858734435,0.24032312865779204,0.1779766750027536,0.062346453655038436,91.52628460170997,95.45608001987158,216.87939906841166,49.104532163742704,516.4319864908854
hold,516.385009765625,516.4727783203125,516.5499877929688,516.239990234375,16267,516.385009765625,2025-10-02 17:45:00+00:00,516.27998046875,516.0949829101562,515.981723022461,515.7269299316406,516.2970181536155,516.1854834765732,516.1256567154485,515.9943548546099,515.93155514528,69.24949753563303,65.37750047123124,63.40056415055963,0.10177653413158066,0.09400762330130259,0.11446282052814302,516.4216700266272,515.981723022461,515.5417760182947,0.2508979474198188,0.23870453491350446,0.23816245266655536,515.7420983535089,516.2699602577976,516.0982831206308,515.9976779194786,23926.2,22814.1,19603.15,44.35768267701966,0.2539283312931957,0.19316700626084204,0.06076132503235365,47.57564003103181,78.00817508397894,143.70401468563048,39.07179690598968,516.3916625976562
hold,516.1400146484375,516.3699951171875,516.385009765625,516.1400146484375,17976,516.1400146484375,2025-10-02 17:46:00+00:00,516.3329833984375,516.1119873046875,516.0042236328125,515.7427307128906,516.2446836518895,516.1763897109461,516.127865628216,516.0075966540488,515.9469965899583,51.6400261997979,56.275269307818164,57.500450821099236,0.05137187272837412,0.03295617089513502,0.044589466356721175,516.4279208417939,516.0042236328125,515.580526423831,0.25005468595805896,0.23915386221878987,0.23848781764374322,515.742629381342,516.328777984531,516.1180372446236,516.0216667471271,22924.6,21834.8,19404.8,38.682006250012634,0.22939312098776554,0.20041222920622676,0.028980891781538787,0.0,46.367308210913926,63.09520505918264,27.25743129556927,516.2216796875
hold,516.2100219726562,516.14501953125,516.2100219726562,516.0399780273438,17742,516.2100219726562,2025-10-02 17:47:00+00:00,516.3139892578125,516.1519897460937,516.0147247314453,515.7575317382813,516.2331297588119,516.1831161632881,516.1405050658223,516.0259989557404,515.9664799516396,55.41930848287642,58.07164871049029,58.654878814650516,-0.018394302683924998,0.07755266783425596,0.02616088018825426,516.4477896874628,516.0147247314453,515.5816597754279,0.23862458015155052,0.23421743958262628,0.23522858562796975,515.7432441974616,516.3165010882777,516.1613517263371,516.0315314060188,18097.6,21163.0,19242.7,34.2380681237691,0.2166362116485061,0.20365702569468264,0.012979185953823469,33.34131163235998,26.972317221130595,32.72948108720457,11.260773324541978,516.1533406575521
hold,516.2899780273438,516.3099975585938,516.3200073242188,516.2042846679688,11318,516.2899780273438,2025-10-02 17:48:00+00:00,516.3009887695313,516.1869873046875,516.0369750976563,515.7755310058594,516.2520791816559,516.2044885360992,516.1635009060564,516.0499970531589,515.9904427720621,59.623711481276885,60.08844544078924,59.95919389363879,-0.012588712003366446,0.06783261314909299,0.06783261314909299,516.4785116536725,516.0369750976563,515.5954385416401,0.221067162451329,0.22575352648743868,0.22953782708616166,515.743702594925,516.3041890261333,516.1903901719394,516.0487987533662,16607.6,20290.6,18848.05,38.484104576654275,0.21404576403710962,0.20573477336316803,0.008310990673941587,72.45710242349195,35.26613801861731,64.69333890038654,16.11610720327665,516.2714233398438
hold,516.2949829101562,516.3699951171875,516.39501953125,516.239990234375,13254,516.2949829101562,2025-10-02 17:49:00+00:00,516.2640014648438,516.2194885253906,516.0637237548829,515.7914306640625,516.2663804244894,516.2225874109107,516.1837289066871,516.0722684947041,516.0130013008098,59.89989161096044,60.217440863593346,60.04204405630025,-0.03580710817185569,0.06299052764414717,0.07655717724423976,516.4996873025308,516.0637237548829,515.6277602072349,0.2116331816547106,0.22070179580083593,0.2259898018380111,515.7442433365715,516.2572951111106,516.2163324392449,516.0670765578136,15311.4,19902.5,18880.7,43.34631231481714,0.20958611010087225,0.20650504071070888,0.0030810693901633657,71.8239642427368,59.20745943286291,68.00217900117616,24.781392095138166,516.3099975585938
hold,516.439697265625,516.280029296875,516.4515991210938,516.280029296875,13346,516.439697265625,2025-10-02 17:50:00+00:00,516.2749389648437,516.2774597167969,516.0972076416016,515.8121240234375,516.324152704868,516.2660093818536,516.223108654216,516.1056711102424,516.0446084093146,67.41799552723555,63.85512334379323,62.40383319833365,0.010590450722963739,0.11237776344823913,0.09103757760551298,516.5406017260892,516.0972076416016,515.653813557114,0.20590984487814482,0.21719236925925836,0.223398374332332,515.7449295530072,516.2621406332622,516.2669809293437,516.0941492230235,14727.2,19326.7,18682.4,50.498407506038575,0.22140097253895874,0.20948422707635886,0.011916745462599881,95.18756169792695,79.82287612138524,84.96209971612507,33.21353436185134,516.3904418945312
hold,516.530029296875,516.5,516.5800170898438,516.47998046875,10460,516.530029296875,2025-10-02 17:51:00+00:00,516.3529418945312,516.3429626464844,516.1339782714844,515.8385131835937,516.392778235537,516.3188133648579,516.2703272146251,516.1442491272089,516.0805655120969,71.33212534664315,65.9482084271448,63.805982035221206,0.07556373026089708,0.12697442149260965,0.13959243552650558,516.5926117402183,516.1339782714844,515.6753448027504,0.1965398419268027,0.21170147318493632,0.2194422528983519,515.7455362368383,516.337722183846,516.3320499810051,516.1208553644656,13224.0,18074.3,18332.0,57.23886863335294,0.23824785276099192,0.21523695221328548,0.023010900547706437,85.2988691437803,84.10346502814802,117.54214723622424,47.58797184900831,516.5300089518229
hold,516.5,516.530029296875,516.530029296875,516.4273071289062,26786,516.5,2025-10-02 17:52:00+00:00,516.4109375,516.3624633789062,516.1634796142578,515.8667126464844,516.4285188236913,516.3550506918864,516.3056614892982,516.1765901156444,516.1116347334231,68.15660043537672,64.60877929042232,62.986031822242836,0.05617442804299336,0.037769792464743164,0.1085392789750485,516.63636656006,516.1634796142578,515.6905926684556,0.1831373170756523,0.2039172370980659,0.21388415361598992,515.7470262619723,516.4256955584725,516.3660476869165,516.1559289635641,15032.8,16565.2,18930.7,48.27713125375806,0.243415958463288,0.220872753463286,0.02254320500000201,73.3265513733469,84.60432740501805,92.17689527976322,38.846220980973996,516.4857788085938
hold,516.5349731445312,516.4949951171875,516.6849975585938,516.4949951171875,23307,516.5349731445312,2025-10-02 17:53:00+00:00,516.4599365234375,516.3804626464844,516.1864776611328,515.8918115234375,516.4640035973047,516.3910351824154,516.3409402054879,516.2091703909978,516.1429931342459,69.97287073952447,65.48792727651681,63.558694436897646,0.04745300656882489,0.034858320843124554,0.10950296984072681,516.684014207578,516.1864776611328,515.6889411146876,0.18411804912288057,0.20292332312007905,0.21274692922504995,515.7483779765412,516.4725440171095,516.3904018254502,516.1805533971444,17430.6,17019.1,19592.6,55.72560706518642,0.24804204816950914,0.22630661240453065,0.021735435764978495,41.78114637612506,66.80218896441743,113.40518655162646,49.76457217080695,516.5716552734375
hold,516.6599731445312,516.6599731445312,516.6599731445312,516.5499877929688,26472,516.6599731445312,2025-10-02 17:54:00+00:00,516.5329345703125,516.3984680175781,516.2224761962891,515.9194104003906,516.5293267797135,516.4448227748386,516.39002219611,516.2501524595008,516.1812879498226,75.7422993981516,68.49981995548168,65.55846561686067,0.07069412767052093,0.0348617059758991,0.1550784739435745,516.7469269801448,516.2224761962891,515.6980254124334,0.17567261353389765,0.19735737146864482,0.2085685040238571,515.7501507166439,516.5454238207647,516.4207501138048,516.2204600002378,20074.2,17692.8,20202.6,63.704105136098505,0.263534825015995,0.23375225492682355,0.029782570089171456,90.28896257697774,68.4655534421499,124.59361272558648,49.76457217080695,516.6233113606771
hold,516.8800048828125,516.6500244140625,516.8800048828125,516.530029296875,15348,516.8800048828125,2025-10-02 17:55:00+00:00,516.62099609375,516.4479675292969,516.2714752197265,515.9497106933594,516.6462194807466,516.5318591964334,516.4654041479104,516.3074117707109,516.2330447596737,82.60579868063333,72.97132041717654,68.73006265923921,0.0852582827228002,0.09585776268218295,0.1948155818391083,516.8469044263572,516.2714752197265,515.6960460130958,0.20057303816298372,0.20825867250213448,0.21530217459117343,515.7514231677422,516.6093681883733,516.4641003427054,516.2575980369741,20474.6,17600.9,20207.5,71.11301829208665,0.29881443675969876,0.24676469129339862,0.052049745466300146,100.0,77.3567029843676,169.114992019462,64.77752456382859,516.7633463541666
hold,517.0798950195312,516.83251953125,517.0899047851562,516.8300170898438,37651,517.0798950195312,2025-10-02 17:56:00+00:00,516.7309692382812,516.5419555664063,516.3269714355469,515.98130859375,516.7907779936749,516.641466361053,516.5599412050829,516.3776375206037,516.295774408552,86.61861905946765,76.26725734635008,71.25501365638314,0.10645377644446986,0.18209794714985197,0.15008616123079163,516.9837263150865,516.3269714355469,515.6702165560072,0.2090465606129146,0.21194645984573204,0.21742529462552232,515.7550833068668,516.7525074131966,516.6123549256929,516.3516666768954,25912.8,19568.4,20701.6,70.66528335791423,0.34569195250094253,0.2665501435349074,0.07914180896603512,98.21214433664014,96.16703563787262,208.99947630078933,61.07027830539269,516.9999389648438
hold,516.97998046875,517.0349731445312,517.1599731445312,516.9299926757812,16973,516.97998046875,2025-10-02 17:57:00+00:00,516.8269653320312,516.6189514160156,516.3854705810547,516.0005078125,516.8538454853666,516.7091691825924,516.6245626302624,516.4323959704352,516.3464563389371,76.34736554424498,71.56936272164708,68.35805489074262,0.09292942279767667,0.14915605341241028,0.12104076142203982,517.0558959186556,516.3854705810547,515.7150452434539,0.2120371189182125,0.21323460333889405,0.21802316006002126,515.7566027620492,516.8412295427971,516.6809894566171,516.41048820126,23950.2,19491.5,20327.25,70.47040747531011,0.36271284365534484,0.2857826835589949,0.07693016009634995,71.42718728805349,89.8797772082312,165.74989114848356,60.68554272132105,517.0233154296875
hold,517.0,517.010009765625,517.0499877929688,516.969970703125,14423,517.0,2025-10-02 17:58:00+00:00,516.919970703125,516.6899536132812,516.4384704589844,516.0169079589843,516.9025636569111,516.767335346074,516.6823222256066,516.4839963367592,516.3948669804972,76.985319160466,71.9422925934287,68.62640736418837,0.09002814516852302,0.1375238727989885,0.10069715139682583,517.1270015720914,516.4384704589844,515.7499393458774,0.19317711476471786,0.20371906666066947,0.211451442430675,515.7579120573363,516.9262671480234,516.7265735209729,516.455214670165,22173.4,19802.0,20046.3,64.34851308010869,0.3724683655767649,0.3031198199625489,0.069348545614216,51.51683314835368,73.71872159101576,126.75949953096257,56.16310968521877,517.0066528320312
hold,517.169921875,517.0399780273438,517.22998046875,517.0200805664062,21436,517.169921875,2025-10-02 17:59:00+00:00,517.0219604492188,516.7774475097656,516.4984680175781,516.0425061035156,516.9916830629408,516.8478526518592,516.7573375562826,516.5463532038721,516.4522784541641,81.83653380316109,74.9462476336827,70.83109582871992,0.09870103297630455,0.16946493648108987,0.15200133515325184,517.2215047359526,516.4984680175781,515.7754312992037,0.1984347367626153,0.20559488109562166,0.21233377701730952,515.7601184074306,517.0422286109965,516.8004036354853,516.5135402975741,21166.2,20620.2,20261.35,71.14490710505058,0.39557419769505486,0.3216106955090501,0.07396350218600478,79.97965412004069,67.64122485214928,129.83246940896512,65.32953688970773,517.1399943033854
hold,517.2050170898438,517.169921875,517.2999267578125,517.02001953125,31040,517.2050170898438,2025-10-02 18:00:00+00:00,517.086962890625,516.8539794921875,516.5657196044922,516.0680065917969,517.0627944052418,516.9192855394562,516.8262113306766,516.6062317389603,516.5080368716219,82.71449055099865,75.52898979667482,71.26894294519504,0.06287962466354972,0.1481915174745206,0.206339832444819,517.288907884051,516.5657196044922,515.8425313249334,0.21007366387688453,0.21090290577182724,0.21555156032898526,515.7633803065703,517.1042972248687,516.8779985404208,516.5949208450355,24304.6,22389.6,20858.15,78.9217118419307,0.4112486678342293,0.33953828997408597,0.07171037786014334,71.23566407695154,67.57738378178198,113.3199627843667,78.60624198375375,517.1749877929688
hold,517.1077880859375,517.219970703125,517.419921875,517.1077880859375,40069,517.1077880859375,2025-10-02 18:01:00+00:00,517.0925415039062,516.9117553710937,516.6273590087891,516.096962890625,517.077792298807,516.9569860487525,516.869530831486,516.6518277705037,516.5524628874972,71.53798996430808,70.62768989419757,68.28714266405949,0.005394343635270603,0.1118538625622546,0.17391489414531452,517.3137645422402,516.6273590087891,515.940953475338,0.22465368176054387,0.21813368314973244,0.22015071407820025,515.767286800549,517.1128387304667,516.9286768133811,516.6803483845474,24788.2,25350.5,21712.4,86.35370486814216,0.40452316125526977,0.3525352642303228,0.051987897024946994,21.947496947496948,57.72093838149639,104.13773660364309,92.72251971159929,517.2118326822916
hold,516.5900268554688,517.0999755859375,517.1300048828125,516.530029296875,44050,516.5900268554688,2025-10-02 18:02:00+00:00,517.01455078125,516.9207580566406,516.6416107177735,516.1139636230469,516.9152038176943,516.8835942100957,516.826530219791,516.6462095055006,516.5552454036432,38.89056307582741,51.47234647210762,55.340810643983666,-0.07542915161389341,0.01743017530856728,0.05811633789046915,517.3123079959246,516.6416107177735,515.9709134396223,0.2782710966429662,0.24540810477743014,0.2382376127381669,515.7699066182965,516.9752732759014,516.9159907469451,516.7072492615907,30203.6,27076.9,21821.05,74.52671370166664,0.32834880645248177,0.34769797267475455,-0.019349166222272784,6.742112482853224,33.3084245024339,-8.664480311256598,34.1703578598515,516.7500203450521
hold,516.7951049804688,516.5701293945312,516.9099731445312,516.5701293945312,17707,516.7951049804688,2025-10-02 18:03:00+00:00,516.9735717773438,516.9467712402344,516.6636169433593,516.1380651855469,516.8751708719525,516.8658963641703,516.8216955675877,516.6597454577703,516.5730127797044,49.5333081931626,56.50429104612056,58.604717523862064,-0.0396315318242263,0.050360933811293494,0.09686750537328569,517.3240550258971,516.6636169433593,516.0031788608215,0.2870671899796853,0.2521535080076137,0.24307600022682563,515.7712171872586,516.952286707037,516.9414079450054,516.7260085456733,30860.4,26516.9,21768.0,74.86205554271103,0.2928835844659261,0.3367350950329889,-0.04385151056706277,29.78737997256516,19.492329800971778,-16.323142104671334,31.487131865216234,516.7584025065104
hold,516.6900024414062,516.7506103515625,516.8400268554688,516.6599731445312,26640,516.6900024414062,2025-10-02 18:04:00+00:00,516.877587890625,516.9497741699219,516.67412109375,516.1574658203125,516.8134480617705,516.8307175796176,516.8014350866367,516.6624960926463,516.5816786805713,44.86174526186946,53.44559030819688,56.387084241625594,-0.09279724386402861,0.005812197274008598,0.048467454594705243,517.3291992540081,516.67412109375,516.019042933492,0.27177955011651594,0.24700352250260557,0.24007493883209582,515.7729808711944,516.8792331523316,516.9442447126717,516.7348208324453,31901.2,26533.7,22113.25,68.25241988282168,0.24903889904635435,0.31919585583566196,-0.07015695678930761,26.663275686673447,21.064256047363944,-34.13706932877696,29.313943541488452,516.7300008138021
hold,516.8200073242188,516.6849975585938,516.85498046875,516.6749877929688,29657,516.8200073242188,2025-10-02 18:05:00+00:00,516.8005859375,516.9437744140625,516.6958709716797,516.1817663574219,516.8156344825866,516.8285755285378,516.8042923539571,516.6768152955165,516.5993326541748,51.46707606001276,56.576775586237055,58.43010077380646,-0.07444045453992955,-0.011607637754792371,0.05613962613915821,517.3399009816368,516.6958709716797,516.0518409617226,0.2586671394971923,0.24221703345108017,0.23721387868681745,515.7752135708573,516.8041726373862,516.9345948148699,516.7528536695929,31624.6,27964.6,22782.75,69.892860871395,0.22924287436308077,0.30120525954114574,-0.07196238517806497,73.52729885057471,43.32598483660444,-25.067976450941902,24.51216838412629,516.7833251953125
hold,516.77001953125,516.8200073242188,516.8699951171875,516.77001953125,11447,516.77001953125,2025-10-02 18:06:00+00:00,516.7330322265625,516.9127868652344,516.7273712158203,516.2047668457031,516.8004294988077,516.8168643290803,516.7990196120021,516.6852884078559,516.6119761265506,48.842320102093225,55.043765336412505,57.34554953516969,-0.06531879087293241,-0.05992797075769989,0.05227870885769604,517.3190721061029,516.7273712158203,516.1356703255377,0.2359969175600934,0.23205693005725303,0.23067872188923091,515.7760316930786,516.7072118570528,516.9055759810645,516.7778196966381,25900.2,25344.2,22456.3,76.11160917390026,0.20488820252967344,0.28194184813885126,-0.07705364560917782,52.39755884917175,50.86271112880664,-28.738698680887154,29.223522374668203,516.8033447265625
hold,516.8099975585938,516.7899780273438,517.0349731445312,516.760009765625,21008,516.8099975585938,2025-10-02 18:07:00+00:00,516.7770263671875,516.8957885742187,516.7573699951172,516.2297668457031,516.8036188520698,516.815490974983,516.8007085268623,516.6966256033775,516.626644380776,51.166049134659076,56.06899251517213,58.00019685100361,0.04258129109924595,-0.03287997922126987,0.05324410318012399,517.2999062714597,516.7573699951172,516.2148337187747,0.24156355489525863,0.23512167640360995,0.23278751508051754,515.7775898961474,516.7759831336734,516.8928727925517,516.8015819641911,21291.8,25747.7,22619.6,75.95735181410868,0.188846594207007,0.26332279735248243,-0.07447620314547543,37.504238724991524,54.47636547491266,-14.029957203995227,29.65481365882659,516.8683268229166
hold,516.9990234375,516.8300170898438,516.9990234375,516.7899780273438,17812,516.9990234375,2025-10-02 18:08:00+00:00,516.8178100585938,516.8956909179688,516.792822265625,516.2593469238282,516.8687537138799,516.8521974674865,516.8312185131143,516.7241163155704,516.6542280146075,60.95050647983368,60.63960327058271,60.97383500961101,0.039458279512720365,-0.00018889023210831723,0.06562348751446699,517.3000760326354,516.792822265625,516.2855684986146,0.23691810564682883,0.23325908595736997,0.2316569386555524,515.7791485910237,516.8100866146852,516.8941978390307,516.8218640405233,21312.8,26086.6,22944.3,75.35540412804556,0.19796945287896506,0.250252128457779,-0.05228267557881394,86.92563817980022,58.9424785846545,2.2323815634815976,29.65481365882659,516.9293416341146
hold,516.9840087890625,516.9450073242188,516.9840087890625,516.875,14852,516.9840087890625,2025-10-02 18:09:00+00:00,516.876611328125,516.877099609375,516.8272735595704,516.2883251953125,516.9071720722741,516.8785597318017,516.8547247094141,516.7477429040697,516.6786562201227,59.83943234193618,60.10468188350827,60.61589471848925,0.05690188435368283,-0.035948162890732695,0.02012147989233591,517.2858588516441,516.8272735595704,516.3686882674966,0.22079029591156757,0.2254565396389864,0.22653153383862132,515.7804292641933,516.8710950399196,516.8761999146586,516.8422587910624,18955.2,25428.2,23024.2,75.32033999842847,0.19990351167905374,0.24018240510203395,-0.040278893422980216,81.46503884572697,68.63163858350623,4.9694007741394035,18.774669641324866,516.9476725260416
hold,516.989990234375,516.9500122070312,516.989990234375,516.885009765625,12376,516.989990234375,2025-10-02 18:10:00+00:00,516.9106079101563,516.8555969238281,516.8547882080078,516.3198254394531,516.9347781263077,516.9008458323165,516.8755347901773,516.7697653886429,516.7017179989562,60.17682787548104,60.25509673078512,60.71236714584584,0.03289015667878623,-0.04157478144327391,-0.017387020076047262,517.2820170847448,516.8547882080078,516.4275593312708,0.2042460348884865,0.2168511060040588,0.22074338788202028,515.7814996498588,516.9096337238491,516.8388588960568,516.8579295006837,15499.0,23561.8,22975.7,73.36761206147068,0.1991278333603077,0.23197149075368872,-0.03284365739338102,95.67883211678833,88.02316971410517,10.44415151880917,5.183552862222666,516.9549967447916
hold,517.010009765625,517.0,517.02001953125,516.8800048828125,14125,517.010009765625,2025-10-02 18:11:00+00:00,516.9586059570313,516.8458190917969,516.8787872314454,516.35142578125,516.9598553394135,516.9226786189782,516.8962232479385,516.7916057865503,516.7245544261168,61.44171494680724,60.78796590508139,61.04768184974197,0.04644043294010932,-0.01890869226209572,0.005808599560813204,517.2836894133757,516.8787872314454,516.473885049515,0.19507012253834558,0.21136278760644744,0.21689916219418598,515.7827391911461,516.9472520648463,516.7989959770649,516.8699722959618,16034.6,20967.4,23158.95,73.12790764711346,0.19812419286142813,0.22520203117523663,-0.0270778383138085,93.0976430976431,90.08050468671945,20.60683497415314,1.9626119828077275,516.9700113932291
hold,517.239990234375,517.0050048828125,517.2899780273438,517.0050048828125,26962,517.239990234375,2025-10-02 18:12:00+00:00,517.0446044921875,516.9108154296875,516.9157867431641,516.3846252441406,517.053233637734,516.9861409420575,516.949110476621,516.8323680090798,516.7627348563582,72.9547670341093,66.36664167703836,64.68348928557394,0.08320130760096205,0.12581802689119592,0.046419774540618956,517.3105873130548,516.9157867431641,516.5209861732733,0.20791341139447478,0.21662067024393333,0.22014078040071286,515.7855403946195,517.072372517134,516.908532376242,516.9128907959782,17225.4,19258.6,23167.75,78.53426989800514,0.22340608569936649,0.2248428420800626,-0.0014367563806961248,87.80705672175078,92.19451064539408,112.39086320825218,20.23257773658044,517.1783243815104
hold,517.0900268554688,517.2495727539062,517.25,517.0900268554688,16405,517.0900268554688,2025-10-02 18:13:00+00:00,517.0628051757812,516.9403076171875,516.9435394287109,516.4132983398438,517.0654980436457,517.0069181247399,516.9707899195206,516.8557915405697,516.7869787081441,59.450542917913126,60.33847786328846,60.79804453905998,0.017602241753509114,0.05706746680798108,-0.015448504669720649,517.3038930990575,516.9435394287109,516.5831857583643,0.20106480184258554,0.2125744184073131,0.2172756548831194,515.7870643292457,517.091212380529,516.9345976813834,516.9385539940693,16944.0,19128.4,22822.65,73.13818327853218,0.21993941659570737,0.22386215698319156,-0.0039227403874841915,51.228226887003125,77.37764223546567,95.41658009552549,8.915082992542704,517.1433512369791
hold,517.114990234375,517.0599975585938,517.125,516.9600219726562,30013,517.114990234375,2025-10-02 18:14:00+00:00,517.0890014648437,516.9828063964844,516.9662902832031,516.4445983886719,517.0819954405555,517.028532546667,516.9929745833443,516.8793550581884,516.8112758582354,60.857652033419605,60.97394441714044,61.205355896989516,0.0253356860339451,0.08225198687039519,-0.01740641573341726,517.30919182951,516.9662902832031,516.6233887368961,0.1959095483427519,0.20917467618848715,0.21478529166695895,515.7898964160635,517.1142981773066,516.995885684825,516.9660977731821,19976.2,19465.7,22999.7,63.76156111123021,0.21725668843157564,0.22254106327286838,-0.005284374841292738,46.96633370329264,62.00053910401551,66.22239817010063,6.5368184115025905,517.0666707356771
hold,517.1566162109375,517.0800170898438,517.1801147460938,517.0,20788,517.1566162109375,2025-10-02 18:15:00+00:00,517.1223266601562,517.0164672851563,516.9801208496094,516.4743310546875,517.1068690306829,517.0541492795211,517.0181502183586,516.9045606175292,516.8368566251022,63.33294505946905,62.0653963657147,61.89848071392806,0.03223001986691481,0.06513077704973287,0.009442542952357413,517.3302238200063,516.9801208496094,516.6300178792126,0.1936531480214659,0.20709896689600593,0.21313431330632995,515.7919123413957,517.1366278051204,517.0419451220185,516.9774460007836,21658.6,18578.8,23271.7,61.46017414552192,0.217292654418884,0.2214913815020715,-0.004198727083187498,67.79625342033256,55.33027133687611,97.96322461241772,12.00618178305805,517.1122436523438
hold,517.0800170898438,517.1300048828125,517.1300048828125,516.9351196289062,23011,517.0800170898438,2025-10-02 18:16:00+00:00,517.136328125,517.0474670410156,516.980126953125,516.5021313476562,517.0979183837366,517.0593228415856,517.0276681985871,516.9205112059215,516.8548685113793,55.762397016916985,58.806153173086486,59.8329633987266,0.013540806347344468,0.05998752769654507,0.09485088927434698,517.3302368851429,516.980126953125,516.6300170211072,0.19763078145143506,0.2081273679770948,0.2135325165789452,515.7940120566834,517.1407736899516,517.0621567554915,516.974125094395,23435.8,19735.2,22539.7,66.02779514808711,0.20445433020631754,0.21808397124292073,-0.01362964103660319,59.142999501743894,57.968528875123035,55.75569663857211,48.093960822563595,517.0483805338541
hold,517.2664794921875,517.0499877929688,517.2664794921875,517.0050048828125,17128,517.2664794921875,2025-10-02 18:17:00+00:00,517.1416259765625,517.093115234375,516.9944519042969,516.5274609375,517.154105419887,517.1007541717061,517.0644083976025,516.9519628683092,516.8853582136614,66.97400348084824,63.79083977661394,62.989632343534566,0.00512127026382802,0.08832683882861535,0.09121110226780586,517.366144920948,516.9944519042969,516.6227588876457,0.2067513282976586,0.21193788521980234,0.2158154733787573,515.7957964864736,517.1359109810221,517.1076258685547,516.985008947905,21469.0,19347.2,22547.45,65.95980744198408,0.21539595804460987,0.21754636860325857,-0.002150410558648702,100.0,75.64641764069215,109.57633472106667,56.07675906183369,517.1793212890625
hold,517.2100219726562,517.239990234375,517.2650146484375,517.1900024414062,11329,517.2100219726562,2025-10-02 18:18:00+00:00,517.165625,517.1142150878907,517.0049530029297,516.5547619628907,517.1727442708101,517.1226077318961,517.0868104860723,516.9754227868862,516.9094073809944,61.47072020958584,61.36940581779839,61.454200180348636,0.023205846362424565,0.04081217286511134,0.10064439582590362,517.3883621068104,517.0049530029297,516.621543899049,0.18814071722388595,0.20226211133133432,0.20918031039792362,515.7969291720555,517.1514810218353,517.1241748204466,516.9902181263512,20453.8,18698.9,22392.75,73.98489573714399,0.2132003509017295,0.2166771650629528,-0.0034768141612232795,82.9618714312028,80.70162364431557,114.06207438033397,56.076759061833684,517.2216796875
hold,517.239990234375,517.1699829101562,517.27001953125,517.16162109375,14977,517.239990234375,2025-10-02 18:19:00+00:00,517.190625,517.1398132324218,517.0084564208985,516.5843615722656,517.1951595919984,517.1460842323919,517.1103766011959,516.9994743730215,516.9338949997633,63.33640063557426,62.189846510149714,61.97086285788499,0.0241725732884567,0.049514383609676485,0.08126289698625781,517.3990444384712,517.0084564208985,516.6178684033258,0.17674896297761652,0.19555756320052473,0.2043811735932606,515.798455504289,517.1792319931449,517.1445704795235,516.989965988375,17446.6,18711.4,22069.8,72.47292009390293,0.2121892326285888,0.21577957857608,-0.0035903459474911914,88.66881621372639,90.54356254830971,103.12100383149343,50.43024595162273,517.223876953125
hold,517.27001953125,517.219970703125,517.280029296875,517.1799926757812,14908,517.27001953125,2025-10-02 18:20:00+00:00,517.2133056640625,517.1678161621094,517.0117065429688,516.6143615722656,517.2201129050823,517.1708712921635,517.1349370519735,517.0240693874059,516.9587931132068,65.30065634623094,63.03697941743169,62.4997188892773,0.021928235423801505,0.05416532276534987,0.09675483892303549,517.4097926883213,517.0117065429688,516.6136203976163,0.165790056994207,0.18873463876432653,0.19941238537899822,515.8000031839883,517.2016478536368,517.1645196457442,516.9840869391905,16270.6,18964.6,21263.2,72.8466880497133,0.21207817895674452,0.2150392986522129,-0.0029611196954683894,91.54639175257732,87.72569313250217,101.94274165787678,50.15330108332766,517.2433471679688
hold,517.22998046875,517.280029296875,517.4400024414062,517.2000122070312,28915,517.22998046875,2025-10-02 18:21:00+00:00,517.2432983398437,517.1898132324219,517.0178161621094,516.6430688476562,517.2234020929716,517.1826931274809,517.149559116093,517.042788576619,516.9788810654692,60.27721185439087,61.07221623055444,61.30613496021111,0.029001967577523605,0.042546701025134664,0.08126447091585802,517.4252540568772,517.0178161621094,516.6103782673416,0.1763900823343203,0.1923957527365175,0.20134466390261732,515.8029142353366,517.2431125277792,517.1844537657324,516.9892870796319,17451.4,20443.6,20705.5,73.66322019669397,0.20381206201170698,0.21279385132411174,-0.008981789312404759,24.556018417013814,68.25707546110583,116.51564937437035,49.87324426173347,517.2899983723959
hold,517.3900146484375,517.2507934570312,517.3900146484375,517.2349853515625,12418,517.3900146484375,2025-10-02 18:22:00+00:00,517.2680053710938,517.2048156738281,517.0578155517578,516.6726696777343,517.2789396114603,517.2241574316722,517.1865522749152,517.074354583148,517.0093354049484,70.76462483385632,65.67704064695332,64.17725840810238,0.02388230460463576,0.029004797945827818,0.07562706953251468,517.4460312622508,517.0578155517578,516.6695998412648,0.17405352481334596,0.19008421180444482,0.19937749798761176,515.8043005890913,517.2603633202725,517.1900110339369,517.0482804016631,16509.4,18989.2,19123.9,73.11426442982753,0.214822026723823,0.213199486404054,0.0016225403197689947,80.77464788732394,65.62568601897169,130.10483496613398,49.87324426173348,517.3383382161459
hold,517.2949829101562,517.3499755859375,517.385009765625,517.280029296875,16192,517.2949829101562,2025-10-02 18:23:00+00:00,517.2849975585938,517.2253112792969,517.0828094482422,516.6970690917968,517.2842873776923,517.2383225273691,517.2032339111062,517.0944117037851,517.0304944794082,59.82262237985437,61.058150341076896,61.33937640286024,0.016426777109994146,0.03963643544507715,0.06015159382243722,517.464462380567,517.0828094482422,516.7011565159173,0.1649009286346537,0.1843628646443059,0.19512072911022546,515.8059965241765,517.2733009421297,517.2076194411276,517.0705334398863,17482.0,18967.9,19048.15,67.01374941509312,0.20782804796090204,0.21212519871542362,-0.004297150754521584,39.57273652085453,48.30113427506409,106.39096841804108,49.87324426173348,517.3200073242188
hold,517.4500122070312,517.2949829101562,517.4500122070312,517.280029296875,17461,517.4500122070312,2025-10-02 18:24:00+00:00,517.327001953125,517.2588134765625,517.1208099365234,516.7272692871094,517.339528987472,517.2806604633015,517.2411998027869,517.1267390222621,517.0615698666395,68.95792984759295,65.34044759198923,64.06149815346409,0.0406043570917793,0.06478674549821231,0.08898082774246774,517.4895793991993,517.1208099365234,516.7520404738475,0.16562692599488174,0.18333572503801618,0.19392369011241709,515.8080110192428,517.313175125796,517.2472096812812,517.1156225899105,17978.8,17712.7,18589.2,67.64915309266681,0.21909059666199937,0.2135182783047388,0.005572318357260575,100.0,73.44912813605949,139.0089333434752,52.98804780876494,517.3933512369791
hold,517.47998046875,517.469970703125,517.5549926757812,517.4500122070312,16362,517.47998046875,2025-10-02 18:25:00+00:00,517.368994140625,517.2911499023437,517.15380859375,516.7588684082032,517.386346147898,517.3205244643913,517.2779352898581,517.1588518810337,517.0925632445736,70.47208019299389,66.11613306961996,64.56787399402192,0.040590200392875385,0.06252733653137803,0.09090166423239093,517.5270906895132,517.15380859375,516.7805264979868,0.15696314638847006,0.1777389210174436,0.18968829861896866,515.8099286168685,517.3500958315027,517.2801675256833,517.1567080501288,18269.6,17270.1,17924.45,67.92221426169674,0.22796121981764372,0.21640686660731978,0.011554353210323942,72.71920088790233,70.76397913625229,178.74864150213833,56.42644431209054,517.4949951171875
hold,517.4400024414062,517.5,517.5399780273438,517.3900146484375,28597,517.4400024414062,2025-10-02 18:26:00+00:00,517.4109985351563,517.3271484375,517.1873077392578,516.7882690429688,517.4042315790675,517.3444200597943,517.3028686977885,517.1844110228857,517.118299481376,65.49970101681774,64.056589360729,63.31821709063123,0.04060514289328576,0.06961888676118609,0.03866913054047101,517.5362680905969,517.1873077392578,516.8383473879187,0.15596317960529577,0.17575495372378688,0.18779663577550587,515.8131896170279,517.416493667792,517.3316376876359,517.1900586691619,18206.0,17828.7,18781.95,57.464535375004075,0.22612057841831756,0.21834960896951935,0.0077709694487982095,58.17980022197558,76.96633370329265,122.34008045850929,30.471910112359556,517.4566650390625
hold,517.3800048828125,517.4500122070312,517.4500122070312,517.330078125,28321,517.3800048828125,2025-10-02 18:27:00+00:00,517.4089965820312,517.3385009765625,517.2158081054688,516.8196691894532,517.3961560136493,517.351537024398,517.3147358031769,517.202192282879,517.1376850666676,58.29763508659566,60.986209487035914,61.444270473482206,-0.001934665405516486,0.02194717715643405,0.05607882811184085,517.5280229139747,517.2158081054688,516.9035932969629,0.15081616566614636,0.1717677486028914,0.18456508559720797,515.8162876773507,517.4099046595619,517.3447569451101,517.2249554461147,21386.6,18948.0,19147.6,55.020523210050555,0.21385195773041232,0.21745007872169797,-0.003598120991285647,22.19810040705563,51.03236717231118,68.92475465332522,21.532235556795982,517.3866984049479
hold,517.3453979492188,517.3505859375,517.39501953125,517.2650146484375,19241,517.3453979492188,2025-10-02 18:28:00+00:00,517.4190795898437,517.3520385742188,517.2331268310547,516.8477770996094,517.3792366588391,517.3503092093622,517.3194530564141,517.215210979819,517.1530712061158,54.281175944105726,59.222885610706115,60.362305511974995,0.009745897549378723,0.026174275596240675,0.044556378986291036,517.5335231038247,517.2331268310547,516.9327305582848,0.1478431252584826,0.1687846867607206,0.18196698070269807,515.8183390611251,517.4155386665145,517.3525523272076,517.2414540117037,21996.4,19739.2,19219.05,57.21550141915033,0.1972380032464116,0.2134076636266407,-0.0161696603802291,29.23418423973363,36.537361622921615,30.66671068396584,31.278263491106422,517.3351440429688
hold,517.3800048828125,517.4000244140625,517.4000244140625,517.2899780273438,12897,517.3800048828125,2025-10-02 18:29:00+00:00,517.405078125,517.3660400390625,517.2529266357421,516.8759777832031,517.3794927334969,517.3562483440523,517.3287687220138,517.2301922437275,517.1698811080934,57.68258117629626,60.45424548230137,61.08187544345821,-0.013529292215136742,0.027069571394519532,0.04319555524817735,517.5367795277123,517.2529266357421,516.969073743772,0.14244359118137792,0.16458909390057982,0.17854219051298625,515.8197420910125,517.4054813546763,517.3629966320839,517.2561247376254,21083.6,19531.2,19121.3,55.927200119985116,0.18636723595898275,0.20799957809310915,-0.021632342134126403,62.15770372814253,37.863329458310595,37.21847780035728,26.745400498111994,517.3566691080729
hold,517.2249755859375,517.4149780273438,517.4299926757812,517.219970703125,26640,517.2249755859375,2025-10-02 18:30:00+00:00,517.3540771484375,517.3615356445313,517.2646759033203,516.9032775878907,517.3279870176439,517.3299937924294,517.3128005472329,517.2297180021103,517.1739621805262,41.533192515847624,52.767069497321955,56.27645582830432,-0.0492782121892925,-0.008708013921494777,0.0280340549436787,517.5222597248805,517.2646759033203,517.00709208176,0.15209764567778822,0.16783429952598486,0.18004122775790357,515.8223450518049,517.3533825078391,517.3519324232678,517.262335802213,23139.2,20704.4,19834.5,55.16020748319023,0.1560316119031313,0.1976059848551136,-0.0415743729519823,2.3830281894798024,31.25830538578532,-30.154367830235916,25.895778469395893,517.2916463216146
hold,517.0549926757812,517.2249755859375,517.239990234375,517.0499877929688,20616,517.0549926757812,2025-10-02 18:31:00+00:00,517.2770751953125,517.3440368652343,517.2669250488282,516.9268774414063,517.2369889036897,517.2749935690998,517.2731377977788,517.2138338815349,517.1651496246192,30.58099467383643,45.87855032811837,51.602639393703896,-0.07440664884980508,-0.03383171888260689,-0.040885467122066664,517.5162273419425,517.2669250488282,517.0176227557139,0.15751261649613987,0.1694177382317181,0.18051557126496767,515.8241094888122,517.2732759765489,517.3388731308615,517.260573614442,21543.0,19874.5,20159.05,48.0768885587862,0.1098439444806445,0.1800535767802198,-0.0702096322995753,1.3170575008030838,21.952596472808477,-180.03757581093177,13.577981651376147,517.114990234375
hold,517.0900268554688,517.0250244140625,517.1651000976562,517.0250244140625,23059,517.0900268554688,2025-10-02 18:32:00+00:00,517.2190795898438,517.3140380859375,517.2594268798828,516.942578125,517.1880015542828,517.2380002263736,517.2449668835773,517.2025786973471,517.1595849750524,34.72021158604372,47.40259804497846,52.457128080639414,-0.056047397388198354,-0.05798097846410688,-0.023200462498741733,517.5202721223518,517.2594268798828,516.9985816374137,0.15502162608151274,0.16732187718614894,0.178589862328243,515.8261330384784,517.2025292845314,517.3084354624905,517.2521141735967,20490.6,20938.6,19963.9,42.03179903693904,0.07841525132118932,0.1597259116884137,-0.0813106603672244,16.051243406179353,6.583776365487413,-167.76546879235917,16.198383868337167,517.0933837890625
hold,516.9697875976562,517.0806884765625,517.0900268554688,516.9199829101562,35351,516.9697875976562,2025-10-02 18:33:00+00:00,517.1439575195312,517.2815185546875,517.2534149169921,516.9548742675781,517.1152635687406,517.1843577006301,517.2026316088202,517.1814158701025,517.1455259100602,28.028455663838855,42.934016572676875,49.319191099961934,-0.07260340056206877,-0.06286457886572619,-0.052239316723425445,517.534367893191,517.2534149169921,516.9724619407933,0.1571676716859395,0.16751631062374545,0.1781829138989219,515.828928809742,517.1099490752757,517.2570070044521,517.2346080421165,23712.6,22854.5,20911.2,34.21345328176609,0.03883179056992958,0.1355470874647169,-0.0967152968947873,15.563608621018501,10.977303176000312,-190.82183935354502,23.33672431332656,516.9932657877604
hold,516.7100219726562,517.010009765625,517.02001953125,516.7100219726562,21732,516.7100219726562,2025-10-02 18:34:00+00:00,517.0099609375,517.20751953125,517.2331665039062,516.9594763183594,516.9801830367126,517.0894905550354,517.1268455109488,517.1385618794255,517.1132663591414,18.864468315330058,35.211306197747646,43.426433666087036,-0.12949532332777383,-0.1430070957422126,-0.108260200175765,517.5971960106008,517.2331665039062,516.8691369972116,0.1790005126727696,0.17769354262160292,0.1844598017415328,515.8302509405402,517.0143892898479,517.1914739545191,517.2155560880699,25479.6,23281.6,20497.15,28.613603876643182,-0.023775804106094256,0.10368250915055466,-0.12745831325664891,0.0,10.538284009065952,-202.4291187524508,39.09328006214972,516.8133544921875
hold,516.8300170898438,516.75,516.8300170898438,516.7000122070312,16227,516.8300170898438,2025-10-02 18:35:00+00:00,516.9309692382812,517.1425231933594,517.2168365478516,516.9683764648438,516.9301277210897,517.037595861997,517.0811796000096,517.1105123530999,517.092284931786,31.019124952353977,40.532560847100015,46.52543034564863,-0.07636106428277596,-0.1256016471047812,-0.07732795739020681,517.6203024230211,517.2168365478516,516.813370672682,0.17200113697844535,0.1742872097780956,0.1818667103639598,515.8313698713367,516.9408599773951,517.1459786019594,517.2031458203264,23397.0,23268.1,20269.1,20.04621248007294,-0.05468906978899213,0.0720081933626453,-0.12669726315163743,33.333333333333336,16.298980651450613,-154.1581452439337,63.1585710614238,516.7866821289062
hold,516.9299926757812,516.8300170898438,516.9299926757812,516.8099975585938,18194,516.9299926757812,2025-10-02 18:36:00+00:00,516.9059692382813,517.0915222167969,517.2093353271484,516.9841760253906,516.9300827059869,517.0160752247539,517.0579200732052,517.0941014733437,517.0802632831931,39.78708274793865,44.614144955876704,48.97080794231539,-0.0241753782036065,-0.09856403896464352,-0.08891203147181558,517.6279898479041,517.2093353271484,516.7906808063927,0.16457170557973888,0.17040920316448163,0.1789204440222236,515.8327467596903,516.9185955517473,517.0904722195124,517.1978122712277,22912.6,22227.8,20028.25,21.577279612885675,-0.06418805843918562,0.04476894300227912,-0.10895700144146475,71.8672515735266,35.06686163561998,-96.29858480511108,47.62236949191955,516.8899943033854
hold,516.9199829101562,516.915283203125,517.02001953125,516.8018798828125,24231,516.9199829101562,2025-10-02 18:37:00+00:00,516.8719604492187,517.0455200195313,517.1920104980469,516.9983752441407,516.9267161073767,516.9968567618344,517.0366989711977,517.0782725130539,517.0683906629681,39.204995744422845,44.28640111664158,48.73650794232337,-0.032884785333527386,-0.0889137516554096,-0.07249248734065723,517.6280871909116,517.1920104980469,516.7559338051822,0.17222426884513334,0.17381852068398293,0.18078802518485582,515.8345584870945,516.8847301061094,517.0339568244755,517.1784136051349,23147.0,21818.8,20383.4,28.856717675919853,-0.0715339011337619,0.02150837417507092,-0.09304227530883283,68.73927140949839,57.979952105452774,-75.58143592426765,35.96401991754565,516.9139607747396
hold,516.969970703125,516.9799194335938,516.9899291992188,516.9000244140625,13204,516.969970703125,2025-10-02 18:38:00+00:00,516.8719970703125,517.0079772949218,517.1800079345703,517.0119750976562,516.9411343059595,516.9914795500924,517.0264330838019,517.0684268939694,517.0611002955724,43.98002016572574,46.403884515306615,49.991125758065365,3.54189883321588e-05,-0.07256800728912659,-0.09277060442201436,517.6265301483537,517.1800079345703,516.7334857207869,0.1604643426038643,0.167824682432002,0.1764602518501603,515.8355885471207,516.8646276299299,517.0017283106929,517.1708188683825,18717.6,21215.1,20477.15,27.85956663651075,-0.0696207454799378,0.003282550244069175,-0.07290329572400697,77.0565193060996,72.5543474297082,-55.734688333899925,44.18578242107654,516.9533081054688
hold,517.1799926757812,516.9749755859375,517.1799926757812,516.9400024414062,15882,517.1799926757812,2025-10-02 18:39:00+00:00,516.9659912109375,516.9879760742188,517.1770080566406,517.0296752929687,517.0207537625668,517.0291821752302,517.0500576364141,517.0785692377706,517.0699071385508,59.55221964236338,54.26822508355817,54.8643159563048,0.09095443926765376,-0.03865866580533067,-0.057970898255235194,517.6226834038613,517.1770080566406,516.7313327094199,0.1718251842854551,0.1729793647136447,0.1794854891132479,515.8370539763048,516.960008397694,516.9922113618591,517.1686498210504,17547.6,21513.6,20522.4,27.742773013359653,-0.04072496332059927,-0.005518952468864515,-0.035206010851734755,100.0,81.93193023853267,-2.191865022776084,33.61043880879721,517.0999959309896
hold,517.1199951171875,517.1699829101562,517.1900024414062,517.0499877929688,17335,517.1199951171875,2025-10-02 18:40:00+00:00,517.0239868164062,516.9774780273438,517.1695068359375,517.04328125,517.053834214107,517.0473447636217,517.0608172488407,517.0823352268085,517.0736173591905,54.50280006442786,51.9242511965276,53.30619171279704,0.056107040565591085,-0.02029686765049832,-0.06184433416606342,517.6137154694007,517.1695068359375,516.7252982024742,0.1672808220214615,0.1706247421224915,0.17760592527154562,515.8385785344514,517.0149657253722,516.972847381065,517.162946765813,17769.2,20583.1,20643.75,34.72937718532036,-0.02627259556879835,-0.009669681088851283,-0.016602914479947068,75.85771416543885,84.30474449051282,15.495888979121112,28.81728707318415,517.1199951171875
hold,517.1699829101562,517.1500244140625,517.1699829101562,517.0701293945312,14376,517.1699829101562,2025-10-02 18:41:00+00:00,517.0719848632813,516.9889770507813,517.1665069580079,517.0560803222656,517.0925504461235,517.0718723929286,517.0776119659662,517.090303198022,517.0807555481509,57.967059827297454,53.71789150354071,54.4381569322576,0.04642606112536441,0.02223945924589582,-0.04059336864087362,517.6098510075328,517.1665069580079,516.7231629084829,0.15764834967910987,0.16556965451552783,0.17390342957409105,515.8398893261354,517.0593572988859,516.978561631559,517.1583347600958,17005.6,19959.1,19916.8,41.62101929305666,-0.008883155222292771,-0.009512375915539582,0.0006292206932468104,91.9921875,89.28330055514628,32.68683952065452,24.75443185120604,517.1366984049479
hold,517.0679931640625,517.1699829101562,517.1799926757812,517.0679931640625,9161,517.0679931640625,2025-10-02 18:42:00+00:00,517.1015869140625,516.9867736816407,517.1504058837891,517.0674401855468,517.0843646854365,517.0710965471554,517.0761321502887,517.0882750131166,517.0798101863666,49.07286684769449,49.64795274807078,51.750521458759394,0.028633107405324484,-0.004261093864107461,-0.05362080850741023,517.5833802754896,517.1504058837891,516.7174314920885,0.15112708711334416,0.16174321574432943,0.17095562396193195,515.8406593270204,517.1087625702514,516.9691321197903,517.1489578501242,13991.6,18569.3,19753.95,43.18271581832975,-0.008713639211123336,-0.009352628574656333,0.0006389893635329966,12.859633827375763,60.236511830938205,28.67058841791337,18.57940256394528,517.1053263346354
hold,516.9299926757812,517.0650024414062,517.0650024414062,516.8599853515625,23579,516.9299926757812,2025-10-02 18:43:00+00:00,517.0935913085938,516.9827941894531,517.1321563720703,517.0753405761719,517.0329073488848,517.0428757728806,517.0536491542106,517.0738857097224,517.0687125929899,39.504412575723244,44.71168458199077,48.35853946147282,-0.007733143046853638,-0.0076977267975225135,-0.08697904881986666,517.5699583116489,517.1321563720703,516.6943544324918,0.1592529050257236,0.16504782979830587,0.17272001389231614,515.842414416054,517.079103432311,516.9636926343438,517.1302546115454,16066.6,17392.1,20123.3,36.91874804012806,-0.025836820109248038,-0.012649466881574674,-0.013187353227673363,21.876788098416938,42.24286980859757,-37.796272916373404,33.21106526058383,516.95166015625
hold,516.9299926757812,516.9749755859375,517.0,516.9299926757812,11127,516.9299926757812,2025-10-02 18:44:00+00:00,517.0435913085937,517.0047912597656,517.1061553955078,517.0807409667968,516.9986024578503,517.0202991534608,517.034625080606,517.0608045248186,517.058437043567,39.50441257572323,44.71168458199077,48.35853946147282,-0.04833907025415895,0.04257140248319794,-0.05703183799701069,517.5267905115237,517.1061553955078,516.6855202794919,0.14650353633901306,0.15825922225690903,0.16782893343167013,515.843240685138,517.0359496262735,516.9951518384688,517.1105349172667,15115.6,16331.6,19806.6,43.30312884885427,-0.03813789010621349,-0.017747151526502438,-0.020390738579711052,21.876788098416938,18.87107000806988,-27.504273999522486,29.066118385456114,516.9533284505209
hold,516.8699951171875,516.9149780273438,516.9251098632812,516.8599853515625,13092,516.8699951171875,2025-10-02 18:45:00+00:00,516.9935913085938,517.0087890625,517.0756561279297,517.0805407714844,516.955733344296,516.9902383462062,517.0092973939262,517.043458215034,517.0444783823536,35.41775778232778,42.577182225482154,46.88551798005377,-0.0483446786743077,0.007735237122808286,-0.035779087565982075,517.4711537611323,517.0756561279297,516.6801584947272,0.13557550603611834,0.15195551525418338,0.16317076156438823,515.8441576811312,516.985068501749,517.0016512970245,517.0871322588879,14267.0,16018.1,19643.1,44.57443764201959,-0.05424003614746198,-0.025045728450694346,-0.029194307696767632,4.88240547782078,16.211993891551554,-64.09637350797787,22.16813108525291,516.8850301106771
hold,516.9299926757812,516.8499755859375,516.9498901367188,516.8499755859375,11565,516.9299926757812,2025-10-02 18:46:00+00:00,516.9455932617187,517.0087890625,517.0501556396484,517.0775427246094,516.9471531214579,516.9781892121212,516.9970966680578,517.033143166011,517.0359979596445,42.372755458400725,45.38502034204895,48.531652888996646,-0.04640451733578118,0.0,-0.03094899753930682,517.4128003683956,517.0501556396484,516.6875109109013,0.13048108385685145,0.14823830350611672,0.16015856105090545,515.8450136576121,516.9369790518836,517.004744874446,517.0554467950129,13704.8,15355.2,18791.5,51.385310275861016,-0.0578087475233815,-0.031598332265231774,-0.026210415258149725,53.336045565500406,26.69841304724604,-40.95174102823399,17.332699958434773,516.9099527994791
hold,516.719970703125,516.9500122070312,516.9500122070312,516.6599731445312,21168,516.719970703125,2025-10-02 18:47:00+00:00,516.8759887695312,516.9887878417969,517.0171539306641,517.0723425292969,516.8714256486803,516.926545510322,516.954461904222,517.0046729421122,517.0125885332357,29.42947567264224,38.32116073787675,43.56862431600193,-0.06730690461188044,-0.03869306926484468,-0.04832330641450865,517.3738037055452,517.0171539306641,516.660504155783,0.15327508080587268,0.15836692914853698,0.16634334683419566,515.8462743024048,516.8650334283573,516.9783360837582,517.0112531851115,16106.2,15048.9,18433.85,54.54433293845553,-0.08604302291371368,-0.04248727039492816,-0.043555752518785525,20.686026936026938,26.30149265978271,-120.1178120051845,23.64394230241869,516.7766520182291
hold,516.75,516.719970703125,516.7999877929688,516.6849975585938,13252,516.75,2025-10-02 18:48:00+00:00,516.839990234375,516.9667907714844,516.9873840332032,517.0673425292969,516.8309504324536,516.8912364082576,516.9230062266492,516.9815208564656,516.9931375307738,32.851035753712694,39.76475555823263,44.421911123042804,-0.03481954584402331,-0.04254999624558857,0.0077370334701705465,517.3285284192538,516.9873840332032,516.6462396471526,0.14780581703003373,0.15526859380757005,0.16389796052661493,515.8470887303662,516.8215017622471,516.9589690623875,516.9839806902529,14040.8,15053.7,18134.4,56.62407629601936,-0.10190112251621031,-0.05437004081918459,-0.04753108169702572,31.03956228956229,35.02054493036321,-131.99143797816643,5.88791996214426,516.7449951171875
hold,516.8300170898438,516.75,516.8400268554688,516.719970703125,21852,516.8300170898438,2025-10-02 18:49:00+00:00,516.8199951171875,516.9317932128906,516.9598846435547,517.0605444335938,516.8306393182504,516.8789925445748,516.9087002056023,516.9677477867727,516.9810545351494,41.64638291216664,43.555733267565266,46.67775832745063,-0.019340256389457508,-0.06766997774349302,0.0,517.255650211315,516.9598846435547,516.6641190757944,0.1438415792177075,0.1527534194172972,0.16181025537504992,515.8485472181006,516.808884511864,516.9185353723165,516.9611847904039,16185.8,15650.7,18582.15,64.80839912465069,-0.10206199057461163,-0.06390843077027,-0.038153559804341625,58.627946127946124,36.784511784511785,-99.02991459185564,0.3336604514229641,516.7966715494791
hold,516.8599853515625,516.8300170898438,516.9199829101562,516.760009765625,19865,516.8599853515625,2025-10-02 18:50:00+00:00,516.8179931640625,516.9057922363281,516.9416351318359,517.0536437988281,516.8404213293545,516.8751911059724,516.901205612673,516.9579512017536,516.9720864474763,44.80528904688946,44.953057652477945,47.51549072595368,-0.0019366118597637946,-0.05028035428529073,-0.013542902367953455,517.213823347088,516.9416351318359,516.6694469165839,0.14614608854821357,0.15326911406829383,0.16172277390629755,515.8499097045558,516.8113366581745,516.8892629335783,516.9364149732492,17540.4,15903.7,18243.4,65.06414460434019,-0.09689534150390955,-0.07050581291699792,-0.026389528586911626,74.46753246753246,54.71168029501363,-61.80917952544907,2.5339306010563605,516.8466593424479
hold,516.75,516.85400390625,516.85400390625,516.7100219726562,10807,516.75,2025-10-02 18:51:00+00:00,516.7819946289062,516.8637939453125,516.9263854980469,517.0464880371094,516.8102808862363,516.8501528847779,516.8779432107233,516.9390465470487,516.9556355995151,36.37421893863432,40.94666159590671,44.80300977830151,-0.03481954584402331,-0.08120790533761706,-0.032883795514980906,517.2055468087549,516.9263854980469,516.6472241873389,0.14669141574221878,0.15303299012814783,0.1611628027158191,515.8505688441184,516.787929383279,516.8536244426575,516.9238559773321,17388.8,15546.8,17752.95,57.89954181384154,-0.10548271473714976,-0.0775011932810283,-0.02798152145612147,19.040697674418606,50.712058756632395,-94.51706934015223,18.691000629326613,516.7713419596354
hold,516.8035888671875,516.7249755859375,516.8499755859375,516.7249755859375,23551,516.8035888671875,2025-10-02 18:52:00+00:00,516.7987182617187,516.837353515625,516.9120635986328,517.0507592773438,516.8080502132201,516.8408400812598,516.8665040809485,516.9267322125158,516.9443728786019,42.522296579309334,43.58490220208386,46.36930607871951,0.0161824912531863,-0.05113530529264575,-0.03218404266522598,517.1855058666222,516.9120635986328,516.6386213306434,0.14359264206475894,0.151030633690423,0.15944076449125627,515.8520873098823,516.8081623010645,516.8351253452073,516.9051128294012,17865.4,16985.8,17777.55,59.82063486514249,-0.10353279734215448,-0.08270751409325353,-0.020825283248900955,44.56395348837209,46.024061210107725,-70.89563655982656,18.691000629326616,516.7928466796875
hold,516.8300170898438,516.8350219726562,516.8599853515625,516.7899780273438,11927,516.8300170898438,2025-10-02 18:53:00+00:00,516.8147216796875,516.8273559570313,516.9050750732422,517.0514575195313,516.8153725054281,516.8386754829766,516.8608906977016,516.9179399286365,516.9359020794346,45.54954393394647,44.89245452854222,47.14594564383326,0.015484681150217708,-0.019340256389457508,-0.06766997774349302,517.1794019401052,516.9050750732422,516.6307482063792,0.13308045380104336,0.14524325444244632,0.15518202924018457,515.8528757745241,516.8198828174104,516.8206012250771,516.8955322032604,17600.4,15820.6,16606.35,59.105512626157214,-0.09722659645808562,-0.08561133056621995,-0.011615265891865678,80.01628001628002,47.87364372635691,-45.25942240879826,49.5374856840807,516.82666015625
hold,516.8800048828125,516.8400268554688,516.9099731445312,516.8099975585938,15957,516.8800048828125,2025-10-02 18:54:00+00:00,516.8247192382812,516.8223571777344,516.91357421875,517.0552575683594,516.836916631223,516.8469413629438,516.8638313415648,516.9144912881071,516.9317615463515,51.21900702970059,47.376852914112845,48.62354116663706,0.009671998784091581,-0.009670128194728754,-0.04640900306332468,517.1733488296446,516.91357421875,516.6537996078554,0.1283511869633943,0.14200984954923587,0.15255315098767577,515.8539825292866,516.8288700374576,516.8189494763499,516.9071262455187,16421.4,16303.6,16317.6,58.849277165781565,-0.08482018340771447,-0.08545310113451886,0.0006329177268043912,83.8007258330584,69.46031977923684,-11.989964287281428,41.379310344827594,516.8666585286459
hold,516.9600219726562,516.8099975585938,517.0,516.8099975585938,25024,516.9600219726562,2025-10-02 18:55:00+00:00,516.8447265625,516.8313598632812,516.9200744628906,517.0580578613282,516.8779517450341,516.8695574848863,516.8786299001943,516.918630441248,516.9338549112629,59.16025890307221,51.17162676733907,50.929268158255105,0.019354684813858474,0.017417698128973154,-0.040598051789188,517.1776573733879,516.9200744628906,516.6624915523934,0.13715850902665938,0.14543789182473685,0.1543364505314174,515.855848347027,516.859395560705,516.8353062308291,516.9148091356512,17453.2,17496.8,16757.45,60.73772383721087,-0.06429742637658364,-0.08122196618293182,0.01692453980634817,80.96483580354548,81.59394721762796,49.623456170308906,25.91054076107114,516.92333984375
hold,516.9349975585938,516.9498901367188,517.0399780273438,516.9000244140625,15313,516.9349975585938,2025-10-02 18:56:00+00:00,516.8817260742187,516.8318603515625,516.9203247070312,517.061357421875,516.8969670162207,516.8826454996278,516.8873018476403,516.9201183610066,516.9339395518059,55.843319660600045,49.9582868977118,50.189615118957015,0.0358002048560716,0.0009681935433061754,-0.025721105778549185,517.1779553939833,516.9203247070312,516.6626940200791,0.13755780963445804,0.14504615764305923,0.15365155351950466,515.8569611942975,516.8848927844575,516.8377208135536,516.9149081400435,18354.4,17871.6,16613.4,65.60176222526187,-0.051294052178150196,-0.0752363833819755,0.0239423312038253,54.35244161358811,73.03933441673065,105.51439578731961,21.485828800458055,516.9583333333334
hold,517.0499267578125,516.969482421875,517.1140747070312,516.9450073242188,27292,517.0499267578125,2025-10-02 18:57:00+00:00,516.9309936523438,516.8648559570313,516.9268218994141,517.0661560058594,516.9479535967514,516.9161017512647,516.9123210645898,516.9319191243526,516.9425311966953,66.04414612494291,55.21091423122997,53.44976979954948,0.047665669498341265,0.0638558742443249,0.023201223324349207,517.1905718411625,516.9268218994141,516.6630719576657,0.14348914374917832,0.147476942699805,0.1548622961346473,515.859149759975,516.9520972043421,516.8825382717242,516.9255304284873,19102.6,18484.0,16766.45,75.88404576093598,-0.02642944543060821,-0.06547499579170205,0.039045550361093834,78.90405459654757,71.40711067122704,165.09886388088128,13.754457463066732,517.0363362630209
hold,517.0750122070312,517.0499877929688,517.1199951171875,516.992919921875,14707,517.0750122070312,2025-10-02 18:58:00+00:00,516.9799926757812,516.8973571777344,516.9320739746094,517.06767578125,516.9903064668447,516.947883842418,516.9373504711193,516.9449275864142,516.9523446048684,67.93068975665555,56.289382926704356,54.13771648754266,0.04740342261214116,0.06289544403120464,0.028053998279213083,517.2031337543608,516.9320739746094,516.6610141948579,0.14114429397251,0.14601967502928323,0.1535391008574022,515.8603505739136,516.9853016082179,516.9071611083192,516.9303151256975,19658.6,18629.5,16841.6,76.23625782144602,-0.004460762450321454,-0.05327214912342593,0.04881138667310447,79.55049944506105,70.93566521839891,162.98748377573992,14.458947368421057,517.0626424153646
hold,517.0650024414062,517.0800170898438,517.2000122070312,517.0399780273438,18764,517.0650024414062,2025-10-02 18:59:00+00:00,517.0169921875,516.9208557128907,516.9263244628906,517.0692956542969,517.0152051250319,516.9713075622157,516.9569892357788,516.9558434823225,516.9606896297971,66.2180062544983,55.71291133699605,53.804563746483545,0.03579120044229469,0.04546666095085786,0.037728505438691,517.1804552080548,516.9263244628906,516.6721937177265,0.14384284907465142,0.14702071107629872,0.15384839032550207,515.8618666020828,517.0167133419592,516.9325285116704,516.9260818410567,20220.0,18320.7,16985.7,81.98884778482147,0.010617932418540477,-0.04049413281503265,0.051112065233573124,47.056007659167065,68.50352056692522,149.30893921958955,34.6789600465155,517.1016642252604
hold,517.0599975585938,517.030029296875,517.1300048828125,516.9801025390625,16132,517.0599975585938,2025-10-02 19:00:00+00:00,517.0369873046875,516.9408569335938,516.9233245849609,517.0706958007812,517.0301359362193,516.9890455614914,516.972836670058,516.9653120347108,516.968045772671,65.25824486834273,55.407367432006275,53.63129467745958,0.0193391329480383,0.038697560790124604,0.02514941764929456,517.1695327761389,516.9233245849609,516.677116393783,0.1447084911711298,0.1472265419815631,0.15366048334571628,515.8631615227395,517.0396712827906,516.9520154598663,516.9225334828456,18441.6,17947.4,16925.55,75.99794321500943,0.02099978882040432,-0.028195348487945256,0.049195137308349575,36.330835414932004,54.31244750638671,98.4898145512595,22.102425876010777,517.0567016601562
hold,517.030029296875,517.0900268554688,517.1500244140625,517.030029296875,19487,517.030029296875,2025-10-02 19:01:00+00:00,517.0559936523438,516.9688598632813,516.9163269042969,517.0710961914062,517.0301003897712,516.997242308568,516.9816355357221,516.9711954221802,516.9726371448343,59.25825571001822,53.514830983027366,52.566975574809504,0.01838369209476445,0.05419047835026608,0.06000515004831123,517.1411195120395,516.9163269042969,516.6915342965542,0.1411780091734684,0.14528144021055858,0.1520573706715155,515.8646829481347,517.0543521916645,516.9716984680222,516.9182771720184,19276.4,18815.4,17181.1,84.17389457339259,0.02460516373378141,-0.017635246043599923,0.04224040977738133,22.70330280321954,35.3633819591062,90.64705754765107,63.37369010072236,517.0700276692709
hold,517.0877075195312,517.02001953125,517.0877075195312,517.010009765625,10624,517.0877075195312,2025-10-02 19:02:00+00:00,517.0635498046875,516.9972717285157,516.9173126220703,517.0680505371093,517.0493027663579,517.0153353507608,516.997954302462,516.9817874310303,516.9811608762933,66.23002386374621,56.588231860902916,54.39590534767126,0.00730698521816958,0.05497613763993523,0.06535220503749395,517.1449121873665,516.9173126220703,516.6897130567742,0.1321094012781515,0.1404540340459651,0.1485164365398362,515.8655517058411,517.0603128252288,517.0013264898024,516.9195188365616,15942.8,17522.7,17254.25,85.05163161221147,0.03417447446747701,-0.0072733019413845365,0.04144777640886155,63.326149425287355,40.78676254781296,74.11908736777484,58.09786354238455,517.0618082682291
hold,517.094970703125,517.0900268554688,517.1300048828125,517.0599975585938,14614,517.094970703125,2025-10-02 19:03:00+00:00,517.0675415039062,517.0237670898438,516.9255615234375,517.0681494140625,517.064525411947,517.0312624212337,517.012879902564,516.9920768194025,516.9895912338363,67.05818116394892,56.97400814325557,54.627226841708676,0.003859884083077454,0.05126513641238285,0.05126513641238285,517.1659980153191,516.9255615234375,516.6851250315559,0.12323767598395127,0.13542212620116403,0.14477790738168922,515.8667518137587,517.0639589288875,517.0205027420749,516.926412478484,15924.2,17791.4,16806.0,84.60897971289822,0.041671187397355425,0.0025155959263634562,0.03915559147099197,60.68003487358326,48.903162367363386,82.75262743398714,58.24995095154012,517.0949910481771
hold,517.3300170898438,517.0999755859375,517.3300170898438,517.0999755859375,17001,517.3300170898438,2025-10-02 19:04:00+00:00,517.1205444335938,517.0687683105468,516.9455627441406,517.0724499511718,517.1530226379126,517.0910133549557,517.0616702390686,517.0227986621699,517.0148079639109,82.89519990324229,67.14817382434285,61.29780665353842,0.05125364261479512,0.08706318735105203,0.09093985829867243,517.243761411688,516.9455627441406,516.6473640765932,0.13921034894606538,0.14253814480956303,0.14907640639773975,515.8684116143194,517.1218036503743,517.0624342442524,516.9463597440572,15571.6,17895.8,17099.7,84.42713244140502,0.07620539104482305,0.017253554950055375,0.05895183609476767,100.0,74.66872809962354,151.4089033096461,65.00287805279171,517.2533365885416
hold,517.169921875,517.3200073242188,517.3200073242188,517.1599731445312,21423,517.169921875,2025-10-02 19:05:00+00:00,517.142529296875,517.0897583007812,516.9605590820313,517.0727160644532,517.1586557169418,517.1067950589646,517.0783243369042,517.0361734996999,517.0262978832509,59.98075481671643,57.22280774827106,55.46592634015681,0.021259489599907266,0.04060273394890337,0.08126209482341558,517.2719241336955,516.9605590820313,516.6491940303671,0.14361514842698458,0.1445028448454871,0.15007486063177597,515.8702692730853,517.1461923092729,517.0901803404898,516.962884791445,16629.8,17535.7,17516.25,80.86341052501315,0.08049717571373094,0.02990227910279049,0.05059489661094045,40.70976491862568,67.12993326406963,120.94314496628759,76.91765120789985,517.2166341145834
hold,517.3200073242188,517.1799926757812,517.3499755859375,517.1699829101562,14808,517.3200073242188,2025-10-02 19:06:00+00:00,517.2005249023438,517.1282592773438,516.9800598144532,517.0775158691406,517.2124395860342,517.1494375120155,517.1155063349526,517.0619765746561,517.0480541381373,69.27113535966525,62.77753099826554,59.27945316977982,0.056085335650252276,0.07447933830043298,0.09992547810343545,517.3280265195588,516.9800598144532,516.6320931093476,0.14882065735705824,0.147042192423488,0.15150242493204855,515.8716981530401,517.2078403450053,517.1232345344038,516.9789175426639,15694.0,17485.2,17678.4,80.17654729119236,0.10138337387820684,0.044198498057873764,0.057184875820333075,88.0126953125,76.2408200770419,152.76989153384162,77.87543311079185,517.2799886067709
hold,517.1599731445312,517.2999877929688,517.2999877929688,517.1500244140625,18482,517.1599731445312,2025-10-02 19:07:00+00:00,517.2149780273437,517.1392639160156,517.0020599365234,517.0753857421874,517.1949507722,517.1515446385188,517.1223473825801,517.0708853537357,517.0563444349073,53.74887573169283,54.631401095116345,54.09334382483505,0.013975506272747821,0.021283512679094917,0.06384227768839938,517.3368573356759,517.0020599365234,516.667262537371,0.15184383632837134,0.1486808151186853,0.15238244803796291,515.8732809799394,517.2123766430624,517.1393733356174,517.004076018542,17265.6,16604.2,17544.1,73.29234239864776,0.09520020361151182,0.05439883916860138,0.040801364442910444,4.975579975579976,44.56601340223523,86.26491909797369,72.7242414138046,517.2033284505209
hold,517.280029296875,517.1699829101562,517.280029296875,517.155029296875,15269,517.280029296875,2025-10-02 19:08:00+00:00,517.2519897460937,517.159765625,517.0285614013671,517.0767858886719,517.223310280425,517.1772415701901,517.1466061386254,517.0898984394756,517.0729136839419,61.33235965050492,58.93628723739144,57.05293638959504,0.03578812485806326,0.03964939032127574,0.07739212395209483,517.3632650593432,517.0285614013671,516.693857743391,0.14800900256717542,0.1469893283244935,0.15107852194091706,515.8747074487272,517.2439777464654,517.1579457287805,517.025556799175,17396.6,16660.4,17644.95,73.21974147379235,0.10432788624814293,0.0643846485845097,0.03994323766363324,65.01831501831502,52.668863435465,93.35724098406205,70.72559720855327,517.2383626302084
hold,517.0999755859375,517.2559814453125,517.2686157226562,517.0800170898438,41202,517.0999755859375,2025-10-02 19:09:00+00:00,517.2059814453125,517.1632629394531,517.0420593261719,517.0739855957031,517.1821987155959,517.1617883733395,517.1394322074427,517.0908145436994,517.0749182692749,47.659474366211214,51.10439203464888,51.79460724924269,-0.04446707059457157,0.006763781026779733,0.027072424816759352,517.3652215009238,517.0420593261719,516.7188971514199,0.15543803177632892,0.1507766768035475,0.1534086974214091,515.878050923128,517.1774579963678,517.1545364441712,517.0452724641748,22236.8,18904.2,18612.45,59.313468184272395,0.0868701040645874,0.06888173968052524,0.01798836438406215,9.07325194228635,26.355715645393783,17.90584464675888,47.58027627847407,517.1495361328125
hold,516.9400024414062,517.0399780273438,517.0679931640625,516.9400024414062,24093,516.9400024414062,2025-10-02 19:10:00+00:00,517.1599975585938,517.1512634277344,517.0460601806641,517.0673852539062,517.1014666241994,517.1174311869529,517.1087507049756,517.0771043525818,517.0649245042476,38.713548887659144,45.33950788178216,47.693829222979936,-0.0444572323077446,-0.023207194088516205,0.00096818416940956,517.3620074847249,517.0460601806641,516.7301128766032,0.15608590502703196,0.15143356735552624,0.15372129014092534,515.8797427335767,517.1286272977746,517.136040957166,517.0483123785215,22770.8,19700.3,18823.85,51.82354107545868,0.052506682705256935,0.06560672828547158,-0.013100045580214645,0.0,24.697188986867122,-120.70344709605607,17.91567223548131,516.982666015625
hold,516.739990234375,516.9000244140625,516.9000244140625,516.739990234375,25999,516.739990234375,2025-10-02 19:11:00+00:00,517.043994140625,517.1222595214844,517.0455596923828,517.0575854492188,516.9809744942579,517.0419429964373,517.0520183248832,517.046457614563,517.040855299072,30.392190291211023,39.36100263420675,43.20330158459733,-0.11211959360393291,-0.0560971406040831,-0.05994324868798889,517.363407349726,517.0455596923828,516.7277120350395,0.16236109102763452,0.1549034701895065,0.15592561951665507,515.8812190866113,517.0251595026376,517.0955964026233,517.0360770329848,25009.0,20351.5,19583.45,42.061368740478585,0.0010876973653921596,0.0527029221014557,-0.05161522473606354,0.0,3.02441731409545,-221.6546298945004,15.301031914166616,516.7933349609375
hold,516.7050170898438,516.72998046875,516.8200073242188,516.6900024414062,23807,516.7050170898438,2025-10-02 19:12:00+00:00,516.9530029296875,517.0839904785156,517.0406311035156,517.0438854980468,516.8889886927866,516.9745578151187,516.9986335194925,517.0154175668612,517.0159783946847,29.115514307074818,38.40734398522676,42.469165803687915,-0.08797201607100263,-0.0740088043328791,-0.07155540462267744,517.3759128448994,517.0406311035156,516.7053493621318,0.15773877556832958,0.15312499966257748,0.15469129872121912,515.8825116552234,516.9475860106467,517.053073120427,517.0299375540701,26074.0,21669.8,19596.25,35.48431303275834,-0.041420579565965454,0.03387822176797147,-0.07529880133393693,3.9722267075730664,1.3240755691910222,-197.21649484525625,20.54705307717355,516.7383422851562
hold,516.77001953125,516.7100219726562,516.8099975585938,516.7100219726562,24246,516.77001953125,2025-10-02 19:13:00+00:00,516.8510009765625,517.0514953613281,517.037631225586,517.0333862304688,516.8493323056077,516.933650158345,516.963462136686,516.9931086545329,516.9977592196154,35.033200568965086,41.25618751936527,44.31577880799426,-0.09859452071216489,-0.06284168098427731,-0.0570494829012678,517.3813641467513,517.037631225586,516.6938983044207,0.1502018745942825,0.14968610459739337,0.15232411634163726,515.8839276024925,516.8802623266286,517.0200452027991,517.0202465728694,27869.4,22633.0,20212.2,36.71239620050094,-0.06410906127041471,0.014280765160294234,-0.07838982643070895,38.09938971229294,14.023872139955335,-141.85976000381288,31.800056963827966,516.7633463541666
hold,516.8699951171875,516.7849731445312,516.9000244140625,516.780029296875,25920,516.8699951171875,2025-10-02 19:14:00+00:00,516.8050048828125,517.0054931640625,517.0371307373047,517.0217858886718,516.8562199094677,516.9209191501135,516.9490825952247,516.9819165147742,516.9882952120281,43.497304538125086,45.436340073268255,47.05996173420931,-0.0444750492377038,-0.08892234308073386,-0.03674669135175531,517.3818080926956,517.0371307373047,516.6924533819138,0.14731659005402786,0.14828030304132955,0.1512612956973926,515.8856065469272,516.805150475754,516.9811114335984,517.016246927564,24813.0,23524.9,20710.35,44.22860385053479,-0.06737606191461509,-0.0020506002546876317,-0.06532546165992746,85.70183086312119,42.59114909432906,-83.14233972578496,13.825835740817178,516.8500162760416
hold,516.7249755859375,516.8699951171875,516.8800048828125,516.7249755859375,28608,516.7249755859375,2025-10-02 19:15:00+00:00,516.7619995117187,516.9609985351562,517.0253784179688,517.0066857910156,516.8124718016243,516.8817304372783,516.914604593796,516.9585582485163,516.9687900545399,35.63951146042437,40.89091923489284,43.77430629120269,-0.04159609518575083,-0.08603483502082775,-0.059001159246466185,517.3949038253064,517.0253784179688,516.6558530106312,0.14841840531416675,0.14876237402944886,0.15144072432489772,515.8871809638163,516.7620439921925,516.9342020874834,516.9996699374669,25716.0,24243.4,20889.55,36.54572055801113,-0.08705961726161604,-0.019052403656073316,-0.06800721360554272,7.870221651140379,43.89048074218484,-92.7709361393944,21.439915299100054,516.7766520182291
hold,516.80517578125,516.739990234375,516.8400268554688,516.7349853515625,27441,516.80517578125,2025-10-02 19:16:00+00:00,516.7750366210937,516.9095153808594,517.0188873291015,516.9939892578125,516.8100397948328,516.8664195060726,516.8977693918658,516.9446143878557,516.9566704787406,42.35801970065854,44.21464057198487,45.96501052608859,0.012614767215023196,-0.09951897001464528,-0.05463903592613992,517.398945995658,517.0188873291015,516.638828662545,0.14365167163089293,0.14635443799386325,0.14970789314424784,515.8888296529669,516.7755567444423,516.8979229341044,516.9895592282331,26004.4,25506.7,21495.95,43.1386214896481,-0.09025097266805915,-0.03329211745847048,-0.05695885520958867,45.81589958158996,46.462650698617175,-73.67711993902562,19.696969696969695,516.7933959960938
hold,516.6900024414062,516.7750244140625,516.7899780273438,516.6500244140625,20878,516.6900024414062,2025-10-02 19:17:00+00:00,516.7720336914062,516.8625183105469,517.0008911132812,516.9801892089844,516.7700273436907,516.8311360931393,516.8658052456412,516.9214678472694,516.9369172907899,36.05260695099158,40.6772485868635,43.41437550917692,-0.002905845296812607,-0.09087530503712374,-0.07831603180516152,517.4065874277003,517.0008911132812,516.5951947988622,0.1452944852818368,0.14698279007912302,0.1499671061939265,515.8899229059529,516.7747159020532,516.8622511053925,516.9709013677294,25418.6,25746.3,21175.25,37.878833754552865,-0.10578119765057181,-0.047789933496890744,-0.05799126415368107,17.383227176220807,23.689782802983714,-87.5987273067938,32.2741070851902,516.7100016276041
hold,516.635009765625,516.7100219726562,516.7698974609375,516.6199951171875,17057,516.635009765625,2025-10-02 19:18:00+00:00,516.7450317382812,516.7980163574218,516.978890991211,516.9659814453125,516.7250214843355,516.7919108276365,516.8302982487157,516.8954262034835,516.9145537704073,33.29192450281745,39.06994660416199,42.239262931029444,-0.0261256962521673,-0.12469445845932964,-0.13434506045645703,517.4128593343577,516.978890991211,516.5449226480642,0.1459527507772887,0.1471913296270428,0.14996402226802524,515.8907526253595,516.7557916012579,516.8226944180965,516.9538522285371,23980.8,25925.1,21292.75,32.707535118549856,-0.12264294277088084,-0.06276053535168877,-0.05988240741919207,6.8238557558945905,23.34099417123512,-86.98149997626341,69.03449362104269,516.6749674479166
hold,516.719970703125,516.625,516.7449951171875,516.5800170898438,19382,516.719970703125,2025-10-02 19:19:00+00:00,516.7150268554688,516.7600158691406,516.9616394042969,516.9527807617187,516.7233378905987,516.7775228027342,516.8133247801633,516.8794757034508,516.9001402098679,41.38231815619848,42.828531678618305,44.66877973956195,-0.029025560678654923,-0.07348770078395536,-0.08700257939280413,517.4078041279079,516.9616394042969,516.5154746806859,0.14867064742964034,0.14846180803537903,0.1506789748906788,515.8918005736315,516.7235558711403,516.7661915615994,516.9383325723811,22673.2,23743.1,21323.65,38.83496737378814,-0.12261740713370273,-0.07473190970809157,-0.047885497425611157,66.65697674418605,30.288019892100483,-76.8570639130085,70.55343368531418,516.6816609700521
hold,516.6500244140625,516.7550048828125,516.8200073242188,516.6400146484375,17631,516.6500244140625,2025-10-02 19:20:00+00:00,516.7000366210938,516.7310180664062,516.9411407470703,516.9412817382813,516.6989000650867,516.7520231249999,516.7882016469171,516.8586164953246,516.8816131138823,37.06470292143457,40.607624168066394,43.101612372542284,-0.014505041446856624,-0.05609510310176048,-0.1295103418910209,517.4046794142027,516.9411407470703,516.4776020799379,0.15314522290844174,0.1507140128743698,0.15207486540927745,515.8926712322328,516.7104973558637,516.7391932695974,516.9218692039905,20477.8,23096.9,21398.6,39.354952798651226,-0.1295899888823442,-0.0857035255429421,-0.04388646333940209,29.170905391658188,34.217245963912944,-65.34112176814158,61.620892768433755,516.7033487955729
hold,516.780029296875,516.6599731445312,516.9400024414062,516.655029296875,38133,516.780029296875,2025-10-02 19:21:00+00:00,516.6950073242188,516.7350219726562,516.9286407470703,516.9357824707031,516.7259431423495,516.757624359375,516.7869443622952,516.8514722045564,516.8740883866966,48.67623236246038,46.19257280347895,46.74775377743515,-0.004865757069283657,0.007748396341812,-0.07346737322806433,517.3953893313708,516.9286407470703,516.4618921627698,0.17269276639920003,0.16066144247932554,0.15864168264425232,515.8948695786459,516.7109695026926,516.7455135533493,516.9050393921422,22616.2,24310.3,22330.9,48.049571254507,-0.11646402732162642,-0.09185562589867896,-0.024608401422947457,55.56120718887759,50.463029774907284,-21.0467316899477,40.62301335028607,516.7916870117188
hold,516.844970703125,516.7999877929688,516.8599853515625,516.760009765625,20366,516.844970703125,2025-10-02 19:22:00+00:00,516.7260009765625,516.7490173339844,516.91650390625,516.9308813476563,516.7656189959414,516.775093628125,516.7958714916537,516.8508811589718,516.8719315212468,53.6589867546849,48.783442531430495,48.47942551315911,0.02999250246501987,0.02708578563248499,-0.08410504351798843,517.3786778096204,516.91650390625,516.4543300028796,0.1623045977618143,0.15632673844062372,0.15584805899154983,515.8961250233209,516.7391017482802,516.7579879698984,516.8981062141556,22513.8,23966.2,22818.0,48.79415313692658,-0.09683789312180124,-0.09285207934330343,-0.003985813778497813,68.32146490335707,51.01785916129762,15.266341736560472,40.62301335028607,516.8216552734375
hold,516.9199829101562,516.8468017578125,516.9349975585938,516.8099975585938,16514,516.9199829101562,2025-10-02 19:23:00+00:00,516.7829956054687,516.764013671875,516.9077545166016,516.9298852539063,516.817073634013,516.8040714845313,516.8149655560387,516.8571631363521,516.8754908833882,59.02036099575621,51.67775484687885,50.43425477472258,0.05515947218918246,0.029019365140856717,-0.03480809984129206,517.3626510442384,516.9077545166016,516.4528579889648,0.15697536951012656,0.15408911426629346,0.15437910380147604,515.8972208677129,516.7816148118134,516.7682646361636,516.8926165229672,22405.2,23193.0,22913.0,57.45158898811521,-0.07141939885696047,-0.08856554324603486,0.017146144389074386,92.97494110087813,72.28587106437094,112.0704927969691,24.99682136045772,516.8883260091146
hold,517.0599975585938,516.9400024414062,517.0599975585938,516.9400024414062,22067,517.0599975585938,2025-10-02 19:24:00+00:00,516.8510009765625,516.7830139160156,516.894253540039,516.936884765625,516.89804827554,516.8552566993437,516.852662787201,516.8756026292832,516.8891580445146,67.26711747267171,56.607004902269736,53.865007509959014,0.06580486041715392,0.036760199508809106,0.02321258107725976,517.3127940972115,516.894253540039,516.4757129828665,0.15455240935689418,0.15308379527852248,0.15369508211747718,515.8988815090806,516.8455830292276,516.7849292552665,516.8845387338419,22942.2,22807.7,23166.3,64.53600612203104,-0.033901345170875175,-0.07763270363100291,0.04373135846012774,100.0,87.09880200141174,239.77376880593027,2.647894600878322,517.0199991861979
hold,517.14501953125,517.0499877929688,517.1799926757812,517.0499877929688,19647,517.14501953125,2025-10-02 19:25:00+00:00,516.95,516.8250183105469,516.8930084228516,516.9431848144532,516.9803720274433,516.9132092657251,516.897640747824,516.9000950749165,516.9081107472357,71.35145894764659,59.32063294645326,55.81498581150022,0.09580859262493571,0.08128965410200918,0.07838164348211041,517.3083975260074,516.8930084228516,516.4776193196958,0.15104561985055215,0.15143530153094945,0.15256697738866873,515.9004640201535,516.9255210289981,516.8250443003769,516.8823805780486,23345.4,21911.6,23077.5,71.91875373728057,0.005098518489376147,-0.06108645920692711,0.06618497769630326,90.54767403497196,94.5075383786167,224.31427315285111,39.88569815847033,517.125
hold,517.0499877929688,517.1199951171875,517.14501953125,517.025390625,22768,517.0499877929688,2025-10-02 19:26:00+00:00,517.0039916992188,516.8494995117187,516.879507446289,516.9455847167969,517.0035772826185,516.9405649711738,516.9210787547693,516.9137216856485,516.9186201580308,61.36635863567517,55.167852689106894,53.1771302230748,0.0522385697568562,0.047370270885671716,0.06676356755115793,517.2540496918672,516.879507446289,516.5049652007109,0.14655751790761615,0.14916341615373876,0.1509984978106369,515.9021532491909,517.008213709718,516.8514696230626,516.8767059475019,20272.4,21444.3,23475.5,72.14843190862511,0.021944813143022657,-0.04448020473693716,0.06642501787995982,45.82909460834181,78.79225621443793,141.97598055224677,44.115722904703055,517.0734659830729
hold,517.14501953125,517.0499877929688,517.1699829101562,517.0399780273438,19490,517.14501953125,2025-10-02 19:27:00+00:00,517.0640014648437,516.8950012207031,516.878759765625,516.9500854492187,517.0507246988291,516.981455883189,516.9555311819202,516.9347487625214,516.935390481973,66.78865046308648,58.31082906579295,55.39080532050753,0.05805393205564297,0.08806384634766566,0.07256612919227662,517.2511128097796,516.878759765625,516.5064067214704,0.14419285575117097,0.14779494948650743,0.14999880185834466,515.903714727564,517.0678334829594,516.8941459250935,516.8766933813764,20097.2,21305.5,23525.9,71.73037347849998,0.046065401216083046,-0.026371083546333114,0.07243648476241615,77.37860244769048,71.25179036366808,130.14703314174332,45.729210786389956,517.1183268229166
hold,517.0399780273438,517.1699829101562,517.1732177734375,517.0399780273438,26055,517.0399780273438,2025-10-02 19:28:00+00:00,517.0880004882813,516.935498046875,516.8667572021484,516.9514855957032,517.0471424750007,516.99316031202,516.968523004293,516.9443150593235,516.9431377075559,56.55306999901724,53.819563948468954,52.50958798676221,0.023213480065512552,0.07838575668777588,0.032886975789281514,517.200021904167,516.8667572021484,516.5334925001298,0.14262812580011083,0.14675529210131047,0.14920075158384016,515.9056199293567,517.0834281139427,516.931162947589,516.8727371403248,22005.4,22205.3,24065.2,63.495882935708345,0.05002260446406126,-0.011092345944254239,0.0611149504083155,9.867877786952931,44.35852494766174,92.30320244129614,39.6735718769617,517.0843912760416
hold,517.041015625,517.0599975585938,517.0971069335938,517.02001953125,23216,517.041015625,2025-10-02 19:29:00+00:00,517.0842041015625,516.9676025390625,516.8638092041016,516.9487060546875,517.0451001916672,517.002731374616,516.9796757151711,516.9531060198395,516.9503879236629,56.62966799298371,53.857371150999256,52.535195498831754,-0.0036711278542871516,0.06213131678230651,0.061162137306045264,517.1897319488144,516.8638092041016,516.5378864593888,0.133265165306345,0.14177901426148473,0.1457667825724073,515.9073137101336,517.0792221137411,516.9605744136803,516.860961372632,22235.2,22588.7,23165.9,64.59521611748826,0.0523434509531171,0.001594813435220029,0.05074863751789707,13.705179282868526,33.65055317250398,66.63408129957502,46.27331744596925,517.0527140299479
hold,516.8300170898438,517.0549926757812,517.0739135742188,516.7628784179688,58460,516.8300170898438,2025-10-02 19:30:00+00:00,517.0212036132813,516.9856018066406,516.8583099365235,516.9429064941406,516.9734058243928,516.9681885176616,516.9566513112745,516.9419161171127,516.9414715656022,39.92872504018502,45.669389479427,47.11113221836147,-0.06091181960753951,0.03483841426028796,0.0048067066194137096,517.1826122141297,516.8583099365235,516.5340076589173,0.1586608782982957,0.1538687386892358,0.15363670512848313,515.9107668575615,516.9734727083925,516.9524868819678,516.8535001486815,29997.8,26671.6,24884.25,50.70011432967275,0.026716952059359755,0.0066192411600479745,0.020097710899311783,16.361743269373793,13.311600113065083,-5.960035308709308,8.655841777560742,516.8889363606771
hold,516.8400268554688,516.8200073242188,516.9149780273438,516.7849731445312,23819,516.8400268554688,2025-10-02 19:31:00+00:00,516.9792114257813,516.9916015625,516.8633117675781,516.9363073730469,516.9289461680848,516.942556185223,516.9387090873045,516.9326534569632,516.9339571426294,40.89349443816178,46.08813025844179,47.38174270528284,-0.040607473640260516,0.011609883353151627,0.0290356719413229,517.1832161874166,516.8633117675781,516.5434073477396,0.15456716465746775,0.15216417755518324,0.15251138025629346,515.9121816516925,516.9408943038876,516.9679290722879,516.8588083168959,30208.0,25240.2,24775.25,50.266661722543574,0.008599042593573358,0.007015201446753052,0.0015838411468203067,23.08254200146092,17.716488184567748,-30.58003683332914,18.745830553702458,516.8466593424479
hold,517.0399780273438,516.8101196289062,517.0499877929688,516.7681274414062,18803,517.0399780273438,2025-10-02 19:32:00+00:00,516.958203125,517.0111022949219,516.8800598144531,516.9357470703125,516.9659567878379,516.9620405536472,516.9542889242337,516.9424102360887,516.9418105414971,56.9911150482779,53.755486087737545,52.481318792600945,-0.02031180808846648,0.037730332163909544,0.07838575668777588,517.2001341839422,516.8800598144531,516.5599854449641,0.17275190564390092,0.1614281899842773,0.15867085508039852,515.9135354958303,516.9268252169445,516.9833130701841,516.8732177509398,30070.6,25083.9,24525.05,55.44108187008288,0.020230012150022958,0.009658163587407034,0.010571848562615924,89.0894819466248,42.84458907248651,10.674364236309252,32.99820466786356,516.9526977539062
hold,516.9349975585938,517.0449829101562,517.0499877929688,516.905029296875,19665,516.9349975585938,2025-10-02 19:33:00+00:00,516.93720703125,517.0126037597656,516.8883087158204,516.9358471679687,516.9556370447565,516.9566319546365,516.9513210218275,516.9417363563164,516.9413058760969,48.84295295897351,49.75453592610644,49.81954453051577,-0.02030412989543491,0.0029046368749318856,0.04161380779925206,517.2051008919698,516.8883087158204,516.5715165396709,0.16878141856530796,0.16025178327781106,0.15801788560484384,515.9148162981946,516.9074626906258,516.9836898949696,516.880867248701,28792.6,25399.0,24296.0,55.47881990224745,0.01532607853960144,0.010791746577845915,0.004534331961755525,59.2031182330013,57.125047393695674,6.739734067761149,38.42416692619122,516.9633382161459
hold,516.9149780273438,516.9249877929688,516.9600219726562,516.8505859375,35782,516.9149780273438,2025-10-02 19:34:00+00:00,516.9119995117187,516.9981018066406,516.8905578613281,516.935546875,516.9420840389523,516.948301169178,516.945729791907,516.9393037809552,516.9393556650781,47.33722173215558,49.00547858741224,49.318688740481335,-0.024376711681934084,-0.02804694463596872,0.0512829963729773,517.2074367358274,516.8905578613281,516.5736789868289,0.16030350664972826,0.15662208698341384,0.1557044641549108,515.9170930255985,516.8893724252694,516.9682156630331,516.8838975271907,31305.8,26770.5,24789.1,47.88650944495814,0.00894550409987005,0.010422498082250743,-0.0014769939823806935,52.10047639670853,66.79769219211154,-40.439835112185314,25.75391271154091,516.9085286458334
hold,516.8900146484375,516.9099731445312,516.9199829101562,516.840087890625,26048,516.8900146484375,2025-10-02 19:35:00+00:00,516.9239990234375,516.9726013183594,516.8988098144531,516.935947265625,516.9247275754474,516.93664386503,516.9371582313732,516.9348229507264,516.9357007749566,45.305372389391486,48.03436816858726,48.677945622069565,0.011608760445374877,-0.0493101302693858,0.021282817703335948,517.2064726221074,516.8988098144531,516.5911470067988,0.14881657991851707,0.15114158216540213,0.15209449060140315,515.9187025936872,516.9174639964325,516.948111595165,516.8934384188574,24823.4,27410.6,24661.1,38.717968786093806,0.0009430900734059833,0.008526616480481792,-0.007583526407075809,23.785984297760976,45.02985964249027,-66.30732791112254,13.717322608445851,516.8833618164062
hold,516.905029296875,516.905029296875,516.969970703125,516.8699951171875,27708,516.905029296875,2025-10-02 19:36:00+00:00,516.9369995117188,516.95810546875,516.9038024902344,516.9354479980469,516.91816148259,516.930320951399,516.9322153183736,516.9321144367399,516.9334288136172,46.90457835205368,48.69293167496916,49.0956112673066,0.012576897691483858,-0.02803568310919149,0.011620233755645379,517.2084514126442,516.9038024902344,516.5991535678246,0.14183929506408607,0.14748686814912343,0.14961263799836014,515.9204352781717,516.9291816862695,516.9355214071937,516.8989971548914,25601.2,27904.6,24674.45,39.96813674760499,-0.003107862218143964,0.006199720740756641,-0.009307582958900605,50.0,41.96215356482317,-51.145527814262984,18.51047954961676,516.9149983723959
hold,516.7650146484375,516.8900146484375,516.9500122070312,516.7100219726562,39546,516.7650146484375,2025-10-02 19:37:00+00:00,516.8820068359375,516.9201049804688,516.9075531005859,516.9363488769532,516.8671125378726,516.8972596908068,516.9064921383834,516.9169235468942,516.9209536902706,35.58496941061139,43.19546514633591,45.47219487546246,-0.05318029370868271,-0.07348129991795022,-0.029979158640049016,517.2032979542076,516.9075531005859,516.6118082469642,0.15586085782278805,0.15409425145097178,0.15391633306391442,515.9225475462189,516.8715311926237,516.8993264679435,516.8971713855042,29749.8,29910.2,25607.85,33.25565845619056,-0.02369399946383055,0.00022097669983920255,-0.023914976163669752,21.155200751350083,31.64706168303702,-123.37647708717493,6.947629377130461,516.808349609375
hold,516.72998046875,516.760009765625,516.8099975585938,516.7150268554688,24576,516.72998046875,2025-10-02 19:38:00+00:00,516.8410034179688,516.8891052246094,516.9123016357422,516.9359484863281,516.8214018481651,516.8638038463955,516.8793364969014,516.8999287216083,516.9068075257135,33.24299774773256,41.92013534238524,44.60724927477165,-0.03966012957374039,-0.05995620682494995,-0.06382568587823353,517.1930599982683,516.9123016357422,516.6315432732162,0.14716226429453264,0.1498711408562595,0.15110939830491849,515.9238005407564,516.8407696627739,516.8730296976793,516.8978695258456,30732.0,29762.3,25983.8,27.3163888442556,-0.04300367931796245,-0.008423954503721128,-0.03457972481424132,7.67785865226579,26.277686467871956,-138.40052408496683,22.495918222474618,516.7516682942709
hold,516.9400024414062,516.719970703125,516.9600219726562,516.7150268554688,28280,516.9400024414062,2025-10-02 19:39:00+00:00,516.8460083007812,516.87900390625,516.9233032226563,516.9381481933593,516.8609353792456,516.8790435653978,516.888669719133,516.9035717870444,516.9092664083574,54.2852080438662,51.21832726154888,50.530285148076395,0.0048411083304257165,-0.019536783454528285,-0.039644022875746025,517.1899422068061,516.9233032226563,516.6566642385064,0.16113838613638512,0.15666571059420525,0.15558014682313667,515.9256119480052,516.8418026495326,516.8664024817894,516.9066470174249,29231.6,30268.7,26428.7,28.906165663622303,-0.030222842959688023,-0.012783732194914507,-0.017439110764773516,91.9921875,40.275082301205295,-49.02893732526378,18.362027573907675,516.8716837565104
hold,516.7100219726562,516.9099731445312,516.9099731445312,516.6699829101562,40287,516.7100219726562,2025-10-02 19:40:00+00:00,516.810009765625,516.8670043945312,516.926303100586,516.9351489257813,516.8106309103825,516.8452392468495,516.8611854504442,516.8859763493728,516.8945075612685,38.700872313694205,43.0843435963683,44.9980498432601,-0.03482223890582834,-0.023217520890749754,-0.06575105470239857,517.1816888239009,516.926303100586,516.670917377271,0.17669283543833011,0.16476241206961917,0.16102964131965397,515.9275987900041,516.8008737401591,516.851735324608,516.9004845805861,32079.4,28451.4,27561.5,27.67751324423587,-0.049268314419009585,-0.020080648639733523,-0.029187665779276062,13.804713804713804,37.82491998565987,-118.5236942862906,20.19578919136382,516.7633260091146
hold,516.5599975585938,516.719970703125,516.7999877929688,516.5599975585938,26881,516.5599975585938,2025-10-02 19:41:00+00:00,516.7410034179687,516.8390014648437,516.9153015136719,516.9313488769532,516.7270864597863,516.7881909091984,516.8148488516979,516.8563419138474,516.8697290425519,31.761429466972686,38.76002555418102,41.859001239806226,-0.06674954173895013,-0.05418103906904032,-0.11312532279369623,517.2107578943832,516.9153015136719,516.6198451329607,0.18573532100071152,0.17013582794857493,0.1647896695603847,515.9286657750745,516.7422102394876,516.8254350809791,516.8920410693607,31914.0,28757.6,26998.9,22.53848332319194,-0.0815381333534333,-0.03237214558247348,-0.04916598777095982,0.0,35.26563376823793,-186.36744925997965,32.02918991843994,516.6399943033854
hold,516.6699829101562,516.5250244140625,516.7100219726562,516.5250244140625,37801,516.6699829101562,2025-10-02 19:42:00+00:00,516.7219970703125,516.802001953125,516.9065521240234,516.9286767578125,516.7080519432429,516.7645493093901,516.7925617837684,516.8394001862391,516.8549330327448,40.83518470189862,43.25649739886779,44.822006733697975,-0.018389739163341277,-0.07156025315472467,-0.07156025315472467,517.2196578960716,516.9065521240234,516.5934463519752,0.1856299263711456,0.171197380137516,0.16575194999054496,515.9304204636384,516.7191968485015,516.7931091220597,516.8787019735784,31565.0,30657.4,27870.65,21.92548893536099,-0.09038372335476197,-0.04397446113693118,-0.04640926221783079,37.656572062787376,17.153761955833726,-154.1110916439075,34.75961252748559,516.635009765625
hold,516.510009765625,516.6646118164062,516.6799926757812,516.510009765625,65176,516.510009765625,2025-10-02 19:43:00+00:00,516.6780029296875,516.7595031738281,516.8860534667969,516.9222766113281,516.642037884037,516.713641400637,516.7490922425156,516.8094556025469,516.8293831611063,33.31743697298781,38.7947336578187,41.58538304533128,-0.04256975817920498,-0.08221300453169227,-0.10270091604495232,517.2434993170947,516.8860534667969,516.528607616499,0.1833946383404462,0.1711106322817113,0.16595342428414997,515.9327762287011,516.6491502537439,516.7327784639532,516.8379288073329,39685.0,35208.5,30303.75,19.981635643993144,-0.11574176046929097,-0.058327921003403144,-0.05741383946588782,0.0,12.552190687595791,-160.57148788790957,34.44404633942434,516.5666707356771
hold,516.385009765625,516.5,516.5650024414062,516.3599853515625,65165,516.385009765625,2025-10-02 19:44:00+00:00,516.5670043945313,516.7065063476563,516.8523040771485,516.9123767089844,516.5563618445664,516.6479150736346,516.6930795537633,516.7708696173722,516.7964666132929,28.529418053950963,35.6964061133102,39.25944926952489,-0.1073611392347523,-0.1025252283733817,-0.08610322727083237,517.2614117639146,516.8523040771485,516.4431963903824,0.1864835599837753,0.1735325221075712,0.16781359883460711,515.9346066023056,516.5410459879865,516.6562797484546,516.7849154187801,47062.0,38146.8,32458.65,19.704538659351414,-0.14855153965822865,-0.07637264473436825,-0.0721788949238604,7.149084568439407,14.935218877075593,-179.57318325149976,26.769394970315524,516.4366658528646
hold,516.3200073242188,516.385009765625,516.4099731445312,516.260009765625,41033,516.3200073242188,2025-10-02 19:45:00+00:00,516.4890014648438,516.6495056152344,516.8110534667969,516.8995764160156,516.4775770044505,516.5823335237515,516.6356838261411,516.7298821361765,516.7611733326207,26.241505286630698,34.168203165865336,38.09600644562262,-0.07548037232731265,-0.11027632727756219,-0.10061518153187086,517.2583723096546,516.8110534667969,516.3637346239392,0.18126639125841454,0.1718490118789054,0.1669635883618282,515.9355863245144,516.4737847661376,516.6061184605884,516.7459158089891,47211.2,39645.3,33527.95,19.023136864069656,-0.1788398088692702,-0.09686607756134866,-0.08197373130792154,14.285714285714286,7.144932951384565,-173.52999042342606,33.98280113055506,516.3299967447916
hold,516.489990234375,516.3599853515625,516.5399780273438,516.3599853515625,36921,516.489990234375,2025-10-02 19:46:00+00:00,516.475,516.6080017089844,516.7830535888672,516.8906762695312,516.4817147477587,516.5638648658762,516.6132694274079,516.7080737814672,516.7410856957137,40.74020553208733,41.25118204962042,42.754118982360644,-0.013552602708228296,-0.080293098146977,-0.10637239214404882,517.2370982693968,516.7830535888672,516.3290089083376,0.18679557866792676,0.17528627553934073,0.169487736683884,515.9368515404523,516.4667990208137,516.5751328919387,516.7220048229518,49219.2,40566.6,34235.6,21.868755985765574,-0.17722082983743803,-0.11293702801656655,-0.06428380182087148,75.40524314588754,32.28001400001374,-96.89414176732767,34.64676376382426,516.4633178710938
hold,516.52001953125,516.510009765625,516.6500244140625,516.4199829101562,33034,516.52001953125,2025-10-02 19:47:00+00:00,516.4450073242188,516.5835021972656,516.7518035888672,516.880078125,516.4944830089225,516.555095798951,516.5989232895374,516.6909779405383,516.724710424272,43.047568864114034,42.429612556523246,43.54215274732798,-0.029024983812989798,-0.04740938535751567,-0.08027663619287315,517.1875602139706,516.7518035888672,516.3160469637638,0.19297356798768722,0.17919736327983424,0.1723712494087586,515.9380398617814,516.4422579674829,516.5517592599583,516.700641685663,48265.8,39915.4,34912.8,23.84326853524297,-0.1696146253209463,-0.1242725474774425,-0.04534207784350379,66.66666666666667,52.11920803275617,-60.3833884653394,21.41689373297003,516.5300089518229
hold,516.6699829101562,516.530029296875,516.6900024414062,516.5,42292,516.6699829101562,2025-10-02 19:48:00+00:00,516.477001953125,516.5775024414063,516.7333038330078,516.8719775390625,516.5529829760005,516.5780732211921,516.6098555388634,516.6890693014127,516.7206565343374,53.578402873655065,48.035406329943214,47.34304596657982,0.030971935007385522,-0.01161100784965552,-0.047395631312997136,517.1495308092465,516.7333038330078,516.3170768567691,0.1925491213331962,0.17996915457457824,0.1732108299800677,515.9399443709187,516.4661319498575,516.5532464146754,516.6864525623038,43689.0,41687.0,35724.65,31.46256429940317,-0.14258331314533734,-0.12793470061102147,-0.014648612534315875,93.93378953208803,78.6685664482141,-17.08408609874899,13.156296582565014,516.6199951171875
hold,516.5800170898438,516.6500244140625,516.7150268554688,516.4949951171875,42709,516.5800170898438,2025-10-02 19:49:00+00:00,516.5160034179687,516.54150390625,516.71025390625,516.8622778320313,516.5619943472816,516.5784619949225,516.6052650082449,516.6791554639973,516.7102387977083,47.43901240504026,45.19238426978539,45.41702222261409,0.037763939798961095,-0.06963774323177928,-0.05997360169640629,517.1063369215315,516.71025390625,516.3141708909686,0.19647520946863245,0.18283076769648335,0.17544039704202877,515.9416218479832,516.5179218338774,516.5305380112936,516.6690444800558,39197.8,43129.9,36699.3,30.512766406843696,-0.13177680278579373,-0.12870312104597592,-0.003073681739817813,54.24079437318991,71.6137501906482,-20.747186119960485,9.814179063811228,516.5966796875
hold,516.4600219726562,516.5900268554688,516.6400146484375,516.1900024414062,111468,516.4600219726562,2025-10-02 19:50:00+00:00,516.5440063476562,516.51650390625,516.6917541503906,516.8502783203126,516.5280035557398,516.5547739904692,516.5829199258467,516.6592342375117,516.6917042180747,40.26031734544068,41.65143696905011,42.96888981709068,0.027117804162405622,-0.04838303678445582,-0.08609073214553076,517.0981620135233,516.6917541503906,516.2853462872579,0.2326947805490064,0.20191515622039527,0.18851524513675358,515.9451436318755,516.5241789441386,516.5005046723622,516.6274815461288,53284.8,50248.0,39349.7,22.126111923569226,-0.13693022760548956,-0.13034854235787866,-0.006581685247610908,51.429900023250404,66.53482797617612,-93.02062222016195,33.80975631408407,516.4300130208334
hold,516.3800048828125,516.4400024414062,516.5,516.1900024414062,76061,516.3800048828125,2025-10-02 19:51:00+00:00,516.5220092773437,516.4985046386719,516.6687530517578,516.8372778320313,516.4786706647641,516.5198201689379,516.5517022269183,516.6338497507209,516.6686153784257,36.01981496235255,39.43265760469358,41.406139954424404,-0.021294769238914078,-0.034844485951669786,-0.07450383727832806,517.0907621881704,516.6687530517578,516.2467439153452,0.24373803455539836,0.20963532781849206,0.19430011720613438,515.9471501891408,516.4924221209351,516.480991633955,516.5990200177724,61112.8,55166.0,41961.8,20.924802813678838,-0.14879520948773006,-0.13403787578384896,-0.014757333703881104,36.18925831202046,47.28665090282026,-113.25049373330103,25.095439019489653,516.3566691080729
hold,516.3499755859375,516.375,516.3800048828125,516.2349853515625,61795,516.3499755859375,2025-10-02 19:52:00+00:00,516.4880004882813,516.46650390625,516.6342529296875,516.8225231933594,516.4357723051553,516.4858512523379,516.5206673590751,516.6080430084678,516.645012430834,34.431959185694694,38.601589881264744,40.821118296052866,-0.03292107544385551,-0.06193650392002666,-0.07354032031735022,517.0417978910934,516.6342529296875,516.2267079682815,0.22963539122605575,0.20501991377788548,0.19195342263679463,515.9486546606174,516.4633661529922,516.4545170573535,516.5721777115667,66865.0,57565.4,44111.4,19.827193977023242,-0.159161178496106,-0.13906253632630036,-0.02009864216980564,35.548623355486235,41.055927230252365,-111.72448645918648,25.095439019489646,516.3216552734375
hold,516.3800048828125,516.364990234375,516.5900268554688,516.344970703125,56419,516.3800048828125,2025-10-02 19:53:00+00:00,516.4300048828125,516.4535034179687,516.6065032958984,516.8082238769531,516.4171831643744,516.4646819784327,516.4990269781116,516.5873122697718,516.6253822420916,37.63917523077609,39.96421148559659,41.68622102966963,-0.056124419249293664,-0.025169867060561298,-0.10832931403044674,517.0038088135677,516.6065032958984,516.209197778229,0.23183835710001205,0.20787964510401866,0.19448212405141155,515.9501205149512,516.4247915562149,516.4407214381674,516.5526157929249,69690.4,56689.7,45949.1,22.88520139753676,-0.1607002636588959,-0.14339008179281948,-0.017310181866076413,47.497711321330485,39.74519766294573,-41.97409665531454,19.209228854530668,516.4383341471354
hold,516.043212890625,516.385009765625,516.4199829101562,515.8599853515625,89303,516.043212890625,2025-10-02 19:54:00+00:00,516.3226440429687,516.4193237304687,516.5629150390625,516.7824877929687,516.2925264064579,516.3803881608712,516.4289017338829,516.5378486898493,516.5822585864274,22.95031615021233,31.516218809148,35.5638987420125,-0.10391501441399907,-0.06619031701852336,-0.12904899337650874,517.0041403941602,516.5629150390625,516.1216896839649,0.27871824302768894,0.23303092463899946,0.21188762093438004,515.950618579646,516.3217512852365,516.3868020346127,516.4925056926414,79009.2,59103.5,48625.15,21.460526853144884,-0.20187042555619428,-0.15508615054549446,-0.046784275010699816,25.09823593345038,36.048190203422365,-202.97283359115866,39.9338054735044,516.1077270507812
hold,515.3099975585938,516.0399780273438,516.0399780273438,515.219970703125,208415,515.3099975585938,2025-10-02 19:55:00+00:00,516.0926391601563,516.3183227539063,516.4839141845703,516.7452893066406,515.9650167905032,516.1663100404157,516.2567626299922,516.4262258597352,516.4880170288102,11.52582906542817,21.07253799757501,26.625179676937222,-0.2226744307661799,-0.1956170110198292,-0.24198544329949043,517.1638236532654,516.4839141845703,515.8040047158752,0.3565073779523048,0.2751888719862138,0.2409997431517905,515.9427182249747,515.8618313068556,516.0945071394325,516.2701371610854,98398.6,75841.7,57743.5,17.441001675942402,-0.3217069883944532,-0.18841031811528622,-0.133296670279167,6.571033991179222,26.388993748653363,-314.8673100235381,54.11467253894463,515.5233154296875
hold,515.2100219726562,515.3200073242188,515.4982299804688,515.0599975585938,161192,515.2100219726562,2025-10-02 19:56:00+00:00,515.858642578125,516.1903259277344,516.3991638183594,516.7030895996094,515.713351851221,515.9750524268638,516.0957256057866,516.3156618700007,516.3933507283543,10.680097633899805,20.09474035509696,25.700360436234092,-0.22657401508444666,-0.24782053590969316,-0.2825712709836044,517.2492456222362,516.3991638183594,515.5490820144826,0.3681823842269756,0.28683483983541286,0.25039177547194336,515.9357957532713,515.6114877921879,515.9164447160719,516.1238468722737,115424.8,88268.8,64417.7,15.47313316260552,-0.41829830149049485,-0.23438791479032794,-0.1839103867001669,11.031325733776143,14.233531886135248,-244.1240242204142,56.53472740851381,515.2560831705729
hold,515.8049926757812,515.2000122070312,515.8900146484375,515.1900024414062,180221,515.8049926757812,2025-10-02 19:57:00+00:00,515.7496459960937,516.1188232421875,516.3511627197265,516.6759899902344,515.7438987927411,515.9410404766473,516.0509974627089,516.2692373977989,516.349768650386,40.82652188882498,38.4105061547619,38.95092341978701,-0.10554525727203157,-0.13843158608211314,-0.1364963072378139,517.2213702551819,516.3511627197265,515.4809551842711,0.4155866446275862,0.3163475089208298,0.27180227221286274,515.9344284855054,515.5960162810259,515.8775812728405,516.0658915452493,139110.0,102987.5,71451.45,28.932916513741816,-0.40872817373860926,-0.26925596657998424,-0.13947220715862502,76.0214250124564,31.207928245803924,-116.77158714043846,33.970313749888895,515.6283365885416
hold,515.7100219726562,515.8099975585938,515.9299926757812,515.6799926757812,177499,515.7100219726562,2025-10-02 19:58:00+00:00,515.6156494140625,516.0228271484375,516.3001647949219,516.64458984375,515.7326065193795,515.8948367758492,515.9985396950085,516.2183996318768,516.3023800075912,38.41218724584061,36.95439487786988,37.82045674460372,-0.12974609857488503,-0.1857976985798549,-0.13071405641211603,517.1947986393195,516.3001647949219,515.4055309505243,0.39193140968078816,0.31160840114077054,0.270764068774155,515.9321417634296,515.5666321576585,515.8232899368927,516.0156453034862,163326.0,116508.2,79097.6,39.92980385821433,-0.4075432317420109,-0.2969134196123896,-0.11062981212962131,74.71586922968991,53.922873325307485,-72.26133112588695,28.182218004212867,515.7733357747396
hold,515.6099853515625,515.7100219726562,515.9600219726562,515.5399780273438,503074,515.6099853515625,2025-10-02 19:59:00+00:00,515.52900390625,515.9258239746093,516.2336639404297,516.6147900390625,515.6917327967739,515.8378664909919,515.9387621037091,516.1630892427572,516.2510915145521,35.80979325542354,35.430766249672814,36.64419531725461,-0.08395179478008603,-0.18777957067443857,-0.13751587437718596,517.1258922469658,516.2336639404297,515.3414356338935,0.3959474861996041,0.3193537971530369,0.2778726343236,515.9230987021307,515.5497675545527,515.7373892271582,515.9037122818518,246080.2,162544.7,102837.3,29.571569806387615,-0.41322502356013047,-0.32017574040193775,-0.09304928315819272,54.54185161699429,68.42638195304687,-71.35089686885797,29.256447089404197,515.7033284505209
