vwap,price,rsi_14,macd_signal,macd_line,macd_histogram,sma,future_price
147.7100067138672,147.7100067138672,50.0,0.0,0.0,0.0,0.0,147.68499755859375
147.70745455666793,147.68499755859375,50.0,0.0,0.0,0.0,0.0,147.77499389648438
147.7092274705112,147.77499389648438,50.0,0.0,0.0,0.0,0.0,148.46949768066406
147.7457681282926,148.46949768066406,50.0,0.0,0.0,0.0,0.0,147.91000366210938
147.75845721334406,147.91000366210938,50.0,0.0,0.0,0.0,147.90989990234374,148.0
147.77260436919454,148.0,50.0,0.0,0.0,0.0,147.9678985595703,148.2050018310547
147.78257505328344,148.2050018310547,50.0,0.0,0.0,0.0,148.0718994140625,148.52000427246094
147.8026341741341,148.52000427246094,50.0,0.0,0.0,0.0,148.2209014892578,147.5500030517578
147.78170093553638,147.5500030517578,50.0,0.0,0.0,0.0,148.03700256347656,146.77999877929688
147.72419026947546,146.77999877929688,50.0,0.0,0.0,0.0,147.81100158691407,146.57000732421875
147.67157034665968,146.57000732421875,50.0,0.0,0.0,0.0,147.5250030517578,147.49249267578125
147.66668863584445,147.49249267578125,50.0,0.0,0.0,0.0,147.38250122070312,147.2100067138672
147.6390005798966,147.2100067138672,50.0,0.0,0.0,0.0,147.12050170898436,147.0800018310547
147.62446677754525,147.0800018310547,50.0,0.0,0.0,0.0,147.02650146484376,146.72000122070312
147.59653073955442,146.72000122070312,41.19835147989679,0.0,0.0,0.0,147.014501953125,146.92999267578125
147.57654201975657,146.92999267578125,43.471411285088216,0.0,0.0,0.0,147.0864990234375,146.80999755859375
147.53466722503092,146.80999755859375,42.46131804142512,0.0,0.0,0.0,146.95,147.32000732421875
147.52754589873467,147.32000732421875,47.9925617012773,0.0,0.0,0.0,146.9720001220703,147.52999877929688
147.5276105079579,147.52999877929688,50.11877958070132,0.0,0.0,0.0,147.06199951171874,147.43499755859375
147.52462088665254,147.43499755859375,49.13998939079353,0.0,0.0,0.0,147.2049987792969,147.35000610351562
147.51582939161688,147.35000610351562,48.23246287766889,0.0,0.0,0.0,147.28900146484375,147.27000427246094
147.50511076242947,147.27000427246094,47.3460874555893,0.0,0.0,0.0,147.3810028076172,147.1699981689453
147.49600631107742,147.1699981689453,46.20305073727153,0.0,0.0,0.0,147.3510009765625,147.23989868164062
147.4886876628752,147.23989868164062,47.16322687802997,0.0,0.0,0.0,147.29298095703126,147.1750030517578
147.4837180252824,147.1750030517578,46.33636120682381,0.0,0.0,0.0,147.24098205566406,147.3300018310547
147.4801332554215,147.3300018310547,48.65190651161389,0.0,-0.1492804778734182,-0.1492804778734182,147.2369812011719,147.31500244140625
147.4756771669167,147.31500244140625,48.43410822173385,0.0,-0.1356624942901874,-0.1356624942901874,147.24598083496093,147.5
147.4759438801487,147.5,51.32817989401352,0.0,-0.1086894826002549,-0.1086894826002549,147.31198120117188,147.35000610351562
147.47312869267412,147.35000610351562,48.93035539489091,0.0,-0.0982834796271276,-0.0982834796271276,147.33400268554686,147.3769989013672
147.4716811039386,147.3769989013672,49.38857021721225,0.0,-0.0868573170175466,-0.0868573170175466,147.37440185546876,146.9499969482422
147.45170222053818,146.9499969482422,42.84031501981846,0.0,-0.110978202207832,-0.110978202207832,147.29840087890625,146.77499389648438
147.43049022016808,146.77499389648438,40.4719238362501,0.0,-0.1425719801785305,-0.1425719801785305,147.19039916992188,146.9600067138672
147.42463850757431,146.9600067138672,43.99688122328392,0.0,-0.1509413309891272,-0.1509413309891272,147.0824005126953,146.85499572753906
147.41637675502534,146.85499572753906,42.46003649577128,-0.1274911216785407,-0.164155330322842,-0.0366642086443012,146.9833984375,146.9600067138672
147.40880121622888,146.9600067138672,44.54608774478541,-0.1348450009448943,-0.1642605180103089,-0.0294155170654145,146.9,146.84500122070312
147.39356744741315,146.84500122070312,42.71946150683805,-0.1422050492870952,-0.1716452426558987,-0.0294401933688034,146.87900085449218,146.99000549316406
147.3851869405069,146.99000549316406,45.74054315563152,-0.1465455658400652,-0.163907632051945,-0.0173620662118798,146.92200317382813,146.94000244140625
147.37587031572144,146.94000244140625,44.8618585298051,-0.1492297238145859,-0.1599663557126689,-0.0107366318980829,146.91800231933593,146.89999389648438
147.36662684076663,146.89999389648438,44.131358999345935,-0.1510331885655211,-0.1582470475692616,-0.0072138590037405,146.927001953125,146.97999572753906
147.36236552773158,146.97999572753906,46.02402941543863,-0.1505694935860736,-0.1487147136682836,0.00185477991779,146.93099975585938,146.77000427246094
147.35434080384175,146.77000427246094,42.00184791889944,-0.1517162071550766,-0.1563030614310889,-0.0045868542760122,146.91600036621094,146.4600067138672
147.31527578768026,146.4600067138672,36.87810888877768,-0.1584122190528326,-0.1851962666438567,-0.026784047591024,146.81000061035155,146.75
147.3070875220975,146.75,43.78645277428853,-0.1632476806252879,-0.182589526915109,-0.019341846289821,146.77200012207032,147.02000427246094
147.29808446690836,147.02000427246094,49.34525769025946,-0.1619836674547785,-0.1569276147727407,0.0050560526820377,146.79600219726564,147.05819702148438
147.29345611091986,147.05819702148438,50.09698817979825,-0.1559843467925032,-0.1319870641434022,0.023997282649101,146.8116424560547,146.94000244140625
147.28214236359423,146.94000244140625,47.73602282735384,-0.1488617270504526,-0.1203712480822503,0.0284904789682023,146.84564208984375,146.5760040283203
147.27079639617463,146.5760040283203,41.28335135528827,-0.1468765208051144,-0.1389356958237613,0.007940824981353,146.86884155273438,146.69000244140625
147.25873288815777,146.69000244140625,43.84356862124929,-0.1460618742015633,-0.142803287787359,0.0032585864142042,146.85684204101562,146.7050018310547
147.25522501986975,146.7050018310547,44.18839425660965,-0.1454514057669649,-0.1430095320285715,0.0024418737383933,146.79384155273436,146.5800018310547
147.24923979803356,146.5800018310547,41.88041385123447,-0.1466637028359418,-0.1515128911118495,-0.0048491882759076,146.69820251464844,146.6750030517578
147.24533784406896,146.6750030517578,44.263119590220526,-0.1471049581570847,-0.1488699794416561,-0.0017650212845713,146.64520263671875,146.55999755859375
147.23695940833858,146.55999755859375,42.01742146221185,-0.1485393716342385,-0.1542770255428536,-0.005737653908615,146.64200134277343,146.47360229492188
147.18165656588312,146.47360229492188,40.36079313543067,-0.1515609177769214,-0.1636471023476531,-0.0120861845707316,146.59872131347657,146.35000610351562
147.16701877868695,146.35000610351562,38.0495529402469,-0.157045320543661,-0.1789829316106193,-0.0219376110669582,146.52772216796876,146.75
147.1546517947383,146.75,48.35657857750543,-0.157046285617055,-0.157050145910631,-3.860293575991269e-06,146.5617218017578,146.74000549316406
147.14559637730738,146.74000549316406,48.14105380639951,-0.1534118038525651,-0.1388738767946051,0.0145379270579599,146.57472229003906,146.63499450683594
147.1414884011428,146.63499450683594,45.82979999192076,-0.1490149524028495,-0.1314275466039873,0.0175874057988622,146.5897216796875,146.67990112304688
147.13857479163823,146.67990112304688,47.00160419025416,-0.1433146585691577,-0.1205134832343901,0.0228011753347675,146.6309814453125,146.72000122070312
147.1356216492086,146.72000122070312,48.08163318595482,-0.1361297943888339,-0.1073903376675389,0.028739456721295,146.70498046875,146.69500732421875
147.1331226351653,146.69500732421875,47.43281235305291,-0.1284795684121019,-0.0978786645051741,0.0306009039069278,146.69398193359376,146.6699981689453
147.12683819878598,146.6699981689453,46.75297570485458,-0.1210448757047843,-0.0913061048755139,0.0297387708292704,146.67998046875,146.8000030517578
147.12283875864554,146.8000030517578,50.70798571877831,-0.1117849762190429,-0.0747453782760771,0.0370395979429657,146.71298217773438,146.89500427246094
147.1211353921424,146.89500427246094,53.43013198632647,-0.1000960221531566,-0.0533402058896115,0.0467558162635451,146.7560028076172,147.04010009765625
147.12051412390284,147.04010009765625,57.30799004060217,-0.0849542797920124,-0.0243873103474356,0.0605669694445767,146.8200225830078,147.25999450683594
147.1288998550367,147.25999450683594,62.41581485838457,-0.0647402369159103,0.0161159345884982,0.0808561715044085,146.93302001953126,147.38999938964844
147.13396029795553,147.38999938964844,65.07618025204252,-0.0401849198014764,0.0580363486562589,0.0982212684577354,147.07702026367187,147.25
147.13570242499284,147.25,60.13937260991244,-0.0163378253328067,0.0790505525418723,0.095388377874679,147.16701965332032,146.9123992919922
147.1308834104809,146.9123992919922,50.24137092367087,0.0004662798912234,0.0676827007873441,0.0672164208961207,147.17049865722657,147.17999267578125
147.13122705693456,147.17999267578125,56.37083170271497,0.0162433103442048,0.0793514321561303,0.0631081218119255,147.19847717285157,147.16000366210938
147.13163010485994,147.16000366210938,55.81770261367237,0.0301935973931933,0.0859947455891472,0.0558011481959538,147.17847900390626,147.17999267578125
147.1324087679457,147.17999267578125,56.279700372837645,0.042517715690235,0.091814188878402,0.049296473188167,147.1364776611328,146.39999389648438
147.10685130304034,146.39999389648438,39.09890100464055,0.0406352008285671,0.0331051413818954,-0.0075300594466716,146.9664764404297,145.99249267578125
147.04571999094372,145.99249267578125,33.3677912681063,0.023352868251623,-0.0457764620561533,-0.0691293303077764,146.7824951171875,146.23500061035156
147.0253550297127,146.23500061035156,39.08976874865439,0.0011400432560111,-0.0877112567264362,-0.0888512999824474,146.59349670410157,146.33999633789062
147.01443308761648,146.33999633789062,41.4347132396677,-0.0213261387554811,-0.1111908668014507,-0.0898647280459695,146.42949523925782,146.3699951171875
147.00763551004903,146.3699951171875,42.12033558247629,-0.0422461860644582,-0.1259263753003665,-0.0836801892359082,146.26749572753906,146.63999938964844
147.005642765299,146.63999938964844,48.0188458840898,-0.0566964345709534,-0.114497428596934,-0.0578009940259806,146.31549682617188,146.44500732421875
146.9983189169958,146.44500732421875,44.49243059338358,-0.0693157945010464,-0.1197932342214187,-0.0504774397203722,146.40599975585937,146.19000244140625
146.97914378547253,146.19000244140625,40.32200743294562,-0.0840365304955999,-0.142919474473814,-0.058882943978214,146.39700012207032,145.97000122070312
146.96577664886863,145.97000122070312,37.091781068300136,-0.1026211377249846,-0.1769595666425232,-0.0743384289175385,146.3230010986328,145.97999572753906
146.95881665801457,145.97999572753906,37.337376535816254,-0.1222599579178423,-0.2008152386892732,-0.0785552807714308,146.24500122070313,145.63999938964844
146.94918570217155,145.63999938964844,32.665420337795354,-0.1466758267895342,-0.2443393022763018,-0.0976634754867675,146.0450012207031,145.88999938964844
146.93456635702694,145.88999938964844,38.73575330473134,-0.1684830291674142,-0.2557118386789341,-0.0872288095115198,145.93399963378906,146.10000610351562
146.92846289331905,146.10000610351562,43.355419333985154,-0.1837774589715499,-0.2449551781880927,-0.0611777192165428,145.91600036621094,146.0749969482422
146.92353672939743,146.0749969482422,42.940161643397616,-0.1941681902792043,-0.2357311155098216,-0.0415629252306173,145.93699951171874,146.3000030517578
146.91655480176746,146.3000030517578,47.785717121873056,-0.1969082895150713,-0.2078686864585393,-0.0109603969434679,146.0010009765625,146.60000610351562
146.91283773582407,146.60000610351562,53.46051809515672,-0.1894743129583725,-0.1597384067315772,0.0297359062267952,146.19300231933593,146.6699981689453
146.91129706919878,146.6699981689453,54.69757752179316,-0.1745045913233452,-0.1146257047832364,0.0598788865401088,146.3490020751953,146.72999572753906
146.91070090873146,146.72999572753906,55.782582779384974,-0.1542413909409366,-0.073188589411302,0.0810528015296346,146.475,146.97000122070312
146.91110829986889,146.97000122070312,59.91811009918574,-0.1275418762797339,-0.0207438176349228,0.106798058644811,146.65400085449218,146.625
146.90871964947456,146.625,52.34008438672983,-0.1034214364428677,-0.0069396770954028,0.0964817593474648,146.71900024414063,146.61500549316406
146.9074854056014,146.61500549316406,52.13437808985021,-0.0821056821999627,0.0031573347716573,0.08526301697162,146.7220001220703,146.74000549316406
146.9068344914507,146.74000549316406,54.5407816349158,-0.0614838201592846,0.0210036280034273,0.082487448162712,146.73600158691406,146.69839477539062
146.9055587098535,146.69839477539062,53.57520123538193,-0.0429016490286949,0.0314270354936638,0.0743286845223588,146.72968139648438,146.49000549316406
146.90324878215117,146.49000549316406,48.90559278766281,-0.0297989725142504,0.0226117335435276,0.052410706057778,146.63368225097656,146.55999755859375
146.90087846172975,146.55999755859375,50.46718550428403,-0.0196330006123449,0.0210308869952768,0.0406638876076218,146.6206817626953,146.6699981689453
146.89989908869396,146.6699981689453,52.90339685998912,-0.0100408722411944,0.0283276412434076,0.0383685134846021,146.63168029785157,146.86000061035156
146.8996991389984,146.86000061035156,56.8510664299439,0.0017430100640613,0.0488785392850843,0.047135529221023,146.65567932128906,146.82000732421875
146.89944410976875,146.82000732421875,55.79101229802822,0.0136408684966514,0.0612323022270118,0.0475914337303604,146.68000183105468,146.91000366210938
146.8995003083587,146.91000366210938,57.702310717477054,0.0263912082689616,0.0773925673582027,0.051001359089241,146.76400146484374,146.83999633789062
146.89920819974475,146.83999633789062,55.685507898722754,0.0378303960774191,0.083587147311249,0.0457567512338299,146.82000122070312,146.99000549316406
146.89974238758208,146.99000549316406,58.99291816255147,0.050155203444133,0.0994544329109885,0.0492992294668555,146.88400268554688,147.0399932861328
146.90053490088516,147.0399932861328,60.062596018747456,0.0630722254123826,0.114740313285381,0.0516680878729984,146.9200012207031,146.96499633789062
146.90090260416144,146.96499633789062,57.63356029652712,0.0743430175163429,0.1194261859321841,0.0450831684158411,146.9489990234375,147.16000366210938
146.90173510124842,147.16000366210938,61.94331696742732,0.0869329362777208,0.1372926113232324,0.0503596750455116,146.9989990234375,147.1300048828125
146.90235789254876,147.1300048828125,60.916709170632856,0.0990129229773868,0.1473328697760507,0.0483199467986639,147.05700073242187,147.1699981689453
146.9053075336541,147.1699981689453,61.82506620598849,0.1105524403184004,0.1567105096824548,0.0461580693640543,147.09299926757814,147.27000427246094
146.90763659691186,147.27000427246094,64.07361871610487,0.1224918489683942,0.1702494835683694,0.0477576345999752,147.13900146484374,147.27000427246094
146.90934501339976,147.27000427246094,64.07361871610487,0.133776834511957,0.1789167766862078,0.0451399421742508,147.20000305175782,147.27000427246094
146.91314848008665,147.27000427246094,64.07361871610487,0.1437551582748153,0.1836684533262484,0.0399132950514331,147.2220031738281,147.42999267578125
146.91594401271976,147.42999267578125,67.85658760460642,0.1546162859778016,0.1980607967897469,0.0434445108119453,147.28200073242186,147.5500030517578
146.91923505647836,147.5500030517578,70.37642084030769,0.1670236734921213,0.2166532235494003,0.0496295500572789,147.35800170898438,147.5399932861328
146.92232617950862,147.5399932861328,69.88432534188294,0.1792094302427332,0.2279524572451805,0.0487430270024473,147.41199951171876,147.61000061035156
146.92743185755367,147.61000061035156,71.39103184841184,0.1913259470480547,0.2397920142693408,0.048466067221286,147.47999877929686,147.6699981689453
146.93165410222633,147.6699981689453,72.65375613244785,0.2032850532360084,0.251121477987823,0.0478364247518145,147.55999755859375,147.65499877929688
146.93550348213327,147.65499877929688,71.80054061633186,0.2138159471325137,0.2559395227185348,0.042123575586021,147.60499877929686,147.47000122070312
146.93957706927532,147.47000122070312,62.112098121583216,0.2194607605798784,0.2420400143693371,0.0225792537894586,147.58899841308593,147.80999755859375
146.94472415134192,147.80999755859375,70.09793389004335,0.2266714105442876,0.2555140104019244,0.0288425998576367,147.64299926757812,147.77499389648438
146.9474632221993,147.77499389648438,68.49720927493011,0.2334104093353543,0.2603664044996208,0.0269559951642664,147.67599792480468,147.72000122070312
146.95042696415595,147.72000122070312,65.9492226789765,0.2380911512952694,0.2568141191349298,0.0187229678396603,147.68599853515624,147.8300018310547
146.9583083290947,147.8300018310547,68.4753189036273,0.2424487831184798,0.2598793104113213,0.0174305272928414,147.72099914550782,147.31500244140625
146.96001656681688,147.31500244140625,49.83499105009361,0.2376063572090771,0.2182366535714663,-0.0193697036376107,147.68999938964845,147.3000030517578
146.96122312704586,147.3000030517578,49.4130876439642,0.22647050186309,0.1819270804791415,-0.0445434213839485,147.58800048828124,147.50999450683594
146.96289620792496,147.50999450683594,55.13918263338907,0.2148079257457762,0.1681576212765207,-0.0466503044692554,147.53500061035157,147.49000549316406
146.9648806723905,147.49000549316406,54.506705635613656,0.2026180790122472,0.1538586920781313,-0.0487593869341159,147.48900146484374,147.4199981689453
146.96664631699775,147.4199981689453,52.24634805837035,0.1891580276220058,0.1353178220610402,-0.0538402055609655,147.40700073242186,147.52999877929688
146.96860930691187,147.52999877929688,55.37758939343947,0.1769313007815461,0.1280243934197074,-0.0489069073618387,147.45,147.38999938964844
146.9715859872549,147.38999938964844,50.81108238123765,0.1634816723802936,0.1096831587752831,-0.0537985136050104,147.46799926757814,147.38999938964844
146.9731619725371,147.38999938964844,50.81108238123765,0.1495979969172317,0.0940632950649842,-0.0555347018522475,147.44400024414062,147.32000732421875
146.97765160926494,147.32000732421875,48.49252975987437,0.1347124277532617,0.0751701510973816,-0.05954227665588,147.41000061035157,147.1199951171875
146.97911680093492,147.1199951171875,42.52137670050962,0.1164811023409733,0.0435558006918199,-0.0729253016491534,147.35,147.1199951171875
146.97936035021763,147.1199951171875,42.52137670050962,0.0968429539403161,0.0182903603376871,-0.0785525936026289,147.26799926757812,146.97999572753906
146.97936269016304,146.97999572753906,38.657234084705024,0.0748981671577428,-0.0128809799725502,-0.0877791471302931,147.18599853515624,146.98500061035156
146.97937877905954,146.98500061035156,38.871101614453366,0.052567148018484,-0.0367569285385513,-0.0893240765570354,147.10499877929686,147.1649932861328
146.98103356293714,147.1649932861328,46.14331657697475,0.0339165416987452,-0.0406858835802097,-0.074602425278955,147.0739959716797,147.57000732421875
146.9908245918601,147.57000732421875,58.19501244774345,0.0249349022066392,-0.010991655761785,-0.0359265579684242,147.16399841308595,147.42999267578125
146.99329667564763,147.42999267578125,53.719634776520486,0.0201937325598869,0.001229053972878,-0.0189646785870088,147.2259979248047,147.24000549316406
146.99421298412096,147.24000549316406,48.29262898142236,0.0152817870691859,-0.0043659948936181,-0.019647781962804,147.2779998779297,147.1999969482422
146.99503389866786,147.1999969482422,47.21098720340447,0.0098471516358652,-0.0118913900974177,-0.021738541733283,147.3209991455078,147.27000427246094
146.99908188315794,147.27000427246094,49.3487909161981,0.0054642791624117,-0.0120672107314021,-0.0175314898938138,147.34200134277344,147.22000122070312
146.99981275196694,147.22000122070312,47.85800063352546,0.0011601650693261,-0.0160562913030162,-0.0172164563723423,147.27200012207032,147.1699981689453
147.00017953732058,147.1699981689453,46.35009101545382,-0.0036693697613796,-0.0229875090842028,-0.0193181393228232,147.22000122070312,147.16000366210938
147.00048038616472,147.16000366210938,46.03785329556154,-0.0087261492184811,-0.0289532670468872,-0.020227117828406,147.2040008544922,147.08999633789062
147.00083738059143,147.08999633789062,43.811521426003424,-0.0147573137811312,-0.0388819720317314,-0.0241246582506002,147.18200073242187,147.0050048828125
147.00085320944262,147.0050048828125,41.20624196173681,-0.0224053945622408,-0.0529977176866793,-0.0305923231244385,147.12900085449218,146.8300018310547
147.00011836564116,146.8300018310547,36.40569865337787,-0.0334070071264926,-0.0774134573834999,-0.0440064502570072,147.0510009765625,146.88999938964844
146.99986510652334,146.88999938964844,39.028277117409566,-0.0449004584009521,-0.0908742634987902,-0.045973805097838,146.99500122070313,146.72500610351562
146.99862283025072,146.72500610351562,34.78048459561266,-0.0586297132321641,-0.1135467325570118,-0.0549170193248477,146.9080017089844,146.89999389648438
146.99789073589048,146.89999389648438,41.99157816601838,-0.070115159181267,-0.1160569429776785,-0.0459417837964115,146.87000122070313,146.87249755859375
146.99771233818564,146.87249755859375,41.2203427794383,-0.0798710245187324,-0.1188944858685943,-0.0390234613498618,146.84349975585937,146.83999633789062
146.99701148331843,146.83999633789062,40.2786501760372,-0.0883678994275682,-0.1223553990629113,-0.0339874996353431,146.84549865722656,146.65499877929688
146.99467687127424,146.65499877929688,35.330944913768334,-0.0983803629858709,-0.1384302172190814,-0.0400498542332105,146.79849853515626,146.71499633789062
146.99424801669693,146.71499633789062,37.99126591368242,-0.1076364435096874,-0.1446607656049536,-0.0370243220952661,146.79649658203124,146.63999938964844
146.99358063185184,146.63999938964844,35.997802742407856,-0.116884426045252,-0.15387635618751,-0.036991930142258,146.74449768066407,146.43499755859375
146.99175661262288,146.43499755859375,31.18143747375106,-0.1286468196264016,-0.1756963939510001,-0.0470495743245985,146.65699768066406,146.59500122070312
146.99017799457283,146.59500122070312,38.13842553917245,-0.1385226161267023,-0.1780258021279053,-0.0395031860012029,146.60799865722657,146.4600067138672
146.98900158518754,146.4600067138672,34.93004641793047,-0.1485362620058842,-0.1885908455226115,-0.0400545835167273,146.56900024414062,146.47000122070312
146.9870969535081,146.47000122070312,35.36358736518169,-0.1576133766351863,-0.1939218351523948,-0.0363084585172084,146.52000122070314,146.5449981689453
146.9856866706703,146.5449981689453,38.66590246443751,-0.1640718889977703,-0.1899059384481063,-0.0258340494503359,146.5010009765625,146.5
146.9849421775902,146.5,37.43024011937514,-0.1688945127812779,-0.1881850079153082,-0.0192904951340302,146.51400146484374,146.7550048828125
146.98431917587266,146.7550048828125,47.64185151928587,-0.167985584658839,-0.1643498721690832,0.0036357124897557,146.54600219726564,146.6750030517578
146.98390791577805,146.6750030517578,45.15216599626248,-0.1644253877168144,-0.1501845999487159,0.0142407877680985,146.58900146484376,146.7100067138672
146.9831838563974,146.7100067138672,46.47026844665771,-0.1584568365452666,-0.1345826318590752,0.0238742046861913,146.63700256347656,146.76499938964844
146.98263115646577,146.76499938964844,48.56174020958317,-0.1500531257083342,-0.1164382823606047,0.0336148433477295,146.68100280761718,146.77999877929688
146.98171406300412,146.77999877929688,49.145374525575065,-0.1399823324509342,-0.0996991594213341,0.0402831730296001,146.73700256347655,147.00999450683594
146.98189538753172,147.00999450683594,57.170135677888645,-0.1254060762968209,-0.0671010516803676,0.0583050246164532,146.78800048828126,146.91000366210938
146.9813289559999,146.91000366210938,53.236987746183466,-0.1100794644315738,-0.0487730169705855,0.0613064474609882,146.83500061035156,146.9698944091797
146.9813167377139,146.9698944091797,55.22399992684951,-0.0938795752065878,-0.0290800183066437,0.064799556899944,146.88697814941406,146.89500427246094
146.98106577866122,146.89500427246094,52.235108571957234,-0.0789624154632479,-0.0192937764898886,0.0596686389733593,146.91297912597656,146.875
146.98096721842492,146.875,51.43431958987127,-0.0657704130379922,-0.0130024033369693,0.0527680097010229,146.93197937011718,146.6199951171875
146.97766628399168,146.6199951171875,42.49160888887553,-0.0582698022592441,-0.0282673591442517,0.0300024431149924,146.8539794921875,146.55999755859375
146.97667171081608,146.55999755859375,40.698667319708434,-0.0555540572550776,-0.0446910772384114,0.0108629800166661,146.7839782714844,146.6699981689453
146.9758007236457,146.6699981689453,45.25924583676127,-0.0540981228341349,-0.0482743851503641,0.0058237376837707,146.7239990234375,146.55499267578125
146.97546519517158,146.55499267578125,41.65258261427248,-0.0552196806784489,-0.0597059120557048,-0.0044862313772559,146.65599670410157,146.5449981689453
146.97440784467994,146.5449981689453,41.344234919382,-0.0579315665220811,-0.0687791098966101,-0.010847543374529,146.58999633789062,146.5399932861328
146.97359590767903,146.5399932861328,41.17983537678012,-0.0614458898325512,-0.0755031830744314,-0.0140572932418802,146.5739959716797,146.58999633789062
146.97206795035672,146.58999633789062,43.59310113127732,-0.0643411216674704,-0.075922049007147,-0.0115809273396766,146.57999572753906,146.51190185546875
146.97129940974276,146.51190185546875,40.7790951093513,-0.0677958515475345,-0.081614771067791,-0.0138189195202564,146.54837646484376,146.69000244140625
146.97037025114477,146.69000244140625,48.88312821505719,-0.0684241500248941,-0.0709373439343323,-0.0025131939094382,146.57537841796875,146.72000122070312
146.97009080980482,146.72000122070312,50.12125356471462,-0.0666133941299946,-0.0593703705503969,0.0072430235795977,146.61037902832032,146.67999267578125
146.96962315466857,146.67999267578125,48.43623540500296,-0.0638552965907365,-0.052822906433704,0.0110323901570325,146.63837890625,146.59500122070312
146.96852164423825,146.59500122070312,44.97699837671357,-0.061858457581751,-0.0538711015458091,0.0079873560359419,146.6393798828125,146.27999877929688
146.96573457205326,146.27999877929688,34.99997459310683,-0.0653281303113274,-0.0792068212296328,-0.0138786909183054,146.59299926757814,146.1699981689453
146.96051487284578,146.1699981689453,32.30504887011969,-0.0736483201861449,-0.1069290796854147,-0.0332807594992698,146.48899841308594,146.36500549316406
146.95867288116452,146.36500549316406,40.98090128130156,-0.0812934747517944,-0.1118740930143928,-0.0305806182625983,146.41799926757812,146.4499969482422
146.95770539555147,146.4499969482422,44.32969576646953,-0.0865734853280902,-0.1076935276332733,-0.021120042305183,146.37200012207032,146.44000244140625
146.95518115576695,146.44000244140625,44.01343018762068,-0.0900564206273387,-0.1039881618243327,-0.013931741196994,146.34100036621095,146.54010009765625
146.9525799751892,146.54010009765625,48.0137344110436,-0.0904281462913764,-0.0919150489475271,-0.0014869026561506,146.3930206298828,146.56500244140625
146.95146622865656,146.56500244140625,48.99021508310847,-0.0882269331690991,-0.0794220806799899,0.0088048524891092,146.472021484375,146.6199951171875
146.95057357193758,146.6199951171875,51.17142946234485,-0.0834499800398441,-0.0643421675228239,0.0191078125170201,146.52301940917968,146.59500122070312
146.94983726742268,146.59500122070312,50.12239330297436,-0.0775175823872923,-0.0537879917770851,0.0237295906102071,146.55202026367186,146.48500061035156
146.94578859311991,146.48500061035156,45.68356163141785,-0.0727502778223182,-0.0536810595624217,0.0190692182598964,146.56101989746094,146.55999755859375
146.94292729913468,146.55999755859375,48.99977272345986,-0.0676007959093362,-0.0470028682574081,0.020597927651928,146.56499938964845,146.5399932861328
146.94030375033643,146.5399932861328,48.15523654962694,-0.0626467975852171,-0.0428308042887408,0.0198159932964762,146.55999755859375,146.52999877929688
146.93537286679978,146.52999877929688,47.71276831496268,-0.0580916931611801,-0.0398712754650318,0.0182204176961482,146.54199829101563,146.63999938964844
146.93448221270705,146.63999938964844,52.84796867359256,-0.0521379955944716,-0.0283232053276378,0.0238147902668337,146.55099792480468,146.73500061035156
146.93345000524283,146.73500061035156,56.7945332998107,-0.0439852675759885,-0.0113743555020562,0.0326109120739323,146.6009979248047,146.75999450683594
146.9330698480038,146.75999450683594,57.795381596124045,-0.0343825950041643,0.0040280952831324,0.0384106902872968,146.64099731445313,146.6300048828125
146.93157394739865,146.6300048828125,51.1579225044076,-0.0263700568828002,0.0056800956026563,0.0320501524854566,146.65899963378905,146.64999389648438
146.92958717246356,146.64999389648438,52.06948856214733,-0.0193951989849917,0.0085042326062421,0.0278994315912338,146.68299865722656,146.9199981689453
146.9294784785699,146.9199981689453,62.30374284890252,-0.0090844064704671,0.0321587635876312,0.0412431700580984,146.73899841308594,146.7899932861328
146.9290133829041,146.7899932861328,56.093219242755,0.0007233296760748,0.0399542742622429,0.0392309445861681,146.7499969482422,146.80499267578125
146.92886831913867,146.80499267578125,56.63037270084156,0.0099392799885302,0.0468030812383517,0.0368638012498215,146.75899658203124,146.8800048828125
146.92871491304098,146.8800048828125,59.31129187621561,0.0194753173839962,0.0576194669658605,0.0381441495818642,146.80899658203126,146.52999877929688
146.9233301413469,146.52999877929688,45.25445197316314,0.023083553174311,0.03751649633557,0.014432943161259,146.78499755859374,146.55999755859375
146.92142373146834,146.55999755859375,46.42641437101943,0.0232132089926846,0.0237318322661792,0.0005186232734945,146.71299743652344,146.5500030517578
146.91889446341446,146.5500030517578,46.07253968848805,0.0209433973855297,0.0118641509569101,-0.0090792464286196,146.66499938964844,146.60000610351562
146.91601245583894,146.60000610351562,48.19987045006904,0.0180386686042766,0.006419753479264,-0.0116189151250125,146.6240020751953,146.7550048828125
146.91583770887777,146.7550048828125,54.22749488301034,0.0173200579439708,0.0144456153027476,-0.0028744426412231,146.5990020751953,146.77000427246094
146.91478519948572,146.77000427246094,54.77591717476485,0.0182091651139569,0.0217655937939014,0.0035564286799444,146.64700317382812,146.72000122070312
146.9142853355114,146.72000122070312,52.51691209910092,0.0192200783489099,0.023263731288722,0.004043652939812,146.67900390625,146.6300048828125
146.9135104674642,146.6300048828125,48.62966758238175,0.0187746980679106,0.0169931769439131,-0.0017815211239975,146.69500427246095,146.3000030517578
146.90924442946297,146.3000030517578,37.63051876528146,0.0121321109815049,-0.0144382373641178,-0.0265703483456227,146.63500366210937,146.2899932861328
146.90182153210574,146.2899932861328,37.35452880611906,0.0017660986213462,-0.0396979508192885,-0.0414640494406347,146.54200134277343,146.33999633789062
146.90070375371886,146.33999633789062,39.73243125472056,-0.0095965368779896,-0.055047078875333,-0.0454505419973433,146.45599975585938,146.375
146.898300867719,146.375,41.409058376304415,-0.0204078528904775,-0.0636531169404293,-0.0432452640499517,146.38699951171876,146.14999389648438
146.8956966053918,146.14999389648438,34.72215579788261,-0.033850192822165,-0.0876195525489151,-0.0537693597267501,146.29099731445314,146.49000549316406
146.8943215775496,146.49000549316406,48.3067728604452,-0.0427351000239813,-0.0782747288312464,-0.035539628807265,146.32899780273436,146.47999572753906
146.89256456624597,146.47999572753906,47.990145437841896,-0.0483600331927382,-0.0708597658677661,-0.0224997326750278,146.36699829101562,146.5
146.89217012668544,146.5,48.71362462629504,-0.0512174307207162,-0.0626470208326281,-0.0114295901119119,146.3989990234375,146.4949951171875
146.89167636847108,146.4949951171875,48.53172910592995,-0.0521535161224484,-0.0558978577293771,-0.0037443416069287,146.422998046875,146.5399932861328
146.89082136891804,146.5399932861328,50.32758883699732,-0.0509995012445273,-0.0463834417328428,0.0046160595116845,146.5009979248047,146.52499389648438
146.89007042085058,146.52499389648438,49.705007062940126,-0.0487190156921497,-0.0395970734826391,0.0091219422095105,146.50799560546875,146.55499267578125
146.88931745009887,146.55499267578125,51.010305121695374,-0.0452623734707285,-0.031435804585044,0.0138265688856845,146.5229949951172,146.57000732421875
146.88846296157885,146.57000732421875,51.68615894532117,-0.040907029880817,-0.0234856555211706,0.0174213743596463,146.53699645996093,146.47000122070312
146.88773900816273,146.47000122070312,47.03203609195536,-0.037719015569448,-0.0249669583239722,0.0127520572454758,146.53199768066406,146.47999572753906
146.88656910679333,146.47999572753906,47.54043871764139,-0.0351843558275199,-0.0250457168598075,0.0101386389677124,146.5199981689453,146.55999755859375
146.88618423441295,146.55999755859375,51.54927249930689,-0.0318355023703776,-0.0184400885418085,0.0133954138285691,146.5269989013672,146.61000061035156
146.88565189508776,146.61000061035156,53.91950940690266,-0.0272815514617323,-0.0090657478271509,0.0182158036345813,146.53800048828126,146.52999877929688
146.8830191858087,146.52999877929688,49.7279100879561,-0.0234251967642753,-0.0079997779744473,0.0154254187898279,146.52999877929688,146.52499389648438
146.8824753782602,146.52499389648438,49.46882400524979,-0.020234697563208,-0.0074727007589387,0.0127619968042692,146.54099731445314,146.74000549316406
146.88211625273195,146.74000549316406,59.28333617680599,-0.0141522915104279,0.0101773327006924,0.0243296242111203,146.59299926757814,146.6300048828125
146.88097698591045,146.6300048828125,53.55263156702719,-0.0082988836022483,0.01511474803047,0.0234136316327184,146.60700073242188,146.6999969482422
146.88044151261693,146.6999969482422,56.43812661911657,-0.0017602552497217,0.0243942581603846,0.0261545134101063,146.625,146.69500732421875
146.88031752973492,146.69500732421875,56.17022884213077,0.004789495740237,0.0309884997000722,0.0261990039598351,146.6580017089844,146.77000427246094
146.8801090424641,146.77000427246094,59.297583713808926,0.0121884856919706,0.0417844454989051,0.0295959598069344,146.70700378417968,146.85000610351562
146.88005912448293,146.85000610351562,62.38115792141102,0.020980497358322,0.0561485440237277,0.0351680466654056,146.72900390625,146.88999938964844
146.8800684997464,146.88999938964844,63.855336985948895,0.030774986993372,0.0699529455335721,0.0391779585402,146.7810028076172,146.78500366210938
146.8799525037033,146.78500366210938,57.48623897817415,0.0389390791355883,0.0715954477044533,0.032656368568865,146.79800415039062,146.86000061035156
146.87990793621967,146.86000061035156,60.51567701641711,0.0467610769843705,0.0780490683794994,0.0312879913951288,146.83100280761718,146.8800048828125
146.87990808149223,146.8800048828125,61.30766990916244,0.0541711932355011,0.0838116582400232,0.0296404650045221,146.8530029296875,147.10499572753906
146.88051961696897,147.10499572753906,68.87065633791661,0.0644008299577851,0.1053193768469213,0.0409185468891362,146.90400085449218,147.19000244140625
146.88086059380535,147.19000244140625,71.16403609641439,0.0770708829810772,0.1277510950742453,0.0506802120931681,146.96400146484376,147.1300048828125
146.88110133553806,147.1300048828125,67.3903254353325,0.0894734704091672,0.1390838201215274,0.0496103497123601,147.0330017089844,147.11500549316406
146.88163559552032,147.11500549316406,66.44174589025124,0.1006150168173687,0.1451812024501748,0.044566185632806,147.08400268554686,147.16000366210938
146.88193377205613,147.16000366210938,67.90145875545177,0.1108707064003713,0.1518934647323817,0.0410227583320103,147.14000244140624,147.1699981689453
146.8822080208632,147.1699981689453,68.23198757466685,0.119940297645168,0.1562186626243544,0.0362783649791864,147.1530029296875,147.22909545898438
146.88285202995334,147.22909545898438,70.18687780752776,0.1284605170175746,0.1625413945072011,0.0340808774896265,147.16082153320312,147.22999572753906
146.88341397908957,147.22999572753906,70.21694485453006,0.1359113325207904,0.1657145945336537,0.0298032620128633,147.18081970214843,147.25999450683594
146.8843219313221,147.25999450683594,71.25717388357083,0.1424701259201973,0.1687052995178248,0.0262351735976275,147.2098175048828,147.49000549316406
146.88615161282195,147.49000549316406,77.69100216853164,0.1514709670726398,0.1874743316824094,0.0360033646097696,147.27581787109375,147.58999633789062
146.8874038416781,147.58999633789062,79.80709687263229,0.1627806600349851,0.2080194318843666,0.0452387718493814,147.3598175048828,147.64999389648438
146.888607090183,147.64999389648438,80.9733059015827,0.1755308397431084,0.2265315585756013,0.0510007188324929,147.44399719238282,147.6199951171875
146.8966539354457,147.6199951171875,78.53114510389969,0.1876368198546042,0.2360607403005872,0.048423920445983,147.5219970703125,147.6300048828125
146.89902346642742,147.6300048828125,78.7613236492161,0.1984364503544335,0.2416349723537507,0.0431985219993172,147.59599914550782,147.6300048828125
146.90035888002572,147.6300048828125,78.7613236492161,0.2073988749396034,0.2432485732802831,0.0358496983406796,147.6239990234375,147.67999267578125
146.9019493696089,147.67999267578125,80.00305873327704,0.2150647713967974,0.2457283572255733,0.0306635858287758,147.64199829101562,147.66000366210938
146.90316342915068,147.66000366210938,78.0382463243808,0.2207070810259384,0.2432763195425025,0.022569238516564,147.6440002441406,147.6300048828125
146.90447609277322,147.6300048828125,75.05894877344268,0.2238036173552726,0.236189762672609,0.0123861453173364,147.64600219726563,147.5800018310547
146.90542737867284,147.5800018310547,70.24502135069605,0.2238343235474415,0.2239571483161171,0.0001228247686755,147.63600158691406,147.6649932861328
146.90630202810115,147.6649932861328,73.37118905493654,0.2227876424618033,0.2186009181192503,-0.004186724342553,147.64299926757812,147.59500122070312
146.9076158220755,147.59500122070312,67.11736372460584,0.2194960840271109,0.2063298502883412,-0.0131662337387696,147.6260009765625,147.58999633789062
146.90823304179435,147.58999633789062,66.67969693426343,0.2143899029355317,0.1939651785692149,-0.0204247243663168,147.61199951171875,147.64500427246094
146.90965371130108,147.64500427246094,69.06720055527437,0.2088030074816077,0.1864554256659119,-0.0223475818156958,147.61499938964843,147.64999389648438
146.91062397842663,147.64999389648438,69.28220739063678,0.2028113861165266,0.1788449006562018,-0.0239664854603247,147.62899780273438,147.60000610351562
146.91255515331295,147.60000610351562,64.44905572511881,0.1956204068686622,0.1668564898772047,-0.0287639169914575,147.61600036621093,147.63999938964844
146.9134187735567,147.63999938964844,66.46472112460756,0.18824686739515,0.1587527095011012,-0.0294941578940488,147.625,147.47000122070312
146.91507055945735,147.47000122070312,52.76892246285469,0.1780041616443151,0.1370333386409754,-0.0409708230033397,147.6010009765625,147.41000366210938
146.9161867544877,147.41000366210938,48.93625675868396,0.1651371241195859,0.1136689740206691,-0.0514681500989168,147.5540008544922,147.35000610351562
146.91646823705378,147.35000610351562,45.38623090276649,0.149966110733826,0.0892820571907861,-0.0606840535430398,147.49400329589844,147.375
146.91734963514247,147.375,47.10761962811993,0.1342032594238427,0.0711518541839097,-0.063051405239933,147.44900207519532,147.44500732421875
146.91942335749764,147.44500732421875,51.69980956483577,0.1197068198769962,0.0617210616896102,-0.057985758187386,147.41000366210938,147.41000366210938
146.9212861045198,147.41000366210938,49.39079112927457,0.105932770962159,0.0508365753028101,-0.0550961956593488,147.39800415039062,147.38499450683594
146.9219036171582,147.38499450683594,47.749894960650536,0.0926931122261719,0.0397344772822236,-0.0529586349439483,147.39300231933595,147.41000366210938
146.92690746170575,147.41000366210938,49.55474098843213,0.080670183803113,0.0325784701108773,-0.0480917136922357,147.40500183105468,147.4199981689453
146.92844282745742,147.4199981689453,50.29368508998992,0.07001573299563,0.0273979297656978,-0.0426178032299321,147.41400146484375,147.38499450683594
146.93007401978505,147.38499450683594,47.66046992474256,0.0600594983593068,0.0202345598140141,-0.0398249385452927,147.4019989013672,147.2899932861328
146.93087732061664,147.2899932861328,41.33501992791864,0.049410237627079,0.0068131946981679,-0.042597042928911,147.37799682617188,147.36000061035156
146.93214019124235,147.36000061035156,46.92513771776851,0.0398891634529606,0.0018048667564869,-0.0380842966964737,147.372998046875,147.3350067138672
146.9325480229561,147.3350067138672,45.26671152335563,0.0310846467048055,-0.0041334202878147,-0.0352180669926203,147.35799865722657,147.42999267578125
146.93435887610633,147.42999267578125,52.18313858262882,0.0246353989345212,-0.0011615921466159,-0.0257969910811372,147.35999755859376,147.36500549316406
146.93561037001714,147.36500549316406,47.73835447057932,0.0189074867548472,-0.0040041619638486,-0.0229116487186959,147.3559997558594,147.30499267578125
146.93722323005883,147.30499267578125,44.01035108536996,0.0129313969321221,-0.0109729623587782,-0.0239043592909004,147.35899963378907,147.38999938964844
146.93824884764922,147.38999938964844,49.970154200732345,0.0084397898768581,-0.009526638344198,-0.0179664282210562,147.36499938964843,147.5500030517578
146.93926183560814,147.5500030517578,58.84915852084611,0.0076476143160888,0.0044789120730115,-0.0031687022430772,147.40799865722656,147.5800018310547
146.94042645176407,147.5800018310547,60.272739145481935,0.009676880441126,0.0177939449412747,0.0081170645001487,147.43800048828126,147.61000061035156
146.94352827780253,147.61000061035156,61.69963078099494,0.0138247515060122,0.030416235765557,0.0165914842595448,147.48699951171875,147.66000366210938
146.94425435981032,147.66000366210938,64.0194180700885,0.0198493449293306,0.0439477186226042,0.0240983736932736,147.55800170898436,147.71499633789062
146.94522317271733,147.71499633789062,66.4277620713511,0.0275665477780055,0.0584353591727051,0.0308688113946996,147.6230010986328,147.72000122070312
146.946364973314,147.72000122070312,66.64657076570576,0.035957117141468,0.0695193945953178,0.0335622774538498,147.65700073242186,147.91000366210938
146.95223586757638,147.91000366210938,73.66407662556273,0.0472793165195328,0.0925681140317919,0.0452887975122591,147.7230010986328,147.84500122070312
146.95408356037507,147.84500122070312,68.36464803876538,0.0587006412809763,0.1043859403267504,0.045685299045774,147.77000122070314,147.8300018310547
146.9552793010243,147.8300018310547,67.16393825188246,0.0692122740585926,0.1112588051690579,0.0420465311104652,147.8040008544922,147.9199981689453
146.95688669064523,147.9199981689453,70.51057590663868,0.0798807826008553,0.1225548167699059,0.0426740341690506,147.84500122070312,147.89500427246094
146.95781571894204,147.89500427246094,68.42481243309717,0.0895075295039496,0.1280145171163269,0.0385069876123772,147.8800018310547,147.8300018310547
146.95865680055184,147.8300018310547,63.18957241370418,0.0967355886602848,0.1256478252856254,0.0289122366253406,147.86400146484374,147.89999389648438
146.96148852668887,147.89999389648438,66.189294617515,0.1029774925536948,0.127945108127335,0.0249676155736401,147.875,147.7949981689453
146.96343897196888,147.7949981689453,58.48924236293298,0.1063642304706292,0.1199111821383667,0.0135469516677374,147.8679992675781,147.84500122070312
146.9641516196647,147.84500122070312,60.82650647430452,0.1083392111595549,0.1162391339152577,0.0078999227557027,147.85299987792968,147.67999267578125
146.9659182944957,147.67999267578125,50.684635806707625,0.1064462560783186,0.0988744357533732,-0.0075718203249453,147.80999755859375,147.80999755859375
146.96668201085734,147.80999755859375,56.79660285868352,0.1040597250510565,0.0945136009420082,-0.0095461241090483,147.80599670410157,147.82839965820312
146.96806923823618,147.82839965820312,57.59769165140318,0.1015453576720898,0.0914878881562231,-0.0100574695158667,147.79167785644532,147.70899963378906
146.96952577220878,147.70899963378906,50.991081185175375,0.0969462721721491,0.0785499301723859,-0.0183963419997631,147.77447814941405,147.82000732421875
146.97098607811137,147.82000732421875,56.03964810765807,0.0928317201059786,0.0763735118412967,-0.0164582082646819,147.76947937011718,147.8300018310547
146.97224883975863,147.8300018310547,56.47438936220728,0.0891844300786785,0.0745952699694783,-0.0145891601092002,147.7994812011719,147.88499450683594
146.9733289442803,147.88499450683594,58.88380003273097,0.0866953144826231,0.0767388520984013,-0.0099564623842217,147.81448059082032,147.85000610351562
146.97485249095843,147.85000610351562,56.73201863202826,0.0843067880365917,0.0747526822524662,-0.0095541057841255,147.8188018798828,147.91000366210938
146.97607136896644,147.91000366210938,59.46729991173565,0.0828715932068288,0.0771308138877771,-0.0057407793190517,147.85900268554687,147.91000366210938
146.9781376542992,147.91000366210938,59.46729991173565,0.0819202823254417,0.0781150387998934,-0.0038052435255483,147.877001953125,147.8800048828125
146.9793752619412,147.8800048828125,57.36440661902018,0.0806568039196636,0.0756028902965511,-0.0050539136231125,147.88700256347656,147.9199981689453
146.9803202620397,147.9199981689453,59.42442858486019,0.0797181349341408,0.0759634589920494,-0.0037546759420913,147.89400329589844,147.8699951171875
146.98197241007318,147.8699951171875,55.79460239024095,0.0780527935383537,0.0713914279552057,-0.006661365583148,147.89800109863282,147.8000030517578
146.98360864631255,147.8000030517578,51.09028987442423,0.0747247072713087,0.0614123622031286,-0.0133123450681801,147.8760009765625,147.84500122070312
146.98459055108484,147.84500122070312,53.78796582103557,0.0710765152946129,0.0564837473878299,-0.014592767906783,147.86300048828124,147.86500549316406
146.98500926572453,147.86500549316406,54.97685966084214,0.0675760902404072,0.0535743900235843,-0.0140017002168229,147.86000061035156,147.84500122070312
146.98594611927564,147.84500122070312,53.49473838296528,0.0638786046334127,0.0490886622054347,-0.014789942427978,147.84500122070312,147.8800048828125
146.98681618191836,147.8800048828125,55.74307066757628,0.0606643043188997,0.0478071030608475,-0.0128572012580521,147.8470031738281,147.875
146.98777150114094,147.875,55.33116917512805,0.0577032379158664,0.0458589723037334,-0.0118442656121329,147.86200256347655,147.84500122070312
146.9893924574547,147.84500122070312,52.81215440249226,0.0544459872619596,0.0414169846463323,-0.0130290026156272,147.86200256347655,147.85000610351562
146.99190795692823,147.85000610351562,53.195003911189126,0.0511296010832119,0.0378640563682211,-0.0132655447149908,147.85900268554687,147.7602996826172
146.9949951836116,147.7602996826172,45.99227403777217,0.046402252090582,0.0274928561200624,-0.0189093959705195,147.8420623779297,147.83999633789062
146.99643205440967,147.83999633789062,52.18638664872445,0.0422041078565558,0.0254115309204507,-0.016792576936105,147.8340606689453,147.88999938964844
146.9986973988613,147.88999938964844,55.62514200993919,0.0392593103585854,0.0274801203667038,-0.0117791899918815,147.837060546875,147.89999389648438
147.0002747489386,147.89999389648438,56.30163675539824,0.0373244340739724,0.0295849289355203,-0.007739505138452,147.84805908203126,147.97000122070312
147.0020446305619,147.97000122070312,60.80860935765774,0.0371558422877677,0.0364814751429491,-0.0006743671448185,147.87205810546874,148.0800018310547
147.00611448229552,148.0800018310547,66.63211758840063,0.0397734710789229,0.0502439862435437,0.0104705151646207,147.93599853515624,148.0166015625
147.00866218587728,148.0166015625,61.00554392255542,0.0428980624811737,0.0553964280901766,0.0124983656090029,147.97131958007813,148.0800018310547
147.011290721517,148.0800018310547,64.25602693911323,0.047090352876474,0.0638595144576754,0.0167691615812013,148.0093200683594,148.13499450683594
147.01360690289755,148.13499450683594,66.8381791584955,0.0525021371101562,0.0741492740448848,0.0216471369347285,148.0563201904297,148.097900390625
147.0158722647034,148.097900390625,63.50563334858997,0.0576831038340767,0.078406970729759,0.0207238668956822,148.08190002441407,148.2550048828125
147.01837297307122,148.2550048828125,70.2673046794776,0.0648228427326873,0.0933817983271296,0.0285589555944423,148.1169006347656,148.35009765625
147.02521161010006,148.35009765625,73.47127311367925,0.0741854304625226,0.1116357813818638,0.0374503509193411,148.18359985351563,148.5399932861328
147.03291674193136,148.5399932861328,78.4624446356928,0.0873110447211802,0.1398135017558104,0.0525024570346302,148.27559814453124,148.38999938964844
147.03628308098823,148.38999938964844,67.6376880196195,0.0995151201704096,0.1483314219673275,0.0488163017969178,148.32659912109375,148.52000427246094
147.03998899065655,148.52000427246094,71.32967139057584,0.1123491720335215,0.1636853794859689,0.0513362074524474,148.41101989746093,148.77000427246094
147.0465602512012,148.77000427246094,76.80876888016056,0.1286378362018949,0.1937924928753887,0.0651546566734937,148.51401977539064,148.69000244140625
147.05379561699436,148.69000244140625,72.06272612381694,0.1446683316055713,0.2087903132202768,0.0641219816147055,148.58200073242188,148.64500427246094
147.05691415912958,148.64500427246094,69.46284779062776,0.158649018875234,0.2145717679538847,0.0559227490786507,148.6030029296875,148.75
147.06618589133814,148.75,72.00115360154433,0.1719255876943945,0.2250318629710364,0.0531062752766418,148.6750030517578,148.67999267578125
147.0716426851928,148.67999267578125,67.94574859636842,0.1825560698720594,0.2250779985827193,0.0425219287106599,148.70700073242188,148.9600067138672
147.07986354224627,148.9600067138672,74.20417569540213,0.1950221469904273,0.2448864554638987,0.0498643084734714,148.74500122070313,149.09500122070312
147.09289868376584,149.09500122070312,76.57837690697892,0.20969451068619,0.2683839654692406,0.0586894547830506,148.8260009765625,149.02999877929688
147.09824693060082,149.02999877929688,73.0899928988956,0.2234655703209845,0.2785498088601628,0.0550842385391782,148.9029998779297,148.9600067138672
147.1136377763472,148.9600067138672,69.4228775959458,0.2343238025672991,0.2777567315525573,0.0434329289852581,148.94500122070312,148.76849365234375
147.12445768975985,148.76849365234375,60.48115854405116,0.2391975741715011,0.2586926605883093,0.0194950864168081,148.96270141601562,148.69000244140625
147.13392999269027,148.69000244140625,57.22779401065171,0.238267449538184,0.2345469510049156,-0.0037204985332684,148.90870056152343,148.75999450683594
147.13596186620384,148.75999450683594,59.32873001389634,0.2343219366649116,0.2185398851718218,-0.0157820514930897,148.84169921875,148.9199981689453
147.14371809766934,148.9199981689453,63.71634038645815,0.2307119650524834,0.2162720786027705,-0.0144398864497129,148.8196990966797,148.91000366210938
147.1495767985979,148.91000366210938,63.25728299442611,0.2268162491230483,0.2112333854053076,-0.0155828637177406,148.80969848632813,148.9499969482422
147.1532851147023,148.9499969482422,64.36370081489923,0.2230667634682742,0.2080688208491778,-0.0149979426190963,148.84599914550782,148.9949951171875
147.15804206046212,148.9949951171875,65.61819597401822,0.2198149915792893,0.2068079040233499,-0.0130070875559394,148.90699768066406,149.16000366210938
147.1623318960582,149.16000366210938,69.81453476169105,0.2191772524240136,0.2166262958029108,-0.0025509566211028,148.98699951171875,149.19500732421875
147.17216516997576,149.19500732421875,70.63335386168065,0.2202702833762794,0.2246424071853425,0.0043721238090631,149.04200134277343,149.1374969482422
147.20373787441014,149.1374969482422,67.39847822717283,0.2209712440207564,0.223775086598664,0.0028038425779076,149.0875,149.1649932861328
147.22318570997808,149.1649932861328,68.1495419330243,0.2213247669256279,0.2227388585451137,0.0014140916194858,149.13049926757813,149.07000732421875
147.23185559336412,149.07000732421875,62.7698290068335,0.2194221008720333,0.2118114366576549,-0.0076106642143784,149.14550170898437,149.0850067138672
147.23758294334846,149.0850067138672,63.26300131009974,0.2159442393365532,0.2020327931946326,-0.0139114461419205,149.13050231933593,148.9499969482422
147.2448400774387,148.9499969482422,56.06412112344415,0.2090152084770484,0.1812990850390292,-0.0277161234380191,149.0815002441406,149.0399932861328
147.2484531719334,149.0399932861328,59.38212359453942,0.2012457338623736,0.1701678354036744,-0.0310778984586992,149.06199951171874,148.85000610351562
147.25986739279523,148.85000610351562,50.6808055270828,0.1898669598090251,0.1443518635956309,-0.0455150962133941,148.9990020751953,148.69500732421875
147.26540931225713,148.69500732421875,44.90028348813874,0.1739167807248077,0.1101160643879382,-0.0638007163368695,148.92400207519532,148.55499267578125
147.26935331069672,148.55499267578125,40.4158726593063,0.1533072248101903,0.0708690011517205,-0.0824382236584697,148.81799926757813,148.57000732421875
147.2722080953872,148.57000732421875,41.09528393989552,0.130747780512495,0.0405100033217138,-0.0902377771907811,148.74200134277345,148.73500061035156
147.28397366852332,148.73500061035156,48.09878903835931,0.1104831581770113,0.0294246688350767,-0.0810584893419345,148.68100280761718,148.42999267578125
147.29311076227947,148.42999267578125,38.89290819806951,0.0876011538544162,-0.0039268634359643,-0.0915280172903805,148.5970001220703,148.47500610351562
147.2979923664942,148.47500610351562,40.69685837664602,0.0647966398868118,-0.0264214159836058,-0.0912180558704176,148.5529998779297,148.5800018310547
147.3019747549814,148.5800018310547,44.79094881880088,0.0447636065386038,-0.0353685268542278,-0.0801321333928317,148.55800170898436,148.4499969482422
147.30698391397695,148.4499969482422,41.01524625310642,0.0253416709707223,-0.0523460713008034,-0.0776877422715258,148.53399963378905,148.39999389648438
147.31177240232088,148.39999389648438,39.63145968411423,0.0064653613273412,-0.0690398772461833,-0.0755052385735245,148.4669982910156,148.24420166015625
147.3176163185635,148.24420166015625,35.60128854392654,-0.0135797432210797,-0.0937601614147638,-0.080180418193684,148.42984008789062,148.36000061035156
147.3237330954698,148.36000061035156,40.44878542243263,-0.0314281726690697,-0.1028218904610298,-0.07139371779196,148.4068389892578,148.23500061035156
147.3279151970568,148.23500061035156,37.19413121555499,-0.0488867953875026,-0.1187212862612341,-0.0698344908737314,148.33783874511718,148.2624969482422
147.33103116426034,148.2624969482422,38.3688904853612,-0.064635774040357,-0.1276316886517747,-0.0629959146114176,148.3003387451172,148.4199981689453
147.33544683107806,148.4199981689453,44.74445008629048,-0.0758274354373405,-0.1205940810252741,-0.0447666455879336,148.30433959960936,148.55999755859375
147.33959220131405,148.55999755859375,49.723122201529776,-0.0811695387249932,-0.102537951875604,-0.0213684131506107,148.36749877929688,148.4499969482422
147.34716616589017,148.4499969482422,46.20071204290024,-0.0841352041278644,-0.0959978657393492,-0.0118626616114848,148.385498046875,148.39999389648438
147.35307962556192,148.39999389648438,44.65221410363786,-0.0860619075605851,-0.0937687212914681,-0.007706813730883,148.41849670410156,148.3000030517578
147.3587362113933,148.3000030517578,41.646233961011696,-0.088635551813321,-0.0989301288242643,-0.0102945770109433,148.42599792480468,148.125
147.36315716771517,148.125,36.956923487281934,-0.0940698244835649,-0.1158069151645406,-0.0217370906809757,148.36699829101562,148.25
147.36815663849976,148.25,41.98202558186199,-0.0988035039205696,-0.1177382216685885,-0.0189347177480188,148.30499877929688,148.3800048828125
147.37980838973718,148.3800048828125,46.73719364317173,-0.1005505726457771,-0.107538847546607,-0.0069882749008298,148.29100036621094,148.33999633789062
147.38827429952858,148.33999633789062,45.50123408546258,-0.1007432452806916,-0.1015139358203498,-0.0007706905396581,148.27900085449218,148.1199951171875
147.3953208456494,148.1199951171875,39.3404257044696,-0.1032319290932849,-0.1131866643436581,-0.0099547352503731,148.2429992675781,148.25999450683594
147.4012699820432,148.25999450683594,44.4910869081061,-0.104560352369215,-0.1098740454729352,-0.0053136931037202,148.2699981689453,148.0800018310547
147.40690775024163,148.0800018310547,39.8107476531796,-0.1077252725002403,-0.1203849530243417,-0.0126596805241013,148.23599853515626,147.83999633789062
147.41166059651945,147.83999633789062,34.58610066866625,-0.1154589827208048,-0.1463938236030628,-0.0309348408822579,148.12799682617188,147.53500366210938
147.41342517471858,147.53500366210938,29.320160987973168,-0.1302537338240955,-0.189432738237258,-0.0591790044131625,147.9669982910156,147.2899932861328
147.411461295699,147.2899932861328,25.90759451244071,-0.1523107661020596,-0.2405388952139162,-0.0882281291118566,147.80099792480468,147.27999877929688
147.4087505072443,147.27999877929688,25.77580266567591,-0.1775756989210873,-0.2786354301971983,-0.1010597312761109,147.60499877929686,147.3699951171875
146.32000732421875,146.32000732421875,50.0,0.0,0.0,0.0,147.15899963378905,145.72999572753906
146.07945539671283,145.72999572753906,50.0,0.0,0.0,0.0,146.797998046875,145.98500061035156
146.06801647305795,145.98500061035156,50.0,0.0,0.0,0.0,146.53699951171876,146.15499877929688
146.0784235196293,146.15499877929688,50.0,0.0,0.0,0.0,146.31199951171874,146.1649932861328
146.08120097377733,146.1649932861328,50.0,0.0,0.0,0.0,146.0709991455078,146.5500030517578
146.09347959782522,146.5500030517578,50.0,0.0,0.0,0.0,146.11699829101562,146.52999877929688
146.12538408297434,146.52999877929688,50.0,0.0,0.0,0.0,146.2769989013672,146.0399932861328
146.11723342252014,146.0399932861328,50.0,0.0,0.0,0.0,146.28799743652343,145.99000549316406
146.11316288650318,145.99000549316406,50.0,0.0,0.0,0.0,146.25499877929687,145.85800170898438
146.10439802141155,145.85800170898438,50.0,0.0,0.0,0.0,146.1936004638672,146.0449981689453
146.1028911023382,146.0449981689453,50.0,0.0,0.0,0.0,146.09259948730468,146.16000366210938
146.1039371051474,146.16000366210938,50.0,0.0,0.0,0.0,146.0186004638672,146.52999877929688
146.113044458957,146.52999877929688,50.0,0.0,0.0,0.0,146.1166015625,146.80999755859375
146.12942587541767,146.80999755859375,50.0,0.0,0.0,0.0,146.28059997558594,145.7899932861328
146.11390693057544,145.7899932861328,43.49519653926103,0.0,0.0,0.0,146.26699829101562,146.22999572753906
146.11635960500047,146.22999572753906,49.38251021579042,0.0,0.0,0.0,146.3039978027344,146.19000244140625
146.11829034701756,146.19000244140625,48.88395322044407,0.0,0.0,0.0,146.30999755859375,146.36500549316406
146.1200529508522,146.36500549316406,51.20538927292441,0.0,0.0,0.0,146.2769989013672,146.6699981689453
146.13375574662422,146.6699981689453,55.03782799919692,0.0,0.0,0.0,146.2489990234375,146.83999633789062
146.1525156999375,146.83999633789062,57.06216592922972,0.0,0.0,0.0,146.45899963378906,146.77499389648438
146.15688393573086,146.77499389648438,56.0234995548838,0.0,0.0,0.0,146.56799926757813,146.8000030517578
146.17097490437482,146.8000030517578,56.35268407148651,0.0,0.0,0.0,146.68999938964845,147.4199981689453
146.22206023907304,147.4199981689453,63.622529267881816,0.0,0.0,0.0,146.9009979248047,147.67999267578125
146.2387617589564,147.67999267578125,66.1673883077415,0.0,0.0,0.0,147.10299682617188,148.4499969482422
146.2967415303765,148.4499969482422,72.33916453271218,0.0,0.0,0.0,147.42499694824218,147.64999389648438
146.33333864289835,147.64999389648438,60.07702491385958,0.0,0.6175647052415059,0.6175647052415059,147.5999969482422,148.22999572753906
146.34444500361326,148.22999572753906,64.74317185652409,0.0,0.6583265929084803,0.6583265929084803,147.88599548339843,147.93499755859375
146.35966607752016,147.93499755859375,60.84774848669608,0.0,0.6592276299635103,0.6592276299635103,147.98899536132814,147.7899932861328
146.371475032531,147.7899932861328,58.96957857472021,0.0,0.6408537127024658,0.6408537127024658,148.01099548339843,148.33999633789062
146.40111845353823,148.33999633789062,63.56361685995428,0.0,0.663029904587404,0.663029904587404,147.98899536132814,148.0500030517578
146.42364972584525,148.0500030517578,59.764032813768736,0.0,0.6497151499956431,0.6497151499956431,148.06899719238282,148.0
146.442266224595,148.0,59.10793813539417,0.0,0.6278903535229006,0.6278903535229006,148.022998046875,147.8000030517578
146.47630436460943,147.8000030517578,56.43912343523902,0.0,0.5876815358736565,0.5876815358736565,147.99599914550782,147.9550018310547
146.50377999418075,147.9550018310547,58.02107617238081,0.6295706483628294,0.5618462504698982,-0.0677243978929311,148.02900085449218,148.38499450683594
146.523917128064,148.38499450683594,62.129842721491926,0.6175572254417716,0.5695035337575405,-0.0480536916842311,148.03800048828126,148.2949981689453
146.5337894851805,148.2949981689453,60.788771040557606,0.6064124935483051,0.5618335659744389,-0.0445789275738661,148.08699951171874,147.9550018310547
146.5529971782745,147.9550018310547,55.88135632252361,0.5895898858881253,0.5222994552474063,-0.067290430640719,148.0779998779297,148.03500366210938
146.5738629682388,148.03500366210938,56.76579404182269,0.5700229524657414,0.4917552187762055,-0.0782677336895358,148.125,147.86000061035156
146.59320796792397,147.86000061035156,54.2058997084368,0.5456703907113648,0.448260143693858,-0.0974102470175067,148.1059997558594,147.71499633789062
146.60380109670152,147.71499633789062,52.10904520172315,0.5160377396831733,0.3975071355704074,-0.1185306041127659,147.9720001220703,147.2899932861328
146.61453263377055,147.2899932861328,46.43883697182239,0.4766921936609344,0.3193100095719785,-0.1573821840889558,147.7709991455078,147.5
146.62229184088065,147.5,49.37050826234782,0.4355854082963817,0.2711582668381709,-0.1644271414582108,147.67999877929688,147.2449951171875
146.63310216117208,147.2449951171875,46.07281665204075,0.3904683566213169,0.2100001499210577,-0.1804682067002592,147.5219970703125,147.14999389648438
146.64251129873054,147.14999389648438,44.87036555861297,0.3427972127561569,0.1521126372955166,-0.1906845754606403,147.37999572753907,147.52999877929688
146.64997697469937,147.52999877929688,50.44198258282994,0.3013056652979488,0.1353394754651162,-0.1659661898328325,147.3429962158203,147.3800048828125
146.65231453459367,147.3800048828125,48.36424979575072,0.262782623054019,0.1086904540782995,-0.1540921689757194,147.36099853515626,147.51539611816406
146.6603733134894,147.51539611816406,50.35217227004809,0.2297007772316109,0.0973733939419787,-0.1323273832896322,147.36407775878905,147.89999389648438
146.67182730486093,147.89999389648438,55.58330884204494,0.207376071331354,0.1180772477303264,-0.0892988236010276,147.49507751464844,147.90499877929688
146.67865959434826,147.90499877929688,55.64879854516892,0.1925712282747561,0.1333518560483639,-0.0592193722263921,147.64607849121094,148.00999450683594
146.68899927235287,148.00999450683594,57.07855973256634,0.1844920206296802,0.1521751900493768,-0.0323168305803034,147.74207763671876,148.19000244140625
146.7010987556117,148.19000244140625,59.48973040515354,0.1835032632076636,0.179548233519597,-0.0039550296880666,147.9040771484375,148.36500549316406
146.7227534979058,148.36500549316406,61.74001338992073,0.1893843253438163,0.2129085738884271,0.0235242485446107,148.0739990234375,148.27999877929688
146.73813377524624,148.27999877929688,59.99663684649395,0.1974750846354084,0.2298381218017766,0.0323630371663682,148.15,148.07000732421875
146.7495105504794,148.07000732421875,55.8045778625345,0.2027263316394919,0.2237313196558261,0.0210049880163341,148.18300170898436,148.21499633789062
146.75349517795254,148.21499633789062,57.98730369822647,0.2077737090228445,0.2279632185562548,0.0201895095334102,148.2240020751953,148.2899932861328
146.7667712020511,148.2899932861328,59.11219076528975,0.2131516872111086,0.2346635999641648,0.0215119127530562,148.24400024414064,148.35000610351562
146.77439405704516,148.35000610351562,60.03433845547208,0.218926610715584,0.2420263047334856,0.0230996940179015,148.24100036621093,148.19000244140625
146.78328817260936,148.19000244140625,56.38321066271927,0.2215958578117973,0.2322728461966505,0.0106769883848532,148.2230010986328,148.26499938964844
146.79560805648364,148.26499938964844,57.68232523176619,0.2228700714821386,0.2279669261635035,0.0050968546813649,148.26199951171876,148.39990234375
146.80033586792354,148.39990234375,59.99075500634403,0.2248474407096216,0.2327569176195538,0.0079094769099321,148.29898071289062,148.42999267578125
146.8047984221556,148.42999267578125,60.50823271137013,0.2271294781296813,0.2362576278099197,0.0091281496802384,148.3269805908203,148.38999938964844
146.8091877643269,148.38999938964844,59.408406701407,0.228327103951419,0.2331176072383698,0.0047905032869507,148.33497924804686,148.22999572753906
146.82221903918938,148.22999572753906,55.093813378418346,0.2257090914320577,0.2152370413546123,-0.0104720500774453,148.34297790527344,148.2550048828125
146.83236705641204,148.2550048828125,55.636157454549206,0.2207213210542982,0.2007702395432602,-0.0199510815110379,148.34097900390626,148.2050018310547
146.8409492439284,148.2050018310547,54.22602893362805,0.2132088615010838,0.1831590232882263,-0.0300498382128575,148.3019989013672,147.73500061035156
146.86402163112095,147.73500061035156,43.15435357256471,0.1965232501303235,0.1297808046472823,-0.0667424454830412,148.16300048828126,147.75999450683594
146.88084292445328,147.75999450683594,43.81136614305899,0.1749136190147489,0.0884750945524501,-0.0864385244622987,148.03699951171876,147.75
146.9055449277639,147.75,43.59438643279042,0.1507924002500971,0.0543075251914899,-0.0964848750586071,147.94100036621094,147.75
146.9237884338567,147.75,43.59438643279042,0.1260177547682758,0.0269191728409907,-0.099098581927285,147.83999938964843,147.88999938964844
146.92763023204637,147.88999938964844,47.79469419573949,0.1040786704753532,0.0163223333036626,-0.0877563371716905,147.7769989013672,148.0299072265625
146.93196359694602,148.0299072265625,51.66810196238004,0.0870618755353805,0.0189946957754898,-0.0680671797598906,147.8359802246094,148.03500366210938
146.93636634832066,148.03500366210938,51.80837020838211,0.0739052037383694,0.0212785165503248,-0.0526266871880445,147.89098205566407,148.1199951171875
146.9450399870379,148.1199951171875,54.19576666966981,0.0650452209384008,0.0296052897385266,-0.0354399311998742,147.96498107910156,148.13999938964844
146.94809547106087,148.13999938964844,54.7637966516394,0.0595136797677805,0.0373875150852995,-0.022126164682481,148.04298095703126,148.33999633789062
146.96165002279406,148.33999633789062,60.09232584782476,0.0594135046437073,0.0590128041474145,-0.0004007004962928,148.1329803466797,148.36000061035156
146.96663541895694,148.36000061035156,60.592344125389815,0.0629065969686109,0.0768789662682252,0.0139723692996142,148.1989990234375,148.2725067138672
146.9780324660896,148.2725067138672,57.21570685211367,0.0669294751684742,0.0830209879679273,0.0160915127994531,148.24649963378906,148.02000427246094
146.98372161729418,148.02000427246094,48.76907308559479,0.0668924521763094,0.0667443602076502,-0.0001480919686591,148.22650146484375,148.06500244140625
146.9871071492242,148.06500244140625,50.18057367099304,0.0648781606518507,0.0568209945540161,-0.0080571660978346,148.2115020751953,148.0800018310547
146.9913099659975,148.0800018310547,50.66848035940984,0.0618215840574632,0.0495952776799129,-0.0122263063775503,148.1595031738281,148.1999969482422
146.9980248035143,148.1999969482422,54.50694726102646,0.0600455022863182,0.0529411752017381,-0.00710432708458,148.12750244140625,147.91000366210938
147.00428931960917,147.91000366210938,45.327718053307926,0.0544015856477274,0.0318259190933645,-0.0225756665543629,148.05500183105468,148.11749267578125
147.00953335762685,148.11749267578125,51.60724013734852,0.0498156222950537,0.0314717688843586,-0.018343853410695,148.07449951171876,148.30999755859375
147.0139744254357,148.30999755859375,56.58907942721642,0.0490909304367024,0.0461921630032975,-0.0028987674334049,148.12349853515624,148.3699951171875
147.02017970120414,148.3699951171875,58.03895950852566,0.0516697361359583,0.0619849589329817,0.0103152227970233,148.1814971923828,148.2100067138672
147.02347013311217,148.2100067138672,52.95950992027983,0.0535136375340886,0.0608892431266099,0.0073756055925212,148.18349914550782,148.3975067138672
147.1041335510025,148.3975067138672,57.63863285430253,0.0576697393823567,0.0742941467754292,0.0166244073930724,148.28099975585937,148.44000244140625
147.10982579902583,148.44000244140625,58.64272419597657,0.0636037674634862,0.0873398797880042,0.023736112324518,148.3455017089844,148.718994140625
147.17866748516025,148.718994140625,64.57877404295488,0.0746472774710832,0.1188213175014709,0.0441740400303877,148.42730102539062,148.7100067138672
147.18412394342775,148.7100067138672,64.25880568680086,0.0880008673301433,0.1414152267663837,0.0534143594362404,148.49530334472655,148.19500732421875
147.19224402044836,148.19500732421875,49.21200078887147,0.0936852669841346,0.1164228656001,0.0227375986159653,148.49230346679687,148.36000061035156
147.1970527480488,148.36000061035156,53.00843429068079,0.0966836250142162,0.1086770571345425,0.0119934321203263,148.48480224609375,148.35000610351562
147.2019973070808,148.35000610351562,52.7512012053259,0.0974614272513983,0.1005726362001269,0.0031112089487285,148.46680297851563,148.14999389648438
147.2052193550189,148.14999389648438,47.75665988143447,0.0933934422043212,0.0771215020160127,-0.0162719401883085,148.3530029296875,148.10499572753906
147.2091455272805,148.10499572753906,46.685707344940816,0.0855706800132831,0.0542796312491304,-0.0312910487641526,148.23200073242188,147.99000549316406
147.21451780182264,147.99000549316406,43.97199829855656,0.0737749434522523,0.0265919972081292,-0.0471829462441231,148.19100036621094,147.9550018310547
147.22042052454873,147.9550018310547,43.14976514792451,0.0593807645229921,0.0018040488059511,-0.0575767157170409,148.11000061035156,148.55999755859375
147.2512718853183,148.55999755859375,57.82781582320995,0.0536295116162027,0.0306244999890452,-0.0230050116271574,148.1519989013672,148.69000244140625
147.2558698769418,148.69000244140625,60.205484729893385,0.0555488869512559,0.0632263882914685,0.0076775013402126,148.26000061035157,148.7050018310547
147.2639363509304,148.7050018310547,60.4823161450772,0.0622881459886162,0.0892451821380575,0.0269570361494412,148.3800018310547,148.9499969482422
147.27761222604582,148.9499969482422,64.79073252731024,0.0754619183811874,0.1281570079514722,0.0526950895702847,148.5720001220703,148.96493530273438
147.3004008418847,148.96493530273438,65.04100617660251,0.0920444679149914,0.1583746660502072,0.0663301981352158,148.77398681640625,149.10499572753906
147.35376362632027,149.10499572753906,67.3820631622282,0.1119190825890397,0.191417541285233,0.0794984586961932,148.88298645019532,149.11000061035156
147.38072577362064,149.11000061035156,67.46590387535096,0.1326400035267055,0.2155236872773684,0.0828836837506629,148.96698608398438,149.14999389648438
147.39139930157995,149.14999389648438,68.16996989775876,0.1531409040434788,0.2351445061105721,0.0820036020670933,149.0559844970703,149.1199951171875
147.39851333687108,149.1199951171875,66.99873919986317,0.1716015568411564,0.2454441680318666,0.0738426111907102,149.08998413085936,149.1699981689453
147.4079730772158,149.1699981689453,67.9860771930069,0.1882223387974955,0.2547054666228519,0.0664831278253563,149.13099670410156,149.27999877929688
147.4208485629216,149.27999877929688,70.10500914250464,0.2041446352092244,0.2678338208561399,0.0636891856469155,149.16599731445314,149.38999938964844
147.42980060078605,149.38999938964844,72.09411800637143,0.2200841699001836,0.2838423086640205,0.0637581387638368,149.2219970703125,149.3300018310547
147.44044786486054,149.3300018310547,69.38247157807217,0.2337400901155611,0.288363770977071,0.0546236808615098,149.25799865722655,149.36000061035156
147.44845233881546,149.36000061035156,69.99025688060895,0.2451946911724752,0.2910130954001317,0.0458184042276564,149.30599975585938,149.5
147.46450835965487,149.5,72.71263763033093,0.2563438391091182,0.3009404308556895,0.0445965917465713,149.37200012207032,149.5399932861328
147.46985617224075,149.5399932861328,73.4535032399229,0.2667708882496447,0.3084790848117507,0.041708196562106,149.4239990234375,149.3101043701172
147.47466710029713,149.3101043701172,62.88443574607992,0.2719229685023656,0.2925312895132492,0.0206083210108836,149.40802001953125,149.32159423828125
147.48131216323551,149.32159423828125,63.169676377517625,0.2730622665754589,0.2776194588678322,0.0045571922923732,149.40633850097657,149.1699981689453
147.49667736662246,149.1699981689453,56.95078959749188,0.2685857157436949,0.2506795124166388,-0.0179062033270561,149.36833801269532,149.13499450683594
147.50359963351076,149.13499450683594,55.58993908297855,0.2596533036464831,0.2239236552576358,-0.0357296483888472,149.2953369140625,149.17999267578125
147.50675266307604,149.17999267578125,57.012018237516855,0.2485224129377818,0.2039988501029768,-0.044523562834805,149.22333679199218,148.96249389648438
147.52095563719095,148.96249389648438,48.86679610419444,0.2325605592664038,0.1687131445808916,-0.0638474146855122,149.15381469726563,148.97999572753906
147.5318876525085,148.97999572753906,49.49212281493225,0.2141566772823755,0.1405411493462622,-0.0736155279361132,149.0854949951172,148.8699951171875
147.53837399983652,148.8699951171875,45.70858529375136,0.1929438392867442,0.1080924873042192,-0.084851351982525,149.02549438476564,148.82000732421875
147.55007835287935,148.82000732421875,44.06018811987495,0.1698451300219201,0.0774502929626237,-0.0923948370592964,148.96249694824218,148.75999450683594
147.55263217281552,148.75999450683594,42.0973539186585,0.1454306848308542,0.0477729040665906,-0.0976577807642636,148.8784973144531,148.8800048828125
147.55628121716978,148.8800048828125,47.16619443643692,0.1230546369199756,0.033550445276461,-0.0895041916435146,148.86199951171875,148.9199981689453
147.56007527477817,148.9199981689453,48.775508654218974,0.1034868094535692,0.0252154995879436,-0.0782713098656255,148.85,148.86000061035156
147.57280388460936,148.86000061035156,46.487808007422586,0.0855118046295487,0.0136117853334667,-0.071900019296082,148.8480010986328,148.83999633789062
147.5793738142627,148.83999633789062,45.71786741381925,0.0689633744511138,0.0027696537373742,-0.0661937207137395,148.85199890136718,148.90499877929688
147.58114713903825,148.90499877929688,48.69157604974912,0.0550564841861487,-0.0005710768737117,-0.0556275610598604,148.88099975585936,148.94000244140625
147.59538826360136,148.94000244140625,50.27142661816181,0.0439672602525286,-0.0003896354819517,-0.0443568957344803,148.89299926757812,149.27499389648438
147.6002726075139,149.27499389648438,62.25092388732989,0.0404697931665107,0.0264799248224392,-0.0139898683440715,148.96399841308593,149.22999572753906
147.60526779089074,149.22999572753906,60.154652013285855,0.0411038768503734,0.0436402115858243,0.0025363347354508,149.03799743652343,149.27499389648438
147.6109076249243,149.27499389648438,61.54907112066759,0.0449185322556176,0.0601771538765945,0.0152586216209768,149.1249969482422,149.17999267578125
147.61801070410755,149.17999267578125,57.01272167265695,0.0489086704457771,0.0648692232064149,0.0159605527606378,149.17999572753905,149.19000244140625
147.6241533780663,149.19000244140625,57.36924457550106,0.0528478554197712,0.0686045953157474,0.0157567398959762,149.22999572753906,149.16000366210938
147.62688517095324,149.16000366210938,55.87363321736456,0.0559495413639189,0.0683562851405099,0.0124067437765909,149.20699768066407,149.13499450683594
147.63323543385783,149.13499450683594,54.59578617803472,0.0578371768506286,0.0653877187974671,0.0075505419468385,149.18799743652343,149.05999755859375
147.74908115151865,149.05999755859375,50.84075778161728,0.0575365609264303,0.0563340972296373,-0.001202463696793,149.1449981689453,149.10000610351562
147.76381471067964,149.10000610351562,52.70938599911667,0.0563873257014569,0.0517903848015635,-0.0045969408998934,149.12900085449218,149.05999755859375
147.7683198095161,149.05999755859375,50.63654279068234,0.053999606060085,0.044448727494597,-0.0095508785654879,149.10299987792968,149.07000732421875
147.7711624400284,149.07000732421875,51.15410481673575,0.0509974205282419,0.0389886784008695,-0.0120087421273724,149.08500061035156,149.0449981689453
147.77731679695694,149.0449981689453,49.750596703175184,0.0472522393038912,0.0322715144064886,-0.0149807248974025,149.06700134277344,148.93499755859375
147.78023342981706,148.93499755859375,44.02857123646563,0.0413749984577894,0.0178660350733821,-0.0235089633844073,149.04200134277343,149.1300048828125
147.78919575700274,149.1300048828125,54.10596534362031,0.0374864445964184,0.0219322291509342,-0.0155542154454841,149.04800109863282,149.39999389648438
147.7945262073313,149.39999389648438,63.8187766150983,0.0392702834660331,0.046405638944492,0.0071353554784588,149.11600036621093,149.04330444335938
147.79694234993528,149.04330444335938,49.04968479043102,0.0387356796044302,0.0365972641580185,-0.0021384154464116,149.11065979003905,149.25990295410156
147.79856507087618,149.25990295410156,55.746962173463295,0.0401433618586635,0.0457740908755965,0.005630729016933,149.1536407470703,149.11000061035156
147.8012454278097,149.11000061035156,50.77279764675969,0.0402115392055485,0.0404842485930885,0.00027270938754,149.1886413574219,149.0449981689453
147.80853200155337,149.0449981689453,48.74181341671471,0.0383078406377916,0.030693046366764,-0.0076147942710275,149.17164001464843,149.1699981689453
147.81128036404908,149.1699981689453,52.663197684288846,0.0371749941495634,0.0326436081966505,-0.0045313859529128,149.12564086914062,149.16000366210938
147.81373490092577,149.16000366210938,52.31855588245979,0.0363405026450355,0.0330025366269239,-0.0033379660181115,149.14898071289062,149.0800018310547
147.81757708649525,149.0800018310547,49.52468890992892,0.0343775498415735,0.0265257386277255,-0.0078518112138479,149.11300048828124,148.97999572753906
147.826907509981,148.97999572753906,46.20319652295729,0.0301363082240309,0.0131713417538605,-0.0169649664701703,149.08699951171874,149.10000610351562
147.85761006343466,149.10000610351562,50.49406993617212,0.0265354209243078,0.0121318717254155,-0.0144035491988923,149.0980010986328,149.08999633789062
147.8622439891679,149.08999633789062,50.134884231843536,0.0233044802114676,0.0103807173601069,-0.0129237628513607,149.08200073242188,149.11000061035156
147.88273143346294,149.11000061035156,50.88678506426333,0.0207408269625682,0.0104862139669705,-0.0102546129955976,149.0720001220703,148.80999755859375
147.89784587957377,148.80999755859375,40.92125740524333,0.0138961614926775,-0.0134825003868854,-0.0273786618795629,149.01799926757812,149.08999633789062
147.9219737602852,149.08999633789062,50.63767255400501,0.009162594002552,-0.0097716759579498,-0.0189342699605018,149.03999938964844,148.99000549316406
147.92393262059366,148.99000549316406,47.62534798674716,0.00438418432352,-0.0147294543926079,-0.019113638716128,149.01799926757812,149.01510620117188
147.9263533346086,149.01510620117188,48.454302811188434,0.0002186352539468,-0.0164435610243458,-0.0166621962782927,149.00302124023438,149.0500030517578
147.92679497760892,149.0500030517578,49.647509327260856,-0.0027881591374443,-0.014815336703009,-0.0120271775655647,148.99102172851562,148.9550018310547
147.92812448128922,148.9550018310547,46.4922749104516,-0.0064203816274918,-0.020949271587682,-0.0145288899601901,149.0200225830078,148.9499969482422
147.92920433301188,148.9499969482422,46.32524229762007,-0.0103194198620877,-0.0259155728004714,-0.0155961529383836,148.9920227050781,148.8300018310547
147.93182251770446,148.8300018310547,42.39276216960645,-0.0160722309760064,-0.0390834754316813,-0.0230112444556748,148.96002197265625,148.91000366210938
147.93465779858812,148.91000366210938,45.7021847724161,-0.0213723647972463,-0.0425729000822059,-0.0212005352849595,148.93900146484376,149.02999877929688
147.9369283049452,149.02999877929688,50.31288889875497,-0.0241477635336155,-0.035249358479092,-0.0111015949454765,148.93500061035155,148.99729919433594
147.94002499123624,148.99729919433594,49.08957607074471,-0.0256618813854653,-0.0317183527928648,-0.0060564714073994,148.9434600830078,149.24000549316406
147.942581825818,149.24000549316406,57.373904680249765,-0.0223753543894062,-0.0092292464051695,0.0131461079842366,149.0014617919922,149.02000427246094
147.95210114559126,149.02000427246094,49.50946846762661,-0.0197111544093411,-0.0090543544890806,0.0106567999202604,149.03946228027343,148.94000244140625
147.9540132798215,148.94000244140625,46.98719469779613,-0.0188081354934679,-0.0151960598299751,0.0036120756634927,149.04546203613282,149.0399932861328
147.95534181660815,149.0399932861328,50.38912814144373,-0.0174181654189361,-0.0118582851208088,0.0055598802981272,149.0474609375,148.9949951171875
147.95760337748385,148.9949951171875,48.86927980356849,-0.0164740683023109,-0.01269767983581,0.0037763884665008,149.0470001220703,149.07000732421875
147.95961927001846,149.07000732421875,51.4957070328322,-0.0146246031619532,-0.0072267426005225,0.0073978605614306,149.01300048828125,149.0301055908203
147.961611182342,149.0301055908203,50.0237201144782,-0.0129078993260446,-0.0060410839824101,0.0068668153436345,149.01502075195313,149.02999877929688
147.96400947200524,149.02999877929688,50.01959834066948,-0.0113366845574543,-0.0050518254830933,0.006284859074361,149.03302001953125,149.13999938964844
147.96637769246774,149.13999938964844,54.2045652168899,-0.0081581911020791,0.0045557827194215,0.0127139738215007,149.0530212402344,149.27000427246094
147.96943015625794,149.27000427246094,58.61502836331681,-0.0020461622388859,0.0224019532138868,0.0244481154527727,149.10802307128907,149.55999755859375
147.98388134722228,149.55999755859375,66.39064952364164,0.0102154842618385,0.0592620702647366,0.049046586002898,149.20602111816407,149.7899932861328
147.99036506225312,149.7899932861328,71.03829567017442,0.0293349805387807,0.1058129656465496,0.0764779851077688,149.35799865722657,149.85000610351562
148.067990990919,149.85000610351562,72.12159815689324,0.0526411777051432,0.145865966370593,0.0932247886654498,149.52200012207032,149.5399932861328
148.0718491913665,149.5399932861328,59.69898670351768,0.0722837151800624,0.150853865079739,0.0785701498996766,149.60199890136718,149.85000610351562
148.0783118498815,149.85000610351562,66.00490699822339,0.0933815716964197,0.1777729977618491,0.0843914260654294,149.71799926757814,149.77000427246094
148.08258394046226,149.77000427246094,63.25430617809266,0.1127963915117794,0.1904556707732183,0.0776592792614388,149.76000061035157,149.66000366210938
148.08387788942247,149.66000366210938,59.57795661144304,0.1281264783071951,0.1894468254888579,0.0613203471816627,149.73400268554687,149.73500061035156
148.1080900056127,149.73500061035156,61.23231556040208,0.1409972114447388,0.1924801439949135,0.0514829325501746,149.71100158691405,149.72500610351562
148.11017065935522,149.72500610351562,60.874753723634704,0.151170946571174,0.191865887076915,0.0406949405057409,149.7480041503906,149.86000061035156
148.1291666441124,149.86000061035156,63.93785556026396,0.1609301409348036,0.1999669183893218,0.0390367774545181,149.7500030517578,149.8000030517578
148.13216993668178,149.8000030517578,61.62851378823845,0.1685938977343836,0.1992489249327036,0.03065502719832,149.7560028076172,149.7449951171875
148.13346962835104,149.7449951171875,59.50639245842698,0.173280649004091,0.1920276540829206,0.0187470050788296,149.77300109863282,149.77499389648438
148.13692998007673,149.77499389648438,60.30907291115597,0.1759394549886846,0.1865746789270588,0.0106352239383742,149.78099975585937,149.85000610351562
148.13997346109088,149.85000610351562,62.32036853219876,0.1779835794990433,0.1861600775404781,0.0081764980414348,149.80599975585938,150.19000244140625
148.19056272044085,150.19000244140625,69.79225067094006,0.1845540596027502,0.2108359800175776,0.0262819204148274,149.87200012207032,149.8350067138672
148.20017510851122,149.8350067138672,57.06758378970333,0.187532750745564,0.1994475153168196,0.0119147645712555,149.87900085449218,150.0
148.20236552957616,150.0,60.65783852805099,0.19030897668417,0.2014138804385936,0.0111049037544236,149.93000183105468,150.25999450683594
148.2063578344392,150.25999450683594,65.54714965442534,0.1965270748584985,0.2213994675558126,0.024872392697314,150.027001953125,150.22000122070312
148.22295222086407,150.22000122070312,64.22493868093763,0.203490514409524,0.2313442726136259,0.0278537582041018,150.1010009765625,150.05999755859375
148.22714618109765,150.05999755859375,59.0894213509434,0.2075395234642377,0.2237355596830923,0.0161960362188546,150.075,150.14500427246094
148.27415957732185,150.14500427246094,60.879187758452616,0.210432776117497,0.2220057867305342,0.0115730106130372,150.13699951171876,150.41000366210938
148.28004640102614,150.41000366210938,65.8891011984852,0.216198245591264,0.239260123486332,0.023061877895068,150.21900024414063,150.46249389648438
148.28433904842328,150.46249389648438,66.79614688985265,0.2238064209858855,0.2542391225643712,0.0304327015784857,150.2595001220703,150.63499450683594
148.29397841123728,150.63499450683594,69.65216239367481,0.2344127820115869,0.2768382261143927,0.0424254441028057,150.34249877929688,150.84500122070312
148.31004792838027,150.84500122070312,72.72770017256401,0.2491586050544115,0.3081418972257097,0.0589832921712982,150.49949951171874,150.72000122070312
148.31902304549104,150.72000122070312,68.2914007313792,0.2631637774298156,0.3191844669314321,0.0560206895016164,150.6144989013672,150.4600067138672
148.3274941833688,150.4600067138672,60.08212030382541,0.2712226860480587,0.303458320521031,0.0322356344729722,150.62449951171874,150.4250030517578
148.33209876334757,150.4250030517578,59.05288614166179,0.273955496085662,0.2848867362360749,0.0109312401504129,150.61700134277345,150.5800018310547
148.3426373261026,150.5800018310547,62.14523824366733,0.275055267304924,0.2794543521819719,0.0043990848770478,150.6060028076172,150.60000610351562
148.34831605558125,150.60000610351562,62.53845363503578,0.2747660794970294,0.2736093282654508,-0.0011567512315786,150.5570037841797,150.6649932861328
148.35432404697227,150.6649932861328,63.85211233766218,0.2740320638508154,0.2710960012659598,-0.0029360625848556,150.54600219726564,150.75
148.35609528265104,150.75,65.55368245255556,0.2737893750138178,0.2728186196658271,-0.0009707553479907,150.6040008544922,150.72999572753906
148.35873069862694,150.72999572753906,64.78088089049196,0.2729241846008547,0.269463422949002,-0.0034607616518526,150.66499938964844,150.75999450683594
148.36403182993735,150.75999450683594,65.43887837264572,0.2715707405504826,0.266156964348994,-0.0054137762014885,150.70099792480468,150.89999389648438
148.4141747556292,150.89999389648438,68.40551444718952,0.2715968621977899,0.271701348787019,0.0001044865892291,150.76099548339843,151.0
148.4401790877119,151.0,70.36256526620066,0.2734628143439868,0.2809266229287743,0.0074638085847875,150.82799682617187,150.9600067138672
148.44296644000684,150.9600067138672,68.5342800925355,0.2751227737165269,0.2817626112066875,0.0066398374901606,150.8699981689453,150.9600067138672
148.45401027160145,150.9600067138672,68.5342800925355,0.2759395425431037,0.279206617849411,0.0032670753063072,150.91600036621094,150.8699951171875
148.46297910005745,150.8699951171875,64.18125453738534,0.2741199950108159,0.2668418048816647,-0.0072781901291512,150.93800048828126,150.7550048828125
148.4741639988465,150.7550048828125,59.02355649038857,0.2682840621997132,0.244940330955302,-0.0233437312444111,150.90900268554688,150.7449951171875
148.47590335691413,150.7449951171875,58.58222874201969,0.259465492537113,0.2241912138867121,-0.0352742786504008,150.85800170898438,150.81500244140625
148.50195207906862,150.81500244140625,60.7903989037226,0.2497652995014583,0.2109645273588398,-0.0388007721426185,150.8290008544922,150.8800048828125
148.52346741408357,150.8800048828125,62.7749052710581,0.2404888325115536,0.2033829645519347,-0.0371058679596189,150.81300048828126,151.07000732421875
148.5312360123407,151.07000732421875,67.89061868141238,0.2344474918137974,0.2102821290227723,-0.024165362791025,150.8530029296875,151.16000366210938
148.56193350025518,151.16000366210938,69.99404900402592,0.2316520484147541,0.2204702748185809,-0.0111817735961731,150.9340026855469,151.14500427246094
148.5656044737211,151.14500427246094,69.18063032656421,0.2302703239430476,0.2247434260562215,-0.005526897886826,151.01400451660157,150.94000244140625
148.60280621302067,150.94000244140625,59.07575141331817,0.2260516062554772,0.2091767355051956,-0.0168748707502815,151.03900451660155,151.00999450683594
148.6050807802402,151.00999450683594,61.16160411393984,0.2208773335233582,0.2001802425948824,-0.0206970909284758,151.06500244140625,151.02999877929688
148.61012663187805,151.02999877929688,61.76148166905394,0.2151911136899089,0.1924462343561117,-0.0227448793337972,151.05700073242187,151.16400146484375
148.6182513662353,151.16400146484375,65.59500612224504,0.2111295668785523,0.1948833796331257,-0.0162461872454266,151.05780029296875,151.13999938964844
148.62418196540438,151.13999938964844,64.35057858922724,0.2074351005560669,0.1926572352661253,-0.0147778652899416,151.05679931640626,151.02000427246094
148.62600428190302,151.02000427246094,58.38690637764159,0.2017771446358311,0.1791453209548876,-0.0226318236809434,151.0727996826172,151.11000061035156
148.62964775954765,151.11000061035156,61.28483925650298,0.1961610589546445,0.1736967162298981,-0.0224643427247464,151.09280090332032,151.189697265625
148.63816030584846,151.189697265625,63.69593010353118,0.1916900440754324,0.1738059845585837,-0.0178840595168486,151.12474060058594,151.1575927734375
148.6401771873684,151.1575927734375,62.02030522494759,0.1872220065714286,0.1693498565554136,-0.0178721500160149,151.1234588623047,151.1699981689453
148.64315295017255,151.1699981689453,62.4315663862693,0.1827612611534822,0.1649182794816965,-0.0178429816717856,151.12945861816405,151.13999938964844
148.64510864671254,151.13999938964844,60.71930266986514,0.177643763033656,0.1571737705543512,-0.0204699924793048,151.15345764160156,151.08999633789062
148.64710834977262,151.08999633789062,57.87025678832179,0.1711802371950785,0.1453261338407685,-0.02585410335431,151.1494567871094,151.00999450683594
148.6509651723479,151.00999450683594,53.54160958890096,0.1625453390876751,0.1280057466580615,-0.0345395924296136,151.11351623535157,151.25
148.65743802759883,151.25,62.5836113502534,0.1564607962978898,0.1321226251387486,-0.0243381711591412,151.13199768066406,151.26499938964844
148.66296100533793,151.26499938964844,63.067390900290086,0.1521764292978538,0.1350389612977096,-0.0171374680001442,151.1509979248047,151.36000061035156
148.67309165405493,151.36000061035156,66.06055581501107,0.1504138193321358,0.1433633794692639,-0.0070504398628719,151.19499816894532,151.4250030517578
148.68553700563737,151.4250030517578,67.97313843586046,0.1510184492163539,0.1534369687532262,0.0024185195368722,151.26199951171876,151.6300048828125
148.71220739027223,151.6300048828125,73.1181602678866,0.1560016063702352,0.1759342349857604,0.0199326286155251,151.38600158691406,151.72979736328125
148.72825880048532,151.72979736328125,75.20620858335863,0.1647044857840026,0.1995160034390721,0.0348115176550695,151.48196105957032,151.6999969482422
148.76366858865714,151.6999969482422,73.37334948613496,0.1744317526710367,0.2133408202191731,0.0389090675481363,151.56896057128907,151.7100067138672
148.7662591925543,151.7100067138672,73.60603338224482,0.1840533010929987,0.2225394947808467,0.038486193687848,151.6389617919922,151.57249450683594
148.78432232494407,151.57249450683594,65.17926125699788,0.1904907881088979,0.2162407361724945,0.0257499480635965,151.6684600830078,151.5399932861328
148.79298290271052,151.5399932861328,63.33371100295304,0.1936423983816341,0.206248839472579,0.0126064410909448,151.65045776367188,151.47250366210938
148.80714039312207,151.47250366210938,59.56225053425678,0.1930511644214563,0.1906862285807449,-0.0023649358407114,151.5989990234375,151.48500061035156
148.81023408817995,151.48500061035156,60.03680543973895,0.1899043605246574,0.1773171449374615,-0.0125872155871958,151.55599975585938,151.39999389648438
148.81273414776496,151.39999389648438,55.28417280641668,0.1835316726380198,0.1580409210914695,-0.0254907515465503,151.4939971923828,151.4149932861328
148.81855780133284,151.4149932861328,55.94684497405636,0.1752921306866323,0.1423339628810822,-0.03295816780555,151.46249694824218,151.32000732421875
148.82159018269758,151.32000732421875,50.81149596968592,0.1643994394087232,0.1208286742970869,-0.0435707651116362,151.4184997558594,151.27499389648438
148.82735801449766,151.27499389648438,48.53775297271381,0.151321955882495,0.0990120217775825,-0.0523099341049125,151.37899780273438,151.3000030517578
148.83261325346024,151.3000030517578,49.87969790325449,0.1376147433166074,0.0827858930530567,-0.0548288502635506,151.3419982910156,151.3300018310547
148.83998112629018,151.3300018310547,51.5129781223998,0.1243963446877415,0.0715227501722779,-0.0528735945154636,151.3279998779297,151.39999389648438
148.84459983440547,151.39999389648438,55.18261776114223,0.1130104135562328,0.0674666890301978,-0.0455437245260349,151.325,151.3300018310547
148.85933197980873,151.3300018310547,51.02392837642983,0.1019956507580225,0.0579365995651812,-0.0440590511928412,151.32699890136718,151.16000366210938
148.86208590575856,151.16000366210938,42.62217530299646,0.088846250928795,0.0362486516118849,-0.05259759931691,151.3040008544922,151.24000549316406
148.87395352028025,151.24000549316406,47.04165170821453,0.0761220991428606,0.025225491999123,-0.0508966071437375,151.29200134277343,151.38499450683594
148.90335788413265,151.38499450683594,53.96248607095696,0.0664712230253966,0.0278677185555409,-0.0386035044698557,151.3029998779297,151.35000610351562
148.9076875287317,151.35000610351562,52.189991309240064,0.0585428105279116,0.0268291605379715,-0.03171364998994,151.29300231933593,151.27000427246094
148.91652262181825,151.27000427246094,48.284620136185815,0.0506998119450153,0.0193278176134299,-0.0313719943315853,151.2810028076172,151.1750030517578
148.922967148891,151.1750030517578,44.06757556156208,0.0416902479764753,0.0056519921023152,-0.03603825587416,151.28400268554688,151.12249755859375
148.93021205983518,151.12249755859375,41.89001554468071,0.0314890846691351,-0.0093155685602255,-0.0408046532293606,151.2605010986328,151.0500030517578
148.93401997903402,151.0500030517578,39.02283626999445,0.0198474343085214,-0.0267191671339332,-0.0465666014424547,151.1935028076172,151.13999938964844
148.9366598394701,151.13999938964844,44.13482526107844,0.0093037918101781,-0.0328707781831951,-0.0421745699933733,151.15150146484376,151.08999633789062
148.93840812665576,151.08999633789062,42.02666337230518,-0.0008179001799684,-0.0413046681405546,-0.0404867679605862,151.1154998779297,151.17999267578125
148.9407550052455,151.17999267578125,46.93923674039752,-0.0087068227776576,-0.0402625131684146,-0.0315556903907569,151.1164978027344,151.11000061035156
148.94380677467618,151.11000061035156,43.8286153202392,-0.0158795763327447,-0.0445705905530928,-0.0286910142203481,151.11399841308594,151.08999633789062
148.9453324030575,151.08999633789062,42.952506046517215,-0.0225104051297887,-0.0490337203179649,-0.0265233151881761,151.1219970703125,151.06500244140625
148.953711888194,151.06500244140625,41.82749125271691,-0.0288014242390111,-0.0539655006759005,-0.0251640764368894,151.10699768066405,151.0
148.95935790864772,151.0,38.968800671960864,-0.0355211033184712,-0.0623998196363118,-0.0268787163178405,151.08899841308593,150.9550018310547
148.9645402925958,150.9550018310547,37.07954975176936,-0.0427941612065623,-0.0718863927589268,-0.0290922315523644,151.04400024414062,151.02000427246094
148.97152695656226,151.02000427246094,41.49226022614936,-0.0488981879605125,-0.0733142949763134,-0.0244161070158008,151.0260009765625,151.08999633789062
148.97773647195686,151.08999633789062,45.89248652673368,-0.0527213740917902,-0.0680141186169009,-0.0152927445251107,151.0260009765625,151.11000061035156
148.9813055989693,151.11000061035156,47.11664963665421,-0.0544752366137869,-0.0614906867017737,-0.0070154500879867,151.03500061035157,151.11500549316406
148.98495157236124,151.11500549316406,47.43706780331276,-0.0546361367497785,-0.0552797372937448,-0.0006436005439662,151.05800170898436,151.17999267578125
148.99020502562112,151.17999267578125,51.542663577892654,-0.0526288049214432,-0.0445994776081022,0.008029327313341,151.10299987792968,150.96499633789062
149.0025357073284,150.96499633789062,40.32183499013226,-0.0526778842661568,-0.052874201645011,-0.0001963173788541,151.0919982910156,150.9149932861328
149.0090713678808,150.9149932861328,38.23690747002307,-0.0546910154073291,-0.0627435399720184,-0.0080525245646892,151.05699768066407,150.9040069580078
149.01290665385815,150.9040069580078,37.7747468104031,-0.0578802730653083,-0.0706373036972252,-0.0127570306319168,151.01579895019532,151.02000427246094
149.02249241646456,151.02000427246094,45.29324685421327,-0.0596569276275604,-0.0667635458765687,-0.0071066182490083,150.99679870605468,151.02000427246094
149.0334497595271,151.02000427246094,45.29324685421327,-0.0603190845627263,-0.06296771230339,-0.0026486277406636,150.9648010253906,150.9539031982422
149.04117077707005,150.9539031982422,41.94387737417159,-0.0611651092540441,-0.064549208019315,-0.0033840987652709,150.96258239746095,150.89500427246094
149.04577042220018,150.89500427246094,39.1647496945832,-0.0628823189852619,-0.069751157910133,-0.0068688389248711,150.95858459472657,150.85000610351562
149.0507306801299,150.85000610351562,37.140076779362936,-0.0656301496299495,-0.0766214722086999,-0.0109913225787504,150.94778442382812,150.97000122070312
149.05482273607797,150.97000122070312,45.26595775385518,-0.0668158712750622,-0.071558757855513,-0.0047428865804508,150.93778381347656,151.00999450683594
149.05739589982036,151.00999450683594,47.692932101433634,-0.0661699793659247,-0.0635864117293749,0.0025835676365498,150.93578186035157,151.05250549316406
149.06391095631076,151.05250549316406,50.21969222733876,-0.0635808735601025,-0.0532244503368133,0.0103564232232891,150.95550231933595,150.92999267578125
149.067627423801,150.92999267578125,43.6722164334389,-0.0617192309111175,-0.0542726603151777,0.0074465705959398,150.9625,150.9199981689453
149.06839296789707,150.9199981689453,43.17765141344595,-0.0604299243669755,-0.0552726981904072,0.0051572261765682,150.97649841308595,151.0399932861328
149.0828904840224,151.0399932861328,50.43503173823993,-0.0575147505514142,-0.045854055289169,0.0116606952622451,150.99049682617186,151.05499267578125
149.0894738892558,151.05499267578125,51.27280559871765,-0.0533629386048588,-0.0367556908186372,0.0166072477862215,150.99949645996094,151.35000610351562
149.11421682002546,151.35000610351562,64.11888894855585,-0.0438252788087391,-0.0056746396242601,0.0381506391844789,151.05899658203126,151.43499755859375
149.11965190238038,151.43499755859375,66.83182218630625,-0.029955978106238,0.0255212247037661,0.0554772028100042,151.15999755859374,151.39999389648438
149.1227803260784,151.39999389648438,64.66334772984972,-0.0145889277138572,0.0468792738556658,0.061468201569523,151.25599670410156,151.34500122070312
149.12739089261663,151.34500122070312,61.2982686944882,6.719208693249136e-05,0.0586916712900915,0.058624479203159,151.31699829101564,151.33999633789062
149.12896643337788,151.33999633789062,60.987204833740535,0.0134294132213269,0.0668782977589046,0.0534488845375777,151.3739990234375,151.33999633789062
149.1309147979867,151.33999633789062,60.987204833740535,0.0252495656774976,0.0725301755021803,0.0472806098246827,151.3719970703125,151.34500122070312
149.1330156157701,151.34500122070312,61.21546456935248,0.0355058485519174,0.076530980049597,0.0410251314976795,151.35399780273437,151.21499633789062
149.14032962832206,151.21499633789062,52.60545799896765,0.042089199986262,0.0684226057236401,0.0263334057373781,151.31699829101564,151.2449951171875
149.1424857159612,151.2449951171875,54.20604429764113,0.0464080021923031,0.0636832110164675,0.0172752088241644,151.2969970703125,151.22000122070312
149.15064483875867,151.22000122070312,52.61182095099583,0.0485764938203277,0.0572504603324262,0.0086739665120984,151.272998046875,151.3699951171875
149.15276379208942,151.3699951171875,60.18052147001804,0.051565885881786,0.063523454127619,0.011957568245833,151.27899780273438,151.35009765625
149.15576581400745,151.35009765625,58.83800991428279,0.054478112106972,0.0661270170077159,0.0116489049007439,151.28001708984374,151.40499877929688
149.15903004822374,151.40499877929688,61.396904902213805,0.0579410572861617,0.0717928380029206,0.0138517807167589,151.318017578125,151.4250030517578
149.16139481285043,151.4250030517578,62.31616293452244,0.0617547462218657,0.0770095019646817,0.0152547557428159,151.35401916503906,151.39500427246094
149.1715691253436,151.39500427246094,60.00839147803169,0.0649689901119135,0.0778259656721047,0.0128569755601912,151.38901977539064,151.55990600585938
149.23227668108777,151.55990600585938,67.19926961785072,0.0701218508604361,0.0907332938545266,0.0206114429940904,151.427001953125,151.56500244140625
149.24991428857402,151.56500244140625,67.39440283908421,0.0761411663937547,0.1002184285270288,0.0240772621332741,151.46998291015626,151.625
149.2572513794305,151.625,69.68112062855062,0.0831717014195257,0.1112938415226096,0.0281221401030839,151.51398315429688,151.4199981689453
149.27417196930745,151.4199981689453,55.38753221386366,0.0870072473536329,0.1023494310900616,0.0153421837364287,151.5129821777344,151.2899932861328
149.2796442485773,151.2899932861328,48.58164195293486,0.0863667112735246,0.0838045669530913,-0.0025621443204332,151.49197998046876,151.30149841308594
149.28646731618483,151.30149841308594,49.17682581434433,0.0829409420386164,0.0692378650989837,-0.0137030769396326,151.44029846191407,151.3000030517578
149.29273132768444,151.3000030517578,49.09727772215352,0.0777361303045649,0.056916883368359,-0.0208192469362058,151.38729858398438,151.31500244140625
149.29419942170622,151.31500244140625,49.971454523580505,0.071751224165615,0.0478115996098154,-0.0239396245557996,151.32529907226564,151.3800048828125
149.29714889818862,151.3800048828125,53.68366996324291,0.0664646490705978,0.0453183486905288,-0.0211463003800689,151.31730041503906,151.4149932861328
149.30984208223134,151.4149932861328,55.59369505361747,0.0622996385076432,0.0456395962558247,-0.0166600422518185,151.34230041503906,151.52639770507812
149.31278894234558,151.52639770507812,61.095084453346686,0.060691338562069,0.0542581387797724,-0.0064331997822965,151.3872802734375,151.77999877929688
149.3273746827893,151.77999877929688,70.15833769729986,0.0646775742278775,0.0806225168911112,0.0159449426632337,151.4832794189453,151.7550048828125
149.3388151352847,151.7550048828125,68.4654860698953,0.0714152150747609,0.0983657784622948,0.0269505633875339,151.57127990722657,151.75999450683594
149.3405356415824,151.75999450683594,68.62822715418662,0.0794410219351131,0.1115442493765215,0.0321032274414084,151.64727783203125,151.7100067138672
149.34237230160844,151.7100067138672,65.00860897203381,0.08687491203922,0.1166104724556476,0.0297355604164275,151.70628051757814,151.7550048828125
149.3461379415498,151.7550048828125,66.71069039670212,0.0940680173916852,0.1228404388015462,0.028772421409861,151.752001953125,151.77499389648438
149.35017545328225,151.77499389648438,67.46772335575213,0.1008376420569737,0.1279161407181277,0.0270784986611539,151.7510009765625,151.76499938964844
149.35191455982454,151.76499938964844,66.65156387259464,0.1065976764175734,0.129637813859972,0.0230401374423986,151.75299987792968,151.82000732421875
149.35558443807878,151.82000732421875,68.8827166172355,0.1120576304169007,0.1338974464142097,0.021839815997309,151.76500244140624,151.94000244140625
149.3610631533412,151.94000244140625,73.10921098819992,0.1187023300539704,0.1452811286022495,0.026578798548279,151.81100158691407,151.93499755859375
149.363862904886,151.93499755859375,72.66588396653756,0.1253908825662277,0.1521450926152567,0.026754210049029,151.8470001220703,151.7949981689453
149.37064955296674,151.7949981689453,61.44219241549662,0.1292368965549245,0.1446209525097117,0.0153840559547872,151.8510009765625,151.57000732421875
149.37571353886162,151.57000732421875,48.48205587634036,0.1272154935057666,0.119129881309135,-0.0080856121966315,151.81200256347657,151.59500122070312
149.3781346336714,151.59500122070312,49.750092916930576,0.1217312855941664,0.0997944539477657,-0.0219368316464007,151.76700134277343,151.64500427246094
149.38365705898664,151.64500427246094,52.28064460225806,0.1148844691845801,0.0874972035462349,-0.0273872656383452,151.70800170898437,151.6699981689453
149.38717808418906,151.6699981689453,53.54009313060581,0.1076794356734063,0.0788593016287109,-0.0288201340446954,151.65500183105468,151.63999938964844
149.38814328907034,151.63999938964844,51.77384949042841,0.0999035421669493,0.0687999681411213,-0.031103574025828,151.6240020751953,151.58999633789062
149.39228427653646,151.58999633789062,48.87934342716082,0.0911519999937641,0.0561458313010234,-0.0350061686927406,151.62799987792968,151.5850067138672
149.39741393419428,151.5850067138672,48.58743677643271,0.0819603500564212,0.0451937503070496,-0.0367665997493716,151.6260009765625,151.6199951171875
149.39853008562525,151.6199951171875,50.80599970204237,0.0733461059005048,0.0388891292768391,-0.0344569766236656,151.62099914550782,151.5449981689453
149.40344074024702,151.5449981689453,46.20361804205605,0.064181638295889,0.027523767877426,-0.036657870418463,151.59599914550782,151.47999572753906
149.40727600877648,151.47999572753906,42.60145916457167,0.0539693589040869,0.0131202413368782,-0.0408491175672086,151.56399841308593,151.5800018310547
149.41044521916558,151.5800018310547,49.16758422361431,0.0451082078319214,0.0096636035432595,-0.0354446042886618,151.56199951171874,151.5500030517578
149.41382688204095,151.5500030517578,47.41536221708687,0.0369770102632273,0.0044522199884511,-0.0325247902747762,151.55499877929688,151.47500610351562
149.42292982843148,151.47500610351562,43.26425298514364,0.0284487736280528,-0.0056641729126454,-0.0341129465406982,151.5260009765625,151.52999877929688
149.4294706388691,151.52999877929688,46.93298264769955,0.0209312803687478,-0.009138692668472,-0.0300699730372198,151.52300109863282,151.65499877929688
149.43152005015244,151.65499877929688,54.184965901120606,0.0163879762671897,-0.0017852401390427,-0.0181732164062325,151.55800170898436,151.69500732421875
149.43326054834773,151.69500732421875,56.24596431537779,0.0145479652730955,0.0071879212967189,-0.0073600439763766,151.58100280761718,151.75
149.4365619623529,151.75,58.97762777186939,0.015343000712312,0.0185231424691778,0.0031801417568658,151.62100219726562,151.77999877929688
149.44243548763902,151.77999877929688,60.42897004447185,0.0181915983359647,0.0295859888305756,0.0113943904946108,151.68200073242187,151.8300018310547
149.44566046170604,151.8300018310547,62.79196820126891,0.0229343079125422,0.0419051462188519,0.0189708383063097,151.74200134277345,151.74000549316406
149.4495812478967,151.74000549316406,56.27810673921648,0.0271274785572638,0.0439001611361504,0.0167726825788866,151.75900268554688,151.7949981689453
149.4529685942833,151.7949981689453,59.07205920788698,0.031571942924656,0.0493498003942249,0.0177778574695689,151.77900085449218,151.75999450683594
149.45645050098113,151.75999450683594,56.59305913882461,0.0353105053332903,0.0502647549678272,0.0149542496345369,151.78099975585937,151.85499572753906
149.4633995243998,151.85499572753906,61.33555144720528,0.0398458496576705,0.0579872269551913,0.0181413772975208,151.7959991455078,151.7949981689453
149.4673712311142,151.7949981689453,57.09307021468664,0.0435948084494075,0.0585906436163554,0.0149958351669479,151.78899841308595,151.91000366210938
149.47175738305964,151.91000366210938,62.45400974078137,0.0483898334975847,0.0675699336902937,0.0191801001927089,151.822998046875,151.85000610351562
149.486508188325,151.85000610351562,58.357536729891805,0.05252163324835,0.0690488322514113,0.0165271990030612,151.83399963378906,151.80999755859375
149.49069478027073,151.80999755859375,55.73234544886535,0.0552631200674709,0.0662290673439542,0.0109659472764833,151.84400024414063,151.82000732421875
149.49624816289966,151.82000732421875,56.26246538348978,0.0570232165418916,0.0640636024395746,0.0070403858976829,151.83700256347657,151.8699951171875
149.51070180014855,151.8699951171875,58.90889404225312,0.058743487991892,0.0656245737918936,0.0068810858000016,151.852001953125,151.85000610351562
149.51491883622387,151.85000610351562,57.41290806418299,0.0598958170857501,0.0645051334611821,0.004609316375432,151.84000244140626,151.83999633789062
149.51946647438723,151.83999633789062,56.637257528875416,0.0603355492712103,0.0620944780130514,0.001758928741841,151.83800048828124,151.8300018310547
149.5256050495505,151.8300018310547,55.82626423657814,0.0600086145912615,0.0587008758714659,-0.0013077387197955,151.84200134277344,151.82000732421875
149.53197348957448,151.82000732421875,54.97846630990084,0.0589220581385633,0.0545758323277709,-0.0043462258107924,151.84200134277344,152.00999450683594
149.53958798675262,152.00999450683594,65.655649751814,0.0603131838080118,0.0658776864858055,0.0055645026777936,151.87000122070313,152.02999877929688
149.5452906774655,152.02999877929688,66.55504416912473,0.0633660380623315,0.0755774550796104,0.0122114170172788,151.90599975585937,152.05999755859375
149.55211882251135,152.05999755859375,67.91211189681758,0.0676345849206521,0.0847087723539345,0.0170741874332824,151.95,152.08999633789062
149.55841925605156,152.08999633789062,69.25556376938383,0.0727658001744471,0.0932906611896271,0.0205248610151799,152.0019989013672,152.05999755859375
149.56717004913517,152.05999755859375,66.2676554507481,0.0775242715026899,0.0965581568156608,0.0190338853129709,152.04999694824218,152.07000732421875
149.57549545409145,152.07000732421875,66.78262659691293,0.0817826736977059,0.0988162824777703,0.0170336087800643,152.06199951171874,152.08999633789062
149.57960416547644,152.08999633789062,67.83853049291926,0.0856369235505751,0.1010539229620519,0.0154169994114767,152.0739990234375,152.10000610351562
149.58711412776788,152.10000610351562,68.3805692955598,0.0890003284920293,0.1024539482578461,0.0134536197658167,152.08200073242188,152.05999755859375
149.59220236527986,152.05999755859375,63.75542615975007,0.0910386033885024,0.0991917029743945,0.008153099585892,152.0760009765625,151.89999389648438
149.60104329200252,151.89999389648438,49.37270049381845,0.0893792023347866,0.0827415981199237,-0.0066376042148629,152.04400024414062,151.8800048828125
149.60836091917645,151.8800048828125,47.91834043785761,0.0849665318563299,0.0673158499425028,-0.017650681913827,152.00599975585936,151.86990356445312
149.61682062174293,151.86990356445312,47.16228906039565,0.0787046683723579,0.0536572144364697,-0.0250474539358881,151.96198120117188,151.83999633789062
149.6212266259146,151.83999633789062,44.90331764592632,0.070955487576263,0.0399587643918835,-0.0309967231843795,151.90997924804688,151.80999755859375
149.62552341077085,151.80999755859375,42.69430629982849,0.0620399750532666,0.0263779249612809,-0.0356620500919856,151.85997924804687,151.85000610351562
149.6329985946032,151.85000610351562,46.47612676373001,0.0533577056129613,0.01862862785174,-0.0347290777612212,151.84998168945313,151.8300018310547
149.6396201420487,151.8300018310547,44.88126548154204,0.0448359978410915,0.0107491667536123,-0.0340868310874791,151.83998107910156,151.60000610351562
149.65096803861942,151.60000610351562,31.49809594085046,0.0330900112018874,-0.0138939353549289,-0.0469839465568164,151.78600158691407,151.5449981689453
149.65869333623232,151.5449981689453,29.251464879406484,0.0189858147643764,-0.0374309709856675,-0.0564167857500439,151.727001953125,151.5800018310547
149.6706067533699,151.5800018310547,32.548415492134566,0.0046580938676745,-0.0526527897191329,-0.0573108835868074,151.68100280761718,151.83999633789062
149.69201466675094,151.83999633789062,50.8642881230808,-0.004921201255059,-0.0432383817459935,-0.0383171804909345,151.6790008544922,151.8000030517578
149.70345024848754,151.8000030517578,48.67477760450956,-0.0116489657248229,-0.0385600236038783,-0.0269110578790554,151.67300109863282,151.99000549316406
149.7258534638989,151.99000549316406,57.93832631474915,-0.0131788371622456,-0.0192983229119363,-0.0061194857496907,151.7510009765625,151.9199981689453
149.73636137969888,151.9199981689453,54.06626771961131,-0.0124574602929232,-0.0095719528156337,0.0028855074772895,151.8260009765625,151.9459991455078
149.75077002100917,151.9459991455078,55.26213261602899,-0.0099196368991684,0.0002316566758508,0.0101512935750193,151.89920043945312,151.88999938964844
149.7696224076695,151.88999938964844,52.11514187948616,-0.007247171449477,0.0034426903492885,0.0106898617987655,151.9092010498047,151.85499572753906
149.78946124873346,151.85499572753906,50.1911339220084,-0.0051723552380158,0.003126909607829,0.0082992648458448,151.92019958496093,151.94000244140625
149.81778938827418,151.94000244140625,54.57688778703451,-0.0022128779691676,0.0096250311062249,0.0118379090753925,151.9101989746094,151.9199981689453
149.8591606856332,151.9199981689453,53.385601998672826,0.0008318341357864,0.0130106825556026,0.0121788484198162,151.9101989746094,151.9600067138672
152.94500732421875,152.94500732421875,50.0,0.0,0.0,0.0,152.1240020751953,153.0
152.94639291207528,153.0,50.0,0.0,0.0,0.0,152.3530029296875,152.25
152.91051381962845,152.25,50.0,0.0,0.0,0.0,152.41500244140624,152.3249969482422
152.8785732412656,152.3249969482422,50.0,0.0,0.0,0.0,152.49600219726562,153.19000244140625
152.89734464630016,153.19000244140625,50.0,0.0,0.0,0.0,152.74200134277345,152.91000366210938
152.8981892897654,152.91000366210938,50.0,0.0,0.0,0.0,152.73500061035156,152.74000549316406
152.89168409838916,152.74000549316406,50.0,0.0,0.0,0.0,152.68300170898436,152.99000549316406
152.89576100397443,152.99000549316406,50.0,0.0,0.0,0.0,152.83100280761718,152.77000427246094
152.89430889266976,152.77000427246094,50.0,0.0,0.0,0.0,152.92000427246094,151.89999389648438
152.77352561749635,151.89999389648438,50.0,0.0,0.0,0.0,152.66200256347656,151.61000061035156
152.7053254375051,151.61000061035156,50.0,0.0,0.0,0.0,152.402001953125,151.82000732421875
152.6859589570114,151.82000732421875,50.0,0.0,0.0,0.0,152.21800231933594,151.63519287109375
152.64401676615094,151.63519287109375,50.0,0.0,0.0,0.0,151.94703979492186,151.77000427246094
152.63201882896738,151.77000427246094,50.0,0.0,0.0,0.0,151.74703979492188,151.8300018310547
152.61872578208823,151.8300018310547,37.37146451815829,0.0,0.0,0.0,151.73304138183593,152.0449981689453
152.60792285341796,152.0449981689453,40.492463964433945,0.0,0.0,0.0,151.82004089355468,151.41000366210938
152.58734073971135,151.41000366210938,34.95232019636238,0.0,0.0,0.0,151.7380401611328,151.22000122070312
152.4671996768935,151.22000122070312,33.4764110673314,0.0,0.0,0.0,151.65500183105468,151.32000732421875
152.39938947230092,151.32000732421875,35.0314413435665,0.0,0.0,0.0,151.56500244140625,151.3125
152.3837406043104,151.3125,34.9653652140545,0.0,0.0,0.0,151.4615020751953,151.19500732421875
152.33831351356855,151.19500732421875,33.88804836221685,0.0,0.0,0.0,151.29150390625,151.3249969482422
152.31365574176397,151.3249969482422,36.22909747257612,0.0,0.0,0.0,151.27450256347657,151.75
152.30320052042038,151.75,43.2986509307892,0.0,0.0,0.0,151.38050231933593,151.8699951171875
152.291881773562,151.8699951171875,45.14758482103085,0.0,0.0,0.0,151.4904998779297,151.33999633789062
152.2790077991142,151.33999633789062,39.0852869185125,0.0,0.0,0.0,151.49599914550782,151.68499755859375
152.27119748458549,151.68499755859375,44.32594748608434,0.0,-0.3702294768982312,-0.3702294768982312,151.5939971923828,151.72999572753906
152.2634417826147,151.72999572753906,44.99069826464106,0.0,-0.3352938389032545,-0.3352938389032545,151.67499694824218,151.5500030517578
152.24030188345034,151.5500030517578,42.78984345915147,0.0,-0.3184599902355387,-0.3184599902355387,151.63499755859374,151.8300018310547
152.23608234137618,151.8300018310547,47.12315746715776,0.0,-0.2793058188256623,-0.2793058188256623,151.6269989013672,151.72000122070312
152.22648638655508,151.72000122070312,45.65994938708965,0.0,-0.2542214788736032,-0.2542214788736032,151.7029998779297,151.68499755859375
152.21512406465112,151.68499755859375,45.17920593992469,0.0,-0.2344637100324007,-0.2344637100324007,151.7029998779297,151.7449951171875
152.2088978106963,151.7449951171875,46.22433167754287,0.0,-0.2115258954680712,-0.2115258954680712,151.70599975585938,151.5850067138672
152.18655299847168,151.5850067138672,43.82502898119216,0.0,-0.2039067293880236,-0.2039067293880236,151.71300048828124,151.9199981689453
152.1825977362202,151.9199981689453,49.71099017363554,-0.2640330608232817,-0.1688906087847499,0.0951424520385317,151.7309997558594,151.74000549316406
152.17708416272828,151.74000549316406,46.86934894287355,-0.2420044560684699,-0.1538900370492228,0.088114419019247,151.73500061035156,151.7899932861328
152.17115209089914,151.7899932861328,47.762435525058976,-0.2208827827611502,-0.1363960895318712,0.084486693229279,151.75599975585936,151.8800048828125
152.16827195194023,151.8800048828125,49.41143300051507,-0.1994972705355668,-0.1139552216332333,0.0855420489023335,151.7830017089844,152.0
152.16678532875682,152.0,51.604692969675895,-0.1766983064303648,-0.0855024500095567,0.0911958564208081,151.86600036621093,152.0500030517578
152.15353446850088,152.0500030517578,52.52830606824087,-0.1530080767725431,-0.0582471581412562,0.0947609186312868,151.89200134277343,152.2899932861328
152.15493954277153,152.2899932861328,56.790630519605294,-0.1258234597364032,-0.0170849915918438,0.1087384681445594,152.0019989013672,152.1750030517578
152.15523991550523,152.1750030517578,54.27601382994091,-0.0994215158482526,0.00618625970435,0.1056077755526026,152.0790008544922,152.3350067138672
152.15632920077536,152.3350067138672,57.12108133138344,-0.0721148031270815,0.0371120477576027,0.1092268508846843,152.1700012207031,152.1999969482422
152.15676834080864,152.1999969482422,54.064202428902725,-0.0476620995677445,0.0501487146696035,0.0978108142373481,152.21000061035156,152.1300048828125
152.15659236272705,152.1300048828125,52.495739768803766,-0.0272881357458568,0.0542077195416936,0.0814958552875505,152.2260009765625,152.41000366210938
152.16212248661702,152.41000366210938,57.77341168993463,-0.0060092716501921,0.079106184732467,0.0851154563826591,152.2500030517578,152.9499969482422
152.17625870810332,152.9499969482422,65.69013912197636,0.0233502670338855,0.1407884217701962,0.1174381547363106,152.40500183105468,153.0
152.18555749057242,153.0,66.31982915389551,0.0569800899740372,0.1914993817346442,0.1345192917606069,152.53800048828126,152.94500732421875
152.19003518302492,152.94500732421875,64.90890023023056,0.0905162682927744,0.2246609815677231,0.1341447132749487,152.68700256347657,152.7899932861328
152.20802868518936,152.7899932861328,60.97124521813804,0.1195562667662335,0.2357162606600695,0.116159993893836,152.81900024414062,152.46499633789062
152.21301440481008,152.46499633789062,53.62606761887419,0.1387981926999786,0.2157658964349593,0.0769677037349806,152.8299987792969,152.63499450683594
152.2170438126017,152.63499450683594,56.57310509174458,0.1532860553745071,0.2112375060726208,0.0579514506981136,152.76699829101562,152.66000366210938
152.21896318118417,152.66000366210938,57.005976879810085,0.1640843221373294,0.2072773891886186,0.0431930670512891,152.6989990234375,152.6699981689453
152.22328884062748,152.6699981689453,57.18962924387325,0.1717894338333695,0.2026098806175298,0.0308204467841602,152.6439971923828,152.3740997314453
152.22563900876276,152.3740997314453,50.334436996832686,0.1720394715494548,0.1730396224137962,0.0010001508643413,152.56081848144532,152.39999389648438
152.22683085675584,152.39999389648438,50.889219956398456,0.1676247194575989,0.1499657110901751,-0.0176590083674238,152.54781799316407,152.4600067138672
152.2281833544564,152.4600067138672,52.2212956567009,0.1610930148942938,0.1349661966410735,-0.0261268182532203,152.5128204345703,152.40750122070312
152.22923727990587,152.40750122070312,50.91997108075462,0.1523719902358685,0.1174878916021668,-0.0348840986337016,152.46231994628906,152.26499938964844
152.22965728495603,152.26499938964844,47.46301622104137,0.140115092605053,0.0910875020817911,-0.0490275905232618,152.38132019042968,152.52000427246094
152.23372233057296,152.52000427246094,53.54135416297579,0.1300336084561386,0.0897076718604807,-0.0403259365956578,152.4105010986328,153.05999755859375
152.25588995299577,153.05999755859375,63.24015294859216,0.1301630239936519,0.1306806861437053,0.0005176621500533,152.5425018310547,152.92999267578125
152.26156565412657,152.92999267578125,59.992962945374295,0.1343148296228484,0.1509220521396344,0.0166072225167859,152.6364990234375,152.8300018310547
152.26370590334645,152.8300018310547,57.54552546645502,0.1388687207290416,0.1570842851538145,0.0182155644247729,152.72099914550782,152.73500061035156
152.2670644213445,152.73500061035156,55.23975195169732,0.1416037098297226,0.1525436662324466,0.0109399564027239,152.81499938964845,152.6300048828125
152.27705873389203,152.6300048828125,52.725256179863365,0.1410573847345395,0.1388720843538067,-0.0021853003807327,152.83699951171874,152.8350067138672
152.28119875792277,152.8350067138672,56.85480341734372,0.1414322209065419,0.1429315655945515,0.0014993446880096,152.79200134277343,153.30999755859375
152.2928397172693,153.30999755859375,64.57597701993966,0.1496206224544927,0.1823742286462959,0.0327536061918032,152.86800231933594,153.32449340820312
152.303942330128,153.32449340820312,64.78310797615796,0.1621674230168997,0.2123546252665278,0.050187202249628,152.96690063476564,153.2725067138672
152.32584828028217,153.2725067138672,63.35242443694779,0.1755892299215786,0.2292764575402941,0.0536872276187155,153.07440185546875,152.9499969482422
152.3430176561052,152.9499969482422,55.2070395593324,0.1833102222302908,0.2141941914651397,0.0308839692348488,153.13840026855468,152.89999389648438
152.34761851382407,152.89999389648438,54.04677643172624,0.1858377366551857,0.1959477943547654,0.0101100576995796,153.15139770507812,152.78500366210938
152.3500937724766,152.78500366210938,51.37287710188302,0.1827194194513579,0.1702461506360464,-0.0124732688153114,153.04639892578126,152.8800048828125
152.35184055256593,152.8800048828125,53.42308944925248,0.1773251061751851,0.1557478530704941,-0.021577253104691,152.95750122070314,153.0500030517578
152.35460193856267,153.0500030517578,56.92306347734218,0.1730950831825476,0.1561749912119978,-0.0169200919705498,152.91300048828126,153.09500122070312
152.35916118604342,153.09500122070312,57.82644180821661,0.1701399603750663,0.158319469145141,-0.0118204912299252,152.94200134277344,153.27000427246094
152.36297044886496,153.27000427246094,61.231606541146654,0.1705431208209624,0.1721557626045466,0.0016126417835842,153.01600341796876,153.17999267578125
152.36770874405929,153.17999267578125,58.61034886114109,0.171205269088719,0.1738538621597456,0.0026485930710265,153.09500122070312,153.25
152.37211119467077,153.25,60.04305153565959,0.1727217495303727,0.1787876712969875,0.0060659217666148,153.16900024414062,153.52000427246094
152.38357048540885,153.52000427246094,65.06565358310262,0.1786083050839563,0.2021545272982905,0.0235462222143341,153.26300048828125,153.23500061035156
152.38597672810195,153.23500061035156,56.93082475861209,0.1819712046562311,0.1954228029453304,0.0134515982890992,153.29100036621094,153.2899932861328
152.3907575717826,153.2899932861328,58.02141966253912,0.1840386636377124,0.1923084995636372,0.0082698359259248,153.2949981689453,153.32000732421875
152.39227484407593,153.32000732421875,58.63703975013795,0.185245181044085,0.1900712506695754,0.0048260696254904,153.3230010986328,153.6300048828125
152.40607161780804,153.6300048828125,64.4378834488611,0.1903724480700847,0.2108815161740835,0.0205090681039988,153.3990020751953,153.75999450683594
152.420377393755,153.75999450683594,66.55592207169245,0.1993283964041031,0.2351521897401767,0.0358237933360735,153.4470001220703,153.7949981689453
152.42955154685953,153.7949981689453,67.12375164261569,0.21031875564726,0.2542801926198876,0.0439614369726276,153.55899963378906,153.8249969482422
152.4336051056087,153.8249969482422,67.6309795258588,0.2220073654587357,0.2687618047046385,0.0467544392459027,153.66600036621094,153.7449951171875
152.44623750298268,153.7449951171875,64.76140089754368,0.2317385067751324,0.270663072040719,0.0389245652655866,153.7509979248047,153.8300018310547
152.45766115820624,153.8300018310547,66.39309575342925,0.2405606757926552,0.275849351862746,0.0352886760700908,153.79099731445314,153.8800048828125
152.46520430274242,153.8800048828125,67.35077730616497,0.2486001289512992,0.2807579415858754,0.0321578126345761,153.81499938964845,153.75
152.4750601209122,153.75,62.374044169060085,0.253086787597178,0.2710334221806931,0.017946634583515,153.80599975585938,153.72999572753906
152.4835579596845,153.72999572753906,61.61952913645806,0.2542154329446203,0.2587300143343896,0.0045145813897692,153.78699951171876,153.50579833984375
152.4924788114023,153.50579833984375,53.7691657242408,0.2490238283846575,0.2282574101448062,-0.0207664182398512,153.73916015625,153.64999389648438
152.49867567180985,153.64999389648438,57.517889843151245,0.2418759463282694,0.2132844181027167,-0.0285915282255526,153.70315856933593,153.33999633789062
152.5074528656294,153.33999633789062,48.42657702817274,0.2283794970224093,0.1743936997989692,-0.0539857972234401,153.59515686035155,153.32000732421875
152.52591644161728,153.32000732421875,47.9008208471502,0.21077195882242,0.1403418060224623,-0.0704301527999576,153.5091583251953,153.0500030517578
152.5306020421344,153.0500030517578,41.36763175806209,0.1867225335948945,0.0905248326847925,-0.096197700910102,153.37315979003907,152.86500549316406
152.53408405325266,152.86500549316406,37.58513605638161,0.1565190625643129,0.0357051784419866,-0.1208138841223263,153.24500122070313,153.00999450683594
152.5390711009855,153.00999450683594,42.05684668860467,0.1259981471371466,0.0039144854284813,-0.1220836617086652,153.11700134277345,153.0749969482422
152.54008698967846,153.0749969482422,43.994152986310695,0.097628121256361,-0.0158519822667813,-0.1134801035231423,153.06400146484376,153.0800018310547
152.5424069601628,153.0800018310547,44.14899047526209,0.0719507706552159,-0.0307586317493644,-0.1027094024045804,153.01600036621093,152.91000366210938
152.54475260216674,152.91000366210938,40.094277170880936,0.0464309740425752,-0.0556482124079877,-0.102079186450563,152.98800048828124,152.76499938964844
152.5484436034336,152.76499938964844,36.97490177632741,0.0199284350656254,-0.0860817208421735,-0.106010155907799,152.96799926757814,152.9600067138672
152.5535834433719,152.9600067138672,43.35730145870561,-0.0027349538697286,-0.0933885096111453,-0.0906535557414166,152.95800170898437,152.7449951171875
152.55483669991182,152.7449951171875,38.70341869441281,-0.0252281365735956,-0.1152008673890634,-0.0899727308154677,152.89200134277343,152.8800048828125
152.55760526992776,152.8800048828125,42.85148889237036,-0.0442240055183847,-0.1202074812975411,-0.0759834757791563,152.852001953125,152.72999572753906
152.5589564837626,152.72999572753906,39.64154335394517,-0.0623245441199721,-0.1347266985263218,-0.0724021544063496,152.81600036621094,152.85000610351562
152.56044975755356,152.85000610351562,43.3008120539028,-0.076858301164462,-0.1349933293424214,-0.0581350281779594,152.83300170898437,152.84500122070312
152.5613958594928,152.84500122070312,43.18323268495998,-0.0882992594358413,-0.1340630925213588,-0.0457638330855174,152.81000061035155,152.80299377441406
152.56232194596788,152.80299377441406,42.14871836112612,-0.0976709098137508,-0.1351575113253886,-0.0374866015116378,152.82160034179688,152.80999755859375
152.56284969230975,152.80999755859375,42.39649560657512,-0.1049199276481434,-0.1339159989857137,-0.0289960713375702,152.80759887695314,152.89999389648438
152.564533275624,152.89999389648438,45.619552550446606,-0.1087835422858713,-0.1242380008367831,-0.0154544585509117,152.8415985107422,153.02999877929688
152.5660763853122,153.02999877929688,49.97401206744264,-0.1080006230484409,-0.1048689460987191,0.0031316769497218,152.87759704589843,152.88999938964844
152.5671949881761,152.88999938964844,45.72760970794579,-0.1063338415461323,-0.0996667155368982,0.0066671260092341,152.8865966796875,152.6782989501953
152.56750800454432,152.6782989501953,40.16920165263502,-0.1073356482747846,-0.1113428751893934,-0.0040072269146088,152.86165771484374,152.625
152.567735808161,152.625,38.88756689793449,-0.1105632720105011,-0.1234737669533672,-0.012910494942866,152.824658203125,152.61000061035156
152.56778195143457,152.61000061035156,38.51513903836619,-0.1150041077953339,-0.132767450934665,-0.0177633431393311,152.76665954589845,152.5800018310547
152.5678504824694,152.5800018310547,37.73672567399367,-0.1201890608171748,-0.1409288729045386,-0.0207398120873637,152.67666015625,152.6199951171875
152.56810118529026,152.6199951171875,39.492450967868095,-0.1246566035984014,-0.1425267747233078,-0.0178701711249064,152.6226593017578,152.5050048828125
152.5677847751015,152.5050048828125,36.32111445393475,-0.1299907759793755,-0.1513274655032717,-0.0213366895238961,152.58800048828124,152.5
152.5674480402522,152.5,36.18491560361261,-0.135372083582862,-0.1568973139968079,-0.0215252304139459,152.56300048828126,152.4499969482422
152.5666824202632,152.4499969482422,34.78161317204312,-0.1409900667191864,-0.1634619992644843,-0.0224719325452978,152.53099975585937,152.63499450683594
152.56694336734049,152.63499450683594,43.51026935701592,-0.143189016653272,-0.1519848163896142,-0.0087957997363422,152.54199829101563,152.6800994873047
152.5673112201199,152.6800994873047,45.4280118718673,-0.1420837298716079,-0.1376625827449515,0.0044211471266563,152.55401916503905,152.89999389648438
152.568685838453,152.89999389648438,53.68330867091683,-0.1351332280586461,-0.1073312208067989,0.0278020072518472,152.63301696777344,152.75
152.56972384384494,152.75,48.314427001417855,-0.1269684845486471,-0.0943095105086513,0.0326589740399958,152.68301696777343,152.72500610351562
152.57043575289143,152.72500610351562,47.46261976304002,-0.1185800633745764,-0.0850263786782932,0.0335536846962831,152.73801879882814,152.7449951171875
152.5710812718846,152.7449951171875,48.24845214047108,-0.1099019992838208,-0.0751897429207986,0.0347122563630222,152.76001892089843,152.77999877929688
152.57204222722055,152.77999877929688,49.668198557482526,-0.1006883592111819,-0.0638337989206263,0.0368545602905556,152.77999877929688,152.88499450683594
152.5738108911683,152.88499450683594,53.76548712092809,-0.0897173900779637,-0.0458335135450909,0.0438838765328728,152.7769989013672,152.94500732421875
152.58067931090687,152.94500732421875,55.9716789578254,-0.0770581239342552,-0.0264210593594214,0.0506370645748338,152.81600036621094,153.00999450683594
152.58514360663827,153.00999450683594,58.292590458570665,-0.0627918219869324,-0.0057266141976413,0.0570652077892911,152.872998046875,152.9250030517578
152.58599498793836,152.9250030517578,54.263849930315104,-0.0494789980164838,0.0037722978653107,0.0532512958817945,152.90899963378905,152.97000122070312
152.58662411726323,152.97000122070312,55.9977923409366,-0.0366309836513391,0.0147610738092396,0.0513920574605787,152.9470001220703,153.11500549316406
152.58835002911212,153.11500549316406,61.11390436080544,-0.02235086918586,0.0347695886760561,0.0571204578619162,152.99300231933594,153.0800018310547
152.59149104205187,153.0800018310547,59.32086260239339,-0.008429250152167,0.0472572259826051,0.0556864761347722,153.02000122070314,153.14999389648438
152.59281682532452,153.14999389648438,61.73819219997824,0.0056737711075029,0.062085856146183,0.05641208503868,153.04800109863282,153.17999267578125
152.59372017928104,153.17999267578125,62.75964294021878,0.0196168694204743,0.0753892626723597,0.0557723932518854,153.0989990234375,153.2949981689453
152.596871433596,153.2949981689453,66.45670965967439,0.0345189455367346,0.094127250001776,0.0596083044650413,153.16399841308595,153.3300018310547
152.59904146350232,153.3300018310547,67.5138232033332,0.0497206862329528,0.1105276490178255,0.0608069627848726,153.20699768066407,153.35000610351562
152.60121310535715,153.35000610351562,68.13193304438485,0.0645191834977602,0.1237131725569895,0.0591939890592293,153.26099853515626,153.3300018310547
152.60447813459902,153.3300018310547,66.76390972873111,0.0778229651581187,0.131038091799553,0.0532151266414342,153.2970001220703,153.3000030517578
152.60815774252376,153.3000030517578,64.66694728072974,0.0888364945343814,0.1328906120394322,0.0440541175050507,153.3210021972656,153.38499450683594
152.6112243325551,153.38499450683594,67.75683645769499,0.0989907034256968,0.1396075389909583,0.0406168355652614,153.33900146484376,153.4149932861328
152.6156318744107,153.4149932861328,68.79415164663554,0.108326999641899,0.1456721845067079,0.0373451848648088,153.3559997558594,153.35000610351562
152.61791455595878,153.35000610351562,63.99126232974341,0.1153774882761262,0.143579442813035,0.0282019545369087,153.3559997558594,153.49000549316406
152.62117810436845,153.49000549316406,69.01060924640252,0.1225963185984046,0.151471639887518,0.0288753212891133,153.38800048828125,153.36500549316406
152.62432915256647,153.36500549316406,60.854209610184846,0.1272685154123169,0.1459573026679663,0.0186887872556493,153.4010009765625,153.42250061035156
152.6262897275933,153.42250061035156,63.01924049154752,0.1307268377268022,0.1445601269847429,0.0138332892579407,153.40850219726562,153.31500244140625
152.62799410053128,153.31500244140625,56.70455451135621,0.1312300126431846,0.1332427123087143,0.0020126996655296,153.3885040283203,153.25999450683594
152.6312345884445,153.25999450683594,53.73724436898387,0.1286778619477317,0.11846925916592,-0.0102086027818117,153.37050170898436,153.25
152.63760215972906,153.25,53.19259514205348,0.1238917409114117,0.1047472567661316,-0.01914448414528,153.32250061035157,153.18499755859375
152.64277025203484,153.18499755859375,49.66677281393972,0.1166368565915383,0.087617319312045,-0.0290195372794933,153.2864990234375,153.11500549316406
152.646429273351,153.11500549316406,46.12175142477474,0.1068323907828511,0.0676145275481019,-0.0392178632347491,153.225,153.17999267578125
152.64965850442397,153.17999267578125,49.710891731128,0.0967372029039856,0.0563564513885239,-0.0403807515154617,153.197998046875,153.1999969482422
152.65158109007362,153.1999969482422,50.79742868340339,0.0870876753242367,0.0484895650052408,-0.0385981103189959,153.18599853515624,153.46499633789062
152.6566468803869,153.46499633789062,62.39001875627872,0.0822527432289538,0.0629130148478225,-0.0193397283811313,153.22899780273437,153.50999450683594
152.65997537481977,153.50999450683594,63.94351675060281,0.0812194103035988,0.0770860786021785,-0.0041333317014202,153.29399719238282,153.41000366210938
152.6627288087765,153.41000366210938,58.19153532927565,0.0808426041147092,0.0793353793591506,-0.0015072247555585,153.35299682617188,153.485107421875
152.66523423775195,153.485107421875,61.027284104352255,0.0819110289437519,0.0861847282599228,0.0042736993161709,153.4140197753906,153.63999938964844
152.67661761033654,153.63999938964844,66.12968595169247,0.0861138070590199,0.1029249195200918,0.0168111124610719,153.50202026367188,153.65499877929688
152.68167175797916,153.65499877929688,66.58590463707203,0.0921038562342163,0.1160640529350018,0.0239601967007855,153.54002075195314,153.7100067138672
152.68359895610752,153.7100067138672,68.27366279435958,0.0995678201585964,0.1294236758561169,0.0298558556975204,153.58002319335938,153.65499877929688
152.6846049715704,153.65499877929688,64.75145692890052,0.1064597772991979,0.1340276058616041,0.0275678285624061,153.62902221679687,153.7100067138672
152.6861514194387,153.7100067138672,66.60671917226043,0.1132668999894672,0.1404953907505444,0.0272284907610771,153.67400207519532,153.65499877929688
152.68966604115917,153.65499877929688,63.03380687847827,0.118528231824591,0.1395735591650861,0.0210453273404951,153.677001953125,153.72000122070312
152.69219928723535,153.72000122070312,65.39602153450464,0.123311810362037,0.1424461245118209,0.0191343141497838,153.69000244140625,153.82000732421875
152.69629531488073,153.82000732421875,68.7089791857018,0.1288596657109315,0.1510510871065093,0.0221914213955778,153.71200256347657,153.92999267578125
152.70005651819935,153.92999267578125,71.89577665619264,0.1360567820178896,0.1648452472457222,0.0287884652278325,153.76700134277343,153.9550018310547
152.70220259556226,153.9550018310547,72.5796206702653,0.1439992439506122,0.1757690916815022,0.03176984773089,153.81600036621094,154.0
152.70575315010854,154.0,73.8142347737317,0.1523822332025322,0.1859141902102123,0.0335319570076801,153.88500061035157,153.96099853515625
152.71226110252812,153.96099853515625,70.83716043405342,0.1596323307687001,0.1886327210333718,0.0290003902646716,153.93320007324218,153.9949951171875
152.71816596637566,153.9949951171875,71.90100779795173,0.1659708529180011,0.1913249415152051,0.025354088597204,153.96819763183595,154.0196990966797
152.72136051143792,154.0196990966797,72.6808959296225,0.171421597869477,0.1932245776753802,0.0218029798059032,153.98613891601562,153.97500610351562
152.72384447082,153.97500610351562,68.95228200012554,0.1749264091154216,0.1889456540992,0.0140192449837784,153.99013977050782,153.9600067138672
152.72700487592272,153.9600067138672,67.69707350484674,0.176389819644936,0.1822434617629937,0.0058536421180577,153.98214111328124,153.9600067138672
152.72833441197918,153.9600067138672,67.69707350484674,0.1760949772767991,0.1749156078042517,-0.0011793694725474,153.98194274902343,153.92999267578125
152.731190180305,153.92999267578125,64.95305511191154,0.1738333396579166,0.1647867891823864,-0.0090465504755302,153.96894226074218,154.02000427246094
152.73457405661577,154.02000427246094,69.00998604913612,0.1714973927703842,0.1621536052202543,-0.0093437875501298,153.96900329589843,154.10000610351562
152.7383620738435,154.10000610351562,72.10113626016285,0.1701228297099593,0.1646245774682597,-0.0054982522416995,153.99400329589844,153.9824981689453
152.74218650422006,153.9824981689453,62.275366585599656,0.1671603854669675,0.1553106084950002,-0.0118497769719672,153.99850158691407,154.0500030517578
152.7446960861262,154.0500030517578,65.2086151382695,0.1640539929313177,0.1516284227887183,-0.0124255701425993,154.0165008544922,154.01499938964844
152.746198682607,154.01499938964844,62.49509680246723,0.1600878434045477,0.1442232452974678,-0.0158645981070798,154.03350219726562,153.91000366210938
152.7498915670977,153.91000366210938,55.08980996163417,0.153750708875794,0.1284021707607792,-0.0253485381150148,154.01150207519532,153.8350067138672
152.7560627454335,153.8350067138672,50.487882736345945,0.1447127284713615,0.1085608068536316,-0.0361519216177299,153.95850219726563,153.75999450683594
152.75891703830064,153.75999450683594,46.320047837070746,0.1329290905302911,0.0857945387660095,-0.0471345517642816,153.91400146484375,153.76499938964844
152.76031548775185,153.76499938964844,46.63657696499594,0.1198191231059706,0.0673792534086885,-0.052439869697282,153.85700073242188,153.67999267578125
152.76287428308578,153.67999267578125,42.09623263582951,0.1049357597219691,0.0454023061859629,-0.0595334535360061,153.78999938964844,153.72500610351562
152.76897191013447,153.72500610351562,45.14185984706214,0.0902000697358978,0.0312573097916129,-0.0589427599442849,153.75299987792968,153.72000122070312
152.77836107711764,153.72000122070312,44.85933330821136,0.0760439736066513,0.0194195890896651,-0.0566243845169862,153.72999877929686,153.86000061035156
152.78375569785007,153.86000061035156,53.60627035702065,0.0650535305270577,0.0210917582086835,-0.0439617723183742,153.75,153.80999755859375
152.78993976418056,153.80999755859375,50.523558241896296,0.0556773549953889,0.0181726528687136,-0.0375047021266753,153.75899963378907,153.80999755859375
152.79314982215476,153.80999755859375,50.523558241896296,0.0476775857495625,0.0156785087662569,-0.0319990769833055,153.78500061035157,153.80499267578125
152.79673505881416,153.80499267578125,50.18852448004275,0.040771365576843,0.013146484885965,-0.027624880690878,153.80099792480468,153.81500244140625
152.79798306873516,153.81500244140625,50.88994703366862,0.0349793700260577,0.0118113878229166,-0.023167982203141,153.81999816894532,153.80999755859375
152.79880217221847,153.80999755859375,50.506984360549296,0.0300297998176916,0.0102315189842272,-0.0197982808334644,153.80999755859375,153.81500244140625
152.79978195936698,153.81500244140625,50.90486025773696,0.0258791161365605,0.009276381412036,-0.0166027347245245,153.81099853515624,153.85000610351562
152.80271462046977,153.85000610351562,53.70781233612309,0.0229462239956852,0.0112146554321839,-0.0117315685635013,153.81900024414062,153.8249969482422
152.80605993093644,153.8249969482422,51.4477830803059,0.0204790615001712,0.0106104115181153,-0.0098686499820558,153.8230010986328,154.0
152.80836506596123,154.0,63.13726850462195,0.0211785376158809,0.0239764420787196,0.0027979044628386,153.86000061035156,153.94500732421875
152.8136112745033,153.94500732421875,58.38064142342081,0.0229004875762423,0.0297882874176877,0.0068877998414454,153.88700256347656,154.1199951171875
152.82667987652553,154.1199951171875,66.92064313358746,0.0279126700640048,0.0479614000150547,0.0200487299510499,153.9480010986328,154.05999755859375
152.83020241291825,154.05999755859375,62.20744751788647,0.0337035150420091,0.0568668949540267,0.0231633799120175,153.98999938964843,153.9550018310547
152.83941705643147,153.9550018310547,54.91802681604354,0.0379268822821381,0.0548203512426539,0.0168934689605158,154.01600036621093,153.93499755859375
152.8411484598587,153.93499755859375,53.628639972317295,0.0405407894334945,0.0509964180389204,0.0104556286054258,154.00299987792968,153.8300018310547
152.8428546902498,153.8300018310547,47.34545105779211,0.0402413466792111,0.0390435756620775,-0.0011977710171336,153.97999877929686,153.80999755859375
152.84354776417737,153.80999755859375,46.23402429950704,0.0377206952762503,0.027638089664407,-0.0100826056118432,153.91799926757812,153.77499389648438
152.84916729771317,153.77499389648438,44.27544599288763,0.033295533956119,0.0155948886755936,-0.0177006452805253,153.86099853515626,153.75
152.85124964110355,153.75,42.87867325708229,0.0274339867073122,0.0039877977120852,-0.023446188995227,153.81999816894532,153.6999969482422
152.85220012848765,153.6999969482422,40.14974085194111,0.0201191154865943,-0.0091403693962774,-0.0292594848828718,153.772998046875,153.9199981689453
152.8562814270578,153.9199981689453,54.016297723668565,0.0157409220441938,-0.0017718517254081,-0.0175127737696019,153.79099731445314,153.94479370117188
152.85880152690643,153.94479370117188,55.27405025753583,0.0137926149647617,0.0059993866470335,-0.0077932283177281,153.81795654296874,154.00999450683594
152.8608939066592,154.00999450683594,58.48930564868431,0.0144782516741127,0.0172207985115164,0.0027425468374037,153.86495666503907,154.05999755859375
152.86361458200892,154.05999755859375,60.81576519810135,0.0175436217355522,0.0298051019813101,0.0122614802457579,153.9269561767578,154.03500366210938
152.86487449063333,154.03500366210938,59.034758955938464,0.0215011223116025,0.0373311246158039,0.0158300023042013,153.99395751953125,154.27000427246094
152.86947436020446,154.27000427246094,68.40394452110438,0.0295106263712264,0.061548642609722,0.0320380162384955,154.06395874023437,154.23500061035156
152.87214721197594,154.23500061035156,65.98320043947078,0.039014252604016,0.0770287575351744,0.0380145049311584,154.12200012207032,154.07000732421875
152.89362703184332,154.07000732421875,55.93498905228447,0.0462348769877652,0.0751173745227617,0.0288824975349965,154.13400268554688,154.0
152.8966220270446,154.0,52.29596083997375,0.0504237383724707,0.0671791839112927,0.016755445538822,154.12200317382812,153.9949951171875
152.89861722507823,153.9949951171875,52.03532433168507,0.0522979865272117,0.0597949791461758,0.007496992618964,154.11400146484374,154.0800018310547
152.9003653706177,154.0800018310547,56.04254822760229,0.0538602635474635,0.0601093716284708,0.0062491080810072,154.0760009765625,154.1717987060547
152.9071742715691,154.1717987060547,59.935190796752735,0.0564869130531863,0.0669935110760775,0.0105065980228911,154.06336059570313,154.3000030517578
152.9102108618685,154.3000030517578,64.64422565976038,0.0615596776625991,0.0818507361002502,0.0202910584376511,154.10935974121094,154.49000549316406
152.91457859938623,154.49000549316406,70.22897550839612,0.0707907681516178,0.1077151301076924,0.0369243619560746,154.20736083984374,154.4600067138672
152.91868358754337,154.4600067138672,68.3921054698776,0.0815043482415889,0.1243586686014737,0.0428543203598847,154.30036315917968,154.49000549316406
152.91973546890677,154.49000549316406,69.2580269602596,0.0928783486279157,0.1383743501732226,0.0454960015453069,154.38236389160156,154.5800018310547
152.92558675645742,154.5800018310547,71.7577303751404,0.105294194231842,0.154957576647547,0.049663382415705,154.46400451660156,154.63999938964844
152.92835028674276,154.63999938964844,73.31552036450992,0.1184294283300602,0.1709703647229332,0.0525409363928729,154.5320037841797,154.63999938964844
152.93078350201702,154.63999938964844,73.31552036450991,0.1310570659002849,0.1815676161811836,0.0505105502808987,154.56200256347657,154.72000122070312
152.93515912174834,154.72000122070312,75.41279004687144,0.1436822670993865,0.1941830718957931,0.0505008047964065,154.61400146484374,154.875
152.94395854605258,154.875,78.87672568356375,0.1577895413659237,0.2142186384320723,0.0564290970661486,154.69100036621094,154.85000610351562
152.94767594717982,154.85000610351562,76.99306554210077,0.1713278263872396,0.225480966472503,0.0541531400852634,154.74500122070313,154.90499877929688
152.9510895209836,154.90499877929688,78.22521426882635,0.1842866659525031,0.2361220242135573,0.0518353582610541,154.79800109863282,154.9698944091797
152.95890402216045,154.9698944091797,79.61279227983587,0.1968183418318667,0.2469450453493209,0.0501267035174542,154.86398010253907,155.1699981689453
153.01825712431156,155.1699981689453,83.17340162735654,0.2111692984352902,0.2685731248489844,0.0574038264136941,154.9539794921875,155.2949981689453
153.02854037391674,155.2949981689453,84.94252521161444,0.2274212485402554,0.2924290489601162,0.0650078004198607,155.03797912597656,155.11000061035156
153.04220021533146,155.11000061035156,72.75139821980136,0.2405428834356789,0.2930294230173729,0.0524865395816939,155.08997802734376,154.9499969482422
153.0521372434441,154.9499969482422,64.1727658946389,0.2479136287506599,0.2773966100105838,0.0294829812599238,155.0989776611328,155.02000427246094
153.0574780040794,155.02000427246094,66.05860500061155,0.2518453219036195,0.267572094515458,0.0157267726118385,155.10899963378907,155.10000610351562
153.06194499710756,155.10000610351562,68.12352297626381,0.2541177539931112,0.2632074823510777,0.0090897283579665,155.09500122070312,155.17999267578125
153.065297785385,155.17999267578125,70.08322370123575,0.2559280220287155,0.2631690941711326,0.0072410721424171,155.0720001220703,155.2100067138672
153.07186176352275,155.2100067138672,70.80844197317244,0.2572492620641667,0.2625342222059714,0.0052849601418047,155.09200134277344,155.25999450683594
153.08000178410413,155.25999450683594,72.02477298462449,0.258405930174515,0.2630326026159082,0.0046266724413931,155.15400085449218,155.32000732421875
153.08880213307427,155.32000732421875,73.45480312784704,0.2597673234029486,0.2652128963166831,0.0054455729137344,155.21400146484376,155.38999938964844
153.09230199512197,155.38999938964844,75.05628554835623,0.2617102881364031,0.2694821470702209,0.0077718589338177,155.27200012207032,155.3800048828125
153.09420768498276,155.3800048828125,74.36634777676583,0.2631599699958347,0.2689586974335611,0.0057987274377264,155.31200256347657,155.38999938964844
153.10092679943975,155.38999938964844,74.61761736261138,0.2637841387036602,0.2662808135349621,0.0024966748313018,155.3480010986328,155.39500427246094
153.10552992029093,155.39500427246094,74.7510890997732,0.2633368043778978,0.2615474670748483,-0.0017893373030495,155.3750030517578,155.35499572753906
153.10851994409398,155.35499572753906,71.51373707411605,0.2610028119015379,0.2516668419960979,-0.00933596990544,155.3820007324219,155.33999633789062
153.1169287806828,155.33999633789062,70.2847730697506,0.2567744656840975,0.239861080814336,-0.0169133848697615,155.37200012207032,155.35000610351562
153.11965140996347,155.35000610351562,70.64729379651715,0.2511548911541652,0.2286765930344358,-0.0224782981197293,155.36600036621093,155.24000549316406
153.12620366894257,155.24000549316406,61.734074318183126,0.2426304807601582,0.2085328391841301,-0.0340976415760281,155.33600158691405,155.22999572753906
153.13177845528216,155.22999572753906,60.98012718660676,0.2320195352922121,0.1895757534204278,-0.0424437818717843,155.3029998779297,155.25
153.13400190875925,155.25,61.97947708837332,0.2204473703880599,0.1741587107714508,-0.046288659616609,155.28200073242186,155.25250244140625
153.14032427568412,155.25250244140625,62.1102084487456,0.2084168446116408,0.1602947415059645,-0.0481221031056763,155.264501953125,155.08999633789062
153.14406570023118,155.08999633789062,50.07009557646528,0.1936619730432313,0.134642486769593,-0.0590194862736383,155.2125,155.10009765625
153.1485227486158,155.10009765625,50.70971546846312,0.1776927748850745,0.1138159822524471,-0.0638767926326273,155.18451843261718,155.09500122070312
153.15185209941706,155.09500122070312,50.35919517351782,0.1613132836710582,0.0957953188149929,-0.0655179648560652,155.15751953125,155.0449981689453
153.15847421417604,155.0449981689453,46.9315081289093,0.144369833623047,0.0765960334310023,-0.0677738001920447,155.11651916503905,155.0998992919922
153.16106344668526,155.0998992919922,50.88436885220818,0.1285079760524423,0.0650605457700237,-0.0634474302824186,155.08599853515625,155.0449981689453
153.16410870649457,155.0449981689453,47.10574769697972,0.1129867334516994,0.0509017630487278,-0.0620849704029716,155.07699890136718,155.0449981689453
153.16675797194893,155.0449981689453,47.10574769697972,0.0982351112796215,0.0392286225913096,-0.0590064886883118,155.06597900390625,154.91110229492188
153.1708866011094,154.91110229492188,38.92904756540097,0.0823790485340912,0.0189547975519701,-0.0634242509821211,155.02919921875,154.77000427246094
153.17268140393438,154.77000427246094,32.522469773990096,0.0642230497878567,-0.0084009451970814,-0.0726239949849381,154.9742004394531,154.94000244140625
153.20154584011357,154.94000244140625,44.3956958151182,0.0481431073465679,-0.0161766624185872,-0.0643197697651552,154.94222106933594,154.86500549316406
153.20417510678476,154.86500549316406,40.970649579908304,0.0329010735433877,-0.0280670616693328,-0.0609681352127206,154.90622253417968,154.93499755859375
153.2111396019383,154.93499755859375,45.21832006611556,0.0200249315633773,-0.0314796363566642,-0.0515045679200416,154.88422241210938,154.97000122070312
153.2147526955367,154.97000122070312,47.26219456580239,0.0098194954981583,-0.0310022487627179,-0.0408217442608762,154.89600219726563,154.94000244140625
153.21692125486126,154.94000244140625,45.68891988483183,0.0013219983628303,-0.0326679901784814,-0.0339899885413117,154.93000183105468,154.86000061035156
153.21917024222927,154.86000061035156,41.70207480397069,-0.0069389384896703,-0.0399826858996732,-0.0330437474100028,154.91400146484375,154.97000122070312
153.22378874132977,154.97000122070312,48.37285226126368,-0.0128477412422644,-0.0364829522526406,-0.0236352110103762,154.93500061035155,154.99000549316406
153.22536813251094,154.99000549316406,49.50444169029872,-0.0166240836204932,-0.0317294531334084,-0.0151053695129152,154.9460021972656,155.0709991455078
153.23594195551013,155.0709991455078,53.90934644126506,-0.0175357829726815,-0.0211825803814349,-0.0036467974087533,154.96620178222656,155.11000061035156
153.23942498412245,155.11000061035156,55.90413042930052,-0.0159419735974798,-0.0095667360966729,0.0063752375008069,155.0002014160156,155.1199951171875
153.24210796132024,155.1199951171875,56.42459310738122,-0.0126655185109329,0.0004403018352547,0.0131058203461877,155.0522003173828,155.11000061035156
153.24834687655144,155.11000061035156,55.716387575246266,-0.0086367601211669,0.007478273437897,0.016115033559064,155.0802001953125,154.97000122070312
153.26627622181675,154.97000122070312,46.84651082842557,-0.0065615903399389,0.0017390887849728,0.0083006791249118,155.07619934082032,155.02000427246094
153.26851528617232,155.02000427246094,49.91348754338808,-0.0050069512018444,0.0012116053505337,0.0062185565523781,155.06600036621094,154.88999938964844
153.27240149664405,154.88999938964844,42.97118044153328,-0.0059228074609522,-0.0095862324973836,-0.0036634250364313,155.02200012207032,154.88499450683594
153.27542555619286,154.88499450683594,42.7248120440419,-0.008405462381021,-0.0183360820612961,-0.009930619680275,154.975,154.91000366210938
153.282380184773,154.91000366210938,44.43903492788621,-0.0113218472596264,-0.0229873867740479,-0.0116655395144215,154.93500061035155,154.88499450683594
153.28635208124768,154.88499450683594,43.0514077235697,-0.0147304056448858,-0.0283646391859235,-0.0136342335410377,154.91799926757812,154.86500549316406
153.29177615895924,154.86500549316406,41.92458907290722,-0.018554106050717,-0.0338489076740415,-0.0152948016233245,154.88699951171876,154.83999633789062
153.29690966103956,154.83999633789062,40.49643264566412,-0.0227942826438681,-0.0397549890164725,-0.0169607063726044,154.8769989013672,154.77999877929688
153.3008532938621,154.77999877929688,37.22068411891227,-0.0279784946042834,-0.048715342445945,-0.0207368478416615,154.8559997558594,154.8000030517578
153.30315877428242,154.8000030517578,38.9926280266264,-0.0330997195540473,-0.0535846193531028,-0.0204848997990555,154.83399963378906,154.6699981689453
153.30468615898067,154.6699981689453,32.560606820790525,-0.0399117134117509,-0.0671596888425654,-0.0272479754308144,154.79100036621094,154.6300048828125
153.3068670640514,154.6300048828125,30.873425020308005,-0.0479734551451741,-0.0802204220788667,-0.0322469669336925,154.74400024414064,154.5500030517578
153.31005016041408,154.5500030517578,27.77320246082229,-0.0575629460938546,-0.0959209098885764,-0.0383579637947218,154.68600158691407,154.5749969482422
153.31246027514487,154.5749969482422,30.133652555371285,-0.0670773430730562,-0.1051349309898626,-0.0380575879168063,154.64500122070314,154.78500366210938
153.3169161273793,154.78500366210938,46.079122145761154,-0.0725424948960812,-0.0944031021881812,-0.0218606072921,154.64200134277343,154.63499450683594
153.32191461268772,154.63499450683594,39.197417913031735,-0.0774111354533299,-0.0968856976823246,-0.0194745622289947,154.63500061035157,154.63499450683594
153.32319313147568,154.63499450683594,39.197417913031735,-0.0814742364861145,-0.0977266406172532,-0.0162524041311386,154.63599853515626,154.55999755859375
153.32788292444587,154.55999755859375,36.07366107439439,-0.085830282722843,-0.1032544676697568,-0.0174241849469138,154.63799743652345,154.60000610351562
153.33029565223055,154.60000610351562,38.87232954137152,-0.0893076526529264,-0.1032171323732598,-0.0139094797203334,154.64299926757812,154.50999450683594
153.3324602681042,154.50999450683594,35.1444741021548,-0.0932845280676526,-0.1091920297265574,-0.0159075016589047,154.58799743652344,154.38499450683594
153.3342639351426,154.38499450683594,30.736232770105616,-0.0991476971477227,-0.1226003734680034,-0.0234526763202806,154.53799743652343,154.3000030517578
153.33644924836324,154.3000030517578,28.15071417584784,-0.1070158129116193,-0.1384882759672052,-0.0314724630555859,154.47099914550782,154.3699951171875
153.3391200578793,154.3699951171875,33.13875197709864,-0.1143675375748044,-0.1437744362275452,-0.0294068986527407,154.43299865722656,154.30499267578125
153.33995743633653,154.30499267578125,30.98718463971923,-0.1217866179811698,-0.1514629396066311,-0.0296763216254613,154.37399597167968,154.35000610351562
153.34229433775016,154.35000610351562,34.17439517665879,-0.1278632559212193,-0.1521698076814175,-0.0243065517601981,154.3419982910156,154.38499450683594
153.34295550306038,154.38499450683594,36.62441561292277,-0.1319302837643586,-0.1481983951369159,-0.0162681113725572,154.3419982910156,154.3800048828125
153.34620688492018,154.3800048828125,36.41625502214805,-0.1343034373450652,-0.1437960516678913,-0.0094926143228261,154.35799865722657,154.39500427246094
153.3511429195489,154.39500427246094,37.56505908198203,-0.1349450875197058,-0.1375116882182681,-0.0025666006985622,154.36300048828124,154.30499267578125
153.356107290391,154.30499267578125,33.637415749336725,-0.1355963438448913,-0.1382013691456336,-0.0026050253007422,154.36300048828124,154.40499877929688
153.36326946311203,154.40499877929688,41.016330279099314,-0.13431489071701,-0.1291890782054849,0.0051258125115251,154.3739990234375,154.4600067138672
153.36531709395226,154.4600067138672,44.66120341037828,-0.1307054783632359,-0.1162678289481391,0.0144376494150967,154.38900146484374,154.39999389648438
153.36934951151324,154.39999389648438,41.63815264096341,-0.1264857228535248,-0.1096067008146803,0.0168790220388444,154.39299926757812,154.5
153.3724636539394,154.5,47.95968169087742,-0.1202207971133429,-0.0951610941526155,0.0250597029607274,154.41399841308595,154.57000732421875
153.38237187112946,154.57000732421875,51.888347081017926,-0.111611482568596,-0.0771742243896085,0.0344372581789875,154.46700134277344,154.52999877929688
153.38341527076673,154.52999877929688,49.58454386308053,-0.1023679928561175,-0.0653940340062035,0.036973958849914,154.49200134277345,154.5399932861328
153.38413705672636,154.5399932861328,50.17962452382181,-0.0928187995574384,-0.0546220263627219,0.0381967731947165,154.50799865722655,154.66000366210938
153.38825618556567,154.66000366210938,56.77697299759102,-0.0814523333887252,-0.0359864687138724,0.0454658646748528,154.56000061035155,154.36500549316406
153.3927666359424,154.36500549316406,42.0399483703613,-0.0740635618795012,-0.0445084758426048,0.0295550860368963,154.5330017089844,154.36000061035156
153.39460454314693,154.36000061035156,41.84151975539746,-0.0694663080771159,-0.0510772928675749,0.018389015209541,154.49100036621093,154.31820678710938
153.39556471177525,154.31820678710938,40.13779847865553,-0.0673681874062579,-0.058975704722826,0.0083924826834318,154.44864196777343,154.24749755859375
153.39650958765333,154.24749755859375,37.36567477354835,-0.0679210406358026,-0.0701324535539811,-0.0022114129181785,154.39014282226563,154.30999755859375
153.39760954642384,154.30999755859375,41.22941295094471,-0.0689545346806029,-0.0730885108598045,-0.0041339761792015,154.3201416015625,154.28500366210938
153.39818576810092,154.28500366210938,40.162438566329065,-0.0704767092994724,-0.0765654077749502,-0.0060886984754777,154.30414123535155,154.3800048828125
153.39979035230598,154.3800048828125,45.89399070221188,-0.0705490648583255,-0.0708384870937379,-0.0002894222354124,154.30814208984376,154.50999450683594
153.40219767656765,154.50999450683594,52.58617021924072,-0.0674742047992076,-0.0551747645627358,0.0122994402364717,154.34649963378905,154.4600067138672
153.40477520315517,154.4600067138672,50.02381774179072,-0.0632316588880172,-0.0462614752432557,0.0169701836447615,154.38900146484374,154.52999877929688
153.40637226724593,154.52999877929688,53.44446418530068,-0.0572188311072886,-0.0331675199843743,0.0240513111229142,154.43300170898436,154.55999755859375
153.4083955944401,154.55999755859375,54.87022837906567,-0.0498026010214887,-0.0201376806782889,0.0296649203431998,154.48800048828124,154.55999755859375
153.40945611039115,154.55999755859375,54.87022837906566,-0.0417820063933664,-0.0096996278808774,0.032082378512489,154.5239990234375,154.41000366210938
153.4126974804865,154.41000366210938,46.59540332415234,-0.036100895973349,-0.0133764542932794,0.0227244416800695,154.50400085449218,154.47999572753906
153.41464715911317,154.47999572753906,50.35754550818302,-0.0309849783576801,-0.0105213078950043,0.0204636704626757,154.50799865722655,154.52999877929688
153.41668356502126,154.52999877929688,52.90977496008527,-0.0256231069772132,-0.0041756214553458,0.0214474855218674,154.50799865722655,154.36500549316406
153.4206985946942,154.36500549316406,44.73670990160392,-0.022962125972554,-0.0123182019539171,0.0106439240186368,154.46900024414063,154.41000366210938
153.42143322827664,154.41000366210938,47.13515223188676,-0.0213632489174352,-0.0149677406969601,0.0063955082204751,154.43900146484376,154.30499267578125
153.4228733932215,154.30499267578125,42.49959532140093,-0.022140591608806,-0.0252499623742892,-0.0031093707654831,154.41799926757812,154.3800048828125
153.42393772049374,154.3800048828125,46.5438333162915,-0.0231193143743747,-0.0270342054366494,-0.0039148910622747,154.39800109863282,154.33999633789062
153.42564265616423,154.33999633789062,44.73651980142809,-0.0247585713778376,-0.0313155993916893,-0.0065570280138516,154.36000061035156,154.22000122070312
153.42690824005737,154.22000122070312,39.75095449203153,-0.0285839281038703,-0.0438853550080011,-0.0153014269041307,154.33099975585938,154.16000366210938
153.42805328586584,154.16000366210938,37.50062844357788,-0.0344710357155065,-0.058019466162051,-0.0235484304465444,154.28099975585937,154.2239990234375
153.42874417400114,154.2239990234375,41.316662912229845,-0.0402422218535502,-0.0633269664057252,-0.0230847445521749,154.26480102539062,154.4149932861328
153.43284070408032,154.4149932861328,50.94361275908708,-0.042499293468214,-0.0515275799268692,-0.0090282864586552,154.27179870605468,154.75999450683594
153.43999520126246,154.75999450683594,62.81137882075515,-0.0368343092892441,-0.0141743725733647,0.0226599367158794,154.35579833984374,154.7949981689453
153.44406518887195,154.7949981689453,63.7690806229276,-0.0258584860192431,0.018044807060761,0.0439032930800042,154.47079772949218,154.77000427246094
153.44858049738266,154.77000427246094,62.53079915204149,-0.0124691287881014,0.0410883001364652,0.0535574289245667,154.5927978515625,154.73500061035156
153.44934370196657,154.73500061035156,60.75157382761421,0.0012010492225754,0.0558817612652831,0.0546807120427076,154.69499816894532,154.66000366210938
153.45236640893168,154.66000366210938,57.008799353605234,0.0131313569955488,0.0608525880874424,0.0477212310918935,154.74400024414064,154.75999450683594
153.45470464392224,154.75999450683594,60.50265796205333,0.0249111078726668,0.0720301113811388,0.0471190035084719,154.74400024414064,154.73500061035156
153.45626033285805,154.73500061035156,59.20738866430664,0.0355234381234695,0.0779727591266805,0.0424493210032109,154.73200073242188,154.8800048828125
153.45957596725597,154.8800048828125,64.0199755819592,0.0470802292314716,0.0933073936634798,0.0462271644320082,154.75400085449218,154.80999755859375
153.46154454713235,154.80999755859375,60.319944476927226,0.0573989326847334,0.0986737464977807,0.0412748138130472,154.7690002441406,154.78500366210938
153.46507071255766,154.78500366210938,59.008707627693965,0.0658711164968504,0.0997598517453184,0.0338887352484679,154.79400024414062,154.68499755859375
153.46660587203232,154.68499755859375,53.95479763144816,0.0709961391235534,0.0914962296303656,0.0205000905068121,154.77900085449218,154.67999267578125
153.46907314866587,154.67999267578125,53.70688795515407,0.0735128992654401,0.0835799398329868,0.0100670405675466,154.76799926757812,154.6699981689453
153.47108187128728,154.6699981689453,53.18138496310028,0.0739359110000253,0.0756279579383658,0.0016920469383405,154.7259979248047,154.7899932861328
153.4737586024667,154.7899932861328,58.43931486408615,0.0747703639366797,0.0781081756832975,0.0033378117466177,154.7219970703125,154.68499755859375
153.47870818864482,154.68499755859375,52.84679402045487,0.0739733945515473,0.0707855170110178,-0.0031878775405295,154.70199584960938,154.7550048828125
153.48002702712694,154.7550048828125,55.87864513572711,0.0731439853540933,0.0698263485642769,-0.0033176367898163,154.71599731445312,155.05960083007812
153.48537296897476,155.05960083007812,66.09373012688415,0.0770306630139827,0.0925773736535404,0.0155467106395577,154.7919189453125,155.0028076171875
153.4879686961899,155.0028076171875,63.157597000545394,0.0825878754803545,0.1048167253458416,0.0222288498654871,154.85848083496094,154.9600067138672
153.4911226114878,154.9600067138672,60.959738369300034,0.0880297306506217,0.1097971513316906,0.0217674206810689,154.89248352050782,155.07000732421875
153.49748071869357,155.07000732421875,64.38960902158975,0.0946683689923164,0.1212229223590952,0.0265545533667788,154.9694854736328,154.97000122070312
153.51295184534567,154.97000122070312,59.28972225509073,0.0998978121127722,0.1208155845945953,0.020917772481823,155.01248474121093,154.89999389648438
153.51780111601292,154.89999389648438,55.94901190902823,0.1026252496280905,0.1135349996893637,0.0109097500612732,154.98056335449218,155.05999755859375
153.5228808866382,155.05999755859375,61.314169232237454,0.1059603629972572,0.1193008164739239,0.0133404534766667,154.99200134277345,155.00999450683594
153.52941933511127,155.00999450683594,58.89986295966671,0.1084622490775633,0.1184697933987877,0.0100075443212243,155.0019989013672,155.0500030517578
153.54236627138937,155.0500030517578,60.248592754494446,0.1107018369951121,0.119660188665307,0.0089583516701949,154.997998046875,154.8350067138672
153.56574789960462,154.8350067138672,50.63295777462941,0.1089771657238543,0.1020784806388235,-0.0068986850850308,154.97099914550782,154.96009826660156
153.57001192902348,154.96009826660156,55.12098968999559,0.1066055653716467,0.0971191639628159,-0.0094864014088307,154.98302001953124,155.07000732421875
153.5730557277281,155.07000732421875,58.675777666507535,0.1054633647887572,0.1008945624571993,-0.0045688023315579,154.98502197265626,155.02000427246094
153.57774801212153,155.02000427246094,56.4837712214738,0.1041134623776624,0.0987138527332831,-0.0053996096443792,154.98702392578124,155.00999450683594
153.5853806858756,155.00999450683594,56.03250266446913,0.1023071449943651,0.0950818754611759,-0.0072252695331891,154.97902221679686,154.8800048828125
153.59943296206933,154.8800048828125,50.40105003054772,0.0980023584812688,0.0807832124288836,-0.0172191460523851,154.98802185058594,154.6999969482422
153.6056821119734,154.6999969482422,43.831516198455134,0.0892619552812974,0.0543003424814116,-0.0349616127998857,154.93600158691407,154.72999572753906
153.61115288540603,154.72999572753906,45.11544728986586,0.0784747468038483,0.0353259128940521,-0.0431488339097961,154.8679992675781,155.10000610351562
153.62235629204744,155.10000610351562,57.898658229390016,0.0726945633490852,0.0495738295300327,-0.0231207338190524,154.88399963378907,155.24000549316406
153.62626672611685,155.24000549316406,61.547932038551096,0.0724236158256959,0.0713398257321387,-0.0010837900935572,154.93000183105468,155.13999938964844
153.6305537378206,155.13999938964844,57.70046528361404,0.0738593471256287,0.0796022723253599,0.0057429251997312,154.98200073242188,155.08999633789062
153.633428854105,155.08999633789062,55.82150483679545,0.0753234183619344,0.081179703307157,0.0058562849452226,155.06000061035155,155.10499572753906
153.635512309331,155.10499572753906,56.28140784555595,0.0767961326825584,0.0826869899650546,0.0058908572824961,155.13500061035157,155.11000061035156
153.63986131226352,155.11000061035156,56.44433930490329,0.0781018782643161,0.0833248605913468,0.0052229823270306,155.13699951171876,155.02999877929688
153.6444743083979,155.02999877929688,53.041471774600815,0.0777801292655194,0.0764931332703326,-0.0012869959951867,155.09499816894532,155.11000061035156
153.65008708500514,155.11000061035156,55.9043636538142,0.0775542706494829,0.0766508361853368,-0.000903434464146,155.08899841308593,155.0
153.6555427345194,155.0,51.2754429433496,0.0754685967863028,0.0671259013335827,-0.0083426954527201,155.0709991455078,154.90499877929688
153.66552815979844,154.90499877929688,47.60902401687817,0.0706388640380637,0.0513199330451072,-0.0193189309929564,155.03099975585937,154.80499267578125
153.66993264507184,154.80499267578125,44.03914461907192,0.0625858516799587,0.0303738022475386,-0.0322120494324201,154.96999816894532,154.7899932861328
153.67504774340625,154.7899932861328,43.51214952976496,0.0525527500051707,0.0124203433060188,-0.0401324066991519,154.9219970703125,154.46499633789062
153.68422678534276,154.46499633789062,34.0143970143038,0.0364996036323372,-0.0277129818589969,-0.0642125854913341,154.79299621582032,154.4199981689453
153.69278823186667,154.4199981689453,32.94222735499393,0.0167136328455123,-0.0624302503017872,-0.0791438831472996,154.67699584960937,154.47000122070312
153.6988772046833,154.47000122070312,35.37978820526088,-0.0036151109471034,-0.0849300861175663,-0.0813149751704629,154.58999633789062,154.5399932861328
153.70924650358626,154.5399932861328,38.7367277065381,-0.0220934659087401,-0.0960068857552869,-0.0739134198465468,154.53699645996093,154.50999450683594
153.7145200903922,154.50999450683594,37.82964505570157,-0.0388716246231476,-0.1059842594807776,-0.0671126348576299,154.48099670410156,154.63999938964844
153.72668004010586,154.63999938964844,43.95462249270472,-0.0515418461917415,-0.1022227324661173,-0.0506808862743757,154.51599731445313,154.625
153.73712823647983,154.625,43.42307711166959,-0.0610949305983259,-0.0993072682246634,-0.0382123376263374,154.55699768066407,154.6649932861328
153.7525008724514,154.6649932861328,45.32174340025968,-0.0674161481230184,-0.0927010182217884,-0.02528487009877,154.59599609375,154.6999969482422
153.77424711429686,154.6999969482422,46.99826995950901,-0.0706682074061653,-0.083676444538753,-0.0130082371325876,154.62799682617188,154.42999267578125
153.9499969482422,153.9499969482422,50.0,0.0,0.0,0.0,154.4739959716797,153.92999267578125
153.94841933358845,153.92999267578125,50.0,0.0,0.0,0.0,154.33499450683593,154.5
154.03450570088333,154.5,50.0,0.0,0.0,0.0,154.30199584960937,154.4499969482422
154.04640805695377,154.4499969482422,50.0,0.0,0.0,0.0,154.2519958496094,154.3000030517578
154.05852966822377,154.3000030517578,50.0,0.0,0.0,0.0,154.2259979248047,154.86000061035156
154.09042115321571,154.86000061035156,50.0,0.0,0.0,0.0,154.40799865722656,154.5800018310547
154.1065651179222,154.5800018310547,50.0,0.0,0.0,0.0,154.53800048828126,154.38999938964844
154.12076887962817,154.38999938964844,50.0,0.0,0.0,0.0,154.51600036621093,154.3300018310547
154.1295782442994,154.3300018310547,50.0,0.0,0.0,0.0,154.49200134277345,154.33999633789062
154.14230365928466,154.33999633789062,50.0,0.0,0.0,0.0,154.5,153.92999267578125
154.13567305690256,153.92999267578125,50.0,0.0,0.0,0.0,154.31399841308593,153.90499877929688
154.12362876530477,153.90499877929688,50.0,0.0,0.0,0.0,154.1789978027344,152.85000610351562
154.03297583878646,152.85000610351562,50.0,0.0,0.0,0.0,153.87099914550782,152.64500427246094
153.97351522647028,152.64500427246094,50.0,0.0,0.0,0.0,153.53399963378905,153.38499450683594
153.94026654488042,153.38499450683594,43.468152214562416,0.0,0.0,0.0,153.34299926757814,153.2449951171875
153.93134348771497,153.2449951171875,42.00389909147078,0.0,0.0,0.0,153.20599975585938,153.1343994140625
153.9194551495171,153.1343994140625,40.833698029947975,0.0,0.0,0.0,153.0518798828125,152.83999633789062
153.90144321663658,152.83999633789062,37.81368603367215,0.0,0.0,0.0,153.0498779296875,153.05999755859375
153.89340327930483,153.05999755859375,41.30704611155551,0.0,0.0,0.0,153.13287658691405,152.72000122070312
153.8675744510715,152.72000122070312,37.77529393083671,0.0,0.0,0.0,152.9998779296875,152.63999938964844
153.8450341972132,152.63999938964844,36.97421480778553,0.0,0.0,0.0,152.87887878417968,151.8699951171875
153.68160962760015,151.8699951171875,30.311479159130386,0.0,0.0,0.0,152.6259979248047,152.0124969482422
153.65235143849517,152.0124969482422,32.72751346243693,0.0,0.0,0.0,152.460498046875,152.1999969482422
153.5661525671879,152.1999969482422,35.87756297406946,0.0,0.0,0.0,152.2884979248047,152.625
153.5447501956634,152.625,42.45508501625036,0.0,0.0,0.0,152.26949768066407,152.4250030517578
153.4961457942741,152.4250030517578,40.357164908573,0.0,-0.7421351288467974,-0.7421351288467974,152.22649841308595,151.97999572753906
153.3940848167816,151.97999572753906,36.08441588422969,0.0,-0.7434366483824704,-0.7434366483824704,152.24849853515624,152.49000549316406
153.31286992667256,152.49000549316406,43.47115653123517,0.0,-0.6952996051952596,-0.6952996051952596,152.34400024414063,152.83999633789062
153.30656344423676,152.83999633789062,47.919365964528026,0.0,-0.6217422577604736,-0.6217422577604736,152.4720001220703,153.06500244140625
153.30192052838743,153.06500244140625,50.61012819975941,0.0,-0.5390772706549285,-0.5390772706549285,152.56000061035155,152.7100067138672
153.2795698504911,152.7100067138672,46.52592286715296,0.0,-0.4964866718926828,-0.4964866718926828,152.61700134277345,152.74000549316406
153.27163912886294,152.74000549316406,46.91577574618066,0.0,-0.4550669363727309,-0.4550669363727309,152.76900329589844,152.89999389648438
153.26357642411836,152.89999389648438,49.04920392139114,0.0,-0.4046670209697538,-0.4046670209697538,152.8510009765625,152.35150146484375
153.25764231959124,152.35150146484375,42.71159851897728,-0.5669149155406722,-0.4043226997909528,0.1625922157497193,152.75330200195313,152.8800048828125
153.23369344164664,152.8800048828125,49.48456840196972,-0.5249890223471602,-0.3572854495731121,0.167703572774048,152.71630249023437,152.74249267578125
153.21211640489295,152.74249267578125,47.89782617611444,-0.4854573996377524,-0.3273309088001213,0.1581264908376311,152.7227996826172,152.94940185546875
153.20644590194954,152.94940185546875,50.47128285409315,-0.4450912015391566,-0.2836264091447731,0.1614647923943835,152.76467895507812,152.72000122070312
153.20099009936416,152.72000122070312,47.660549769916805,-0.4089634708275981,-0.2644525479813637,0.1445109228462343,152.7286804199219,152.55999755859375
153.1908455227161,152.55999755859375,45.74692340887909,-0.3790068592083208,-0.2591804127312116,0.1198264464771092,152.77037963867187,152.5050048828125
153.16143496965884,152.5050048828125,45.07701890666728,-0.3545021032901928,-0.2564830796176807,0.0980190236725121,152.69537963867188,152.375
153.15338603299577,152.375,43.45689153842217,-0.3359652146776727,-0.2618176602275923,0.0741475544500804,152.62188110351562,152.47500610351562
153.1454532832598,152.47500610351562,45.091760747658206,-0.3197793323508293,-0.2550358030434552,0.064743529307374,152.527001953125,152.1199951171875
153.1384545585401,152.1199951171875,40.6036051930269,-0.3108506570758914,-0.2751359559761397,0.0357147010997517,152.40700073242186,152.28500366210938
153.12254990911626,152.28500366210938,43.42240673709535,-0.3035976080096607,-0.2745854117447379,0.0290121962649227,152.352001953125,152.1999969482422
153.10744558175833,152.1999969482422,42.308463289282464,-0.2984392979177361,-0.2778060575500376,0.0206332403676984,152.29100036621094,152.10499572753906
153.09674356391446,152.10499572753906,41.04130447273179,-0.2956998222350458,-0.2847419195042846,0.0109579027307611,152.23699951171875,152.15249633789062
153.0857898415813,152.15249633789062,41.977051126954464,-0.2931882287370815,-0.2831418547452244,0.010046373991857,152.17249755859376,152.5399932861328
153.07469637570972,152.5399932861328,49.07732938089754,-0.2841006064865624,-0.247750117484486,0.0363504890020763,152.25649719238282,152.61500549316406
153.06706242503014,152.61500549316406,50.3440908639529,-0.2695233462852866,-0.2112143054801833,0.0583090408051032,152.32249755859374,152.61000061035156
153.06435741628525,152.61000061035156,50.25426461736892,-0.2517350031930139,-0.1805816308239229,0.0711533723690909,152.4044982910156,152.75999450683594
153.06151504298995,152.75999450683594,52.96295365782811,-0.2298996898842475,-0.1425584366491818,0.0873412532350656,152.535498046875,152.85440063476562
153.05981030991887,152.85440063476562,54.637181675989865,-0.2046422747206054,-0.1036126140660371,0.1010296606545683,152.67587890625,152.75
153.05744258201378,152.75,52.4153031972565,-0.1797632178642291,-0.0802469904387237,0.0995162274255054,152.71788024902344,152.9199981689453
153.05646919260826,152.9199981689453,55.58275093853458,-0.1533035717012139,-0.0474649870491532,0.1058385846520607,152.77887878417968,153.0850067138672
153.0567587978684,153.0850067138672,58.47228029345008,-0.1242582763445158,-0.0080770949177235,0.1161811814267923,152.8738800048828,153.13999938964844
153.0571012314572,153.13999938964844,59.4197669247624,-0.09395436277272,0.0272612915144634,0.1212156542871834,152.94988098144532,153.25999450683594
153.05923840044298,153.25999450683594,61.48472579746336,-0.0623215599015847,0.0642096515829564,0.1265312114845412,153.03099975585937,153.1999969482422
153.05984305472674,153.1999969482422,59.844969869559954,-0.0323292613244016,0.0876399329843309,0.1199691943087325,153.12099914550782,153.25
153.06204894111448,153.25,60.783669271465214,-0.0040659904953334,0.1089870928209393,0.1130530833162727,153.18699951171874,153.42999267578125
153.06690596866542,153.42999267578125,64.04220607186186,0.0245128971113225,0.1388284475379464,0.1143155504266238,153.25599670410156,153.33999633789062
153.068510035648,153.33999633789062,61.29957238359157,0.0502997458268971,0.1534471406891953,0.1031473948622982,153.29599609375,153.44000244140625
153.07071525833103,153.44000244140625,63.18625097705958,0.0744657051140387,0.1711295422626051,0.0966638371485664,153.33199768066407,153.22999572753906
153.07361465544386,153.22999572753906,56.91179862647664,0.0928286459200212,0.1662804091439511,0.0734517632239299,153.33799743652344,153.36000061035156
153.0776245743194,153.36000061035156,59.58716765288736,0.1084543281799361,0.1709570572195957,0.0625027290396596,153.35999755859376,153.36000061035156
153.07928824702964,153.36000061035156,59.58716765288736,0.1212980363764284,0.1726728691623975,0.0513748327859691,153.34599914550782,153.7449951171875
153.09011273341576,153.7449951171875,66.69043992251298,0.1375906684601304,0.2027611967949383,0.0651705283348079,153.4269989013672,153.91000366210938
153.09788909364818,153.91000366210938,69.19002063495051,0.1575099505200194,0.2371870787595753,0.0796771282395559,153.5209991455078,153.7899932861328
153.10251940472813,153.7899932861328,65.34910342194235,0.1763844523490577,0.2518824596652109,0.0754980073161532,153.63299865722655,153.66000366210938
153.10578103250057,153.66000366210938,61.374841853231466,0.1911387492184043,0.2501559366957906,0.0590171874773862,153.69299926757813,153.52999877929688
153.10934983080733,153.52999877929688,57.601825230099095,0.200027340969087,0.2355817079718178,0.0355543670027308,153.72699890136718,153.88499450683594
153.11541770241908,153.88499450683594,64.09302908074993,0.209981314449471,0.2497972083710067,0.0398158939215357,153.75499877929687,153.8000030517578
153.11704676284054,153.8000030517578,61.659077514472784,0.2182466659027846,0.2513080717160392,0.0330614058132545,153.73299865722657,153.80999755859375
153.11958621737284,153.80999755859375,61.84258377374878,0.2246823666235133,0.2504251695064283,0.0257428028829149,153.73699951171875,153.9499969482422
153.12689346086577,153.9499969482422,64.4120380753971,0.2313554195787233,0.2580476313995632,0.0266922118208398,153.7949981689453,153.90499877929688
153.1293945928033,153.90499877929688,62.94488388495556,0.2365822025494628,0.2574893344324209,0.020907131882958,153.8699981689453,153.7550048828125
153.13095819868292,153.7550048828125,58.18715926469294,0.2376962112022675,0.2421522458134859,0.0044560346112184,153.84400024414063,153.8300018310547
153.1330770409815,153.8300018310547,59.82238496950732,0.2368287891771144,0.2333591010765019,-0.0034696881006124,153.85,153.75
153.13795911929094,153.75,57.25029146805832,0.2329487532797803,0.2174286096904438,-0.0155201435893364,153.83800048828124,153.48500061035156
153.1400558692546,153.48500061035156,49.63721692563569,0.2226250194450543,0.1813300841061504,-0.0412949353389038,153.74500122070313,153.73500061035156
153.14433036076787,153.73500061035156,55.63149631159041,0.2122848843019995,0.17092434372978,-0.0413605405722194,153.71100158691405,153.6999969482422
153.147512773487,153.6999969482422,54.65069484788224,0.2014342129297336,0.15803152744067,-0.0434026854890635,153.7,153.3800048828125
153.14862604768018,153.3800048828125,46.56796546757895,0.1852679616317462,0.1206029564397965,-0.0646650051919496,153.61000061035156,153.13999938964844
153.14840837288918,153.13999938964844,41.59853067049418,0.1623660587930216,0.0707584474381235,-0.0916076113548981,153.48800048828124,152.83999633789062
153.14659943636627,152.83999633789062,36.37344576858482,0.1312864970836096,0.0069682502459613,-0.1243182468376482,153.35899963378907,153.07000732421875
153.14628001504937,153.07000732421875,42.35213749423485,0.1000810416695703,-0.0247407799865868,-0.1248218216561572,153.2260009765625,152.64999389648438
153.1366949065739,152.64999389648438,35.746681990047634,0.0635033461870151,-0.0828074357432058,-0.1463107819302209,153.01600036621093,152.8699951171875
153.134044573061,152.8699951171875,40.94244682418713,0.0288411519602812,-0.1098076249466544,-0.1386487769069356,152.91399841308595,152.72000122070312
153.13169691263928,152.72000122070312,38.64781978806493,-0.0052621935252243,-0.1416755754672465,-0.1364133819420221,152.8299987792969,152.6699981689453
153.1282749631972,152.6699981689453,37.88553140240123,-0.0380132856062274,-0.1690176539302399,-0.1310043683240124,152.7959991455078,152.55999755859375
153.12651989105726,152.55999755859375,36.19424523983822,-0.0698683006108876,-0.1972883606295283,-0.1274200600186407,152.69399719238282,152.33999633789062
153.11901436412214,152.33999633789062,33.019366596570194,-0.1028425263351116,-0.2347394292320075,-0.1318969028968959,152.63199768066406,152.0
153.09534224658853,152.0,28.812976368327668,-0.1399797323331159,-0.2885285563251329,-0.148548823992017,152.45799865722657,152.2550048828125
153.08792086670124,152.2550048828125,35.45447239869978,-0.1733919239158855,-0.3070406902469642,-0.1336487663310786,152.36499938964843,152.0
153.07630808585307,152.0,32.21748234636111,-0.2063910850375229,-0.3383877295240722,-0.1319966444865493,152.2309997558594,152.15499877929688
153.06562946023504,152.15499877929688,36.03994815812413,-0.2344581740845734,-0.3467265302727753,-0.1122683561882019,152.15,152.4199981689453
153.0556921839319,152.4199981689453,42.05630239038603,-0.2532003246240044,-0.3281689267817285,-0.074968602157724,152.16600036621094,152.27999877929688
153.05264179926775,152.27999877929688,39.91991431980801,-0.2667718035985677,-0.3210577194968209,-0.0542859158982532,152.2220001220703,152.14500427246094
153.0496398592288,152.14500427246094,37.91964725582796,-0.2779366980660045,-0.3225962759357514,-0.0446595778697469,152.2,152.44000244140625
153.0469121968611,152.44000244140625,44.46796681717268,-0.2816679123217206,-0.2965927693445849,-0.0149248570228642,152.28800048828126,152.44000244140625
153.04394138080434,152.44000244140625,44.46796681717268,-0.2799022652704804,-0.2728396770655195,0.0070625882049609,152.34500122070312,152.52000427246094
153.04273907256297,152.52000427246094,46.251145547277744,-0.2728695138092414,-0.2447385079642856,0.0281310058449558,152.36500244140626,152.65499877929688
153.04139781357975,152.65499877929688,49.21455341407506,-0.2601284284658284,-0.2091640870921765,0.0509643413736519,152.44000244140625,152.67860412597656
153.03952224115037,152.67860412597656,49.73641418878537,-0.2435078839545059,-0.1770257059092159,0.06648217804529,152.54672241210938,152.57000732421875
153.03843951072355,152.57000732421875,47.32697768630521,-0.2265046408242304,-0.1584916683031281,0.0680129725211023,152.57272338867188,152.5229949951172
153.0368687612124,152.5229949951172,46.281704580961865,-0.2103866720749743,-0.1459147970779497,0.0644718749970245,152.58932189941407,152.47000122070312
153.03418407343852,152.47000122070312,45.07323017683172,-0.1960344776501239,-0.1386256999507225,0.0574087776994014,152.5793212890625,152.5399932861328
153.03201393572604,152.5399932861328,47.04013619972533,-0.1819779173570687,-0.1257516761848478,0.0562262411722209,152.5563201904297,152.5749969482422
153.02907763226216,152.5749969482422,48.04220970664561,-0.1678702954591432,-0.1114398078674412,0.056430487591702,152.5355987548828,152.6300048828125
153.02764075147937,152.6300048828125,49.65438013942393,-0.153209984159188,-0.0945687389593672,0.0586412451998208,152.54759826660157,152.5399932861328
153.02642792448495,152.5399932861328,47.08010190983285,-0.1400586615018296,-0.0874533708723959,0.0526052906294337,152.55099792480468,152.58999633789062
153.02398237170658,152.58999633789062,48.67207013999209,-0.127425566249659,-0.0768931852409764,0.0505323810086826,152.5749969482422,152.61000061035156
153.02317514707926,152.61000061035156,49.32880113061481,-0.115169948498922,-0.0661474774959742,0.0490224710029478,152.58899841308593,152.6999969482422
153.02162114528656,152.6999969482422,52.286550288192544,-0.1020950514488718,-0.049795463248671,0.0522995882002008,152.61399841308594,152.86500549316406
153.01944060180952,152.86500549316406,57.21752062197892,-0.0863267434790215,-0.0232535115996199,0.0630732318794015,152.66099853515624,152.6654052734375
153.01604324413373,152.6654052734375,50.42850332877521,-0.0726846073039676,-0.0181160626037524,0.0545685447002152,152.6860809326172,152.77000427246094
153.0143259620662,152.77000427246094,53.53959003184453,-0.0592557788784957,-0.0055404651766082,0.0537153137018875,152.72208251953126,152.6999969482422
153.0132792965987,152.6999969482422,51.22250725344037,-0.047646479058319,-0.0012092797776119,0.046437199280707,152.74008178710938,152.69000244140625
153.01291940900444,152.69000244140625,50.8839362334932,-0.0378370637534974,0.0014005974657891,0.0392376612192865,152.7380828857422,152.78500366210938
153.01002790247324,152.78500366210938,53.99659442315234,-0.0280680796396873,0.0110078568155529,0.0390759364552402,152.72208251953126,152.69000244140625
153.00845803199203,152.69000244140625,50.54685196347443,-0.0202882594630404,0.0108310212435469,0.0311192807065874,152.727001953125,152.55999755859375
153.00686956537362,152.55999755859375,46.19723101478032,-0.0161909506641935,0.0001982845311943,0.0163892351953878,152.68500061035155,152.5500030517578
153.00494712005604,152.5500030517578,45.87043515385723,-0.0147391104202292,-0.0089317494443719,0.0058073609758572,152.65500183105468,152.375
153.00253139054342,152.375,40.47182105955686,-0.0177799845468365,-0.0299434810532659,-0.0121634965064293,152.59200134277344,152.49989318847656
153.0004947588489,152.49989318847656,45.40972378419797,-0.0214442752959219,-0.0361014382922633,-0.0146571629963414,152.53497924804688,152.4250030517578
152.99827508327746,152.4250030517578,43.100970450227095,-0.0264531758813362,-0.0464887782229936,-0.0200356023416574,152.4819793701172,152.41000366210938
152.99443055612335,152.41000366210938,42.63343702141077,-0.0322212913799831,-0.0552937533745705,-0.0230724619945874,152.4519805908203,152.11000061035156
152.99092282318435,152.11000061035156,34.55882963318969,-0.0428758285666049,-0.0854939773130922,-0.0426181487464873,152.36398010253907,152.33999633789062
152.9886967570866,152.33999633789062,43.40804113125041,-0.052267381565324,-0.0898335935602006,-0.0375662119948765,152.3569793701172,152.47000122070312
152.9865994532386,152.47000122070312,47.71211001156016,-0.0581817199044467,-0.0818390732609373,-0.0236573533564905,152.3510009765625,152.42999267578125
152.9825491262322,152.42999267578125,46.53905119740194,-0.0621122731298671,-0.0778344860315485,-0.0157222129016814,152.35199890136718,152.48500061035156
152.97976476820944,152.48500061035156,48.41688016591229,-0.0635741962798967,-0.0694218888800151,-0.0058476926001184,152.36699829101562,152.57000732421875
152.97917700367444,152.57000732421875,51.265710493145605,-0.0619110625717343,-0.0552585277390846,0.0066525348326496,152.45899963378906,152.64999389648438
152.97883398088118,152.64999389648438,53.8485243727493,-0.0569591411048318,-0.0371514552372218,0.0198076858676099,152.5209991455078,152.6699981689453
152.97822693943348,152.6699981689453,54.49802426832921,-0.0497564812031825,-0.0209458415965855,0.028810639606597,152.56099853515624,152.6999969482422
152.97721565911957,152.6999969482422,55.50920586507897,-0.0409286593001695,-0.0056173716881176,0.0353112876120519,152.61499938964843,152.69500732421875
152.97654984324274,152.69500732421875,55.28912234631693,-0.0315313081943247,0.0060580962290543,0.0375894044233791,152.65700073242186,152.5800018310547
152.97531831737726,152.5800018310547,50.33540190994401,-0.0240325911365916,0.0059622770943406,0.0299948682309323,152.65899963378905,152.6300048828125
152.9733321136023,152.6300048828125,52.33504989416862,-0.0172644516335448,0.0098081063786423,0.0270725580121872,152.65500183105468,152.55999755859375
152.97090597300948,152.55999755859375,49.33978310204249,-0.0123865978376394,0.0071248173459821,0.0195114151836216,152.63300170898438,152.25
152.96903529286254,152.25,38.76096923977807,-0.0138668420909307,-0.0197878191040956,-0.0059209770131649,152.54300231933593,152.14999389648438
152.96298679878996,152.14999389648438,36.07386029306398,-0.0208185558102601,-0.0486254106875776,-0.0278068548773175,152.43399963378906,152.2899932861328
152.95986369793573,152.2899932861328,42.12284063952232,-0.0285542020749302,-0.0594967871336109,-0.0309425850586806,152.3759979248047,152.36000061035156
152.95861776580256,152.36000061035156,44.92910049559651,-0.0351936799390852,-0.0617515913957049,-0.0265579114566197,152.3219970703125,152.2100067138672
152.95598016840916,152.2100067138672,40.40838701099106,-0.0431108997848534,-0.0747797791679261,-0.0316688793830727,152.2519989013672,152.55999755859375
152.95197754832216,152.55999755859375,52.43480559129049,-0.0457317918257701,-0.0562153599894372,-0.0104835681636671,152.31399841308593,152.43499755859375
152.94613578255243,152.43499755859375,48.65784819402886,-0.046785726704062,-0.0510014662172295,-0.0042157395131675,152.37099914550782,152.19000244140625
152.94312117933333,152.19000244140625,42.23629174841221,-0.0506043940534339,-0.0658790634509216,-0.0152746693974876,152.3510009765625,152.19500732421875
152.94135050495203,152.19500732421875,42.4035180288903,-0.0557605736689458,-0.0763852921309933,-0.0206247184620474,152.31800231933593,152.3300018310547
152.939983387578,152.3300018310547,46.87123878650712,-0.0592039364651195,-0.0729773876498143,-0.0137734511846947,152.34200134277344,152.1999969482422
152.93742943828664,152.1999969482422,43.38127718647085,-0.0633324463235984,-0.079846485757514,-0.0165140394339156,152.27000122070314,152.26499938964844
152.9346220830906,152.26499938964844,45.563789917590654,-0.0664925463341539,-0.0791329463763759,-0.0126404000422219,152.23600158691406,152.2949981689453
152.9336346170778,152.2949981689453,46.58708663711477,-0.0682498451826978,-0.0752790405768735,-0.0070291953941756,152.2570007324219,152.30999755859375
152.93195938221504,152.30999755859375,47.12231707645832,-0.0686409132260159,-0.0702051853992884,-0.0015642721732724,152.27999877929688,152.32000732421875
152.93080124720015,152.32000732421875,47.50039868142895,-0.0678390073456086,-0.0646313838239791,0.0032076235216294,152.2779998779297,152.27000427246094
152.92972376678227,152.27000427246094,45.74095392797736,-0.0669745564194704,-0.0635167527149178,0.0034578037045526,152.29200134277343,152.27999877929688
152.92891595376366,152.27999877929688,46.170145443619326,-0.0658041143353982,-0.0611223459991094,0.0046817683362888,152.2950012207031,152.3300018310547
152.92821945326727,152.3300018310547,48.37051968547519,-0.0635554890555669,-0.0545609879362416,0.0089945011193253,152.302001953125,152.33999633789062
152.9259897671759,152.33999633789062,48.82083434940808,-0.0604446437545222,-0.0480012625503434,0.0124433812041788,152.30800170898436,152.32000732421875
152.92520612337202,152.32000732421875,47.9206006468501,-0.0571375987680995,-0.0439094188224089,0.0132281799456906,152.30800170898436,152.2050018310547
152.9196104884966,152.2050018310547,43.006987142838845,-0.0555855577123612,-0.0493773934894079,0.0062081642229533,152.2950012207031,152.1750030517578
152.91869151088417,152.1750030517578,41.802908317844825,-0.055566801950271,-0.05549177890191,7.502304836098928e-05,152.2740020751953,151.99000549316406
152.91656354462086,151.99000549316406,35.248879921607255,-0.0593349429323102,-0.0744075068604672,-0.0150725639281569,152.20600280761718,151.82000732421875
152.91379556237786,151.82000732421875,30.51442541659213,-0.0678560904140287,-0.1019406803409026,-0.0340845899268738,152.1020050048828,151.9700927734375
152.9126244174521,151.9700927734375,38.38313077279438,-0.0763604542157137,-0.1103779094224535,-0.0340174552067397,152.03202209472656,152.0800018310547
152.9112883939192,152.0800018310547,43.434828076859695,-0.0824809097849513,-0.1069627320619019,-0.0244818222769506,152.00702209472655,151.9949951171875
152.9073262652622,151.9949951171875,40.65836423980558,-0.0879545752579443,-0.1098492371499162,-0.0218946618919718,151.9710205078125,152.05999755859375
152.90190722671224,152.05999755859375,43.62589155375412,-0.0914983643834816,-0.1056735208856309,-0.0141751565021493,151.98501892089843,152.4499969482422
152.89886300743993,152.4499969482422,57.392817352161785,-0.0872160173554892,-0.0700866292435193,0.0171293881119698,152.11101684570312,152.42999267578125
152.8981674876321,152.42999267578125,56.62891292507673,-0.0783732610495306,-0.0430022358256962,0.0353710252238343,152.20299682617187,152.31500244140625
152.89740189651835,152.31500244140625,52.31812612306497,-0.0687916539701768,-0.0304652256527617,0.038326428317415,152.2499969482422,152.2812957763672
152.89662621865722,152.2812957763672,51.090412048804126,-0.059630213275878,-0.0229844504986829,0.0366457627771951,152.30725708007813,152.3699951171875
152.89583523510808,152.3699951171875,54.14017930215847,-0.0496613270951776,-0.0097857823723757,0.0398755447228019,152.36925659179687,152.5500030517578
152.8940645018969,152.5500030517578,59.64034839542312,-0.0367238255396881,0.0150261806822697,0.0517500062219579,152.3892578125,152.5800018310547
152.8936598035665,152.5800018310547,60.49077879372011,-0.0220415445587602,0.0366875793649512,0.0587291239237115,152.41925964355468,152.44000244140625
152.89297771281016,152.44000244140625,54.69820368442495,-0.009218710423522,0.0420726261174309,0.0512913365409529,152.4442596435547,151.94000244140625
152.8887888325795,151.94000244140625,39.97506948644469,-0.006189732373193,0.0059261798281227,0.0121159122013157,152.3760009765625,151.94000244140625
152.886247635898,151.94000244140625,39.97506948644469,-0.0094440299607802,-0.0224612203111291,-0.0130171903503488,152.29000244140624,151.93499755859375
152.88513013410818,151.93499755859375,39.8505450034659,-0.0165242924615011,-0.0448453424643844,-0.0283210500028833,152.16700134277343,151.80999755859375
152.86802234124,151.80999755859375,36.769788100347725,-0.0275880763779045,-0.0718432120435181,-0.0442551356656136,152.01300048828125,151.7779998779297
152.86001720194108,151.7779998779297,36.00251637938939,-0.0410162980094312,-0.094729184535538,-0.0537128865261067,151.88059997558594,151.5800018310547
152.85576687144027,151.5800018310547,31.60736847899311,-0.0582880325851135,-0.1273749708878426,-0.0690869383027291,151.80859985351563,151.7100067138672
152.85151135988113,151.7100067138672,37.04205642802003,-0.0748563915531087,-0.1411298274250896,-0.0662734358719808,151.76260070800782,151.66000366210938
152.8506770467878,151.66000366210938,35.8616880748708,-0.0907425041903338,-0.1542869547392342,-0.0635444505489004,151.70760192871094,151.4949951171875
152.84530244591312,151.4949951171875,32.21366774159532,-0.1077940162090863,-0.1760000642840964,-0.06820604807501,151.64460144042968,151.77000427246094
152.84124542258076,151.77000427246094,42.67925796863239,-0.1200488147244035,-0.1690680087856719,-0.0490191940612684,151.64300231933595,151.89500427246094
152.83350499412285,151.89500427246094,46.70680734127343,-0.1263867918288421,-0.1517387002465966,-0.0253519084177545,151.70600280761718,151.84500122070312
152.8301329749064,151.84500122070312,45.33456841148089,-0.1291936810907369,-0.140421238138316,-0.0112275570475791,151.73300170898438,151.84500122070312
152.82724396690705,151.84500122070312,45.33456841148089,-0.129345752595785,-0.1299540386159776,-0.0006082860201925,151.77000122070314,151.77000427246094
152.82229299651087,151.77000427246094,43.13037724182228,-0.1287275912970781,-0.1262549461022502,0.0024726451948279,151.82500305175782,151.72999572753906
152.81817867494703,151.72999572753906,41.95836492167254,-0.1280039847835437,-0.125109558729406,0.0028944260541377,151.81700134277344,151.3249969482422
152.81290326800243,151.3249969482422,32.369442914142866,-0.1334219919133747,-0.1550940204326991,-0.0216720285193243,151.7029998779297,150.83999633789062
152.7969084825596,150.83999633789062,25.000919518008445,-0.149839228373095,-0.2155081742119762,-0.0656689458388811,151.5019989013672,151.15499877929688
152.78525026459877,151.15499877929688,35.302197144945254,-0.1669227561352147,-0.2352568671836934,-0.0683341110484786,151.36399841308594,151.02000427246094
152.7749687053379,151.02000427246094,33.19778353379017,-0.1853016634103769,-0.2588172925110257,-0.0735156291006487,151.21399841308593,150.8800048828125
152.76310310244253,150.8800048828125,31.1255391193706,-0.2053403053018077,-0.285494872867531,-0.0801545675657232,151.04400024414062,150.9499969482422
152.75148821226432,150.9499969482422,33.36499082569806,-0.2237840833588488,-0.2975591955870129,-0.0737751122281641,150.96900024414063,150.7949981689453
152.7448704136029,150.7949981689453,30.96392714965883,-0.2422242441439763,-0.3159848872844861,-0.0737606431405098,150.96000061035156,150.6649932861328
152.7401720126565,150.6649932861328,29.0740471541466,-0.261217547921035,-0.3371907630292696,-0.0759732151082346,150.86199951171875,150.86000061035156
152.73528437105583,150.86000061035156,35.4393894436631,-0.2758552950449996,-0.3344062835408579,-0.0585509884958582,150.8299987792969,151.0
152.7299615090214,151.0,39.62837940763929,-0.2841333902349857,-0.3172457709949299,-0.0331123807599442,150.85399780273437,151.11000061035156
152.72734072838796,151.11000061035156,42.77044807929219,-0.285588834407515,-0.291410611097632,-0.005821776690117,150.88599853515626,150.75999450683594
152.72041135640686,150.75999450683594,36.29721368570266,-0.287624904550258,-0.2957691851212303,-0.0081442805709722,150.87899780273438,150.75999450683594
152.7149506948511,150.75999450683594,36.29721368570266,-0.2892626103032016,-0.2958134333149758,-0.0065508230117741,150.897998046875,150.9499969482422
152.6947850768973,150.9499969482422,41.83914624165124,-0.2868741117492312,-0.2773201175333497,0.0095539942158814,150.91599731445314,150.7949981689453
152.6883604611922,150.7949981689453,38.86847819561567,-0.2839063462452174,-0.2720352842291618,0.0118710620160555,150.8749969482422,150.6999969482422
152.67671237653653,150.6999969482422,37.12842154235849,-0.2815996916107338,-0.2723730730727993,0.0092266185379344,150.79299621582032,150.58639526367188
152.67034788569288,150.58639526367188,35.104609099483355,-0.2809989529787435,-0.2785959984507826,0.0024029545279609,150.7582763671875,150.875
152.6653304111642,150.875,43.52653771160205,-0.2762539676959209,-0.2572740265646303,0.0189799411312906,150.78127746582032,151.00999450683594
152.66134419572472,151.00999450683594,46.99181478318226,-0.2663767916825681,-0.2268680876291569,0.0395087040534112,150.79327697753905,151.36500549316406
152.6568936172896,151.36500549316406,54.83982479884524,-0.2475295162992555,-0.1721404147660052,0.0753891015332502,150.90727844238282,151.4600067138672
152.65382484115003,151.4600067138672,56.68781140025469,-0.2219681029007998,-0.1197224493069768,0.1022456535938229,151.0592803955078,151.30999755859375
152.65175875344434,151.30999755859375,52.9998123935751,-0.1954257676516622,-0.0892564266551119,0.1061693409965503,151.2040008544922,151.52999877929688
152.64917712663114,151.52999877929688,57.37921212551736,-0.1657045968223932,-0.0468199135053168,0.1188846833170763,151.33500061035156,151.6699981689453
152.64705720020592,151.6699981689453,59.93744111664319,-0.1329377435319934,-0.0018703303703944,0.131067413161599,151.46700134277344,151.83999633789062
152.6448224427935,151.83999633789062,62.85314103185544,-0.0969643945668764,0.0469290012935914,0.1438933958604679,151.56199951171874,151.93499755859375
152.6437675905127,151.93499755859375,64.4118986300648,-0.0591303681685088,0.0922057374249618,0.1513361055934706,151.65699768066406,151.85499572753906
152.64209637399546,151.85499572753906,62.05056343285464,-0.0232550398037163,0.1202462736554537,0.14350131345917,151.76599731445313,151.91000366210938
152.63839701198185,151.91000366210938,63.05350330908935,0.0104425929945181,0.145233124187456,0.1347905311929378,151.8419982910156,151.83999633789062
152.6368418904914,151.83999633789062,60.84941594787876,0.0398680760544234,0.1575700082940443,0.1177019322396209,151.8759979248047,151.9250030517578
152.63617583607402,151.9250030517578,62.56077397975064,0.0663386910404809,0.1722211509847113,0.1058824599442303,151.89299926757812,151.91000366210938
152.63441091436223,151.91000366210938,62.04540614864733,0.089179112787641,0.1805407997762813,0.0913616869886402,151.88800048828125,151.86000061035156
152.63287893067073,151.86000061035156,60.26313203235392,0.1075458403673401,0.1810127506861363,0.0734669103187961,151.88900146484374,151.77000427246094
152.6310125429333,151.77000427246094,57.08480625801656,0.1204647711698527,0.1721404943799029,0.0516757232100502,151.86100158691406,151.94500732421875
152.6276205386117,151.94500732421875,61.35321100587736,0.1318094046936232,0.1771879387887054,0.0453785340950821,151.8820037841797,151.9250030517578
152.6254861173144,151.9250030517578,60.61110062027292,0.14095301796755,0.1775274710632572,0.0365744530957072,151.8820037841797,152.17999267578125
152.62424258449755,152.17999267578125,66.21997385439664,0.1519847011587127,0.1961114339233631,0.0441267327646504,151.93600158691407,151.97999572753906
152.62155219173314,151.97999572753906,59.11028820111715,0.1600842525549827,0.1924824581400628,0.03239820558508,151.96000061035156,152.03500366210938
152.62119167448355,152.03500366210938,60.37056496289328,0.166434163754623,0.1918338085531843,0.0253996447985612,152.01300048828125,152.01499938964844
152.62029099431803,152.01499938964844,59.65053867153343,0.1706560679282859,0.1875436846229377,0.0168876166946517,152.0269989013672,151.9499969482422
152.61947101746682,151.9499969482422,57.26068534757003,0.1718968236440287,0.1768598465069999,0.0049630228629711,152.03199768066406,151.99000549316406
152.61911681108845,151.99000549316406,58.36631456144037,0.1714505361310976,0.1696653860793731,-0.0017851500517245,151.99400024414064,152.10499572753906
152.61766912507903,152.10499572753906,61.4528226505295,0.1714140693119708,0.1712682020354634,-0.0001458672765073,152.0190002441406,152.07000732421875
152.61687924870753,152.07000732421875,59.99539066399126,0.1706874749374769,0.1677810974395015,-0.0029063774979754,152.0260009765625,151.99000549316406
152.61574706955133,151.99000549316406,56.68502988795993,0.167900997487348,0.1567550876868324,-0.0111459098005156,152.02100219726563,151.9600067138672
152.61377549477797,151.9600067138672,55.44952738415813,0.1631082036451778,0.1439370282764969,-0.0191711753686809,152.02300415039062,152.07000732421875
152.61319071190113,152.07000732421875,58.980106693386446,0.1586923746334871,0.1410290585867244,-0.0176633160467627,152.03900451660155,152.2899932861328
152.6123583001336,152.2899932861328,64.96057488178997,0.1578923604466737,0.1546923036994201,-0.0032000567472536,152.0760040283203,152.27999877929688
152.61181087999222,152.27999877929688,64.50047233410652,0.15888128186063,0.1628369675164549,0.0039556856558249,152.11800231933594,152.3300018310547
152.61063684024512,152.3300018310547,65.80538753237971,0.1613752794640675,0.1713512698778174,0.0099759904137499,152.18600158691407,152.22999572753906
152.61009185658293,152.22999572753906,60.97763531118463,0.1627185443111614,0.168091603699537,0.0053730593883756,152.23999938964843,152.27000427246094
152.60869023694465,152.27000427246094,62.17325598358026,0.1635375804874115,0.1668137251924122,0.0032761447050006,152.27999877929688,152.1999969482422
152.6081291128455,152.1999969482422,58.7794962163079,0.1624954438623979,0.1583268973623433,-0.0041685465000546,152.26199951171876,152.1300048828125
152.6079142449343,152.1300048828125,55.51669153881328,0.1588543481950073,0.144289965525445,-0.0145643826695623,152.23200073242188,152.22999572753906
152.6072304196702,152.22999572753906,59.0166937539555,0.1550083819374951,0.1396245169074461,-0.0153838650300489,152.21199951171874,152.2949981689453
152.60683843605074,152.2949981689453,61.15635644193513,0.1519193992003207,0.1395634682516231,-0.0123559309486975,152.225,152.27499389648438
152.60647934440811,152.27499389648438,60.11617891557954,0.1488013971232508,0.1363293888149712,-0.0124720083082795,152.2259979248047,152.4499969482422
152.60626102035891,152.4499969482422,65.6245348028636,0.1482815801048278,0.1462023120311357,-0.002079268073692,152.2759979248047,152.38250732421875
152.60599903817027,152.38250732421875,62.06457504716807,0.1480027835634066,0.1468875973977219,-0.0011151861656847,152.32649841308594,152.3618927001953
152.60573873414927,152.3618927001953,60.97648625139142,0.1472234463949807,0.1441060977212771,-0.0031173486737036,152.35287780761718,152.34500122070312
152.60555192536037,152.34500122070312,60.047535490229954,0.1455661884963198,0.1389371569016759,-0.0066290315946438,152.36287841796874,152.2100067138672
152.60466004473727,152.2100067138672,53.08687358774596,0.1409600097874107,0.1225352949517741,-0.0184247148356365,152.34988098144532,152.639892578125
152.60473817976415,152.639892578125,66.43155757430443,0.1412842696597046,0.1425813091488805,0.0012970394891758,152.3878601074219,152.49000549316406
152.60446501632015,152.49000549316406,60.02077232502794,0.141968458348826,0.1447052131053112,0.0027367547564852,152.40935974121095,152.55999755859375
152.60436332811312,152.55999755859375,61.87114756217277,0.1436354848372318,0.1503035907908554,0.0066681059536235,152.44898071289063,152.5800018310547
152.60434047189847,152.5800018310547,62.4066908722491,0.1458229288936412,0.1545727051192784,0.0087497762256372,152.49598083496093,152.69000244140625
152.60446308432506,152.69000244140625,65.29344250322309,0.1496445267083837,0.1649309179673537,0.0152863912589699,152.59197998046875,152.69000244140625
152.6045253513386,152.69000244140625,65.29344250322308,0.153948975821349,0.1711667722732102,0.0172177964518611,152.602001953125,152.60000610351562
152.60451149076505,152.60000610351562,60.85915458404894,0.1565437005727277,0.1669225995782426,0.0103788990055148,152.6240020751953,152.6699981689453
152.60468436009432,152.6699981689453,62.96568297608026,0.1586906712243161,0.1672785538306698,0.0085878826063536,152.64600219726563,152.67999267578125
152.60477120655187,152.67999267578125,63.26967287610657,0.1602422189111131,0.166448409658301,0.0062061907471878,152.66600036621094,152.8699951171875
152.60528725253434,152.8699951171875,68.55413568924759,0.1640053858772757,0.1790580537419259,0.0150526678646502,152.70199890136718,152.91000366210938
152.60560751840407,152.91000366210938,69.54765220231545,0.1692219930489737,0.1900884217357656,0.0208664286867919,152.74599914550782,152.89999389648438
152.60613286833154,152.89999389648438,68.96061112601662,0.1745307340990696,0.1957656982994535,0.0212349642003839,152.80599670410157,152.92999267578125
152.606598434266,152.92999267578125,69.78378289333563,0.1796997520571759,0.2003758238896011,0.0206760718324252,152.85799560546874,152.89999389648438
152.60735395515,152.89999389648438,67.84608190600265,0.1836220407378569,0.1993111954605808,0.0156891547227238,152.90199584960936,152.89999389648438
152.6079661674766,152.89999389648438,67.84608190600265,0.1861387790329315,0.1962057322132295,0.010066953180298,152.90799560546876,153.0
152.60864429678614,153.0,70.96332989196621,0.1888139050402524,0.1995144090695362,0.0107005040292837,152.92599487304688,153.0
152.60904436940268,153.0,70.96332989196621,0.1910177257886717,0.199833008782349,0.0088152829936772,152.94599609375,152.9600067138672
152.60989774044978,152.9600067138672,67.90981562246381,0.1917371760479081,0.1946149770848535,0.0028778010369454,152.95199890136718,152.9499969482422
152.6103221727407,152.9499969482422,67.13121990840946,0.1908918290970913,0.1875104412938242,-0.0033813878032671,152.96199951171874,152.85000610351562
152.61080435071634,152.85000610351562,59.76042772609767,0.1870796354338504,0.1718308607808865,-0.0152487746529638,152.952001953125,152.98500061035156
152.61288315337634,152.98500061035156,65.29981754327729,0.1833350874019545,0.1683568952743712,-0.0149781921275833,152.94900207519532,153.10000610351562
152.61396973692123,153.10000610351562,69.19093437843627,0.1812462214625987,0.1728907577051757,-0.008355463757423,152.96900329589843,153.17999267578125
152.615958956511,153.17999267578125,71.578081001028,0.1811676490308156,0.1808533593036827,-0.0003142897271328,153.01300048828125,153.07000732421875
152.6166640846367,153.07000732421875,64.21074128466148,0.1801855387541284,0.1762570976473796,-0.0039284411067487,153.03700256347656,153.02000427246094
152.61743487407554,153.02000427246094,61.13016099985664,0.1774801435269106,0.1666585626180392,-0.0108215809088713,153.0710021972656,153.22999572753906
152.61817956121635,153.22999572753906,68.0603462944504,0.1767822258400856,0.1739905550927858,-0.0027916707472998,153.12000122070313,153.0749969482422
152.61839474625086,153.0749969482422,59.61190750055947,0.1745033047332982,0.1653876203061486,-0.0091156844271496,153.11499938964843,153.0800018310547
152.61955606291187,153.0800018310547,59.78549376882734,0.1710350277744727,0.1571619199391705,-0.0138731078353022,153.09500122070312,153.0800018310547
152.6208413911025,153.0800018310547,59.78549376882734,0.1666132749933528,0.1489262638688728,-0.0176870111244799,153.0970001220703,153.05999755859375
152.62166042824435,153.05999755859375,58.61763973082138,0.1611267957862824,0.1391808789580011,-0.0219459168282813,153.10499877929686,153.2100067138672
152.6225173283181,153.2100067138672,64.25625527060126,0.1572866448886272,0.1419260412980065,-0.0153606035906207,153.1010009765625,153.22000122070312
152.62303785340802,153.22000122070312,64.602322346933,0.1544806561760355,0.1432567013256687,-0.0112239548503668,153.1300018310547,153.23500061035156
152.62372545057147,153.23500061035156,65.14768916932171,0.1523571686888444,0.1438632187400799,-0.0084939499487645,153.16100158691407,153.22000122070312
152.62481599091998,153.22000122070312,64.08440106065956,0.150186217162826,0.1415024110587524,-0.0086838061040736,153.18900146484376,153.22000122070312
152.62576440010528,153.22000122070312,64.08440106065956,0.1477570161946573,0.1380402123219823,-0.0097168038726749,153.22100219726562,153.5
152.6277645792346,153.5,73.46168718752895,0.1494237410716413,0.1560906405795776,0.0066668995079362,153.27900085449218,153.41000366210938
152.6289686522921,153.41000366210938,67.37287577628291,0.1517939345046197,0.1612747082365331,0.0094807737319133,153.31700134277344,153.43499755859375
152.63009311163935,153.43499755859375,68.16211674830913,0.1545335928830658,0.1654922263968501,0.0109586335137842,153.35700073242188,153.4149932861328
152.63131329161266,153.4149932861328,66.76996853132574,0.1566898375115185,0.1653148160253295,0.0086249785138109,153.3959991455078,153.36500549316406
152.6333610276265,153.36500549316406,63.29130562535223,0.1572127219211755,0.1593042595598035,0.0020915376386279,153.425,153.46499633789062
152.6346514391846,153.46499633789062,66.99543499294258,0.1579214132586393,0.1607561786084943,0.0028347653498549,153.41799926757812,153.42999267578125
152.6357262717896,153.42999267578125,64.54024150717287,0.1577910161775474,0.1572694278531798,-0.0005215883243675,153.4219970703125,153.40310668945312
152.63682162514144,153.40310668945312,62.64135576139127,0.1563529425090846,0.1506006478352333,-0.0057522946738513,153.41561889648438,153.40499877929688
152.6372906501255,153.40499877929688,62.72447326707757,0.1538444558930312,0.1438105094288175,-0.0100339464642136,153.4136199951172,153.36000061035156
152.638445897852,153.36000061035156,59.34298007581071,0.1497279920532108,0.1332621366939292,-0.0164658553592815,153.4126190185547,153.42999267578125
152.63973531608826,153.42999267578125,62.71040421615032,0.1455948932224624,0.1290624978994685,-0.0165323953229938,153.4056182861328,153.47999572753906
152.64051348068588,153.47999572753906,64.94425356979397,0.1421339610462696,0.1282902323414987,-0.0138437287047709,153.41561889648438,153.49000549316406
152.64131038333207,153.49000549316406,65.39120950566526,0.1391115056071329,0.127021683850586,-0.0120898217565469,153.43299865722656,153.3699951171875
152.64278233927945,153.3699951171875,56.14806293999858,0.134290562282746,0.1150067889851982,-0.0192837732975477,153.42599792480468,153.52000427246094
152.6454783553364,153.52000427246094,63.15817902235865,0.1306823165142556,0.1162493334402938,-0.0144329830739617,153.45799865722657,153.46499633789062
152.6463681116903,153.46499633789062,59.40782442628101,0.1268478453829023,0.1115099608574894,-0.0153378845254129,153.46499938964843,153.4600067138672
152.64694377587008,153.4600067138672,59.0652131326492,0.1227038714542497,0.1061279757396391,-0.0165758957146105,153.46100158691405,153.5399932861328
152.64886783653395,153.5399932861328,62.77172105698573,0.1195796132304573,0.1070825803352875,-0.0124970328951697,153.47099914550782,153.61000061035156
152.6494026969588,153.61000061035156,65.69916239282642,0.118102651677396,0.1121948054651511,-0.0059078462122449,153.5190002441406,153.5200958251953
152.65090185700356,153.5200958251953,59.25502970737266,0.1160320503577275,0.1077496450790533,-0.0082824052786741,153.5190185546875,153.64500427246094
152.6522633876051,153.64500427246094,64.4693895233591,0.1154262922859999,0.1130032599990897,-0.0024230322869102,153.55502014160157,153.57749938964844
152.654769636561,153.57749938964844,60.00040132860022,0.1144303435746372,0.1104465487291861,-0.003983794845451,153.57851867675782,153.41920471191406
152.657286841665,153.41920471191406,51.06183484033432,0.110455731174947,0.0945572815761863,-0.0158984495987606,153.55436096191406,153.5
152.65828350830336,153.5,54.76594304097328,0.1058597965104772,0.0874760578525979,-0.0183837386578793,153.53236083984376,153.2899932861328
152.66066483269574,153.2899932861328,45.19129902040281,0.0975235452212569,0.0641785400643755,-0.0333450051568813,153.48634033203126,153.21499633789062
152.66337936334392,153.21499633789062,42.34420908045244,0.0858611276070857,0.0392114571504009,-0.0466496704566847,153.40033874511718,153.19000244140625
152.66380585771267,153.19000244140625,41.40793079965855,0.0721308386829807,0.0172096829865608,-0.0549211556964198,153.32283935546874,153.19000244140625
152.6649749029337,153.19000244140625,41.407930799658544,0.0576598117448386,-0.0002242960077296,-0.0578841077525683,153.2769989013672,153.27000427246094
152.66600356884985,153.27000427246094,45.852452600495,0.0446280638297232,-0.0074989278307384,-0.0521269916604617,153.2309997558594,153.27999877929688
152.66644612561797,153.27999877929688,46.39947034204473,0.0332393140169501,-0.0123156852341423,-0.0455549992510925,153.2290008544922,153.3300018310547
152.6674665450967,153.3300018310547,49.16637097043995,0.0241993910352312,-0.0119603008916442,-0.0361596919268754,153.252001953125,153.38999938964844
152.66892916548525,153.38999938964844,52.34510196488106,0.0180076256061959,-0.0067594361099452,-0.0247670617161411,153.29200134277343,153.39999389648438
152.66972361423217,153.39999389648438,52.87376371812013,0.0140440262263957,-0.0018103712928052,-0.0158543975192009,153.33399963378906,153.3300018310547
152.67037438979014,153.3300018310547,48.79162504722004,0.0105360848865773,-0.0034956804726959,-0.0140317653592733,153.34599914550782,153.5050048828125
152.6727463760133,153.5050048828125,57.60502379612511,0.0102656908726341,0.0091841148168612,-0.0010815760557729,153.39100036621093,153.47000122070312
152.67404755583962,153.47000122070312,55.545787895651465,0.0114568427305968,0.0162214501624475,0.0047646074318507,153.41900024414062,153.50999450683594
152.67594395080516,153.50999450683594,57.41872293152398,0.0141135781378193,0.0247405197667092,0.0106269416288899,153.44299926757813,153.44000244140625
152.67924612980244,153.44000244140625,53.19471535626244,0.0164007922357277,0.0255496486273614,0.0091488563916336,153.4510009765625,153.50999450683594
152.6802706947986,153.50999450683594,56.63060500124303,0.0194157997956431,0.0314758300353048,0.0120600302396616,153.48699951171875,153.5399932861328
152.68094585425584,153.5399932861328,58.05193747688258,0.0231632829873701,0.0381532157542778,0.0149899327669077,153.4939971923828,153.6199951171875
152.68303948966283,153.6199951171875,61.66054217385336,0.0283970071357553,0.0493319037292963,0.0209348965935409,153.52399597167968,153.57000732421875
152.6842878516865,153.57000732421875,58.28654705272051,0.0334256692892696,0.0535403179033266,0.020114648614057,153.53599853515624,153.6199951171875
152.68559007057522,153.6199951171875,60.6078482671603,0.0387835339575907,0.0602149926308754,0.0214314586732847,153.5719970703125,153.63999938964844
152.68641648008526,153.63999938964844,61.53045348431304,0.0442976292298334,0.066354010318804,0.0220563810889706,153.597998046875,153.66000366210938
152.69096501916778,153.66000366210938,62.47688622465324,0.0498387820583464,0.0720033933723982,0.0221646113140518,153.62200012207032,153.6300048828125
152.69289245630205,153.6300048828125,60.0894254474005,0.0545142119826565,0.073215931679897,0.0187017196972405,153.6240020751953,153.63999938964844
152.69533377622275,153.63999938964844,60.62922595904886,0.0584371374031548,0.074128839085148,0.0156917016819931,153.63800048828125,153.625
152.6968443429258,153.625,59.33224677026786,0.0613102647879668,0.072802774327215,0.0114925095392481,153.63900146484374,153.72250366210938
152.6986489354616,153.72250366210938,64.62921858297592,0.0647906605039711,0.0787122433679883,0.0139215828640171,153.65550231933594,153.8000030517578
152.69986320034087,153.8000030517578,68.17717481276476,0.0695580186282862,0.0886274511255464,0.0190694324972602,153.68350219726562,154.07000732421875
152.71167110078284,154.07000732421875,76.87880923377614,0.0790313307446815,0.1169245792102628,0.0378932484655813,153.77150268554686,154.0500030517578
152.71397337704033,154.0500030517578,75.23734150138827,0.0904583521059106,0.1361664375508269,0.0457080854449162,153.85350341796874,154.22000122070312
152.71736293294208,154.22000122070312,79.28510090151794,0.1050169458466982,0.1632513208098487,0.0582343749631504,153.97250366210938,154.0850067138672
152.72076850508031,154.0850067138672,69.56119019183014,0.1183820495695772,0.1718424644610934,0.0534604148915161,154.04500427246094,154.15499877929688
152.72285804342036,154.15499877929688,71.51205803934025,0.1311453419372142,0.182198511407762,0.0510531694705477,154.11600341796876,154.13999938964844
152.7300686346967,154.13999938964844,70.46971147673007,0.1423241444663983,0.1870393545831348,0.0447152101167364,154.1300018310547,154.27000427246094
152.73579189430865,154.27000427246094,74.0062081868977,0.15367357462287,0.199071295248757,0.0453977206258869,154.17400207519532,154.20750427246094
152.74033002733188,154.20750427246094,69.68551789794584,0.1631875908289874,0.2012436556534567,0.0380560648244693,154.17150268554687,154.14999389648438
152.7473896642612,154.14999389648438,65.87439879589711,0.1697629826892333,0.1960645501302167,0.0263015674409834,154.18450012207032,154.1999969482422
152.74971002084513,154.1999969482422,67.5368016716499,0.1745626541431347,0.1937613399587405,0.0191986858156058,154.19349975585936,154.16000366210938
152.75239194053785,154.16000366210938,64.81710263719467,0.1769617986175295,0.1865583765151086,0.0095965778975791,154.19750061035157,154.22000122070312
152.75465869646197,154.22000122070312,66.96626492014785,0.1782844664406665,0.1835751377332144,0.0052906712925479,154.1875,154.22000122070312
152.75680227484094,154.22000122070312,66.96626492014785,0.1784567367584666,0.1791458180296672,0.0006890812712005,154.18999938964845,154.25999450683594
152.75911193416258,154.25999450683594,68.45589586380031,0.1781302600332909,0.1768243531325879,-0.0013059069007029,154.21199951171874,154.1699981689453
152.76140006094525,154.1699981689453,61.71196919857762,0.1756664588695789,0.1658112542147307,-0.0098552046548481,154.20599975585938,154.1699981689453
152.76416869927905,154.1699981689453,61.71196919857762,0.171591801289458,0.1552931709689744,-0.0162986303204835,154.20799865722657,154.0
152.77397701823136,154.0,50.75750750595335,0.1636177764749724,0.1317216772170297,-0.0318960992579426,154.16399841308595,154.13999938964844
152.7797510346411,154.13999938964844,57.45532658895687,0.1554784058652676,0.1229209234264487,-0.0325574824388189,154.147998046875,154.0050048828125
152.7873450956321,154.0050048828125,50.34450047140192,0.1451539537207967,0.1038561451429131,-0.0412978085778835,154.0970001220703,154.07000732421875
152.79123326781885,154.07000732421875,53.33911539420257,0.1347074004102549,0.0929211871680877,-0.0417862132421672,154.077001953125,154.0850067138672
152.79334820495174,154.0850067138672,54.028076814906775,0.1246642231284327,0.0844915140011437,-0.0401727091272889,154.06000366210938,154.11500549316406
152.79574335164207,154.11500549316406,55.44502136300848,0.115594832096939,0.0793172679709641,-0.0362775641259748,154.0830047607422,154.10000610351562
152.7979557583217,154.10000610351562,54.539854093502015,0.107108453379806,0.0731629385112739,-0.033945514868532,154.07500610351562,154.17999267578125
152.80210973558354,154.17999267578125,58.43662828253362,0.1004643826955523,0.0738880999585376,-0.0265762827370147,154.11000366210936,154.00999450683594
152.8057899685033,154.00999450683594,48.85212306511016,0.0923821280100726,0.0600531092681535,-0.032329018741919,154.0980010986328,153.99000549316406
152.80903411056445,153.99000549316406,47.858155282973925,0.0832926620054309,0.0469347979868643,-0.0363578640185665,154.0790008544922,154.10499572753906
152.81253070815177,154.10499572753906,53.69491516053657,0.0756931414912834,0.045295059434693,-0.0303980820565903,154.07699890136718,153.8699951171875
152.81502581292187,153.8699951171875,43.08122915867892,0.0655040519008064,0.0247476935388988,-0.0407563583619076,154.03099670410157,153.98500061035156
152.81750663559825,153.98500061035156,48.45135660739008,0.0559115479851729,0.0175415323226388,-0.038370015662534,153.99199829101562,154.0
152.8198341851952,154.0,49.12552548875117,0.0473077000927824,0.0128923085232202,-0.0344153915695622,153.98999938964843,154.0
152.82344119622718,154.0,49.12552548875117,0.0396667267481309,0.0091028333695248,-0.030563893378606,153.99199829101562,153.9199981689453
152.82605818155702,153.9199981689453,45.44873433692364,0.0316630259810895,-0.0003517770870757,-0.0320148030681653,153.9549987792969,153.7449951171875
152.82846710779748,153.7449951171875,38.63649560021683,0.0209873039905689,-0.0217155839715132,-0.0427028879620823,153.92999877929688,153.64999389648438
152.83112291256785,153.64999389648438,35.52367427978673,0.007632926547998,-0.0457845832222858,-0.0534175097702838,153.86299743652344,153.66000366210938
152.8318861151555,153.66000366210938,36.10776985717364,-0.0065580187243372,-0.0633217998136785,-0.0567637810893412,153.7949981689453,153.63999938964844
152.83379951630013,153.63999938964844,35.41724089516063,-0.0208336051372352,-0.0779359507888273,-0.057102345651592,153.722998046875,153.72999572753906
152.83654571380188,153.72999572753906,40.893722128134016,-0.0329305701388259,-0.0813184301451883,-0.0483878600063624,153.68499755859375,153.69000244140625
152.84071177442416,153.69000244140625,39.29889969522525,-0.0435908886438785,-0.0862321626640891,-0.0426412740202106,153.6739990234375,153.63999938964844
152.84200698148294,153.63999938964844,37.33823391050628,-0.0534903304799755,-0.0930880978243635,-0.0395977673443879,153.6720001220703,153.44500732421875
152.84355508597298,153.44500732421875,30.870256071608537,-0.0653829936980355,-0.1129536465702756,-0.04757065287224,153.62900085449218,153.60000610351562
152.84657969544185,153.60000610351562,39.79764137808744,-0.0752796003400235,-0.1148660269079755,-0.0395864265679519,153.62100219726562,153.72999572753906
152.85079589982533,153.72999572753906,46.08585317930775,-0.08116083494853,-0.1046857733825561,-0.023524938434026,153.62100219726562,153.55999755859375
152.85313583678558,153.55999755859375,40.17571649578313,-0.086744247659524,-0.1090778985035001,-0.022333650843976,153.59500122070312,153.6300048828125
152.85615605306737,153.6300048828125,43.39506580286616,-0.0905336659970428,-0.1056913393471177,-0.0151576733500748,153.59300231933594,153.83999633789062
152.86756425830558,153.83999633789062,51.77771362762784,-0.0894433602866796,-0.0850821374452266,0.0043612228414529,153.6720001220703,153.8699951171875
152.87291140117242,153.8699951171875,52.85189548224781,-0.0846692211923935,-0.0655726648152494,0.019096556377144,153.7259979248047,153.88999938964844
152.87891288886982,153.88999938964844,53.59424043685201,-0.0773242601953665,-0.0479444162072582,0.0293798439881083,153.75799865722655,153.7949981689453
152.88350989636308,153.7949981689453,49.600169344219175,-0.0700924441884282,-0.0411651801606751,0.028927264027753,153.80499877929688,154.0
152.89047109676022,154.0,57.04017713546744,-0.0598802096717827,-0.0190312716052005,0.0408489380665821,153.87899780273438,154.1300048828125
152.90663734470684,154.1300048828125,60.97457735531857,-0.0461246176949721,0.0088977502122702,0.0550223679072423,153.93699951171874,153.9499969482422
152.92007863540323,153.9499969482422,53.64822088370284,-0.033636002899289,0.016318456283443,0.0499544591827321,153.9529998779297,154.0399932861328
152.93619214314052,154.0399932861328,56.46465203600624,-0.0210836764158016,0.0291256295181483,0.0502093059339499,153.98299865722657,154.0800018310547
152.95924800758877,154.0800018310547,57.69530031857861,-0.0084630634459437,0.0420193884334878,0.0504824518794315,154.03999938964844,154.27999877929688
154.97500610351562,154.97500610351562,50.0,0.0,0.0,0.0,154.26499938964844,153.8800048828125
154.7901394555183,153.8800048828125,50.0,0.0,0.0,0.0,154.2510009765625,153.55999755859375
154.72543756489637,153.55999755859375,50.0,0.0,0.0,0.0,154.15500183105468,154.57000732421875
154.7146412207304,154.57000732421875,50.0,0.0,0.0,0.0,154.2530029296875,155.50990295410156
154.7663961445456,155.50990295410156,50.0,0.0,0.0,0.0,154.49898376464844,155.0
154.8228425497717,155.0,50.0,0.0,0.0,0.0,154.5039825439453,154.1199951171875
154.81164942888802,154.1199951171875,50.0,0.0,0.0,0.0,154.5519805908203,154.2050018310547
154.77412441923366,154.2050018310547,50.0,0.0,0.0,0.0,154.6809814453125,154.02000427246094
154.75563756456074,154.02000427246094,50.0,0.0,0.0,0.0,154.57098083496095,154.2899932861328
154.74932446784425,154.2899932861328,50.0,0.0,0.0,0.0,154.32699890136718,155.0
154.75764994340366,155.0,50.0,0.0,0.0,0.0,154.32699890136718,154.25
154.73275129279307,154.25,50.0,0.0,0.0,0.0,154.35299987792968,154.43499755859375
154.72997777363966,154.43499755859375,50.0,0.0,0.0,0.0,154.3989990234375,154.17999267578125
154.72125494648913,154.17999267578125,50.0,0.0,0.0,0.0,154.43099670410157,154.6199951171875
154.71981919024114,154.6199951171875,47.67505536058327,0.0,0.0,0.0,154.4969970703125,154.59500122070312
154.714400444791,154.59500122070312,47.5075679120529,0.0,0.0,0.0,154.41599731445314,154.92999267578125
154.7177890368065,154.92999267578125,50.040888832621306,0.0,0.0,0.0,154.55199584960937,154.67999267578125
154.71681286731936,154.67999267578125,48.17243207856848,0.0,0.0,0.0,154.6009948730469,154.875
154.7181677855973,154.875,49.74859758792009,0.0,0.0,0.0,154.73999633789063,154.78500366210938
154.71867831838236,154.78500366210938,49.00785841407424,0.0,0.0,0.0,154.772998046875,154.7100067138672
154.7184394718631,154.7100067138672,48.36162590601193,0.0,0.0,0.0,154.7959991455078,154.53500366210938
154.7137944649033,154.53500366210938,46.81047919221451,0.0,0.0,0.0,154.71700134277344,154.0050048828125
154.6741278951557,154.0050048828125,42.37744867572978,0.0,0.0,0.0,154.58200378417968,153.75
154.61732257089582,153.75,40.39525407669724,0.0,0.0,0.0,154.35700378417968,153.63999938964844
154.57864402076274,153.63999938964844,39.53616672823826,0.0,0.0,0.0,154.1280029296875,153.8249969482422
154.55057205585126,153.8249969482422,41.778727684621295,0.0,-0.1998015689529211,-0.1998015689529211,153.9510009765625,154.22000122070312
154.54376621559223,154.22000122070312,46.353897653628216,0.0,-0.1850935832937068,-0.1850935832937068,153.88800048828125,154.3000030517578
154.52272114145006,154.3000030517578,47.25789226132847,0.0,-0.1650789916726296,-0.1650789916726296,153.9470001220703,154.50999450683594
154.52249724452312,154.50999450683594,49.65596349210124,0.0,-0.1307653466450347,-0.1307653466450347,154.0989990234375,155.07249450683594
154.5333112477737,155.07249450683594,55.49354774107501,0.0,-0.0575194384707913,-0.0575194384707913,154.385498046875,155.1999969482422
154.54866760339615,155.1999969482422,56.71863420686926,0.0,0.0106935839257289,0.0106935839257289,154.660498046875,155.3800048828125
154.5595196441821,155.3800048828125,58.45722394220628,0.0,0.0783745782029541,0.0783745782029541,154.8924987792969,155.4199981689453
154.58139276464854,155.4199981689453,58.8526976781918,0.0,0.1336981882461145,0.1336981882461145,155.1164978027344,155.9499969482422
154.5906096767128,155.9499969482422,63.77434850879343,-0.0330771336518454,0.2177983757936772,0.2508755094455226,155.4044982910156,155.83999633789062
154.6046039940781,155.83999633789062,62.11375950840976,0.028024658255815,0.2724318258864571,0.244407167630642,155.55799865722656,155.85000610351562
154.62826491555134,155.85000610351562,62.21018777442509,0.0850056615309246,0.3129296746313628,0.2279240131004381,155.68800048828126,155.7949981689453
154.64091492496564,155.7949981689453,61.28702664338421,0.1353454314093281,0.3367045109229423,0.2013590795136141,155.7709991455078,155.89999389648438
154.6501365368812,155.89999389648438,62.4329461386561,0.18025037683205,0.3598701585229378,0.1796197816908877,155.86699829101562,155.58999633789062
154.66242003853586,155.58999633789062,57.06239445197788,0.2140382310706692,0.3491896480251455,0.1351514169544763,155.7949981689453,155.33999633789062
154.6682428327312,155.33999633789062,53.09568222142766,0.2346104523652759,0.3168993375437026,0.0822888851784267,155.69499816894532,155.22999572753906
154.6811763477883,155.22999572753906,51.40249616770792,0.2435312209551469,0.279214295314631,0.0356830743594841,155.57099609375,155.2100067138672
154.68809871353454,155.2100067138672,51.08370314816554,0.2438074733329802,0.2449124828443132,0.001105009511333,155.45399780273436,155.5399932861328
154.69477516773765,155.5399932861328,55.941545723358594,0.2433600852994814,0.2415705331654862,-0.0017895521339951,155.38199768066406,155.25
154.69892761221357,155.25,51.135491582214826,0.2373012459233587,0.2130658884188676,-0.024235357504491,155.31399841308593,155.2100067138672
154.70388178867245,155.2100067138672,50.49124209487338,0.2268639448664972,0.1851147406390509,-0.0417492042274462,155.28800048828126,155.19500732421875
154.71027658042058,155.19500732421875,50.23561051084103,0.2134730740995475,0.1599095910317487,-0.0535634830677987,155.2810028076172,154.83999633789062
154.7112409944942,154.83999633789062,44.49377671780349,0.1927823933701355,0.1100196704524876,-0.0827627229176479,155.20700073242188,154.85000610351562
154.7123999240961,154.85000610351562,44.68575086754799,0.1683212827446636,0.070476840242776,-0.0978444425018876,155.06900329589843,155.2100067138672
154.7149759266862,155.2100067138672,51.22014851664571,0.1481391927748857,0.0674108328957743,-0.0807283598791114,155.06100463867188,155.02999877929688
154.71612589253672,155.02999877929688,48.15678113395908,0.1284875279101878,0.049880868451396,-0.0786066594587917,155.0250030517578,154.8350067138672
154.71741146819392,154.8350067138672,45.016017217153134,0.10679466238422,0.0200232002803488,-0.0867714621038711,154.9530029296875,155.3800048828125
154.7234674686439,155.3800048828125,54.038652150769664,0.0934113085288649,0.0398778931074446,-0.0535334154214203,155.06100463867188,155.27999877929688
154.7261354798141,155.27999877929688,52.34135342313643,0.0841293308899258,0.0470014203341691,-0.0371279105557567,155.14700317382812,155.28500366210938
154.73366638708185,155.28500366210938,52.42189368178504,0.077792695231639,0.0524461525984918,-0.0253465426331471,155.16200256347656,155.32000732421875
154.73731645740747,155.32000732421875,53.01987788231688,0.0740154774750031,0.0589066064484598,-0.0151088710265433,155.22000427246093,155.27000427246094
154.7401249139325,155.27000427246094,52.014169802162506,0.0710739955396223,0.0593080677980992,-0.0117659277415231,155.3070037841797,155.26499938964844
154.74725844412342,155.26499938964844,51.90803693251751,0.068568691974913,0.0585474777160754,-0.0100212142588375,155.28400268554688,155.38999938964844
154.75300566026507,155.38999938964844,54.41009675759386,0.0683061287907173,0.0672558760539345,-0.0010502527367827,155.30600280761718,155.67999267578125
154.7654291376409,155.67999267578125,59.65435918658935,0.0739340258504348,0.0964456140893048,0.02251158823887,155.38500061035157,155.52999877929688
154.7744079590495,155.52999877929688,56.062195062793926,0.0803973499949569,0.106250646573045,0.0258532965780881,155.4269989013672,155.69500732421875
154.79543854449074,155.69500732421875,58.98798174709504,0.0894948586579032,0.1258848933096885,0.0363900346517853,155.51199951171876,155.7100067138672
154.80012696034515,155.7100067138672,59.25359238445269,0.0998018463230118,0.1410297969834459,0.0412279506604341,155.6010009765625,155.54640197753906
154.80479325811922,155.54640197753906,55.06456227773925,0.1074889160591857,0.1382371950038816,0.0307482789446958,155.6322814941406,155.82000732421875
154.81326460160471,155.82000732421875,60.139750981487744,0.1172511276216965,0.1562999738717394,0.0390488462500429,155.66028442382813,155.8800048828125
154.82083132757586,155.8800048828125,61.17528687169992,0.1284922335861244,0.1734566574438361,0.0449644238577116,155.73028564453125,155.6999969482422
154.8272380584053,155.6999969482422,56.43790105540846,0.1369062233061428,0.1705621821862166,0.0336559588800737,155.73128356933594,155.88499450683594
154.84412526881368,155.88499450683594,59.87678483932454,0.1457466471140902,0.1811083423458797,0.0353616952317894,155.7662811279297,156.39999389648438
154.8702935002129,156.39999389648438,67.55530885619683,0.16227525031127,0.2283896630999891,0.066114412788719,155.93699951171874,156.52499389648438
154.8894457965245,156.52499389648438,69.10097189458959,0.1843806425869405,0.2728022116896227,0.0884215691026821,156.07799682617187,156.69000244140625
154.92890751028543,156.69000244140625,71.06088800571604,0.2110350312070263,0.3176525856873695,0.1066175544803431,156.23999633789063,156.69000244140625
154.95803472210346,156.69000244140625,71.06088800571604,0.2386623839872195,0.349171795107992,0.1105094111207725,156.43799743652343,156.72000122070312
154.97945811475697,156.72000122070312,71.44280998281111,0.2653859535222246,0.3722802316622449,0.1068942781400202,156.60499877929686,156.8000030517578
155.0245162644451,156.8000030517578,72.48567786997707,0.29081366977433,0.3925245347827513,0.1017108650084213,156.68500061035155,156.9600067138672
155.05702748344757,156.9600067138672,74.49201818958844,0.3159861491908655,0.4166760668570077,0.1006899176661422,156.77200317382812,156.9949951171875
155.17865370560386,156.9949951171875,74.9226501966576,0.3395170913257878,0.433640859865477,0.0941237685396892,156.83300170898437,157.08999633789062
155.22470332153486,157.08999633789062,76.10235942651784,0.3615274796876002,0.4495690331348498,0.0880415534472496,156.91300048828126,157.22999572753906
155.24716542058346,157.22999572753906,77.76255718638956,0.382840607714199,0.468093119820594,0.085252512106395,157.01499938964844,157.39999389648438
155.2793829445045,157.39999389648438,79.6145053918884,0.404439087394603,0.4908330061162189,0.0863939187216159,157.13499755859374,157.33999633789062
155.29668961006044,157.33999633789062,77.171769744328,0.4232051674729543,0.4982694877863594,0.0750643203134051,157.21099548339845,157.33999633789062
155.30233804517314,157.33999633789062,77.171769744328,0.4382476352439797,0.4984175063280815,0.0601698710841018,157.27999572753907,157.38999938964844
155.3125627381365,157.38999938964844,77.8292709334454,0.4499665784197056,0.4968423511226092,0.0468757727029035,157.33999633789062,157.44000244140625
155.32043932500773,157.44000244140625,78.4962663562199,0.4587602790361934,0.4939350815021441,0.0351748024659507,157.38199768066406,157.2899932861328
155.33193837030026,157.2899932861328,71.54260456509911,0.4618205980369072,0.4740618740397622,0.0122412760028549,157.35999755859376,157.40899658203125
155.34912104783922,157.40899658203125,73.54477880039254,0.4619729630590418,0.4625824231475803,0.0006094600885385,157.37379760742186,157.72999572753906
155.40261362612895,157.72999572753906,78.03413958970512,0.4643631156957172,0.4739237262424183,0.009560610546701,157.45179748535156,157.47999572753906
155.4659873922078,157.47999572753906,68.31143018617504,0.4629835930450033,0.4574655024421474,-0.0055180906028558,157.46979675292968,157.6699981689453
155.50478254883024,157.6699981689453,71.24391807840465,0.4612897725338489,0.4545144904892311,-0.0067752820446178,157.5157958984375,157.7100067138672
155.51699995088208,157.7100067138672,71.83496524409527,0.4590746893493159,0.450214356611184,-0.0088603327381319,157.59979858398438,157.7449951171875
155.53341149346076,157.7449951171875,72.36981556597901,0.4561609026022959,0.444505755614216,-0.0116551469880799,157.66699829101563,157.59500122070312
155.5444211481511,157.59500122070312,66.53649262294411,0.4495291795304953,0.4230022872432926,-0.0265268922872027,157.63999938964844,157.8300018310547
155.5586469215433,157.8300018310547,70.54268499675327,0.4436395014370887,0.4200807890634621,-0.0235587123736266,157.71000061035156,157.59500122070312
155.5804306779598,157.59500122070312,62.48647052035238,0.4337632277683088,0.3942581330931887,-0.03950509467512,157.69500122070312,157.8000030517578
155.5929439602947,157.8000030517578,66.12126343709605,0.424188014158266,0.385887159718095,-0.038300854440171,157.71300048828124,157.92999267578125
155.61660948128284,157.92999267578125,68.22373543240448,0.4164105459230125,0.3853006729819981,-0.0311098729410144,157.75,157.97000122070312
155.67076905069032,157.97000122070312,68.86419521276052,0.4098568064991739,0.3836418488038191,-0.0262149576953547,157.825,158.1699981689453
155.68205029861346,158.1699981689453,71.91186062465613,0.4066703223712546,0.3939243858595773,-0.0127459365116772,157.89299926757812,158.25999450683594
155.71779401390967,158.25999450683594,73.18386757495766,0.4062703644750907,0.4046705328904352,-0.0015998315846555,158.0259979248047,158.22500610351562
155.73656998318992,158.22500610351562,71.82208278877118,0.4061537218099826,0.4056871511495501,-0.0004665706604325,158.11099853515626,158.28500366210938
155.75119919378278,158.28500366210938,72.75818505594839,0.4062522897618212,0.4066465615691754,0.0003942718073541,158.18200073242187,158.03500366210938
155.8412872359919,158.03500366210938,63.31890412715302,0.4015660453307627,0.3828210676065282,-0.0187449777242344,158.19500122070312,158.22000122070312
155.87247970576252,158.22000122070312,66.75592363803825,0.3961627116266432,0.3745493768101653,-0.0216133348164779,158.2050018310547,158.30999755859375
155.88169340133126,158.30999755859375,68.31147803370585,0.391126075993656,0.370979533461707,-0.020146542531949,158.21500244140626,158.60667419433594
155.9145042025127,158.60667419433594,72.82560710676728,0.3904251553767853,0.3876214729093021,-0.0028036824674831,158.2913360595703,158.55999755859375
155.94773258741006,158.55999755859375,71.10928349749764,0.3908439639862391,0.3925191984240541,0.001675234437815,158.3463348388672,158.77000427246094
156.00147003856495,158.77000427246094,74.07023907353894,0.3944023645553702,0.4086359668318948,0.0142336022765245,158.4933349609375,158.75
156.0845110887887,158.75,73.29960276810033,0.3985239840510829,0.4150104620339334,0.0164864779828505,158.59933471679688,158.86749267578125
156.10968221534375,158.86749267578125,74.94820999123756,0.4037487664022376,0.4246478958068564,0.0208991294046188,158.71083374023436,158.73500061035156
156.1438152967202,158.73500061035156,69.72036292823749,0.4063570395038424,0.4167901319102611,0.0104330924064187,158.7364990234375,158.5500030517578
156.1675531516885,158.5500030517578,63.10179359139861,0.4033109074211244,0.3911263790902524,-0.012184528330872,158.7345001220703,158.3000030517578
156.17981852957786,158.3000030517578,55.44223243612591,0.3919725558621466,0.3466191496262354,-0.0453534062359112,158.6404998779297,158.3101043701172
156.18943788218257,158.3101043701172,55.6763427277159,0.3752989527989827,0.3086045405463267,-0.0666944122526559,158.55252075195312,158.3699951171875
156.1986729702306,158.3699951171875,57.11503687935468,0.3562555149403614,0.2800817635058763,-0.0761737514344851,158.45302124023436,158.4199981689453
156.2102945270146,158.4199981689453,58.33112794646933,0.3367107901287198,0.2585318908821534,-0.0781788992465664,158.39002075195313,158.49000549316406
156.2416730388011,158.49000549316406,60.03965529319037,0.3182259291073706,0.2442864850219734,-0.0739394440853971,158.37802124023438,158.5050048828125
156.26187170845304,158.5050048828125,60.41416646377476,0.3008883823749215,0.2315381954451254,-0.0693501869297961,158.4190216064453,158.3699951171875
156.26931001140974,158.3699951171875,55.38279163553605,0.2823390254146489,0.2081415975735581,-0.0741974278410907,158.43099975585938,158.47500610351562
156.27491016181685,158.47500610351562,58.29229219346331,0.2650343984288884,0.1958158904858464,-0.0692185079430419,158.452001953125,158.4149932861328
156.28815708970123,158.4149932861328,56.043072140086096,0.2478555447617739,0.1791401300933159,-0.0687154146684579,158.4510009765625,158.4600067138672
156.29938289792167,158.4600067138672,57.37169473474336,0.2318093172971637,0.1676244074387227,-0.0641849098584409,158.44500122070312,158.22000122070312
156.3261292872278,158.22000122070312,48.887079125028976,0.2129566799588935,0.1375461306058127,-0.0754105493530807,158.38800048828125,158.49000549316406
156.3501844087069,158.49000549316406,56.65352646260554,0.1971557148047628,0.1339518541882398,-0.0632038606165229,158.41200256347656,158.4199981689453
156.35650234160502,158.4199981689453,54.34768075690377,0.1825295076331808,0.1240246789468528,-0.0585048286863279,158.4010009765625,158.08189392089844
156.3620299952015,158.08189392089844,44.85288711061024,0.1635960684757068,0.0878623118458108,-0.0757337566298959,158.33438110351562,158.41000366210938
156.38005874832953,158.41000366210938,53.36719307148442,0.1478173926789238,0.0847026894917917,-0.063114703187132,158.32438049316406,158.25
156.38983083117614,158.25,49.36463293647244,0.1319535349791634,0.0684981041801222,-0.0634554307990412,158.33038024902345,158.3800048828125
156.40234174573212,158.3800048828125,52.48299803287651,0.1186412997260924,0.0653923587138081,-0.0532489410122843,158.30838012695312,158.75
156.42678534910726,158.75,60.02786162499927,0.1132588698388298,0.0917291502897796,-0.0215297195490501,158.37438049316407,159.02999877929688
156.47574609192958,159.02999877929688,64.60775438209228,0.1173379213150834,0.1336541272200975,0.016316205905014,158.56400146484376,158.9199981689453
156.50171998880313,158.9199981689453,61.62066677426562,0.125110983041446,0.1562032299468967,0.0310922469054506,158.66600036621094,158.75999450683594
156.5112583262454,158.75999450683594,57.45923601969301,0.1319539838704097,0.1593259871862642,0.0273720033158545,158.76799926757812,158.74000549316406
156.52139997919645,158.74000549316406,56.94187445166903,0.1372356562767545,0.1583623459021339,0.0211266896253793,158.83999938964843,158.66000366210938
156.52993646359934,158.66000366210938,54.8145986452764,0.1396726739703384,0.149420744744674,0.0097480707743355,158.8220001220703,158.30999755859375
156.54467511462806,158.30999755859375,46.61041480710549,0.1342964794666786,0.1127917014520392,-0.0215047780146394,158.6779998779297,158.33999633789062
156.55308807831867,158.33999633789062,47.33794264400647,0.1244774680854177,0.0852014225603738,-0.0392760455250438,158.56199951171874,158.36000061035156
156.55726791896691,158.36000061035156,47.84828955073585,0.1124239611134282,0.0642099332254702,-0.048214027887958,158.48200073242188,158.47999572753906
156.5673499598041,158.47999572753906,50.92078181098275,0.1012599954111917,0.0566041326022457,-0.0446558628089459,158.42999877929688,158.40499877929688
156.57944882063703,158.40499877929688,48.97858526281038,0.0898114859533516,0.0440174481219912,-0.0457940378313603,158.37899780273438,158.4949951171875
156.59253348576996,158.4949951171875,51.37532436655829,0.0800159202311677,0.0408336573424321,-0.0391822628887355,158.41599731445314,158.25
156.603091824622,158.25,45.15653119838768,0.067678760887036,0.0183301235105091,-0.0493486373765268,158.397998046875,158.1199951171875
156.60993196107978,158.1199951171875,42.23499732801869,0.0521669086159719,-0.0098805004682844,-0.0620474090842563,158.3499969482422,158.23500061035156
156.61471457149608,158.23500061035156,45.58868910097271,0.0371943237884625,-0.0226960155215749,-0.0598903393100375,158.30099792480468,158.4499969482422
156.6187747413984,158.4499969482422,51.28293978055761,0.0266899966007374,-0.0153273121501626,-0.0420173087509001,158.30999755859375,158.5050048828125
156.62328087436296,158.5050048828125,52.6483448669642,0.0203537284937001,-0.0049913439344493,-0.0253450724281494,158.31199951171874,158.4499969482422
156.6291181200433,158.4499969482422,51.105808576405,0.0160380669807672,-0.0012245790709641,-0.0172626460517314,158.35199890136718,158.52000427246094
156.6363262442242,158.52000427246094,52.99341811610761,0.0142954886147873,0.0073251751508678,-0.0069703134639195,158.43200073242187,158.51499938964844
156.64287431964686,158.51499938964844,52.83637351363028,0.0141445854614082,0.0135409728478919,-0.0006036126135163,158.48800048828124,158.5500030517578
156.64818367348866,158.5500030517578,53.86610839869135,0.0155254487018731,0.0210489016637325,0.0055234529618593,158.50800170898438,158.6300048828125
156.65085297812783,158.6300048828125,56.21886180063471,0.0190350031616112,0.0330732210005635,0.0140382178389523,158.5330017089844,158.51499938964844
156.67735753194063,158.51499938964844,52.10509339142178,0.0218165732963648,0.0329428538353795,0.0111262805390146,158.54600219726564,158.4149932861328
156.68313321315898,158.4149932861328,48.76356004438299,0.0223507790997775,0.0244876023134281,0.0021368232136506,158.525,158.46499633789062
156.6877102833348,158.46499633789062,50.4737934043403,0.0221952040681085,0.0215729039414327,-0.0006223001266758,158.51499938964844,158.5
156.6967798616326,158.5,51.6894749948088,0.0221233188980509,0.0218357782178202,-0.0002875406802306,158.50499877929687,158.49000549316406
156.7046468099415,158.49000549316406,51.30225851746146,0.0218977772131304,0.0209956104734487,-0.0009021667396817,158.47699890136718,158.52000427246094
156.7064702927233,158.52000427246094,52.45357953305919,0.0220164534086195,0.0224911581905757,0.0004747047819562,158.47799987792968,158.4499969482422
156.71458668672128,158.4499969482422,49.5117310443558,0.0211775515794455,0.0178219442627494,-0.0033556073166961,158.48500061035156,158.38900756835938
156.718626068483,158.38900756835938,47.03671739042765,0.0187611171566037,0.0090953794652364,-0.0096657376913672,158.4698028564453,158.1699981689453
156.72671340162373,158.1699981689453,39.416891022635525,0.0119456619141855,-0.0153161590554873,-0.0272618209696728,158.40380249023437,158.3000030517578
156.7335117996903,158.3000030517578,45.10208768300195,0.0047771884677011,-0.0238967053182364,-0.0286738937859375,158.3658020019531,158.25999450683594
156.74391709195865,158.25999450683594,43.74168578783814,-0.0028859678728435,-0.033538593235022,-0.0306526253621785,158.3138000488281,158.27999877929688
156.74709779864202,158.27999877929688,44.6408004358846,-0.010131732361385,-0.0391147903155513,-0.0289830579541662,158.27980041503906,158.3699951171875
156.74970371352072,158.3699951171875,48.619264464463335,-0.0152771174992081,-0.0358586580505004,-0.0205815405512923,158.2759979248047,158.39999389648438
156.75881190204436,158.39999389648438,49.91145767657723,-0.018322863315784,-0.0305058465820877,-0.0121829832663036,158.3219970703125,158.35499572753906
156.7675881389381,158.35499572753906,47.96292048157488,-0.0205690908467228,-0.029554000970478,-0.0089849101237551,158.33299560546874,158.39999389648438
156.7700106882009,158.39999389648438,50.06244246790668,-0.0214316442233004,-0.0248818577296106,-0.0034502135063101,158.36099548339843,158.55999755859375
156.77473519340322,158.55999755859375,56.74527838132742,-0.0187801089409576,-0.0081739678115866,0.010606141129371,158.4169952392578,158.52000427246094
156.7805480506667,158.52000427246094,54.772238594032906,-0.0146602746826193,0.0018190623507337,0.016479337033353,158.4469970703125,158.51499938964844
156.78488997778493,158.51499938964844,54.51677572761371,-0.0098825438420593,0.0092283795201808,0.0191109233622401,158.46999816894532,158.7550048828125
156.79395714224458,158.7550048828125,63.34564069129192,-0.0010912409290929,0.0340739707227726,0.0351652116518655,158.55,158.7458953857422
156.7967118040699,158.7458953857422,62.84699046766118,0.0096119870308309,0.0524248988705267,0.0428129118396957,158.61918029785156,158.85000610351562
156.80983608437273,158.85000610351562,66.12867751113237,0.0225916097080649,0.074510100417001,0.051918490708936,158.67718200683595,158.88999938964844
156.81661554818555,158.88999938964844,67.32273489332096,0.0369041978984734,0.0941545506601073,0.0572503527616339,158.75118103027344,158.94000244140625
156.8208745147984,158.94000244140625,68.80352229209898,0.052015630880107,0.1124613628066413,0.0604457319265342,158.836181640625,158.88999938964844
156.83030192255103,158.88999938964844,65.60205453169708,0.0659192743821398,0.1215338483902712,0.0556145740081313,158.8631805419922,158.72000122070312
156.8393270639427,158.72000122070312,56.0528240592602,0.075474582010816,0.1136958125255205,0.0382212305147044,158.85800170898438,158.72000122070312
156.84307103033763,158.72000122070312,56.05282405926022,0.0816315101007005,0.1062592224602383,0.0246277123595378,158.83200073242188,158.8000030517578
156.8526077402412,158.8000030517578,59.28731355481815,0.0864259711547912,0.105603815371154,0.0191778442163628,158.81400146484376,158.71499633789062
156.8603939760929,158.71499633789062,54.68202012180682,0.0885619159529047,0.097105695145359,0.0085437791924542,158.7690002441406,158.69000244140625
156.86332274574573,158.69000244140625,53.36935805108816,0.0883189709684613,0.0873471910306875,-0.0009717799377737,158.7290008544922,158.77999877929688
156.86802798937464,158.77999877929688,57.34036858466437,0.0878322617417517,0.0858854248349132,-0.0019468369068384,158.74100036621093,158.83999633789062
156.8736909044826,158.83999633789062,59.79828787735324,0.0879753184273107,0.0885475451695469,0.0005722267422362,158.76499938964844,158.8800048828125
156.8766524823715,158.8800048828125,61.39560494617747,0.0889434003393769,0.0928157279876416,0.0038723276482646,158.78099975585937,158.92999267578125
156.90815316052846,158.92999267578125,63.354722461990974,0.090972649667403,0.0990896469795075,0.0081169973121044,158.8239990234375,158.78280639648438
156.93536466165216,158.78280639648438,54.572827471911125,0.0910050253774242,0.0911345282175091,0.0001295028400848,158.84255981445312,158.21499633789062
156.95655730430235,158.21499633789062,34.63013274516479,0.0805176054821719,0.0385679259011624,-0.0419496795810094,158.72955932617188,158.38999938964844
156.95858931675536,158.38999938964844,41.70133441934812,0.0665949049554914,0.0109041028487695,-0.0556908021067219,158.63955993652343,158.4499969482422
156.9649307187656,158.4499969482422,43.940258420104456,0.0520543307961568,-0.0061079658411813,-0.0581622966373382,158.55355834960938,158.51499938964844
156.96812979645972,158.51499938964844,46.3444875676001,0.0388071599775203,-0.0141815232970259,-0.0529886832745462,158.4705596923828,158.6199951171875
156.97213306321513,158.6199951171875,50.06941696853254,0.0286518040427928,-0.0119696196961172,-0.04062142373891,158.43799743652343,158.68499755859375
156.9744823757967,158.68499755859375,52.27824949768465,0.0219384710490924,-0.0049148609257088,-0.0268533319748013,158.53199768066406,158.77499389648438
156.97852998824038,158.77499389648438,55.231169962242646,0.0191202921564203,0.0078475765857319,-0.0112727155706884,158.60899658203124,158.90499877929688
156.98104692273816,158.90499877929688,59.16228974529372,0.0209218269499938,0.0281279661242876,0.0072061391742938,158.6999969482422,158.77999877929688
156.98443746305836,158.77999877929688,54.231388669463406,0.0234824822826393,0.0337251036132215,0.0102426213305821,158.75299682617188,158.83999633789062
156.98848329069935,158.83999633789062,56.12172512158859,0.0272884105576631,0.0425121236577581,0.0152237131000949,158.7969970703125,158.75999450683594
156.99034971514007,158.75999450683594,52.97954805503733,0.0303367604415457,0.0425301599770762,0.0121933995355304,158.81199645996094,158.99000549316406
157.00380122939671,158.99000549316406,59.926444914994406,0.0363510226649419,0.0604080715585269,0.0240570488935849,158.85499877929686,159.0399932861328
157.01522940433256,159.0399932861328,61.2658088747653,0.0446236584275853,0.0777142014781588,0.0330905430505735,158.88199768066406,159.19500732421875
157.02669831438195,159.19500732421875,65.15511012584818,0.0562495858345041,0.102753295462179,0.0465037096276749,158.96499938964843,159.22000122070312
157.0331888160629,159.22000122070312,65.7522238981785,0.0696383999909957,0.1231936566169622,0.0535552566259665,159.04100036621094,159.3000030517578
157.0410411818598,159.3000030517578,67.66241251316782,0.0845479561370577,0.1441861807213058,0.059638224584248,159.1490020751953,159.25799560546875
157.04953390316126,159.25799560546875,65.59362195146333,0.0987661941648579,0.1556391462760586,0.0568729521112007,159.20260009765624,159.4770050048828
157.06345996080933,159.4770050048828,70.63471213603007,0.1150748427785786,0.1803094372334612,0.0652345944548826,159.29000244140624,159.5
157.0795584502059,159.5,71.11327507926265,0.1319433868135059,0.1994175629532151,0.0674741761397091,159.3510009765625,159.3699951171875
157.09046529845384,159.3699951171875,64.69408272808732,0.1459037078547586,0.2017449920197691,0.0558412841650105,159.38099975585936,159.22000122070312
157.09583907497796,159.22000122070312,58.16989302055556,0.1545837788892769,0.1893040630273503,0.0347202841380734,159.36499938964843,159.22000122070312
157.10062265594934,159.22000122070312,58.16989302055556,0.1591469401470773,0.1773995851782785,0.0182526450312012,159.3574005126953,159.21499633789062
157.1052408286989,159.21499633789062,57.943762902757776,0.1604479156103217,0.1656518174632992,0.0052039018529775,159.30499877929688,159.0399932861328
157.1125336544733,159.0399932861328,50.54476776783874,0.1564782521970431,0.140599598543929,-0.0158786536531141,159.21299743652344,159.1300048828125
157.11492015990552,159.1300048828125,53.81166786311913,0.1504925876259815,0.1265499293417349,-0.0239426582842466,159.16499938964844,159.0449981689453
157.11984528570008,159.0449981689453,50.42400348262731,0.1418578754926486,0.1073190269593169,-0.0345388485333316,159.12999877929687,159.0
157.14692667936913,159.0,48.67707666933804,0.1309741952483773,0.0874394742712922,-0.043534720977085,159.08599853515625,159.02999877929688
157.1553295044029,159.02999877929688,49.92265797247912,0.1194315421834571,0.0732609299237765,-0.0461706122596806,159.0489990234375,158.8350067138672
157.16535180592277,158.8350067138672,42.67308000488156,0.1046977495051474,0.0457625787919084,-0.0589351707132389,159.00800170898438,158.6999969482422
157.17268058556533,158.6999969482422,38.50388244441606,0.086343552790457,0.0129267659316951,-0.0734167868587618,158.9220001220703,158.83999633789062
157.17531607645182,158.83999633789062,44.55337872741772,0.0687191283588026,-0.0017785693678149,-0.0704976977266175,158.88099975585936,158.88999938964844
157.1772855568431,158.88999938964844,46.57487127694219,0.0531171572005591,-0.0092907274324147,-0.0624078846329739,158.85899963378907,158.7050018310547
157.18283533339883,158.7050018310547,40.66744731173544,0.0365281089356916,-0.0298280841237783,-0.0663561930594699,158.79400024414062,158.77999877929688
157.19200891452988,158.77999877929688,43.78056291279571,0.0213032827438272,-0.0395960220236304,-0.0608993047674576,158.78299865722656,159.0399932861328
157.19625932623867,159.0399932861328,52.98937309568748,0.0118311410821015,-0.0260574255648009,-0.0378885666469025,158.8509979248047,158.99000549316406
157.20174876845198,158.99000549316406,51.25115154622322,0.0056367243483436,-0.0191409425866879,-0.0247776669350316,158.88099975585936,159.2100067138672
157.21112654011458,159.2100067138672,57.81057627794602,0.0053185874109158,0.0040460396612047,-0.0012725477497111,158.94500122070312,159.1300048828125
157.21575891320362,159.1300048828125,54.91679251542857,0.0074117614450163,0.0157844575814181,0.0083726961364017,159.03000183105468,159.2100067138672
157.22498329164986,159.2100067138672,57.222775322440015,0.0121660604257297,0.0311832563485836,0.0190171959228538,159.11600341796876,159.1199951171875
157.23297707071222,159.1199951171875,53.8832969076768,0.0168752613929391,0.0357120652617766,0.0188368038688374,159.1320037841797,159.13999938964844
157.23866705459187,159.13999938964844,54.51855896768436,0.0215900260521714,0.0404490846891008,0.0188590586369293,159.16200256347656,158.97000122070312
157.26005515940312,158.97000122070312,48.4150296518078,0.0232996926361335,0.0301383589719819,0.0068386663358483,159.11400146484374,159.0
157.2647580669706,159.0,49.4896645555115,0.0234617067079828,0.0241097629953799,0.000648056287397,159.08800048828124,158.97000122070312
157.2727621087781,158.97000122070312,48.4037358277815,0.0221131021444583,0.0167186838903603,-0.0053944182540979,159.03999938964844,158.90499877929688
157.27621815825313,158.90499877929688,46.04602919280861,0.0188008909444584,0.0055520461444587,-0.0132488447999997,158.99700012207032,158.8300018310547
157.28446314272537,158.8300018310547,43.41829030517619,0.0131921771893104,-0.0092426778312812,-0.0224348550205917,158.93500061035155,158.8300018310547
157.28574796750124,158.8300018310547,43.41829030517619,0.0064080105259336,-0.0207286561275736,-0.0271366666535073,158.90700073242186,158.8800048828125
157.292397503637,158.8800048828125,45.80959389223968,2.589431332129105e-05,-0.0255025705371281,-0.0255284648504494,158.88300170898438,158.85499572753906
157.29588302535686,158.85499572753906,44.790000730015066,-0.0061687288722309,-0.0309472216144399,-0.024778492742209,158.86000061035156,158.64999389648438
157.30079186031253,158.64999389648438,37.4348727441488,-0.0151777273804031,-0.0512137214130916,-0.0360359940326885,158.80899963378906,158.83999633789062
157.31577029797418,158.83999633789062,46.24555730501025,-0.0224124841354343,-0.0513515111555591,-0.0289390270201248,158.81099853515624,159.00999450683594
157.31982999987224,159.00999450683594,52.66802193107484,-0.0253926185446383,-0.0373131561814545,-0.0119205376368162,158.8469970703125,159.0
157.32521091325702,159.0,52.27259772652162,-0.0256513961283038,-0.0266865064629655,-0.0010351103346617,158.87099609375,158.99000549316406
157.32720022848503,158.99000549316406,51.853343269444586,-0.0242919062254092,-0.0188539466138308,0.0054379596115783,158.897998046875,159.02999877929688
157.33026865904893,159.02999877929688,53.46185086621526,-0.0212959486297748,-0.0093121182472373,0.0119838303825375,158.9739990234375,158.9499969482422
157.33204468779198,158.9499969482422,49.87250210843122,-0.0186591825508321,-0.0081121182350614,0.0105470643157707,158.99599914550782,159.05499267578125
157.3358048046641,159.05499267578125,54.21693337783533,-0.0146681008287696,0.0012962260594804,0.01596432688825,159.00499877929687,158.97999572753906
157.33932745116516,158.97999572753906,50.82833985549984,-0.0112004803366047,0.0026700016320546,0.0138704819686594,159.0009979248047,159.05999755859375
157.3411739669987,159.05999755859375,54.12236257804128,-0.006940822948303,0.0100978066049037,0.0170386295532068,159.01499633789064,159.2100067138672
157.34644772060506,159.2100067138672,59.58892869258543,1.0975428370082335e-06,0.0277687795073973,0.0277676819645603,159.05099792480468,159.2100067138672
157.35274105645928,159.2100067138672,59.58892869258543,0.0082602991381136,0.0412971055192201,0.0330368063811065,159.10299987792968,159.22000122070312
157.35724352079754,159.22000122070312,59.95760613324621,0.0170528156408738,0.0522228816519145,0.0351700660110407,159.13600158691406,159.1300048828125
157.36064982901664,159.1300048828125,55.0843155391118,0.0242439795262443,0.0530086350677265,0.0287646555414821,159.16600341796874,159.1999969482422
157.36483951848743,159.1999969482422,57.94706283911562,0.0311158995126654,0.0586035794583494,0.027487679945684,159.19400329589843,159.24000549316406
157.37474891579316,159.24000549316406,59.534718049210895,0.0379948797453284,0.0655108006759803,0.0275159209306519,159.20000305175782,159.25
157.37775031904823,159.25,59.94157990105118,0.0445905361955922,0.0709731619966476,0.0263826258010553,159.20800170898437,159.25
157.3863717413074,159.25,59.94157990105117,0.0505612247262888,0.0744439788490751,0.0238827541227863,159.21400146484376,159.375
157.38970478265523,159.375,65.04018664830292,0.0577062648494359,0.0862864253420241,0.0285801604925882,159.26300048828125,159.1999969482422
157.39993922084642,159.1999969482422,54.56843182635433,0.0622892152584708,0.0806210168946108,0.0183318016361399,159.26300048828125,159.1699981689453
157.40346498159076,159.1699981689453,52.99335498511518,0.0644054689128129,0.0728704835301812,0.0084650146173682,159.2489990234375,159.0800018310547
157.4083237897209,159.0800018310547,48.4730612324705,0.0632820752150419,0.0587885004239581,-0.0044935747910838,159.21499938964843,159.0800018310547
157.40960942962334,159.0800018310547,48.4730612324705,0.0600427908232573,0.0470856532561185,-0.0129571375671387,159.18099975585938,159.02999877929688
157.41482943315413,159.02999877929688,45.94755365109523,0.0547124966241345,0.0333913198276434,-0.0213211767964911,159.11199951171875,159.02000427246094
157.4198192015948,159.02000427246094,45.43796860157964,0.0480668634508564,0.0214843307577439,-0.0265825326931125,159.0760009765625,159.1300048828125
157.42602746095355,159.1300048828125,51.777051797142086,0.0425906177513129,0.0206856349531392,-0.0219049827981737,159.06800231933593,159.05499267578125
157.43423327934323,159.05499267578125,47.70665783922095,0.0368405467284539,0.0138402626370179,-0.023000284091436,159.06300048828126,159.05499267578125
157.43556743495446,159.05499267578125,47.70665783922095,0.0311363084643102,0.0083193554077354,-0.0228169530565748,159.05799865722656,158.99000549316406
157.43931540564964,158.99000549316406,44.21423831541068,0.0246520243926213,-0.0012851118941341,-0.0259371362867555,159.05,159.05250549316406
157.44417018629397,159.05250549316406,48.14582735346883,0.018959703653535,-0.0038095793028105,-0.0227692829563455,159.05650024414064,159.0800018310547
157.44679153564525,159.0800018310547,49.82132364673644,0.0144576460598492,-0.0035505843148939,-0.0180082303747431,159.04649963378907,159.16000366210938
157.44949596758147,159.16000366210938,54.43455401159584,0.0121810582347477,0.0030747069343419,-0.0091063513004057,159.0675018310547,159.0800018310547
157.4589965672863,159.0800018310547,49.530622352732514,0.0101145486562949,0.0018485103424836,-0.0082660383138112,159.07250366210937,158.94960021972656
157.46635541882122,158.94960021972656,42.76744521974439,0.0061845072491889,-0.0095356583792352,-0.0157201656284241,159.06442260742188,158.83999633789062
157.46830208636848,158.83999633789062,38.06300734990685,-0.0004703022049047,-0.0270895400212793,-0.0266192378163746,159.02192077636718,158.8699951171875
157.47034214541586,158.8699951171875,40.008139406923625,-0.0080044024583018,-0.0381408034718901,-0.0301364010135883,158.97991943359375,158.52499389648438
157.47568649550965,158.52499389648438,28.804464195875383,-0.0211807244927661,-0.0738860126306235,-0.0527052881378573,158.85291748046876,158.7375030517578
157.47708290036869,158.7375030517578,39.95792282115626,-0.0337640226448234,-0.0840972152530525,-0.0503331926082291,158.78441772460937,158.89999389648438
157.48255013341574,158.89999389648438,46.81839731052116,-0.0426465860712077,-0.078176839776745,-0.0355302537055372,158.77449645996094,158.90249633789062
157.4846414217591,158.90249633789062,46.91898789803938,-0.0486068368268666,-0.0724478398495023,-0.0238410030226356,158.78699645996093,158.92999267578125
157.48932585623646,158.92999267578125,48.08101887819229,-0.0518735195964522,-0.0649402506747947,-0.0130667310783424,158.7989959716797,158.75
157.5005484409441,158.75,41.65284209164869,-0.0560341290007931,-0.0726765666181563,-0.0166424376173632,158.8439971923828,158.78500366210938
157.50295309881375,158.78500366210938,43.24206233970226,-0.0598507521817513,-0.0751172449055843,-0.015266492723833,158.85349731445314,158.75
157.5054230181945,158.75,42.0098096345285,-0.0636737487826329,-0.0789657351861592,-0.0152919864035263,158.82349853515626,158.74249267578125
157.50679279706884,158.74249267578125,41.73511425088768,-0.0672749819405787,-0.0816799145723621,-0.0144049326317833,158.79149780273437,158.5399932861328
157.52724110724765,158.5399932861328,35.07319702718131,-0.0736258616766639,-0.0990293806210047,-0.0254035189443407,158.7134979248047,158.60000610351562
157.52954174315897,158.60000610351562,38.22055822155182,-0.0802419653254474,-0.1067063799205811,-0.0264644145951337,158.68349914550782,158.58999633789062
157.53154912224372,158.58999633789062,37.89063037362298,-0.0866542913927434,-0.1123035956619276,-0.0256493042691841,158.64449768066407,158.55999755859375
157.53367371600146,158.55999755859375,36.86359824404064,-0.0928838592360559,-0.1178021306093057,-0.0249182713732498,158.60649719238282,158.66000366210938
157.5343878739115,158.66000366210938,42.4625933738231,-0.096865073447835,-0.1127899302949515,-0.0159248568471164,158.58999938964843,158.83999633789062
157.53588348849797,158.83999633789062,50.90191977363665,-0.0961359082192511,-0.0932192473049156,0.0029166609143355,158.65,158.85000610351562
157.53768051488703,158.85000610351562,51.32946043103046,-0.092113779313324,-0.0760252636896154,0.0160885156237085,158.7,158.77000427246094
157.54255830700257,158.77000427246094,47.75054110769015,-0.0873049677672451,-0.0680697215829297,0.0192352461843153,158.73600158691406,158.7100067138672
157.54688247187576,158.7100067138672,45.20494504845252,-0.083013404954863,-0.0658471537053344,0.0171662512495285,158.76600341796876,158.75999450683594
157.5487647659801,158.75999450683594,47.70630168696644,-0.0782842840586406,-0.0593678004737512,0.0189164835848894,158.78600158691407,158.67999267578125
157.55114778653422,158.67999267578125,44.2266264582716,-0.0746267753353614,-0.0599967404422443,0.014630034893117,158.75400085449218,158.7050018310547
157.55300327995238,158.7050018310547,45.56333959027443,-0.0712635690301914,-0.0578107438095116,0.0134528252206797,158.725,158.83999633789062
157.55503670082413,158.83999633789062,52.22003768117079,-0.065944948008477,-0.0446704639216193,0.0212744840868577,158.73899841308594,158.89500427246094
157.55850670812592,158.89500427246094,54.65339607956128,-0.0586516004829419,-0.0294782103808017,0.0291733901021402,158.7759979248047,158.6300048828125
157.56042469789503,158.6300048828125,43.23094672849584,-0.0545970935992181,-0.0383790660643228,0.0162180275348953,158.75,158.50799560546875
157.5616050147744,158.50799560546875,39.171685412492494,-0.0546073221744775,-0.0546482364755149,-4.091430103744104e-05,158.7156005859375,158.55999755859375
157.56372436425187,158.55999755859375,41.68498433078579,-0.0562105900658433,-0.0626236616313065,-0.0064130715654631,158.6865997314453,158.7928924560547
157.56492377700923,158.7928924560547,51.37497204662157,-0.0548844808133636,-0.049580043803445,0.0053044370099186,158.67717895507812,158.6999969482422
157.56591329770302,158.6999969482422,47.95225286669664,-0.0531488122950633,-0.0462061382218621,0.0069426740732012,158.63817749023437,158.75999450683594
157.566584007838,158.75999450683594,50.25726329191626,-0.0501690636750424,-0.0382500691949587,0.0119189944800836,158.66417541503907,158.61000061035156
157.5688235780047,158.61000061035156,44.90331630351196,-0.0488444726664283,-0.0435461086319719,0.0052983640344564,158.68457641601563,158.60000610351562
157.57031245952555,158.60000610351562,44.56265815244095,-0.0486748697182554,-0.0479964579255636,0.0006784117926917,158.692578125,158.8300018310547
157.5713873337125,158.8300018310547,53.33600616405256,-0.0454576943984311,-0.0325889931191341,0.012868701279297,158.7,158.88999938964844
157.57281891846003,158.88999938964844,55.32233838056633,-0.039438176117001,-0.0153601029912806,0.0240780731257204,158.73800048828124,159.02000427246094
157.5757022700635,159.02000427246094,59.35919268920161,-0.0298137170953555,0.0086841189912263,0.0384978360865819,158.79000244140624,159.05999755859375
157.57809406457565,159.05999755859375,60.54037703371966,-0.0177282600883225,0.0306135679398096,0.0483418280281321,158.8800018310547,159.0500030517578
157.58103606419735,159.0500030517578,60.07050928967255,-0.0048528870766035,0.0466486049702723,0.0515014920468759,158.97000122070312,159.0500030517578
157.58877649895192,159.0500030517578,60.07050928967255,0.0078537023661043,0.0586800601369361,0.0508263577708317,159.01400146484374,159.08680725097656
157.5897631996625,159.08680725097656,61.35156436330176,0.020357690449281,0.0703736427819876,0.0500159523327066,159.05336303710936,159.05499267578125
157.59235920631147,159.05499267578125,59.57233438384716,0.0315252299476132,0.0761953879409418,0.0446701579933286,159.06036071777345,159.08999633789062
157.59544871349198,159.08999633789062,60.91536090944029,0.0417562990995591,0.082680575707343,0.0409242766077838,159.0663604736328,159.11000061035156
157.60021445614717,159.11000061035156,61.69845894581602,0.0510880626614823,0.0884151169091751,0.0373270542476927,159.07835998535157,159.16000366210938
157.60734665979123,159.16000366210938,63.65852630542329,0.0600483018939749,0.095889258823945,0.0358409569299701,159.10036010742186,159.22000122070312
157.6119068561798,159.22000122070312,65.91261103052389,0.0691263301072553,0.1054384429603771,0.0363121128531218,159.1269989013672,159.0850067138672
157.61622045195517,159.0850067138672,57.30078109251782,0.075490989529319,0.1009496272175738,0.0254586376882547,159.13300170898438,159.10499572753906
157.61914574447772,159.10499572753906,58.17224899286052,0.0799681697989781,0.0978768908776146,0.0179087210786364,159.13600158691406,159.04930114746094
157.62203870393256,159.04930114746094,54.81533809733583,0.0819567753826878,0.0899111977175266,0.0079544223348387,159.12386169433594,159.00999450683594
157.624079482823,159.00999450683594,52.51219049412257,0.0814674340106834,0.0795100685226657,-0.0019573654880177,159.09385986328124,158.97000122070312
157.62782540866144,158.97000122070312,50.20098908234738,0.0786268652923412,0.0672645904189721,-0.011362274873369,159.04385986328126,159.0449981689453
157.6311266652234,159.0449981689453,54.26596832362263,0.075478826107177,0.0628866693665202,-0.0125921567406568,159.03585815429688,158.98500061035156
157.63635548824115,158.98500061035156,50.7004390566161,0.0711738382875276,0.0539538870089302,-0.0172199512785974,159.01185913085936,158.8350067138672
157.6388168103928,158.8350067138672,43.07974890628903,0.0638140874631854,0.0343750841658163,-0.029439003297369,158.96900024414063,158.81500244140625
157.64097056398666,158.81500244140625,42.1693877134377,0.0544608789704167,0.0170480449993419,-0.0374128339710747,158.93000183105468,158.85000610351562
157.64291821941094,158.85000610351562,44.384088390155554,0.0447828561011473,0.00607076462407,-0.0387120914770773,158.9060028076172,158.81500244140625
157.64438708041814,158.81500244140625,42.62609405945365,0.0347480516514597,-0.0053911661472909,-0.0401392177987506,158.86000366210936,158.91000366210938
157.64617052738635,158.91000366210938,48.579025181820825,0.026452155602906,-0.0067314285913084,-0.0331835841942145,158.84500427246093,159.0
157.64795917409515,159.0,53.50101026355048,0.0210566074268531,-0.0005255852773586,-0.0215821927042118,158.8780029296875,158.8800048828125
157.64968592463987,158.8800048828125,47.03620192964579,0.0157993403795697,-0.0052297278095636,-0.0210290681891334,158.89100341796876,158.8675994873047
157.650321592771,158.8675994873047,46.411814795801625,0.0106704091580784,-0.0098453157278868,-0.0205157248859652,158.89452209472657,158.8699951171875
157.65273334533734,158.8699951171875,46.5593471404586,0.0059046842504508,-0.0131582153800593,-0.0190628996305102,158.9055206298828,158.91000366210938
157.65889670770358,158.91000366210938,49.08061541606337,0.0022412921961331,-0.0124122760211378,-0.0146535682172709,158.9055206298828,159.0050048828125
157.66196468301752,159.0050048828125,54.56242067234001,0.0009714427164804,-0.0041079552021301,-0.0050793979186106,158.90652160644532,159.1300048828125
157.66358400903343,159.1300048828125,60.57640380056819,0.0032604748398997,0.0124166033335768,0.009156128493677,158.9565216064453,159.16009521484375
157.6669859000466,159.16009521484375,61.88423970604677,0.0081327925505276,0.0276220633930392,0.0194892708425116,159.01502075195313,159.38999938964844
157.67089153292085,159.38999938964844,70.05741584399533,0.0180182992303127,0.0575603259494528,0.0395420267191401,159.1190216064453,159.43499755859375
157.67334844696654,159.43499755859375,71.35223662184585,0.0312046131950464,0.0839498690539812,0.0527452558589348,159.2240203857422,159.4149932861328
157.67526524373153,159.4149932861328,69.90499451544886,0.0453782827421171,0.1020729609303998,0.0566946781882827,159.30601806640624,159.42999267578125
157.67894173323214,159.42999267578125,70.38995700213457,0.0595636806774705,0.1163052724188844,0.0567415917414138,159.366015625,159.42930603027344
157.68515607094108,159.42930603027344,70.3340812712039,0.0728660950345499,0.1260757524628672,0.0532096574283173,159.41985778808595,159.3699951171875
157.68776907582583,159.3699951171875,65.49765077510108,0.0838053903013087,0.1275625713683439,0.0437571810670352,159.41585693359374,159.38499450683594
157.69058063706598,159.38499450683594,66.13191961271502,0.0927383694342049,0.1284702859657898,0.0357319165315848,159.40585632324218,159.47999572753906
157.6927117404943,159.47999572753906,69.90548854124839,0.1012498664442973,0.1352958544846672,0.0340459880403698,159.41885681152343,159.39999389648438
157.69653632722375,159.39999389648438,63.49009762370583,0.1075438484712937,0.1327197765792789,0.0251759281079852,159.41285705566406,159.4149932861328
157.70026158177455,159.4149932861328,64.1543102617747,0.1121121864460852,0.1303855383452514,0.0182733518991662,159.40999450683594,159.47500610351562
157.70334551731085,159.47500610351562,66.75994373760639,0.116061387435032,0.131858191390819,0.0157968039557869,159.43099670410157,159.39959716796875
157.70627629701622,159.39959716796875,60.78121011631753,0.1179478688111716,0.1254937943157301,0.0075459255045585,159.4339172363281,159.44000244140625
157.7094259684051,159.44000244140625,62.70831424185971,0.1188184005122822,0.1223005273167245,0.0034821268044423,159.42591857910156,159.39999389648438
157.71192730039456,159.39999389648438,59.58615025919908,0.1180973957923698,0.1152133769127203,-0.0028840188796494,159.42591857910156,159.5800018310547
157.71687935380103,159.5800018310547,67.4408154567567,0.1190193967453309,0.1227074005571751,0.0036880038118441,159.45892028808595,159.5050048828125
157.71907363319525,159.5050048828125,62.03145353466543,0.1194550672223566,0.1211977491304594,0.0017426819081028,159.4649200439453,159.60000610351562
157.72664950864004,159.60000610351562,65.77619466823708,0.1208065033423357,0.1262122478222522,0.0054057444799164,159.5050018310547,159.57000732421875
157.7297865311008,159.57000732421875,63.64168284323818,0.1219071236506515,0.1263096048839145,0.004402481233263,159.5310028076172,159.5800018310547
157.73339732621005,159.5800018310547,64.06013778210202,0.1226744466573114,0.1257437386839512,0.0030692920266398,159.56700439453124,159.5399932861328
157.73505285331487,159.5399932861328,61.03198030355106,0.1222747281865547,0.1206758543035277,-0.0015988738830269,159.5590026855469,159.67999267578125
157.74001218631807,159.67999267578125,66.92397064221353,0.123119404286485,0.1264981086862064,0.0033787043997214,159.59400024414063,159.55999755859375
157.74524545980796,159.55999755859375,58.727658475128806,0.1225046974395076,0.120045870051598,-0.0024588273879096,159.58599853515625,159.47000122070312
157.75097307562527,159.47000122070312,53.44126520062726,0.1192924495883272,0.1064434581836053,-0.0128489914047218,159.5659973144531,159.58999633789062
157.7522338953072,159.58999633789062,58.7703197957035,0.1162630650878995,0.1041455270861888,-0.0121175380017106,159.5679962158203,159.52999877929688
157.7551266295694,159.52999877929688,55.35848581946582,0.1122848880854178,0.096372180075491,-0.0159127080099267,159.5659973144531,159.63499450683594
157.76044255448795,159.63499450683594,59.760990713499645,0.1093397944736625,0.0975594200266414,-0.0117803744470211,159.55699768066407,159.60000610351562
157.76435907684888,159.60000610351562,57.71825899055144,0.1063891771418073,0.0945867078143862,-0.011802469327421,159.56499938964845,159.42999267578125
157.7723370380936,159.42999267578125,48.960667934614285,0.1006348264864643,0.0776174238650924,-0.0230174026213719,159.55699768066407,159.3300018310547
157.7801771681942,159.3300018310547,44.66797881487064,0.0916001400169775,0.05546139413903,-0.0361387458779474,159.50499877929687,159.27749633789062
157.79216969118733,159.27749633789062,42.55793330957842,0.0799365460779528,0.0332821703218542,-0.0466543757560986,159.45449829101562,159.3699951171875
157.79504655931245,159.3699951171875,47.2825427881873,0.0685302011770433,0.0229048215734053,-0.045625379603638,159.40149841308593,159.4250030517578
157.80000161988363,159.4250030517578,49.92051221947313,0.058604459715499,0.0189014938693219,-0.0397029658461771,159.3664978027344,159.41000366210938
157.80411149368712,159.41000366210938,49.1975891925654,0.0497541776549459,0.0143530494127332,-0.0354011282422126,159.3625,159.52999877929688
157.81204775978827,159.52999877929688,54.83280804422282,0.0438429712988288,0.0201981458743603,-0.0236448254244684,159.40249938964843,159.72500610351562
157.81987004962895,159.72500610351562,62.17573198414129,0.043095096824515,0.04010359892726,-0.002991497897255,159.49200134277345,159.69000244140625
157.824731424876,159.69000244140625,60.28131364484533,0.0449660181309861,0.0524497033568707,0.0074836852258845,159.55600280761718,159.61000061035156
157.83644061297326,159.61000061035156,56.0759572609406,0.047001403971138,0.0551429473317455,0.0081415433606074,159.59300231933594,159.61000061035156
157.84205752700916,159.61000061035156,56.075957260940605,0.048926048998681,0.0566246291088532,0.0076985801101721,159.63300170898438,159.73500061035156
157.85207145118264,159.73500061035156,61.00546242011724,0.0525631803895242,0.0671117059528967,0.0145485255633725,159.67400207519532,159.77999877929688
157.85841525468695,159.77999877929688,62.631304894497696,0.0576811180029248,0.0781528684565273,0.0204717504536025,159.68500061035155,159.75999450683594
157.86300441459056,159.75999450683594,61.40557412234521,0.0630082821026288,0.0843169385014448,0.0213086563988159,159.6989990234375,159.77000427246094
157.87218770670208,159.77000427246094,61.80834488745776,0.0682034179099443,0.0889839611392062,0.0207805432292619,159.7309997558594,159.91000366210938
157.879287574957,159.91000366210938,66.99616263384573,0.0751216224480877,0.1027944406006611,0.0276728181525734,159.79100036621094,159.83999633789062
157.88804981028056,159.83999633789062,62.42941006891412,0.0814690060281071,0.1068585403481847,0.0253895343200776,159.81199951171874,159.99000549316406
157.89757776907476,159.99000549316406,67.53587369594695,0.089333493870378,0.1207914452394618,0.0314579513690837,159.8540008544922,160.0500030517578
157.9655514849813,160.0500030517578,69.33130198622854,0.0984902207281044,0.1351171281590097,0.0366269074309053,159.91200256347656,159.9199981689453
157.97886616352687,159.9199981689453,61.406483213349205,0.1056782561011702,0.1344303975934337,0.0287521414922634,159.94200134277344,160.00270080566406
157.98471307371875,160.00270080566406,64.20917935113062,0.1123341552441947,0.1389577518162923,0.0266235965720976,159.96054077148438,159.96499633789062
157.999220655429,159.96499633789062,61.998621742477305,0.1174500234511268,0.1379134962788555,0.0204634728277286,159.98554077148438,159.63499450683594
158.0135733478644,159.63499450683594,46.80912304052157,0.1157997689981923,0.1091987511864545,-0.0066010178117378,159.91453857421874,159.53500366210938
158.01990285760252,159.53500366210938,43.34399774979769,0.1081359223831371,0.0774805359229162,-0.0306553864602208,159.81153869628906,159.73500061035156
158.02650770522848,159.73500061035156,51.13563169753072,0.1000489950680811,0.0677012858078569,-0.0323477092602241,159.7745391845703,159.85000610351562
158.03631589776947,159.85000610351562,54.97057473515326,0.0937276326369575,0.068442182912463,-0.0252854497244944,159.74400024414064,160.31500244140625
158.05183345346867,160.31500244140625,66.43926302682105,0.0960493890926629,0.1053364149154845,0.0092870258228215,159.81400146484376,160.5
158.07954626317965,160.5,69.74120969795234,0.1063993867254908,0.1477993772568027,0.0413999905313118,159.98700256347655,160.59500122070312
158.1146656830401,160.59500122070312,71.30265970976579,0.1225119496833361,0.1869622015147172,0.064450251831381,160.19900207519532,160.72000122070312
158.1424972754395,160.72000122070312,73.25805693327219,0.1431068022518107,0.2254862125257091,0.0823794102738983,160.39600219726563,160.72000122070312
158.19906048587578,160.72000122070312,73.25805693327219,0.1651052815589619,0.2530991987875666,0.0879939172286046,160.57000122070312,161.0050048828125
162.23500061035156,162.23500061035156,50.0,0.0,0.0,0.0,161.05500183105468,162.77999877929688
162.730274476162,162.77999877929688,50.0,0.0,0.0,0.0,161.49200134277345,163.0
162.74941929621087,163.0,50.0,0.0,0.0,0.0,161.9480010986328,163.00999450683594
162.7534279780531,163.00999450683594,50.0,0.0,0.0,0.0,162.40599975585937,164.07000732421875
162.8365251720203,164.07000732421875,50.0,0.0,0.0,0.0,163.0190002441406,163.63499450683594
162.85685456779277,163.63499450683594,50.0,0.0,0.0,0.0,163.2989990234375,163.60000610351562
162.866998721812,163.60000610351562,50.0,0.0,0.0,0.0,163.46300048828124,163.8350067138672
162.88249109681573,163.8350067138672,50.0,0.0,0.0,0.0,163.6300018310547,163.9261016845703
162.9278466128964,163.9261016845703,50.0,0.0,0.0,0.0,163.81322326660157,163.53500366210938
162.9439249148643,163.53500366210938,50.0,0.0,0.0,0.0,163.7062225341797,163.56500244140625
162.96147466577028,163.56500244140625,50.0,0.0,0.0,0.0,163.69222412109374,163.3000030517578
162.97197258450748,163.3000030517578,50.0,0.0,0.0,0.0,163.6322235107422,163.36500549316406
162.97627598857414,163.36500549316406,50.0,0.0,0.0,0.0,163.53822326660156,163.48500061035156
162.9817445948523,163.48500061035156,50.0,0.0,0.0,0.0,163.45000305175782,162.5449981689453
162.95707469439037,162.5449981689453,53.489234827770986,0.0,0.0,0.0,163.252001953125,161.85499572753906
162.9165028874767,161.85499572753906,45.823927969627576,0.0,0.0,0.0,162.91000061035157,162.0399932861328
162.89580324999253,162.0399932861328,47.97652421233214,0.0,0.0,0.0,162.65799865722656,162.30999755859375
162.88208925833533,162.30999755859375,51.0345035642351,0.0,0.0,0.0,162.4469970703125,162.1999969482422
162.8700586631977,162.1999969482422,49.7514347903742,0.0,0.0,0.0,162.18999633789062,162.3249969482422
162.8596992892928,162.3249969482422,51.25128810510458,0.0,0.0,0.0,162.14599609375,161.91000366210938
162.83521992090732,161.91000366210938,46.30922408325876,0.0,0.0,0.0,162.15699768066406,162.14999389648438
162.78296625239966,162.14999389648438,49.35089708111484,0.0,0.0,0.0,162.1789978027344,162.5
162.77711577318095,162.5,53.48929717822483,0.0,0.0,0.0,162.2169982910156,162.22000122070312
162.77265299122013,162.22000122070312,49.971670176270926,0.0,0.0,0.0,162.22099914550782,161.80999755859375
162.75175702685902,161.80999755859375,45.27629737656501,0.0,0.0,0.0,162.1179992675781,161.93499755859375
162.74322077177823,161.93499755859375,46.91399317203898,0.0,-0.5329804771200486,-0.5329804771200486,162.122998046875,161.80999755859375
162.73000484971382,161.80999755859375,45.44922489991696,0.0,-0.5310045766265432,-0.5310045766265432,162.05499877929688,161.5399932861328
162.71040813924782,161.5399932861328,42.371791537572,0.0,-0.544943974594247,-0.544943974594247,161.86299743652344,161.48060607910156
162.6924902661516,161.48060607910156,41.70293080219248,0.0,-0.5543924086103118,-0.5543924086103118,161.71511840820312,161.08999633789062
162.64792122319895,161.08999633789062,37.50893092611737,0.0,-0.5866369170829273,-0.5866369170829273,161.5711181640625,161.39500427246094
162.6289168576804,161.39500427246094,42.381691694995936,0.0,-0.5808832703412179,-0.5808832703412179,161.46311950683594,161.11000061035156
162.6037385614499,161.11000061035156,39.2981275981647,0.0,-0.5924910099529939,-0.5924910099529939,161.3231201171875,160.75
162.5832053644743,160.75,35.75899023446968,0.0,-0.6235513559452102,-0.6235513559452102,161.16512145996094,161.0
162.54846041714842,161.0,39.81269322968137,-0.5741912618698469,-0.6208373665551221,-0.0466461046852751,161.06900024414062,161.2050018310547
162.53737380723135,161.2050018310547,42.98954179640391,-0.5784095153892206,-0.595282529466715,-0.0168730140774944,161.09200134277344,161.1699981689453
162.52942739531662,161.1699981689453,42.57630404655745,-0.5769814926901253,-0.5712694018937441,0.0057120907963812,161.0470001220703,161.16000366210938
162.51936272522798,161.16000366210938,42.4508294171409,-0.5709337517395471,-0.5467427879372337,0.0241909638023133,161.05700073242187,161.3300018310547
162.50977199397127,161.3300018310547,45.39837859693909,-0.5582939984547252,-0.5077349853154374,0.0505590131392877,161.17300109863282,161.4600067138672
162.5032564929724,161.4600067138672,47.60833787772855,-0.5388384793704484,-0.4610164030333408,0.0778220763371075,161.26500244140624,162.06500244140625
162.47232501333664,162.06500244140625,56.443407162004,-0.505250385407414,-0.3708980095552761,0.1343523758521378,161.43700256347657,162.16000366210938
162.47023786954455,162.16000366210938,57.65108644823256,-0.4618977538698227,-0.2884872277194574,0.1734105261503652,161.63500366210937,162.16000366210938
162.4673618496775,162.16000366210938,57.65108644823256,-0.413644757519673,-0.2206327721190746,0.1930119854005984,161.8350036621094,162.4799041748047
162.46746273033568,162.4799041748047,61.78865462813371,-0.3588032033261382,-0.1394369865519991,0.2193662167741391,162.0649841308594,162.4600067138672
162.46741352585397,162.4600067138672,61.386913682677566,-0.3022066208995668,-0.0758202911932812,0.2263863297062855,162.26498413085938,162.49000549316406
162.46760676836487,162.49000549316406,61.79028201168722,-0.246309504127122,-0.0227210370373427,0.2235884670897793,162.34998474121093,162.39500427246094
162.46716990565116,162.39500427246094,59.66461889343296,-0.1947353179106838,0.011561426955069,0.2062967448657528,162.39698486328126,162.09500122070312
162.4648553292607,162.09500122070312,53.415449235683454,-0.1529167971763454,0.0143572857610081,0.1672740829373536,162.383984375,161.98849487304688
162.46293300131848,161.98849487304688,51.35882464819599,-0.1207558527859019,0.007887924775872,0.128643777561774,162.28570251464845,162.11000061035156
162.46045484193124,162.11000061035156,53.55580201352116,-0.094120239909157,0.0124222115978227,0.1065424515069797,162.2157012939453,162.13499450683594
162.45369228549418,162.13499450683594,54.01590078175867,-0.0717307985358483,0.0178269669573865,0.0895577654932348,162.1446990966797,162.30999755859375
162.4527431031144,162.30999755859375,57.21212104204814,-0.0502209062319157,0.0358186629838144,0.0860395692157302,162.12769775390626,162.35000610351562
162.45226666656322,162.35000610351562,57.93202154566738,-0.0296371057715945,0.0526980960696903,0.0823352018412849,162.17869873046874,161.99000549316406
162.44532566730666,161.99000549316406,49.81097619647369,-0.0163888490930867,0.0366041776209442,0.052993026714031,162.1790008544922,161.97999572753906
162.43857724113866,161.97999572753906,49.60276480265839,-0.0085552111128864,0.0227793408079151,0.0313345519208015,162.1529998779297,161.92999267578125
162.43553900022053,161.92999267578125,48.51186541382502,-0.0053042739116519,0.0076994748932861,0.013003748804938,162.11199951171875,161.9300994873047
162.43337244394127,161.9300994873047,48.51447018922936,-0.0050823106483595,-0.0041944575951902,0.0008878530531693,162.03601989746093,162.0500030517578
162.43076494039153,162.0500030517578,51.4818042065354,-0.0048459102937082,-0.003900308875103,0.0009456014186051,161.97601928710938,161.9550018310547
162.42899428744047,161.9550018310547,49.06874501595411,-0.0061174977286085,-0.0112038474682094,-0.0050863497396009,161.9690185546875,161.85000610351562
162.42554136962357,161.85000610351562,46.47594189188639,-0.0099288064767096,-0.0251740414691141,-0.0152452349924045,161.94302062988282,161.7899932861328
162.42434720830963,161.7899932861328,45.0119146780037,-0.0160670079316573,-0.0406198137514479,-0.0245528058197906,161.91502075195314,162.25
162.42367177589944,162.25,56.35974984612448,-0.0159661275767267,-0.0155626061570046,0.0004035214197221,161.9790008544922,162.27000427246094
162.42332697136823,162.27000427246094,56.77748186060791,-0.0116044534112988,0.005842243250413,0.0174466966617118,162.02300109863282,162.3699951171875
162.42301751834196,162.3699951171875,58.895464673817344,-0.0031790979727509,0.0305223237814402,0.0337014217541912,162.1059997558594,162.42999267578125
162.42303936559767,162.42999267578125,60.157064778282674,0.0083160949202721,0.0542968664923648,0.0459807715720926,162.2219970703125,162.25
162.42052458628828,162.25,54.73001871217287,0.0182421733701096,0.0579464871694597,0.03970431379935,162.31399841308593,162.36500549316406
162.42019288161376,162.36500549316406,57.375958351187215,0.028457687723208,0.0693197451356013,0.0408620574123933,162.33699951171874,162.17999267578125
162.41984245701676,162.17999267578125,52.10028793400446,0.0353024684782926,0.0626815914986309,0.0273791230203383,162.31899719238282,162.10499572753906
162.41899990295167,162.10499572753906,50.089702133365286,0.0383987300242724,0.0507837762081919,0.0123850461839194,162.26599731445313,161.83999633789062
162.41619098991472,161.83999633789062,43.675967497881786,0.0346677522411962,0.019743841108891,-0.0149239111323051,162.147998046875,162.25
162.4134970992487,162.25,53.57968355344544,0.0333155312810148,0.0279066474402895,-0.0054088838407252,162.147998046875,162.32000732421875
162.4128860077532,162.32000732421875,55.03357903900975,0.0345661478060287,0.0395686139060842,0.0050024661000554,162.13899841308594,162.48500061035156
162.4131260171906,162.48500061035156,58.3448962679377,0.0399362013304228,0.061416415427999,0.0214802140975762,162.2,162.2899932861328
162.4125481827181,162.2899932861328,53.34484709183626,0.04440448043409,0.0622775968487587,0.0178731164146687,162.23699951171875,162.44000244140625
162.41264328402454,162.44000244140625,56.43753020917841,0.0503654118942173,0.0742091377347264,0.0238437258405091,162.35700073242188,162.33999633789062
162.41245078098788,162.33999633789062,53.87360547330328,0.0552390951217302,0.0747338280317819,0.0194947329100517,162.375,162.52999877929688
162.4129022387024,162.52999877929688,57.79647081025525,0.0620813026034191,0.0894501325301746,0.0273688299267555,162.41699829101563,162.57000732421875
162.41356385247914,162.57000732421875,58.59498943346743,0.070295480249594,0.1031521908342938,0.0328567105846997,162.43399963378906,162.47000122070312
162.41392420613232,162.47000122070312,55.75523763043248,0.0771832248576256,0.1047342032897518,0.0275509784321261,162.47000122070312,162.44009399414062
162.4139685154823,162.44009399414062,54.89837012761386,0.0822254514661821,0.1023943579004083,0.0201689064342261,162.47001953125,162.5196075439453
162.41497443013256,162.5196075439453,56.79930995636876,0.0869278051067874,0.1057372196692085,0.0188094145624211,162.50594177246094,162.51499938964844
162.41522247008362,162.51499938964844,56.65028849682836,0.0908989813454395,0.1067836863000479,0.0158847049546084,162.50294189453126,162.5800018310547
162.41638114375192,162.5800018310547,58.31181061022949,0.0950335929561161,0.1115720393988226,0.0165384464427064,162.50494079589845,162.5399932861328
162.41708798753157,162.5399932861328,56.8670743548865,0.0981989857698771,0.110860557024921,0.0126615712550438,162.51893920898436,162.4499969482422
162.41717644656984,162.4499969482422,53.647221376252034,0.0989313015354872,0.1018605645979278,0.0029292630624405,162.5209197998047,162.3000030517578
162.4162587645271,162.3000030517578,48.69817756808237,0.0954816730782515,0.0816831592493088,-0.0137985138289427,162.47699890136718,162.53500366210938
162.4167870964947,162.53500366210938,55.60788953616232,0.0931233936640164,0.0836902760070756,-0.0094331176569407,162.4809997558594,162.32000732421875
162.41629123740935,162.32000732421875,49.09317981627852,0.0879303875362787,0.067158363025328,-0.0207720245109506,162.4290008544922,162.22999572753906
162.41587383397143,162.22999572753906,46.63010751800197,0.0795963619907212,0.0462602598084913,-0.0333361021822299,162.36700134277345,162.10000610351562
162.41195104784083,162.10000610351562,43.25500283629989,0.0674751649750681,0.0189903769124555,-0.0484847880626126,162.29700317382813,161.94000244140625
162.4087284710373,161.94000244140625,39.4681890556843,0.050909100899227,-0.0153551554041371,-0.0662642563033642,162.22500305175782,162.16000366210938
162.4072200993261,162.16000366210938,46.4146489899913,0.0358194595611916,-0.02453910579095,-0.0603585653521417,162.1500030517578,162.30499267578125
162.40680065407236,162.30499267578125,50.45031703896525,0.0246778105646134,-0.0198887854216991,-0.0445665959863126,162.14700012207032,162.25999450683594
162.4051380664682,162.25999450683594,49.21157451399489,0.0158205851068162,-0.0196083167243728,-0.035428901831189,162.1529998779297,162.30999755859375
162.4039416279945,162.30999755859375,50.66131760130136,0.009621213633966,-0.0151762722574346,-0.0247974858914007,162.19499816894532,162.36500549316406
162.40379599290551,162.36500549316406,52.27524328007407,0.0062684056211618,-0.007142826430055,-0.0134112320512168,162.27999877929688,162.52000427246094
162.40410325949685,162.52000427246094,56.5847351142451,0.0073341562072456,0.0115971585515808,0.0042630023443351,162.35199890136718,162.72999572753906
162.40488129500932,162.72999572753906,61.63871504713,0.0144470803102614,0.0428987767223247,0.0284516964120633,162.43699951171874,162.66000366210938
162.4070827193815,162.66000366210938,59.1664313583145,0.0238277740416942,0.0613505489674253,0.037522774925731,162.51700134277343,162.4499969482422
162.4075718362274,162.4499969482422,52.378093258591065,0.0307332675927928,0.0583552417971873,0.0276219742043944,162.5450012207031,162.25250244140625
162.40630141291467,162.25250244140625,46.92549527161963,0.0325043993964008,0.0395889266108326,0.0070845272144318,162.52250061035156,161.51010131835938
162.40265563076733,161.51010131835938,33.01295403631768,0.0190459066466922,-0.0347880643521421,-0.0538339709988343,162.32052001953124,162.0
162.34553872108938,162.0,44.6704898580939,0.0045199345714451,-0.053583953729543,-0.0581038883009882,162.17452087402344,162.10000610351562
162.34459874748543,162.10000610351562,46.70927961220642,-0.0083284002770334,-0.0597217396709481,-0.0513933393939146,162.0625213623047,162.0749969482422
162.34424796789972,162.0749969482422,46.25030630328494,-0.0198317180263843,-0.0658449890237875,-0.0460132709974032,161.98752136230468,162.19000244140625
162.34370299059225,162.19000244140625,48.74449344574612,-0.0280089362186595,-0.0607178089877606,-0.0327088727691011,161.9750213623047,162.52999877929688
162.34391839873368,162.52999877929688,55.34216967918818,-0.0281844753270077,-0.0288866317604004,-0.0007021564333926,162.1790008544922,162.4499969482422
162.3440686352853,162.4499969482422,53.59402561308793,-0.0245476593230749,-0.0100003953073439,0.014547264015731,162.2690002441406,162.4499053955078
162.34420817525034,162.4499053955078,53.59193931390567,-0.0186574924861635,0.0049031748614822,0.0235606673476458,162.33898010253907,162.21499633789062
162.34368577427213,162.21499633789062,48.387147584200456,-0.0153690538977119,-0.0022152995439057,0.0131537543538062,162.36697998046876,162.0500030517578
162.34242315985114,162.0500030517578,45.0758443979604,-0.0164810558902084,-0.0209290638601942,-0.0044480079699857,162.33898010253907,162.39999389648438
162.34262819825537,162.39999389648438,52.50133901357644,-0.0146714126290516,-0.0074328395844247,0.0072385730446269,162.31297912597657,162.36000061035156
162.34266694039135,162.36000061035156,51.6421642286576,-0.0117300336198603,3.5482416905097125e-05,0.0117655160367654,162.29497985839845,162.36500549316406
162.34270989269504,162.36500549316406,51.74858165046364,-0.0081269114156765,0.0062855774010586,0.0144124888167351,162.2779998779297,162.60000610351562
162.34386751110986,162.60000610351562,56.58020835146918,-0.0005300826546747,0.0298572323893324,0.0303873150440072,162.3550018310547,162.61000061035156
162.34491386152945,162.61000061035156,56.77843445523515,0.009332350373281,0.0487820824851041,0.0394497321118231,162.46700134277344,162.70230102539062
162.34594253207405,162.70230102539062,58.65565870021781,0.0215491441275473,0.0704163191446127,0.0488671750170653,162.5274627685547,162.5449981689453
162.3471104126834,162.5449981689453,54.32519323675514,0.0320423909966733,0.0740153784731774,0.041972987476504,162.56446228027343,162.625
162.3479903107377,162.625,56.10033825695571,0.0421086301278659,0.0823735866526362,0.0402649565247703,162.61646118164063,162.69500732421875
162.34974720754946,162.69500732421875,57.65138389753698,0.0524004920771935,0.0935679398745037,0.0411674477973102,162.63546142578124,162.91000366210938
162.35302508081654,162.91000366210938,62.08215502840712,0.0656049633104173,0.1184228482433127,0.0528178849328953,162.69546203613282,163.1199951171875
162.35674299198962,163.1199951171875,65.8413592459311,0.0831435654540518,0.1532979740285895,0.0701544085745377,162.77900085449218,163.14999389648438
162.3609882024362,163.14999389648438,66.35453421059023,0.102768426379868,0.1812678700831327,0.0784994437032647,162.9,163.11000061035156
162.3624421545001,163.11000061035156,64.95354140287719,0.1217998467005489,0.1979255279832728,0.0761256812827238,162.99700012207032,163.05999755859375
162.36594690208952,163.05999755859375,63.1580307545949,0.1383862754707038,0.2047319905513234,0.0663457150806195,163.06999816894532,162.9949951171875
162.37074459271457,162.9949951171875,60.80492342122618,0.1512182565977377,0.2025461811058733,0.0513279245081355,163.08699645996094,162.9949951171875
162.37556178201163,162.9949951171875,60.80492342122618,0.1606796920281801,0.1985254337499498,0.0378457417217696,163.06199645996094,162.97500610351562
162.377982673094,162.97500610351562,60.007571089659,0.1668474160758404,0.1915183122664814,0.024670896190641,163.0269989013672,163.08999633789062
162.37907187124057,163.08999633789062,63.01241409964823,0.1720817063712283,0.1930188675527802,0.0209371611815518,163.022998046875,163.22999572753906
162.3826651941106,163.22999572753906,66.32940766160523,0.1782979478062073,0.203162913546123,0.0248649657399157,163.05699768066407,163.22999572753906
162.38428653607957,163.22999572753906,66.32940766160523,0.1843974144550428,0.208795281050385,0.0243978665953421,163.10399780273437,163.17999267578125
162.387333929716,163.17999267578125,63.95369444032043,0.1888858963155609,0.2068398237576332,0.0179539274420722,163.14099731445313,162.9550018310547
162.38922350318643,162.9550018310547,54.49562399629546,0.1881092437966342,0.1850026337209271,-0.003106610075707,163.13699645996093,162.72999572753906
162.39489485921874,162.72999572753906,47.00831543832088,0.1800546404747101,0.1478362271870139,-0.0322184132876962,163.06499633789062,162.8249969482422
162.39562669109446,162.8249969482422,50.12414724024301,0.1689659022468634,0.1246109493354765,-0.0443549529113869,162.98399658203124,162.77499389648438
162.3982169061202,162.77499389648438,48.50745707461024,0.1553738400658769,0.1010055913419307,-0.0543682487239461,162.89299621582032,162.5800018310547
162.3988962014819,162.5800018310547,42.72084057704463,0.1374601483577689,0.0658053815253367,-0.0716547668324321,162.772998046875,162.67672729492188
162.39962348316536,162.67672729492188,46.15239692107637,0.1190067071067299,0.0451929421025738,-0.073813765004156,162.71734313964845,162.59500122070312
162.39975488965058,162.59500122070312,43.76655658299194,0.0996071890416279,0.0220091167812199,-0.0775980722604079,162.69034423828126,162.84500122070312
162.402755487901,162.84500122070312,51.94949248778581,0.0843932222074958,0.0235373548709674,-0.0608558673365284,162.69434509277343,162.97000122070312
162.40339117392716,162.97000122070312,55.44093748086196,0.0744021718485729,0.0344379704128812,-0.0399642014356916,162.73334655761718,162.95509338378906
162.40429968613324,162.95509338378906,54.92832066337004,0.0678010682900813,0.0413966540561148,-0.0264044142339664,162.80836486816406,162.67999267578125
162.4048737587092,162.67999267578125,46.40201524280228,0.0591271549939683,0.0244315018095164,-0.0346956531844518,162.80901794433595,162.72000122070312
162.40530669050955,162.72000122070312,47.67413132461518,0.0501122958002457,0.0140528590253552,-0.0360594367748904,162.83401794433593,162.8000030517578
162.40594586744885,162.8000030517578,50.2184892654378,0.0425184785693649,0.012143209645842,-0.0303752689235229,162.82501831054688,162.75
162.4064083277953,162.75,48.62694041633968,0.0353187456580728,0.0065198140129041,-0.0287989316451686,162.78101806640626,162.4700927734375
162.4067013566495,162.4700927734375,40.82677687601946,0.0241971841729867,-0.0202890617673574,-0.0444862459403442,162.68401794433595,162.53500366210938
162.40677446652117,162.53500366210938,43.10597233177874,0.0121809721873799,-0.0358838757550472,-0.0480648479424272,162.65502014160157,162.5
162.40694462780178,162.5,42.16285236416261,-0.0003523055963571,-0.0504854167313055,-0.0501331111349484,162.61101989746095,162.4552001953125
162.40699317706927,162.4552001953125,40.92860072638437,-0.0132666068163975,-0.0649238116965591,-0.0516572048801615,162.54205932617188,162.25999450683594
162.40516347293973,162.25999450683594,35.98547156321332,-0.0288268926049594,-0.091068035759207,-0.0622411431542476,162.44405822753907,162.38499450683594
162.4051012607998,162.38499450683594,40.90713942954223,-0.0431699300530099,-0.1005420798452121,-0.0573721497922021,162.42703857421876,162.40460205078125
162.40510085294264,162.40460205078125,41.66477868582163,-0.0555869141845608,-0.1052548507107644,-0.0496679365262035,162.4009582519531,162.47999572753906
162.40527533514992,162.47999572753906,44.60573561554151,-0.0648162106840815,-0.1017333966821638,-0.0369171859980823,162.39695739746094,162.41000366210938
162.40528060430648,162.41000366210938,42.46535437127017,-0.0725326646286726,-0.1033984804070371,-0.0308658157783645,162.3879180908203,162.72999572753906
162.40644402451755,162.72999572753906,53.46042302897014,-0.0736257857733433,-0.0779982703520261,-0.0043724845786827,162.48191833496094,162.9250030517578
162.40782875958126,162.9250030517578,58.646905494639824,-0.0672311909941173,-0.0416528118772134,0.0255783791169038,162.5899200439453,162.96499633789062
162.4084772631125,162.96499633789062,59.640294439015264,-0.0556873531537543,-0.0095120017923022,0.046175351361452,162.70199890136718,163.29849243164062
162.41031353663388,163.29849243164062,66.80193369182464,-0.03607355843387,0.042381620445667,0.0784551788795371,162.8656982421875,163.2740020751953
162.4136008757909,163.2740020751953,65.87746886082294,-0.0127383690094236,0.0806023886883622,0.0933407576977858,163.0384979248047,163.4149932861328
162.41595591219158,163.4149932861328,68.57380926740815,0.013984515076131,0.1208760514183495,0.1068915363422185,163.17549743652344,163.46499633789062
162.4185106417951,163.46499633789062,69.49447327029534,0.0421957787515788,0.1550408334533699,0.1128450547017911,163.28349609375,163.44500732421875
162.4191705555641,163.44500732421875,68.62891543075074,0.0694459631067577,0.1784467005274734,0.1090007374207157,163.37949829101564,163.44500732421875
162.42115429944414,163.44500732421875,68.62891543075074,0.0945069804731068,0.1947510499385032,0.1002440694653963,163.40880126953124,163.7100067138672
162.42490618238463,163.7100067138672,73.6709312172692,0.1208946404051749,0.2264452801334471,0.1055506397282722,163.49600219726562,163.55999755859375
162.4318138507482,163.55999755859375,67.09685951993077,0.1440616776587596,0.2367298266730984,0.0926681490143387,163.5250030517578,163.61500549316406
162.43382378913398,163.61500549316406,68.21688273201615,0.1645449104016205,0.2464778413730641,0.0819329309714436,163.5550048828125,163.7100067138672
162.44312009826257,163.7100067138672,70.10928928714777,0.1834128794202317,0.2588847554946767,0.0754718760744449,163.60800476074218,163.7899932861328
162.466063608158,163.7899932861328,71.64034662572232,0.2011374463074278,0.2720357138562121,0.0708982675487843,163.677001953125,163.8300018310547
162.47075285003783,163.8300018310547,72.40182219883138,0.217396079846708,0.2824306140038288,0.0650345341571208,163.7010009765625,163.94500732421875
162.48036124407898,163.94500732421875,74.51974145849779,0.2332229461614135,0.2965304114202354,0.0633074652588218,163.7780029296875,164.1300048828125
162.5234699398249,164.1300048828125,77.50964633851245,0.2503694843895131,0.3189556373019115,0.0685861529123984,163.8810028076172,164.2100067138672
162.53192395050976,164.2100067138672,78.67500877745375,0.268150057329709,0.3392723490904927,0.0711222917607837,163.9810028076172,164.2700958251953
162.540752902776,164.2700958251953,79.53284190374777,0.2857434623842463,0.3561170826023954,0.070373620218149,164.0770233154297,164.49000549316406
162.5480558123381,164.49000549316406,82.33370930745048,0.3051545420338526,0.3827988606322776,0.077644318598425,164.20902404785156,164.19000244140625
162.55963248289302,164.19000244140625,68.55152221592869,0.3192054616318716,0.3754091400239474,0.0562036783920758,164.25802307128907,164.16000366210938
162.5658226901809,164.16000366210938,67.33768284190973,0.3279540175110277,0.3629482410276523,0.0349942235166245,164.26402282714844,164.2554931640625
162.56816553057547,164.2554931640625,69.20679653118438,0.3336965464688223,0.3566666623000003,0.022970115831178,164.2731201171875,164.0800018310547
162.5712125519695,164.0800018310547,62.16593323357973,0.3336934994792048,0.3336813115207349,-1.2187958469966896e-05,164.23510131835937,164.01499938964844
162.57320972703903,164.01499938964844,59.74149067294487,0.3282917655514623,0.306684829840492,-0.0216069357109702,164.14010009765624,164.2205047607422
162.57669183905216,164.2205047607422,64.46048188470732,0.3223198818902972,0.2984323472456367,-0.0238875346446604,164.14620056152344,164.24000549316406
162.5795257299298,164.24000549316406,64.88115440139359,0.3158801860184803,0.2901214025312129,-0.0257587834872674,164.16220092773438,164.1199951171875
162.58373341629948,164.1199951171875,60.16156430156986,0.3068502037176456,0.2707302745143067,-0.0361199292033388,164.13510131835938,164.16000366210938
162.58680072464296,164.16000366210938,61.175499577382375,0.2966089859425674,0.255644114842255,-0.0409648711003124,164.1511016845703,164.15310668945312
162.5919484031818,164.15310668945312,60.88780695913864,0.285359381748968,0.2403609649745703,-0.0449984167743976,164.17872314453126,164.00010681152344
162.59388512895103,164.00010681152344,54.73805220348167,0.2709760478781106,0.2134427123946807,-0.0575333354834298,164.1346435546875,164.27999877929688
162.59614726250678,164.27999877929688,62.249652252081205,0.2592304547350488,0.2122480821628016,-0.0469823725722471,164.14264221191405,164.19500732421875
162.59971245949035,164.19500732421875,59.04520334252705,0.247807042109709,0.2021133916083499,-0.045693650501359,164.15764465332032,164.18499755859375
162.60066759509868,164.18499755859375,58.66219515315773,0.2364598978177494,0.191071320649911,-0.0453885771678383,164.1626434326172,164.02000427246094
162.60389869484234,164.02000427246094,52.60492566750382,0.2225840816389482,0.1670808169237432,-0.055503264715205,164.13602294921876,164.00999450683594
162.60808321679562,164.00999450683594,52.25241902426151,0.2071837220122111,0.1455822835052629,-0.0616014385069482,164.13800048828125,164.02000427246094
162.61161929795998,164.02000427246094,52.594519854198005,0.1913226067401074,0.1278781456516924,-0.063444461088415,164.08600158691405,163.88999938964844
162.61325425388088,163.88999938964844,47.80395201672759,0.1734939497297766,0.1021793216884532,-0.0713146280413233,164.025,164.03990173339844
162.61479111543755,164.03990173339844,53.107684610138094,0.1573628598755607,0.0928385004586971,-0.0645243594168635,163.99598083496093,163.9250030517578
162.615673440793,163.9250030517578,48.99795492511657,0.1409495874645804,0.0752964978206591,-0.0656530896439212,163.97698059082032,163.89999389648438
162.61694074127465,163.89999389648438,48.124993142240655,0.1244996002683289,0.0586996514833231,-0.0657999487850058,163.95498046875,164.1999969482422
162.62205463217313,164.1999969482422,57.83066061745248,0.1133915501697454,0.0689593497754117,-0.0444322003943337,163.99097900390626,164.0572967529297
162.62447477384643,164.0572967529297,52.77286270780948,0.1036788845424334,0.064828222033185,-0.0388506625092483,164.0244384765625,164.08999633789062
162.6251003168427,164.08999633789062,53.77061737755862,0.0956353704802786,0.0634613142316595,-0.032174056248619,164.03445739746093,163.9499969482422
162.63146911435422,163.9499969482422,48.997774999925184,0.0866081217305446,0.0504991267316086,-0.036108994998936,164.03945617675782,163.86000061035156
162.63262809676849,163.86000061035156,46.16121066348365,0.0758042739955064,0.0325888830553537,-0.0432153909401527,164.03145751953124,163.83999633789062
162.6330948137335,163.83999633789062,45.53025481976029,0.0639613142279284,0.0165894751576161,-0.0473718390703123,163.95945739746094,163.78500366210938
162.6413654509717,163.78500366210938,43.759490324505805,0.0510647298928492,-0.0005216074474674,-0.0515863373403166,163.90499877929688,163.77999877929688
162.64213385470785,163.77999877929688,43.59331963907131,0.0379875775214477,-0.0143210319641582,-0.0523086094856059,163.84299926757814,163.74000549316406
162.64461177761893,163.74000549316406,42.21384128617487,0.0247581236437319,-0.0281596918671311,-0.0529178155108631,163.8010009765625,163.61000061035156
162.6483468386728,163.61000061035156,38.00386218763944,0.0099961392169944,-0.0490517984899554,-0.0590479377069499,163.7510009765625,163.61000061035156
162.64947023312112,163.61000061035156,38.00386218763944,-0.0049753412744337,-0.0648612632401466,-0.0598859219657128,163.7050018310547,163.57000732421875
162.65146606053762,163.57000732421875,36.69809607679498,-0.0199200298072037,-0.0796987839382836,-0.0597787541310799,163.66200256347656,163.5050048828125
162.65252333670833,163.5050048828125,34.616266629634765,-0.0350561746024261,-0.0956007537833159,-0.0605445791808897,163.60700378417968,163.4600067138672
162.65409730969824,163.4600067138672,33.21169928310793,-0.0501568781438623,-0.1105596923096072,-0.0604028141657448,163.5510040283203,163.4550018310547
162.65468255538678,163.4550018310547,33.0510674610975,-0.0644092962728759,-0.1214189687889302,-0.0570096725160542,163.52000427246094,163.49000549316406
162.65590134225917,163.49000549316406,35.404213768803416,-0.076677625429987,-0.1257509420584313,-0.0490733166284442,163.49600524902343,163.5800018310547
162.6565448780288,163.5800018310547,41.13312740637341,-0.0854486371431107,-0.1205326839956058,-0.035084046852495,163.4980041503906,163.5399932861328
162.6579084626979,163.5399932861328,39.45774869848727,-0.0920113653481064,-0.1182622781680891,-0.0262509128199826,163.5050018310547,163.5500030517578
162.65815789569106,163.5500030517578,40.11494565630184,-0.0964765426968651,-0.1143372520919001,-0.0178607093950349,163.52300109863282,163.49000549316406
162.65911902356282,163.49000549316406,37.48815536606767,-0.1001302802803273,-0.1147452306141758,-0.0146149503338485,163.53000183105468,163.49000549316406
162.66081555077562,163.49000549316406,37.48815536606767,-0.1028556710144317,-0.1137572339508494,-0.0109015629364176,163.53000183105468,163.6999969482422
162.66342951992004,163.6999969482422,50.61479269204544,-0.1012716025416468,-0.0949353286505072,0.0063362738911396,163.5540008544922,163.17999267578125
162.66447411340027,163.17999267578125,32.445564514761614,-0.1051350340065621,-0.1205887598662229,-0.0154537258596608,163.48200073242188,163.3249969482422
162.66615885640567,163.3249969482422,39.01926949134291,-0.1096572429482622,-0.127746078715063,-0.0180888357668007,163.43699951171874,163.3350067138672
162.66709049366875,163.3350067138672,39.45724148330467,-0.113945668182006,-0.1310993691169812,-0.0171537009349751,163.40599975585937,163.25999450683594
162.66808919774795,163.25999450683594,37.29550418101613,-0.1187998267057148,-0.1382164608005496,-0.0194166340948348,163.35999755859376,163.36000061035156
162.66890122095742,163.36000061035156,41.86816975249332,-0.1218878050753035,-0.1342397185536583,-0.0123519134783548,163.29199829101563,163.50999450683594
162.66995788224568,163.50999450683594,47.99388665130885,-0.121036027033847,-0.1176289148680211,0.0034071121658258,163.35799865722657,163.49000549316406
162.67176333224643,163.49000549316406,47.27887597050937,-0.1178025850620952,-0.1048688171750882,0.012933767887007,163.39100036621093,163.44000244140625
162.67284294898064,163.44000244140625,45.45458489746479,-0.1137751382168697,-0.0976653508359675,0.0161097873809022,163.41199951171876,163.57000732421875
162.6744133023445,163.57000732421875,50.77295541123867,-0.1071276813872062,-0.0805378540685524,0.0265898273186538,163.4740020751953,163.5399932861328
162.67572940189604,163.5399932861328,49.57124556725963,-0.0994212145212499,-0.0685953470574247,0.0308258674638252,163.51000061035157,163.32000732421875
162.6769900274945,163.32000732421875,41.7681392372724,-0.0947381128902008,-0.0760057063660042,0.0187324065241966,163.4720031738281,163.27999877929688
162.67747540297674,163.27999877929688,40.51892177670637,-0.09261787958662,-0.0841369463722969,0.0084809332143231,163.43000183105468,163.00999450683594
162.67836582347906,163.00999450683594,33.284038942241324,-0.0963118142230434,-0.1110875527687369,-0.0147757385456934,163.34400024414063,163.0500030517578
162.679690241676,163.0500030517578,35.13232322319401,-0.1025984874536282,-0.1277451803759675,-0.0251466929223392,163.23999938964843,163.3800048828125
162.6817844767575,163.3800048828125,47.942866547999024,-0.1046818520215383,-0.1130153102931785,-0.0083334582716402,163.20800170898437,163.5399932861328
162.6833179304776,163.5399932861328,52.80870756557398,-0.1012303380878815,-0.087424282353254,0.0138060557346274,163.2519989013672,163.08999633789062
162.68689249783523,163.08999633789062,41.15621488018323,-0.1014393176747952,-0.1022752360224501,-0.0008359183476549,163.21399841308593,163.0449981689453
162.68716321959965,163.0449981689453,40.200959105972046,-0.104418387410089,-0.1163346663512641,-0.011916278941175,163.22099914550782,163.16000366210938
162.68953688794085,163.16000366210938,43.79177036552518,-0.1069046921250647,-0.1168499109849676,-0.0099452188599029,163.2429992675781,163.4199981689453
162.6906892161531,163.4199981689453,50.96096752368161,-0.1045600871442913,-0.0951816672211975,0.0093784199230937,163.2509979248047,163.110107421875
162.692619367022,163.110107421875,43.79146230955848,-0.1040162819141174,-0.1018410609934221,0.0021752209206953,163.16502075195314,163.72000122070312
162.69640925546324,163.72000122070312,56.70212178995776,-0.0946621167477566,-0.0572454560823132,0.0374166606654434,163.29102172851563,163.8300018310547
162.69838599964154,163.8300018310547,58.55131568078283,-0.0783053998484439,-0.012878532251193,0.0654268675972508,163.4480224609375,163.9600067138672
162.6994761618083,163.9600067138672,60.688232693213344,-0.0561644394906334,0.0323994019406086,0.088563841431242,163.60802307128907,163.85000610351562
162.70121614403482,163.85000610351562,57.96513110391625,-0.0331856784949056,0.0587293654880056,0.0919150439829112,163.69402465820312,163.74000549316406
162.7040020515618,163.74000549316406,55.29325571993146,-0.0125657435309474,0.0699139963248853,0.0824797398558327,163.82000427246095,163.77499389648438
162.70555986586984,163.77499389648438,55.98817201542533,0.0060816533221569,0.0806712407345742,0.0745895874124173,163.83100280761718,163.7899932861328
162.7076123812683,163.7899932861328,56.30175865933638,0.0227406193287959,0.0893764833553518,0.0666358640265559,163.8230010986328,163.9199981689453
162.71111013377214,163.9199981689453,59.02671586353894,0.0393023063825658,0.1055490545976454,0.0662467482150796,163.81499938964845,164.25970458984375
162.71748944402276,164.25970458984375,65.14332176561348,0.0602650695061464,0.1441161220004687,0.0838510524943223,163.89693908691407,164.19000244140625
162.72061286106387,164.19000244140625,63.06308842708556,0.0816380258121473,0.1671298510361509,0.0854918252240036,163.9869384765625,164.14999389648438
162.7214719917325,164.14999389648438,61.84235883121406,0.1013232950295164,0.1800643718989931,0.0787410768694766,164.0619384765625,163.9949951171875
162.72338447752426,163.9949951171875,57.22109654127832,0.1162149690526237,0.1757816651450525,0.0595666960924288,164.10293884277343,163.89500427246094
162.72418223987,163.89500427246094,54.397082679735625,0.1254612913649761,0.162446580614386,0.0369852892494098,164.09794006347656,164.02999877929688
162.7257453775776,164.02999877929688,57.45023424576889,0.1325523159516293,0.1609164142982422,0.0283640983466128,164.0519989013672,163.9499969482422
162.72687799447385,163.9499969482422,55.09602781861557,0.1363422224222756,0.1515018483048607,0.015159625882585,164.00399780273438,164.0800018310547
162.7287877040001,164.0800018310547,58.10074408488439,0.1396277793237832,0.1527700069298134,0.0131422276060302,163.98999938964843,164.3300018310547
162.73298539589388,164.3300018310547,63.20025520019469,0.1460953494000549,0.1719656297051415,0.0258702803050866,164.05700073242187,164.47999572753906
162.7427360042282,164.47999572753906,65.88318308385041,0.1562783871396778,0.1970105380981692,0.0407321509584914,164.1739990234375,164.625
162.7462060345275,164.625,68.29004776914267,0.1702136647869783,0.2259547753761808,0.0557411105892024,164.29299926757812,164.55999755859375
162.7500967824248,164.55999755859375,66.04084131862867,0.1843452360732446,0.2408715212183096,0.056526285145065,164.41499938964844,164.5500030517578
162.7535624714039,164.5500030517578,65.68263039560192,0.1972794234898996,0.2490161731565194,0.0517367496666198,164.50899963378907,164.5800018310547
162.7561110533316,164.5800018310547,66.27394508415613,0.2088140557085158,0.2549525845829805,0.0461385288744647,164.55899963378906,164.6300048828125
162.75904690483367,164.6300048828125,67.28580077926824,0.2191886493769519,0.2606870240506964,0.0414983746737444,164.58900146484376,164.5
162.76332567241408,164.5,62.071532832700925,0.2257185727667822,0.2518382663261036,0.0261196935593213,164.56400146484376,164.72000122070312
162.7659264506398,164.72000122070312,66.76520765677564,0.2324919546354083,0.2595854821099124,0.027093527474504,164.59600219726562,164.68499755859375
162.7689497387517,164.68499755859375,65.37890384438508,0.2379745005138103,0.2599046840274184,0.021930183513608,164.6230010986328,164.75999450683594
162.77290554097428,164.75999450683594,66.96175464256197,0.2430147117703733,0.2631755567966252,0.0201608450262518,164.65899963378905,165.02999877929688
162.81160708883976,165.02999877929688,71.93632361983248,0.2512673408401514,0.2842778571192639,0.0330105162791124,164.73899841308594,165.0
162.82135009865198,165.0,70.66326093634623,0.2600495326087585,0.2951782996831866,0.0351287670744281,164.83899841308593,164.93499755859375
162.8261299651473,164.93499755859375,67.8608512757381,0.2670734855375863,0.2951692972528974,0.0280958117153111,164.88199768066406,164.6999969482422
162.82973919576455,164.6999969482422,58.78425588089437,0.2682691892212853,0.2730520039560815,0.0047828147347961,164.88499755859374,164.75999450683594
162.83222252748772,164.75999450683594,60.24620266454127,0.2660949646857257,0.2573980665434874,-0.0086968981422383,164.88499755859374,164.86000061035156
162.83634060166008,164.86000061035156,62.62587449658216,0.2629115655950542,0.250177969232368,-0.0127335963626862,164.8509979248047,164.85000610351562
162.84654801917728,164.85000610351562,62.22498672454272,0.258503829325997,0.240872884249768,-0.0176309450762289,164.8209991455078,164.66000366210938
162.85156396290373,164.66000366210938,55.01502709846389,0.2499392025520092,0.2156806954560579,-0.0342585070959512,164.76600036621093,164.66600036621094
162.85790001081585,164.66600036621094,55.19149535408441,0.238744101141227,0.1939636954980983,-0.0447804056431287,164.7592010498047,164.5749969482422
162.87566512612432,164.5749969482422,51.86632158577891,0.2244910824208244,0.1674790075392138,-0.0570120748816105,164.72220153808593,164.64999389648438
162.8798919406468,164.64999389648438,54.30941180225065,0.2097534590866346,0.1508029657498752,-0.0589504933367593,164.6802001953125,164.4499969482422
162.88476506169593,164.4499969482422,47.40010862116403,0.1918157604729288,0.1200649660181056,-0.0717507944548231,164.6001983642578,164.46499633789062
162.8891928678234,164.46499633789062,47.93509062043187,0.1726147600548086,0.0958107583823277,-0.0768040016724808,164.56119689941406,164.33999633789062
162.89242915875707,164.33999633789062,43.92556673657404,0.1512407687611265,0.0657448035863978,-0.0854959651747286,164.49599609375,164.25
162.89638147228123,164.25,41.25030704758526,0.1278447015129864,0.0342604325204263,-0.0935842689925601,164.43099670410157,164.2949981689453
162.89969359553965,164.2949981689453,43.11580541422666,0.1048342323054914,0.0127923554755113,-0.09204187682998,164.35999755859376,164.43499755859375
162.90667530978905,164.43499755859375,48.58581641399606,0.0852663653730636,0.0069948976433522,-0.0782714677297113,164.35699768066405,164.3699951171875
162.9112545062821,164.3699951171875,46.356873560165305,0.0676506194887774,-0.002812364048367,-0.0704629835371445,164.33799743652344,164.41000366210938
162.9135443094652,164.41000366210938,47.93994963286579,0.0526659952877738,-0.0072725015162404,-0.0599384968040143,164.35199890136718,164.51499938964844
162.91933354931294,164.51499938964844,51.94774066710264,0.041671135000188,-0.0023083061501552,-0.0439794411503432,164.40499877929688,164.3800048828125
162.92599314212137,164.3800048828125,46.94384447408512,0.0315046147238903,-0.0091614663813004,-0.0406660811051908,164.4220001220703,164.39500427246094
162.92958097394694,164.39500427246094,47.548408734853,0.0225577288231455,-0.0132298147798337,-0.0357875436029793,164.41400146484375,164.52000427246094
162.9321119383296,164.52000427246094,52.4147255533725,0.016787185031058,-0.0062949901372917,-0.0230821751683498,164.44400329589843,164.19869995117188
162.93458143655965,164.19869995117188,41.70416150929754,0.0081455281974756,-0.0264210991368543,-0.0345666273343299,164.40174255371093,164.0
162.93671421605177,164.0,36.70851480464053,-0.0050313837144914,-0.0577390313623595,-0.0527076476478681,164.29874267578126,164.10000610351562
162.9400990406137,164.10000610351562,40.56730508654849,-0.0187531436361577,-0.0736401833228228,-0.0548870396866651,164.24274291992188,163.97999572753906
162.94119637193464,163.97999572753906,37.60437605344074,-0.033969039655071,-0.0948326237307242,-0.0608635840756532,164.1597412109375,164.13619995117188
162.94337590947492,164.13619995117188,43.39903144994104,-0.0467542193508463,-0.0978949381339475,-0.0511407187831012,164.08298034667968,164.25
162.94455248403133,164.25,47.24306688255553,-0.0554234772619746,-0.0901005089064881,-0.0346770316445134,164.0932403564453,164.47999572753906
162.94788068936364,164.47999572753906,54.03717204033401,-0.057262729491583,-0.0646197384100162,-0.0073570089184332,164.18923950195312,164.50999450683594
162.95041751449656,164.50999450683594,54.85383357293122,-0.0541155234915206,-0.0415266994912713,0.0125888240002493,164.2712371826172,164.52999877929688
162.95829822567558,164.52999877929688,55.42262586398865,-0.047565387107695,-0.0213648415723923,0.0262005455353026,164.38123779296876,164.49000549316406
162.96099318467805,164.49000549316406,53.95894863909381,-0.0397553872415067,-0.0085153877767538,0.0312399994647529,164.45199890136718,164.47999572753906
162.9632479771353,164.47999572753906,53.57756444883243,-0.0316342318457607,0.0008503897372236,0.0324846215829843,164.497998046875,164.7100067138672
162.9659480487429,164.7100067138672,60.48843548103039,-0.0200019828142984,0.0265270133115507,0.0465289961258491,164.54400024414062,164.67999267578125
162.9725300840002,164.67999267578125,59.24893710373215,-0.0072120979120472,0.0439474416969574,0.0511595396090046,164.5779998779297,164.57000732421875
162.9739972684455,164.57000732421875,54.81614652232752,0.0038945896083064,0.0483213396897213,0.0444267500814148,164.58600158691405,164.6649932861328
162.9768097647373,164.6649932861328,57.75565357947838,0.0148706196945841,0.0587747400396949,0.0439041203451108,164.62099914550782,164.6199951171875
162.980836168395,164.6199951171875,55.90030499162012,0.0244375619434438,0.0627053309388827,0.0382677689954388,164.6489990234375,164.6699981689453
162.99120643859763,164.6699981689453,57.53286925877613,0.0333618716529204,0.0690591104908264,0.035697238837906,164.64099731445313,164.82000732421875
162.99296144769704,164.82000732421875,62.06946058133455,0.0437328346811729,0.0852166867941832,0.0414838521130102,164.66900024414062,164.9499969482422
162.99734601248863,164.9499969482422,65.50797634239245,0.0564411015191016,0.1072741688708163,0.0508330673517146,164.7449981689453,164.8350067138672
163.00594633411595,164.8350067138672,60.30036133522765,0.0679849140396439,0.114160164121813,0.0461752500821691,164.77900085449218,164.8699951171875
163.0084687972579,164.8699951171875,61.30824626059312,0.0785969915948235,0.1210453018155419,0.0424483102207184,164.8290008544922,164.84500122070312
163.01328366076936,164.84500122070312,60.13378827309187,0.0874908716201292,0.1230663917213519,0.0355755201012226,164.86400146484374,164.64999389648438
163.03102872420968,164.64999389648438,51.7965689714682,0.0915309494746192,0.1076912608925795,0.0161603114179602,164.8299987792969,164.6300048828125
163.03752151083165,164.6300048828125,51.01578239553557,0.0917894400178701,0.0928234021908736,0.0010339621730034,164.76600036621093,164.6649932861328
163.044263551211,164.6649932861328,52.36921467316857,0.0900131672338038,0.0829080760975387,-0.0071050911362651,164.73199768066405,164.84500122070312
163.05074883619724,164.84500122070312,58.69273605897366,0.0897214226178883,0.0885544441542265,-0.0011669784636618,164.72699890136718,164.9499969482422
163.05784240488046,164.9499969482422,61.87236052307384,0.0918460974722082,0.1003447968894875,0.0084986994172792,164.747998046875,164.85000610351562
163.06244568169532,164.85000610351562,57.34525921017637,0.0935693269068293,0.100462244645314,0.0068929177384846,164.78800048828126,164.8249969482422
163.06698795570605,164.8249969482422,56.236930444291545,0.0943383337061606,0.0974143609034854,0.0030760271973248,164.82699890136718,164.92999267578125
163.07905510467484,164.92999267578125,59.75377761051792,0.0959290690023057,0.1022920101868862,0.0063629411845805,164.87999877929687,164.58999633789062
163.08690192918732,164.58999633789062,46.6738194056566,0.0923083740775465,0.0778255943785097,-0.0144827796990367,164.82899780273436,164.72000122070312
163.08977766890098,164.72000122070312,51.08312130769517,0.0874748209832772,0.0681406086061997,-0.0193342123770774,164.78299865722656,164.60499572753906
163.093968671153,164.60499572753906,47.353019879120254,0.0801002364392523,0.050601898263153,-0.0294983381760992,164.73399658203124,164.5399932861328
163.0984471006649,164.5399932861328,45.33790224143843,0.0702999298885021,0.031098703685501,-0.039201226203001,164.67699584960937,164.8300018310547
163.10572158245296,164.8300018310547,54.61710614331551,0.0639596652372031,0.0385986066320072,-0.0253610586051959,164.65699768066406,164.99000549316406
163.11126566604668,164.99000549316406,58.775134812652176,0.0625274429308692,0.0567985537055335,-0.0057288892253356,164.73699951171875,165.11000061035156
163.1168827454867,165.11000061035156,61.6154715958052,0.0660185052633758,0.0799827545934022,0.0139642493300263,164.81499938964845,165.0749969482422
163.12088391265937,165.0749969482422,60.310096833714375,0.0717034472585766,0.0944432152393801,0.0227397679808034,164.90899963378905,165.13999938964844
163.12426781770515,165.13999938964844,61.92335894387565,0.0793391057983615,0.1098817399575011,0.0305426341591395,165.02900085449218,165.19000244140625
163.13250726092838,165.19000244140625,63.16373122755797,0.0884141014546233,0.1247140840796703,0.0362999826250469,165.1010009765625,165.1300048828125
163.14202722322466,165.1300048828125,60.61234469476963,0.0967567798352765,0.1301274933578895,0.0333707135226129,165.12900085449218,165.11500549316406
163.14536391904343,165.11500549316406,59.96027088073101,0.1037432841739318,0.1316893015285529,0.0279460173546211,165.1300018310547,165.22500610351562
163.14800612110454,165.22500610351562,63.09584540856592,0.1110320643574892,0.1401871850917189,0.0291551207342296,165.16000366210938,165.13499450683594
163.15394230670813,165.13499450683594,59.02267184486051,0.1164390682949157,0.1380670840446214,0.0216280157497057,165.15900268554688,165.11000061035156
163.16461855286872,165.11000061035156,57.90486341925562,0.1197190160455985,0.1328388070483299,0.0131197910027313,165.14300231933595,165.07000732421875
163.1698981444885,165.07000732421875,56.07484932025047,0.1205828925288344,0.1240383984617778,0.0034555059329434,165.1310028076172,165.0
163.17446094347125,165.0,52.9219075127533,0.1184953777420423,0.1101453185948742,-0.0083500591471681,165.10800170898438,164.94000244140625
163.1794070688616,164.94000244140625,50.31103380553584,0.1134401181186483,0.0932190796250722,-0.0202210384935761,165.0510009765625,164.60499572753906
163.18853793864534,164.60499572753906,38.80056442029024,0.1011863491529954,0.0521712732903836,-0.0490150758626117,164.94500122070312,164.67999267578125
163.1907739145564,164.67999267578125,41.99971501481526,0.086028965157441,0.0253994291752235,-0.0606295359822175,164.85899963378907,164.38999938964844
163.19536844267165,164.38999938964844,34.49161807853102,0.0650234757045341,-0.0189984821070936,-0.0840219578116277,164.722998046875,164.40499877929688
163.198680733867,164.40499877929688,35.13749176847929,0.0415447543621202,-0.0523701310075352,-0.0939148853696555,164.60399780273437,164.5449981689453
163.20224180173548,164.5449981689453,40.98597435110817,0.0198855721523321,-0.0667511566868199,-0.0866367288391521,164.52499694824218,164.38499450683594
163.20457439707607,164.38499450683594,36.89178779612196,-0.0020958362788127,-0.0900214700033927,-0.0879256337245799,164.48099670410156,164.37559509277344
163.20650798043303,164.37559509277344,36.66011145434717,-0.0232720934372883,-0.1079771220711904,-0.0847050286339021,164.4201171875,164.3300018310547
163.20921442950709,164.3300018310547,35.49568487652681,-0.0435079750378433,-0.1244515014400633,-0.08094352640222,164.40811767578126,164.3699951171875
163.21158230104334,164.3699951171875,37.37473773612584,-0.0613564161068687,-0.1327501803829704,-0.0713937642761017,164.40111694335937,164.5399932861328
163.2131108175462,164.5399932861328,44.74321396105507,-0.0739207457468757,-0.1241780643069034,-0.0502573185600277,164.40011596679688,164.52000427246094
163.21640866003855,164.52000427246094,44.08636692486663,-0.0826648864985775,-0.1176414495053848,-0.0349765630068072,164.42711791992187,164.5050048828125
163.21899242735947,164.5050048828125,43.569490816846766,-0.0886071210610343,-0.1123760593108613,-0.023768938249827,164.4529998779297,164.47999572753906
163.2214065075887,164.47999572753906,42.67117941330024,-0.0926787262647988,-0.1089651470798571,-0.0162864208150582,164.48299865722657,164.44000244140625
163.22405428672369,164.44000244140625,41.20799631078274,-0.0957912529120719,-0.1082413595011644,-0.0124501065890924,164.49700012207032,164.47000122070312
163.22635917120658,164.47000122070312,42.79258847443073,-0.097442543265521,-0.1040477046793171,-0.0066051614137961,164.48300170898438,164.49000549316406
163.22816134517493,164.49000549316406,43.87883838923516,-0.0975501478994931,-0.0979805664353818,-0.0004304185358886,164.477001953125,164.5399932861328
163.22991226376803,164.5399932861328,46.60710502249641,-0.0956646968568375,-0.0881228926862149,0.0075418041706225,164.48399963378907,164.44749450683594
163.23082172366605,164.44749450683594,42.49076335080496,-0.0938866003922564,-0.086774214533932,0.0071123858583243,164.47749938964844,164.36000061035156
163.2332473889667,164.36000061035156,38.98351349284242,-0.0934509299166309,-0.0917082480141289,0.001742681902502,164.4614990234375,164.36500549316406
163.23468576139766,164.36500549316406,39.29219990063908,-0.0935866610553627,-0.0941295856102897,-0.0005429245549269,164.44049987792968,164.33999633789062
163.23557883096606,164.33999633789062,38.25083946230399,-0.0942591239402312,-0.0969489754797052,-0.002689851539474,164.410498046875,164.38999938964844
163.2378279030045,164.38999938964844,41.584381094187705,-0.0942201431728831,-0.0940642201034904,0.0001559230693926,164.38049926757813,164.3800048828125
163.24033328130542,164.3800048828125,41.106701165605,-0.0936819964977642,-0.0915294097972889,0.0021525867004753,164.36700134277345,164.27000427246094
163.24771624428226,164.27000427246094,36.18062397940829,-0.0944006681129166,-0.0972753545735258,-0.0028746864606092,164.3490020751953,164.1699981689453
163.24977291195424,164.1699981689453,32.381357679686815,-0.0972497958857263,-0.1086463069769649,-0.0113965110912386,164.31000061035155,164.1649932861328
163.25265720473865,164.1649932861328,32.19912767806031,-0.1011430943443112,-0.1167162881786509,-0.0155731938343397,164.275,164.52999877929688
163.25874037152366,164.52999877929688,52.98112318042108,-0.0994327905864812,-0.0925915755551614,0.0068412150313198,164.3029998779297,164.47500610351562
163.26187057607046,164.47500610351562,50.47106070273166,-0.0949506630492673,-0.0770221529004118,0.0179285101488555,164.3220001220703,164.53500366210938
163.26574307859107,164.53500366210938,53.08268061755044,-0.0877925328244654,-0.0591600119252575,0.0286325208992078,164.375,164.55999755859375
163.2695777205857,164.55999755859375,54.16689532142325,-0.0787335170107664,-0.0424974537559705,0.0362360632547958,164.4529998779297,164.6584930419922
163.27342991137812,164.6584930419922,58.26041825163318,-0.0672070639912918,-0.021101251913393,0.0461058120778987,164.55169982910155,164.7449951171875
163.27905103176894,164.7449951171875,61.51161003441093,-0.0532050362652638,0.0028030746388481,0.0560081109041119,164.59469909667968,164.76510620117188
163.29311308000774,164.76510620117188,62.24786734937388,-0.0379432500645712,0.0231038947381989,0.0610471448027702,164.65271911621093,164.93499755859375
163.29687178757996,164.93499755859375,67.84393840688227,-0.0198949219836828,0.052298390339871,0.0721933123235538,164.73271789550782,164.8699951171875
163.30194986405684,164.8699951171875,63.9386911378878,-0.0020378980547475,0.0693901976609936,0.0714280957157411,164.79471740722656,164.94000244140625
163.30571494486466,164.94000244140625,66.19557656710893,0.015884696188565,0.0875750731618154,0.0716903769732503,164.85101928710938,164.94500732421875
163.30985565058523,164.94500732421875,66.3576788374254,0.0329525021751413,0.1012237261214465,0.0682712239463052,164.89102172851562,164.89999389648438
163.3148063548078,164.89999389648438,63.41242466846673,0.0477965524816959,0.1071727537079141,0.0593762012262181,164.91799926757812,164.89500427246094
163.31958330618352,164.89500427246094,63.0782131637749,0.0602801016151403,0.110214298148918,0.0499341965337776,164.91000061035157,164.9499969482422
163.32510732100982,164.9499969482422,65.25191336208162,0.0713697115489924,0.1157281512844008,0.0443584397354083,164.9260009765625,164.89500427246094
163.3281433356482,164.89500427246094,61.36148452458775,0.0799642496870913,0.1143424022394867,0.0343781525523954,164.91700134277343,164.6300048828125
163.333835772141,164.6300048828125,46.862071720330434,0.082134220079931,0.09081410165129,0.0086798815713589,164.8540008544922,164.5449981689453
163.3386717691705,164.5449981689453,43.32543444174243,0.0786202094673413,0.0645641670169823,-0.014056042450359,164.7830017089844,164.25
163.34755843614948,164.25,33.793980373133124,0.0668420850667439,0.0197295874643543,-0.0471124976023895,164.65400085449218,164.63999938964844
163.35349681625348,164.63999938964844,49.58486493183072,0.0565714688416092,0.0154890039410702,-0.0410824649005389,164.59200134277344,164.7100067138672
163.36007038485997,164.7100067138672,51.80693506361369,0.0487721203591989,0.017574726429558,-0.0311973939296409,164.55500183105468,164.85000610351562
163.3666123730154,164.85000610351562,55.98490945258483,0.0450530163247118,0.0301766001867633,-0.0148764161379484,164.5990020751953,164.8699951171875
163.37421588855094,164.8699951171875,56.563913792389904,0.0443025201428755,0.0413005354155302,-0.0030019847273452,164.66400146484375,164.4499969482422
163.39212667354465,164.4499969482422,43.589152884924864,0.0386502322092418,0.0160410804747073,-0.0226091517345345,164.7040008544922,164.49000549316406
163.40667031844737,164.49000549316406,44.88606741425093,0.030772119712588,-0.0007403302740272,-0.0315124499866152,164.67400207519532,164.47000122070312
163.41568803787158,164.47000122070312,44.33719471081366,0.0215225948071697,-0.0154755048145034,-0.0369980996216732,164.6260009765625,164.36500549316406
163.4306066839697,164.36500549316406,41.47079972466428,0.0101741706945318,-0.0352195257560197,-0.0453936964505515,164.52900085449218,164.25
127.73999786376952,127.73999786376952,50.0,0.0,0.0,0.0,157.06300201416016,127.90499877929688
127.74768458710795,127.90499877929688,50.0,0.0,0.0,0.0,149.74600067138672,128.0
127.7507509600118,128.0,50.0,0.0,0.0,0.0,142.4520004272461,127.91999816894533
127.75343206399752,127.91999816894533,50.0,0.0,0.0,0.0,135.16299896240236,127.83499908447266
127.75953723189367,127.83499908447266,50.0,0.0,0.0,0.0,127.87999877929687,127.94000244140624
127.7691037900104,127.94000244140624,50.0,0.0,0.0,0.0,127.91999969482421,126.77999877929688
127.66770838752603,126.77999877929688,50.0,0.0,0.0,0.0,127.69499969482422,127.05500030517578
127.6357886231063,127.05500030517578,50.0,0.0,0.0,0.0,127.50599975585938,127.16500091552734
127.61634554088246,127.16500091552734,50.0,0.0,0.0,0.0,127.35500030517578,126.98999786376952
127.58404289906557,126.98999786376952,50.0,0.0,0.0,0.0,127.18600006103516,126.93499755859376
127.5502710035002,126.93499755859376,50.0,0.0,0.0,0.0,126.98499908447266,127.0999984741211
127.54414226496448,127.0999984741211,50.0,0.0,0.0,0.0,127.0489990234375,127.08999633789062
127.50661231575496,127.08999633789062,50.0,0.0,0.0,0.0,127.05599822998047,127.20999908447266
127.50212696138524,127.20999908447266,50.0,0.0,0.0,0.0,127.06499786376953,126.8499984741211
127.47819433069547,126.8499984741211,34.96633812400768,0.0,0.0,0.0,127.03699798583985,126.62000274658205
127.4316816638364,126.62000274658205,32.26636432229023,0.0,0.0,0.0,126.9739990234375,126.91999816894533
127.41142581333774,126.91999816894533,38.89419506745384,0.0,0.0,0.0,126.93799896240235,126.99500274658205
127.4006484262938,126.99500274658205,40.46279886336231,0.0,0.0,0.0,126.91900024414062,126.83000183105467
127.39171846879847,126.83000183105467,38.14310787164863,0.0,0.0,0.0,126.84300079345704,126.75
127.3745044570026,126.75,37.03449752160624,0.0,0.0,0.0,126.82300109863282,127.0500030517578
127.35035597545902,127.0500030517578,43.648696393117234,0.0,0.0,0.0,126.90900115966797,126.87999725341795
127.34524068748291,126.87999725341795,41.01913213696959,0.0,0.0,0.0,126.9010009765625,126.72000122070312
127.3274053077415,126.72000122070312,38.65870819473811,0.0,0.0,0.0,126.84600067138672,126.80500030517578
127.3202205299402,126.80500030517578,40.613850740295725,0.0,0.0,0.0,126.84100036621093,126.8550033569336
127.30395719819208,126.8550033569336,41.78927715781212,0.0,0.0,0.0,126.86200103759765,126.62999725341795
127.29604066139896,126.62999725341795,38.13181200901773,0.0,-0.2576098891340166,-0.2576098891340166,126.77799987792969,126.73999786376952
127.29211644514244,126.73999786376952,40.85704619188079,0.0,-0.2496718054898821,-0.2496718054898821,126.75,126.74500274658205
127.2863946073576,126.74500274658205,40.98442189621799,0.0,-0.2402079965359007,-0.2402079965359007,126.75500030517578,126.37999725341795
127.26436847299556,126.37999725341795,35.05486714182524,0.0,-0.2591731656530101,-0.2591731656530101,126.66999969482421,126.52999877929688
127.24653480132974,126.52999877929688,38.96306842392182,0.0,-0.2591124423481261,-0.2591124423481261,126.60499877929688,126.52999877929688
127.2135017843882,126.52999877929688,38.96306842392181,0.0,-0.2561120187634031,-0.2561120187634031,126.58499908447266,126.3000030517578
127.19742848378957,126.3000030517578,35.196677140649626,0.0,-0.2691898415846054,-0.2691898415846054,126.49700012207032,126.26000213623048
127.1808314045434,126.26000213623048,34.570761113374374,0.0,-0.2795592647876077,-0.2795592647876077,126.4,125.82749938964844
127.13860784183956,125.82749938964844,28.64021934048424,-0.2655150737874376,-0.3189992397903864,-0.0534841660029488,126.2895004272461,125.68000030517578
127.1010406945048,125.68000030517578,26.942711212128188,-0.2840181580033206,-0.3580304948668527,-0.074012336863532,126.11950073242187,125.34010314941406
127.07509633910452,125.34010314941406,23.48791192204496,-0.3095434706910626,-0.4116447214420304,-0.1021012507509678,125.88152160644532,125.77999877929688
127.05159876842872,125.77999877929688,35.088725829487714,-0.3304083110325322,-0.4138676723984105,-0.0834593613658782,125.77752075195312,125.7300033569336
127.03124221514824,125.7300033569336,34.44942443227558,-0.3473028685761256,-0.4148810987504987,-0.0675782301743731,125.67152099609375,125.6999969482422
127.02335278875702,125.6999969482422,34.0484616963183,-0.3605104503917288,-0.4133407776541418,-0.0528303272624129,125.6460205078125,125.95500183105467
127.01546840842192,125.95500183105467,40.39747002598149,-0.3658246137753451,-0.3870812673098101,-0.0212566535344649,125.70102081298828,125.5999984741211
127.00380144115113,125.5999984741211,35.30236218916403,-0.370742841109137,-0.3904157504443049,-0.0196729093351678,125.75299987792968,125.9250030517578
126.99063103286632,125.9250030517578,42.457670534791845,-0.3691248256464711,-0.3626527637958077,0.0064720618506634,125.78200073242188,125.98500061035156
126.98386210990026,125.98500061035156,43.69564225005562,-0.3616963027212717,-0.331982211020474,0.0297140917007977,125.83300018310547,126.0500030517578
126.94776553300372,126.0500030517578,45.074371816020026,-0.3491538267077924,-0.2989839226538748,0.0501699040539175,125.90300140380859,126.40989685058594
126.93494159117851,126.40989685058594,52.072068925306894,-0.3275258337268562,-0.2410138618031112,0.0865119719237449,125.99398040771484,126.4800033569336
126.927627549595,126.4800033569336,53.319689390261146,-0.2994719838669483,-0.1872565844273168,0.1122153994396314,126.16998138427735,126.37000274658205
126.9167574460936,126.37000274658205,51.073180385744166,-0.2699335988358832,-0.1517800587116227,0.1181535401242605,126.25898132324218,126.1500015258789
126.90770288672768,126.1500015258789,46.82401278305509,-0.2439079445848358,-0.1398053275806461,0.1041026170041897,126.29198150634765,125.90499877929688
126.87555631093764,125.90499877929688,42.5758172516112,-0.2248012699207227,-0.1483745712642701,0.0764266986564525,126.26298065185547,126.30999755859376
126.84670110835876,126.30999755859376,50.56081211127198,-0.2040589945242638,-0.1210898929384285,0.0829691015858353,126.24300079345703,126.33000183105467
126.8420284421518,126.33000183105467,50.9238102390362,-0.1825946524177682,-0.0967372839917857,0.0858573684259825,126.21300048828125,126.41000366210938
126.83604550414886,126.41000366210938,52.42814668483465,-0.1601103765298223,-0.0701732729780388,0.0899371035517835,126.22100067138672,126.36990356445312
126.83367825412488,126.36990356445312,51.574768350314095,-0.138440338505325,-0.0517601864073355,0.0866801520979894,126.26498107910156,126.17479705810548
126.8307221992448,126.17479705810548,47.521733079847046,-0.1212139050231448,-0.0523081710944239,0.0689057339287208,126.31894073486328,126.24500274658205
126.82576031609216,126.24500274658205,49.07261837686268,-0.1062793131247058,-0.0465409455309497,0.059738367593756,126.30594177246094,125.9499969482422
126.81648964063108,125.9499969482422,43.28405176642244,-0.0980285122791374,-0.0650253088968639,0.0330032033822735,126.22994079589844,126.12999725341795
126.80477541195198,126.12999725341795,47.36389016395291,-0.0913042762437796,-0.0644073321023483,0.0268969441414312,126.17393951416015,126.1050033569336
126.80155845541272,126.1050033569336,46.85982827217717,-0.0860800191275478,-0.0651829906626204,0.0208970284649273,126.12095947265625,126.23989868164062
126.7914215826504,126.23989868164062,49.95540312089614,-0.0797214140326399,-0.0542869936530081,0.0254344203796317,126.13397979736328,126.1050033569336
126.78928136837384,126.1050033569336,47.006497125317686,-0.0749556250789592,-0.0558924692642364,0.0190631558147228,126.1059799194336,126.31999969482422
126.7846773456522,126.31999969482422,51.88185178464507,-0.0678370329217691,-0.0393626642930087,0.0284743686287604,126.17998046875,126.25499725341795
126.78182030228804,126.25499725341795,50.372938904562126,-0.0604993793299825,-0.0311487649628361,0.0293506143671463,126.20498046875,126.22000122070312
126.7725274813104,126.22000122070312,49.537609875018575,-0.0538295251405229,-0.0271501083826848,0.0266794167578381,126.22798004150391,126.30999755859376
126.77136063708008,126.30999755859376,51.75334674638714,-0.046369352071569,-0.0165286597957532,0.0298406922758158,126.24199981689453,126.12999725341795
126.76759112248337,126.12999725341795,47.28161486294343,-0.0415710116473693,-0.0223776499505703,0.0191933616967989,126.2469985961914,126.16999816894533
126.76068811246355,126.16999816894533,48.34966546377803,-0.037959653301174,-0.0235142199163931,0.0144454333847809,126.21699829101563,126.4749984741211
126.75705639601588,126.4749984741211,55.71658404788281,-0.0303289662344796,0.0001937820322979,0.0305227482667775,126.26099853515625,126.7300033569336
126.75672406395908,126.7300033569336,60.75639795239874,-0.0164414751985004,0.0391084889454163,0.0555499641439167,126.36299896240234,126.30999755859376
126.7415553866712,126.30999755859376,50.55169081926804,-0.0060238196393349,0.0356468025973271,0.041670622236662,126.36299896240234,126.38999938964844
126.73799866265357,126.38999938964844,52.1986323239301,0.0029630115392876,0.0389103362537781,0.0359473247144905,126.41499938964844,126.70999908447266
126.73768531598355,126.70999908447266,58.196219961372414,0.0156805801092968,0.0665508543893338,0.0508702742800369,126.5229995727539,126.61000061035156
126.73731715669742,126.61000061035156,55.83846720881641,0.0284386701757481,0.0794710304415531,0.0510323602658049,126.55,126.52999877929688
126.73636132680468,126.52999877929688,53.955132607778,0.039212158196468,0.0823061102793474,0.0430939520828794,126.50999908447265,126.4749984741211
126.73478398739556,126.4749984741211,52.64061972648948,0.0472101018719353,0.0792018765738049,0.0319917747018695,126.54299926757812,126.27999877929688
126.72678388758474,126.27999877929688,48.16062302443766,0.0498304150855878,0.0603116679401978,0.0104812528546099,126.52099914550782,126.26000213623048
126.72316093843452,126.26000213623048,47.712193774581074,0.048510164202455,0.0432291606699237,-0.0052810035325312,126.43099975585938,126.26000213623048
126.72100371070314,126.26000213623048,47.71219377458107,0.0446786893409612,0.0293527898949861,-0.0153258994459751,126.36100006103516,126.28759765625
126.7191395399568,126.28759765625,48.47995978933224,0.0398125188180663,0.0203478367264864,-0.0194646820915798,126.31251983642578,126.24500274658205
126.71865131273844,126.24500274658205,47.32485455092816,0.0337825961097558,0.0096629052765138,-0.024119690833242,126.26652069091797,126.23999786376952
126.7156918123762,126.23999786376952,47.18260133978192,0.0271825072373503,0.0007821517477282,-0.026400355489622,126.2585205078125,126.51000213623048
126.71410144707156,126.51000213623048,55.03509935957063,0.0248168428639286,0.0153541853702421,-0.0094626574936865,126.3085205078125,126.41000366210938
126.71219284323531,126.41000366210938,51.9543245737768,0.0235772659118121,0.018618958103346,-0.0049583078084661,126.33852081298828,126.5500030517578
126.7072797132333,126.5500030517578,55.6937322604628,0.0252883505491759,0.0321326890986313,0.0068443385494553,126.39100189208985,126.76000213623048
126.70818528328653,126.76000213623048,60.64204338912276,0.0320519303004011,0.0591062493053016,0.0270543190049005,126.49400177001954,126.56500244140624
126.7062361128418,126.56500244140624,54.54968691339402,0.0384435990042503,0.0640102738196475,0.0255666748153971,126.55900268554687,126.69000244140624
126.7061109881804,126.69000244140624,57.49741607750708,0.0461737804893635,0.077094506429816,0.0309207259404525,126.59500274658203,126.74500274658205
126.70620925601636,126.74500274658205,58.76465952261237,0.0551099453281623,0.0908546046833578,0.0357446593551954,126.66200256347656,126.8249969482422
126.7070017784909,126.8249969482422,60.60445653209827,0.0654842026963394,0.1069812321690477,0.0414970294727082,126.71700134277344,126.73999786376952
126.7074967689676,126.73999786376952,57.66057895753121,0.0747106303941024,0.1116163411851545,0.036905710791052,126.71300048828125,126.58000183105467
126.70667689390989,126.58000183105467,52.49181799583848,0.0800110322096782,0.1012126394719814,0.0212016072623031,126.71600036621093,126.61000061035156
126.70628013530838,126.61000061035156,53.33644377915473,0.0828690729164428,0.0943012357435009,0.011432162827058,126.7,126.6750030517578
126.70611774080022,126.6750030517578,55.19523616412776,0.084894666388443,0.0929970402764439,0.0081023738880009,126.68600006103516,126.48999786376952
126.7052379647378,126.48999786376952,49.189523019445765,0.0831471712639225,0.0761571907658407,-0.0069899804980818,126.61900024414062,126.4250030517578
126.70353022694243,126.4250030517578,47.24463347716042,0.0778999203980377,0.0569109169344983,-0.0209890034635393,126.55600128173828,126.58999633789062
126.70306410322831,126.58999633789062,52.390817560949486,0.0731889818365903,0.0543452275908009,-0.0188437542457894,126.55800018310546,126.69000244140624
126.70301468850424,126.69000244140624,55.24082296058302,0.0704898751005711,0.0596934481564943,-0.0107964269440768,126.57400054931641,126.45010375976562
126.70259636090184,126.45010375976562,47.84218164936324,0.0652051331744369,0.0440661654698999,-0.0211389677045369,126.52902069091797,126.70500183105467
126.70260706946851,126.70500183105467,54.77339396827042,0.0624949342747807,0.0516541386761559,-0.0108407955986247,126.572021484375,126.66999816894533
126.70248317067852,126.66999816894533,53.71769816149309,0.0608395805897882,0.0542181658498179,-0.0066214147399702,126.6210205078125,126.75499725341795
126.70260168540136,126.75499725341795,55.93851977572757,0.0611496048637824,0.0623897019597592,0.0012400970959768,126.65402069091797,126.70999908447266
126.7027154675216,126.70999908447266,54.44897450408212,0.0618179461587202,0.0644913113384717,0.0026733651797514,126.65802001953125,126.5749969482422
126.70050439761962,126.5749969482422,50.135579248503866,0.0603810622256286,0.0546335264932622,-0.0057475357323664,126.68299865722656,126.54499816894533
126.69801606402076,126.54499816894533,49.202825042025005,0.057083754077037,0.0438945214826702,-0.0131892325943667,126.65099792480468,126.58999633789062
126.6972585032246,126.58999633789062,50.68492276266766,0.0533810324964145,0.0385701461739245,-0.0148108863224899,126.63499755859375,126.59500122070312
126.6950416196951,126.59500122070312,50.856668366659726,0.0495764922257337,0.0343583311430109,-0.0152181610827228,126.60299835205078,126.53500366210938
126.69477463786768,126.53500366210938,48.66851211854279,0.044837353400244,0.0258807980982851,-0.0189565553019589,126.56799926757813,126.47119903564452
126.6898264573885,126.47119903564452,46.382954830873146,0.0386407008465714,0.0138540906318809,-0.0247866102146905,126.5472396850586,126.56999969482422
126.68907153892398,126.56999969482422,50.27693959778279,0.0333435825308359,0.0121551092678942,-0.0211884732629417,126.55223999023437,126.56999969482422
126.68862355856136,126.56999969482422,50.27693959778279,0.0288119617744481,0.010685478748897,-0.0181264830255511,126.5482406616211,126.54499816894533
126.68645297773465,126.54499816894533,49.227694595707874,0.0245331420739947,0.007417863272181,-0.0171152788018136,126.53824005126953,126.56999969482422
126.68564845836164,126.56999969482422,50.34370205363098,0.0209800447269796,0.006767655338919,-0.0142123893880605,126.5452392578125,126.59500122070312
126.68512848110134,126.59500122070312,51.49195784058647,0.0184191423032732,0.0081755326084476,-0.0102436096948256,126.56999969482422,126.4250030517578
126.68308166928192,126.4250030517578,44.03554284859865,0.0138601727222666,-0.0043757056017597,-0.0182358783240263,126.54100036621094,126.34500122070312
126.68117114378413,126.34500122070312,41.024775187011706,0.0069798694478142,-0.0205413436499952,-0.0275212130978095,126.49600067138672,126.28500366210938
126.67446619986823,126.28500366210938,38.87795516232326,-0.0019678584875807,-0.0377587702291606,-0.0357909117415799,126.44400177001953,126.37000274658205
126.66995072326334,126.37000274658205,43.3970730410467,-0.0103817575670196,-0.0440373538847751,-0.0336555963177555,126.4040023803711,126.37000274658205
126.66615838017168,126.37000274658205,43.3970730410467,-0.0179963304429649,-0.0484546219467461,-0.0304582915037811,126.35900268554687,126.31999969482422
126.662170730274,126.31999969482422,41.313085784082816,-0.025467484856818,-0.0553521025122307,-0.0298846176554126,126.33800201416015,126.36000061035156
126.66114666423404,126.36000061035156,43.64454944244037,-0.0317608603028215,-0.0569343620868352,-0.0251735017840137,126.34100189208985,126.2699966430664
126.65908784566666,126.2699966430664,39.81208041885318,-0.0383496888753827,-0.0647050031656277,-0.026355314290245,126.33800048828125,126.23999786376952
126.65315006659688,126.23999786376952,38.59557847696561,-0.0451695107672329,-0.0724487983346335,-0.0272792875674006,126.31199951171875,126.12999725341795
126.65160633532471,126.12999725341795,34.439950615818304,-0.0534286535046323,-0.0864652244542298,-0.0330365709495975,126.26399841308594,126.0999984741211
126.64554643600354,126.0999984741211,33.38426622289815,-0.0625138150480469,-0.0988544612217054,-0.0363406461736585,126.21999816894531,126.0999984741211
126.6447912210956,126.0999984741211,33.38426622289815,-0.0714979683660637,-0.107434581638131,-0.0359366132720672,126.16799774169922,126.27999877929688
126.6431356543565,126.27999877929688,45.09585331792853,-0.0769130894495618,-0.098573573783554,-0.0216604843339922,126.16999816894531,126.0999984741211
126.64211722662048,126.0999984741211,37.91696513336421,-0.0825038399287706,-0.104866841845606,-0.0223630019168353,126.14199829101562,126.13500213623048
126.64019927028166,126.13500213623048,39.919941618423536,-0.0871650892070772,-0.1058100863203037,-0.0186449971132264,126.14299926757812,126.19000244140624
126.63878579278024,126.19000244140624,43.03011468899336,-0.0899232301341906,-0.1009557938426439,-0.0110325637084533,126.16100006103515,126.29000091552734
126.63721523166085,126.29000091552734,48.27315457549587,-0.0895435828290921,-0.0880249936086983,0.0015185892203938,126.19900054931641,126.2300033569336
126.63659508541816,126.2300033569336,45.56370109189367,-0.0879702704561521,-0.081677020964392,0.0062932494917601,126.18900146484376,126.3000030517578
126.63475823190574,126.3000030517578,49.14975119311889,-0.0844139612893557,-0.0701887246221701,0.0142252366671855,126.2290023803711,126.3550033569336
126.6330107943423,126.3550033569336,51.834580886824696,-0.0787312815128889,-0.0560005624070214,0.0227307191058674,126.27300262451172,126.3550033569336
126.6323646843784,126.3550033569336,51.834580886824696,-0.0718342847807193,-0.044246297852041,0.0275879869286782,126.30600280761719,126.30999755859376
126.63106331852082,126.30999755859376,49.36124823422755,-0.0650920460328694,-0.03812309104147,0.0269689549913994,126.31000213623047,126.2300033569336
126.63042438065638,126.2300033569336,45.23014854068309,-0.0599281487151668,-0.0392725594443561,0.0206555892708106,126.31000213623047,126.33999633789062
126.63004458678176,126.33999633789062,51.26926804825917,-0.0541327631152606,-0.0309512207156359,0.0231815423996246,126.31800079345703,126.30500030517578
126.62885690540848,126.30500030517578,49.40279341432866,-0.0486803383292097,-0.0268706391850059,0.0218096991442037,126.30800018310546,126.33000183105467
126.62828451346128,126.33000183105467,50.78135759465044,-0.0432188627725797,-0.0213729605460599,0.0218459022265197,126.3029998779297,126.25
126.62538636235313,126.25,46.4227349800416,-0.0392158919008577,-0.0232040084139697,0.016011883486888,126.29100036621094,126.33999633789062
126.62345343995116,126.33999633789062,51.46903936057686,-0.0348117058981146,-0.0171949618871423,0.0176167440109723,126.31299896240235,126.45500183105467
126.62216358290536,126.45500183105467,57.03779198755014,-0.0284727323375052,-0.0031168380950674,0.0253558942424377,126.33600006103515,126.5199966430664
126.6214645172888,126.5199966430664,59.8422757037479,-0.020151521505241,0.0131333218238154,0.0332848433290565,126.37899932861328,126.5250015258789
126.62050824680428,126.5250015258789,60.05849312291554,-0.0108983149994572,0.0261145110236782,0.0370128260231354,126.41799926757812,126.44000244140624
126.61906396619592,126.44000244140624,54.6744218199573,-0.002877291321538,0.0292068033901387,0.0320840947116767,126.45599975585938,126.44000244140624
126.61869698981688,126.44000244140624,54.6744218199573,0.0039575066448529,0.0312966985104168,0.0273391918655639,126.4760009765625,126.52999877929688
126.61800269842396,126.52999877929688,59.16916226805567,0.0111173289638209,0.0397566182396929,0.0286392892758719,126.49100036621094,126.44000244140624
126.61647605284278,126.44000244140624,53.4599701122345,0.0166443628826163,0.0387524985577982,0.0221081356751818,126.47500152587891,126.3949966430664
126.61596496194784,126.3949966430664,50.81917234955486,0.0201022833166466,0.0339339650527676,0.013831681736121,126.44900054931641,126.44499969482422
126.61543142893704,126.44499969482422,53.56375461947407,0.0228340059175,0.0337608963209135,0.0109268904034134,126.45,126.3949966430664
126.61489775868878,126.3949966430664,50.52713906580067,0.0241175475675513,0.0292517141677564,0.0051341666002051,126.44099884033203,126.16999816894533
126.61077830506476,126.16999816894533,39.6379068660469,0.0207814240646957,0.0074369300532737,-0.013344494011422,126.36899871826172,126.13999938964844
126.60576327500742,126.13999938964844,38.448154061129344,0.0141986909763702,-0.012132241376932,-0.0263309323533022,126.30899810791016,126.22000122070312
126.6036070798028,126.22000122070312,43.33306629522912,0.0071701444440168,-0.0209440416853965,-0.0281141861294134,126.2739990234375,126.07009887695312
126.60285244795614,126.07009887695312,37.351476379292805,-0.0021773278491517,-0.0395672170218261,-0.0373898891726744,126.19901885986329,126.20500183105467
126.60216610440182,126.20500183105467,44.74372460722739,-0.0103309875267554,-0.0429456262371701,-0.0326146387104147,126.16101989746093,126.21700286865234
126.60186287526447,126.21700286865234,45.36138169467337,-0.017093944315299,-0.0441457714694735,-0.0270518271541744,126.17042083740235,126.12999725341795
126.60024699323291,126.12999725341795,41.72033091705183,-0.0239798733242368,-0.0515235893599879,-0.027543716035751,126.16842041015624,126.05500030517578
126.598602882084,126.05500030517578,38.82726546819418,-0.031723784687074,-0.0626994301384229,-0.0309756454513489,126.13542022705079,126.1322021484375
126.5981336133322,126.1322021484375,43.19415588000764,-0.038295498895397,-0.0645823557286888,-0.0262868568332918,126.14784088134766,126.08000183105467
126.59687861719271,126.08000183105467,41.05982545732891,-0.0445335449065732,-0.0694857289512782,-0.0249521840447049,126.12284088134766,126.12999725341795
126.59538810614512,126.12999725341795,43.91808260661006,-0.0493362967549662,-0.068547304148538,-0.0192110073935718,126.10543975830078,126.13999938964844
126.59486647593648,126.13999938964844,44.49797302395936,-0.052715640198463,-0.0662330139724503,-0.0135173737739872,126.10744018554688,126.26499938964844
126.59427616045872,126.26499938964844,51.27825621459372,-0.0529112164607758,-0.0536935215100271,-0.0007823050492512,126.14944000244141,126.16999816894533
126.59353194931248,126.16999816894533,46.61715424836927,-0.0524961103290205,-0.0508356858019993,0.0016604245270211,126.15699920654296,126.29000091552734
126.59247267387688,126.29000091552734,52.49166676541795,-0.0496857778639511,-0.0384444480036734,0.0112413298602777,126.1989990234375,126.27999877929688
126.59219023448642,126.27999877929688,51.97824065614428,-0.0455678205117819,-0.0290959911031052,0.0164718294086767,126.22899932861328,126.31999969482422
126.5919367714696,126.31999969482422,53.91942734199521,-0.0401040898170355,-0.01824916703805,0.0218549227789855,126.26499938964844,126.23999786376952
126.5912966455342,126.23999786376952,49.60092013209847,-0.035268249411374,-0.0159248877887279,0.0193433616226461,126.25999908447265,126.1999969482422
126.59047980058128,126.1999969482422,47.55024970905926,-0.0316372689900024,-0.0171133473045159,0.0145239216854864,126.26599884033203,126.26499938964844
126.58959573346937,126.26499938964844,51.0890545509571,-0.0278426297345325,-0.0126640727126527,0.0151785570218797,126.26099853515625,126.33499908447266
126.58510742809231,126.33499908447266,54.638433682963445,-0.0229640703195029,-0.0034498326593848,0.0195142376601181,126.27199859619141,126.25
126.583996616752,126.25,49.9028405159931,-0.0189656438814664,-0.0029719381293205,0.0159937057521459,126.25799865722657,126.3000030517578
126.58342112438096,126.3000030517578,52.51044199108169,-0.0148874758378735,0.0014251963364984,0.0163126721743719,126.26999969482422,126.3000030517578
126.58300399713718,126.3000030517578,52.51044199108169,-0.0109391800396051,0.0048540031534685,0.0157931831930736,126.29000091552734,126.26000213623048
126.58230001219798,126.26000213623048,50.09144959414586,-0.0078925204794601,0.0042941177611197,0.0121866382405798,126.28900146484375,126.24250030517578
126.58158109947011,126.24250030517578,49.02724636993142,-0.0058319428162304,0.0024103678366884,0.0082423106529188,126.27050170898437,126.25990295410156
126.57915509132714,126.25990295410156,50.16107186718724,-0.0042064997914261,0.0022952723077906,0.0065017720992168,126.2724822998047,126.18000030517578
126.57577193584032,126.18000030517578,45.19071225602836,-0.0042042117702154,-0.0041950596853723,9.152084843055444e-06,126.24848175048828,126.19499969482422
126.57418075717624,126.19499969482422,46.267074810515865,-0.0049705170508077,-0.0080357381731772,-0.0030652211223694,126.22748107910157,126.16999816894533
126.573150153516,126.16999816894533,44.69161235967556,-0.0065659466633492,-0.0129476651135149,-0.0063817184501657,126.20948028564453,126.16999816894533
126.57273831354176,126.16999816894533,44.69161235967556,-0.0085824551671397,-0.0166484891823017,-0.008066034015162,126.19497985839844,126.19000244140624
126.5697603745742,126.19000244140624,46.385724174460144,-0.010418461419334,-0.0177624864281114,-0.0073440250087773,126.18099975585938,126.0999984741211
126.55776121911244,126.0999984741211,40.39111960692443,-0.0134573008261438,-0.0256126584533831,-0.0121553576272392,126.16499938964844,126.23999786376952
126.55562036544772,126.23999786376952,50.9990341422055,-0.0148264713618378,-0.0203031535046136,-0.0054766821427758,126.1739990234375,126.26499938964844
126.55540998714416,126.26499938964844,52.62059663697816,-0.0146446743433628,-0.013917486269463,0.0007271880738997,126.19299926757813,126.3249969482422
126.55517637703794,126.3249969482422,56.3533691446885,-0.0125096868280883,-0.0039697367669901,0.0085399500610981,126.2239990234375,126.4250030517578
126.55479656903908,126.4250030517578,61.761207659725976,-0.0076383458422576,0.011847018101065,0.0194853639433227,126.27099914550782,126.58999633789062
126.554888191624,126.58999633789062,68.66030410662455,0.0013425055948561,0.0372659113433115,0.0359234057484554,126.36899871826172,126.50700378417967
126.55477786694374,126.50700378417967,62.54730683289474,0.0111011699310667,0.0501358272759091,0.0390346573448423,126.42239990234376,126.37999725341795
126.55418107439333,126.37999725341795,54.5440384969892,0.0187841701812489,0.0495161711819776,0.0307320010007286,126.44539947509766,126.31500244140624
126.55380865900744,126.31500244140624,50.951101025737536,0.02368366163673,0.0432816274586542,0.0195979658219242,126.44340057373047,126.38999938964844
126.55314869948796,126.38999938964844,54.66227785683343,0.0277242169190817,0.0438864380484886,0.0161622211294069,126.4363998413086,126.33000183105467
126.55076502214914,126.33000183105467,51.31710037558664,0.0299941799594299,0.0390740321208227,0.0090798521613927,126.3844009399414,126.29000091552734
126.55027232043638,126.29000091552734,49.15717192589346,0.0303288208228416,0.0316673842764885,0.0013385634536468,126.34100036621093,126.33999633789062
126.55005589809645,126.33999633789062,51.88313265065008,0.0301614190587998,0.0294918120026324,-0.0006696070561674,126.33300018310547,126.37000274658205
126.54930508479224,126.37000274658205,53.49474428226369,0.030098112929636,0.0298448884129811,-0.0002532245166549,126.34400024414063,126.4000015258789
126.54901884019792,126.4000015258789,55.11339827031576,0.0305133838550858,0.0321744675568851,0.0016610837017992,126.34600067138672,126.41999816894533
126.54883457379654,126.41999816894533,56.20757918023656,0.0314563370058198,0.0352281496087556,0.0037718126029357,126.36399993896484,126.41500091552734
126.54849412846892,126.41500091552734,55.84123744146003,0.0325291763754838,0.03682053385414,0.0042913574786561,126.38899993896484,126.375
126.54688907727189,126.375,52.87073372546527,0.0329148540804997,0.0344575649005634,0.0015427108200636,126.39600067138672,126.33000183105467
126.54623497100968,126.33000183105467,49.66979730522025,0.0320566751890689,0.0286239596233457,-0.0034327155657232,126.38800048828125,126.33499908447266
126.54590458015042,126.33499908447266,50.031605435516106,0.0304705228485581,0.0241259134865146,-0.0063446093620435,126.375,126.39009857177734
126.54464187177136,126.39009857177734,53.9614231002958,0.0293208712342459,0.0247222647769973,-0.0045986064572486,126.3690200805664,126.45989990234376
126.54338303988472,126.45989990234376,58.42246747379864,0.0295518877215059,0.0304759536705461,0.0009240659490401,126.37799987792968,126.25
126.54183152232687,126.25,44.46843531546722,0.0272199848802126,0.0178923735150391,-0.0093276113651734,126.35299987792969,126.24500274658205
126.54093641992414,126.24500274658205,44.1977753297674,0.023262167944771,0.0074309002030048,-0.0158312677417662,126.33600006103515,126.24500274658205
126.54067561525878,126.24500274658205,44.1977753297674,0.0184397156718483,-0.0008500934198423,-0.0192898090916907,126.31800079345703,126.24500274658205
126.54047502508564,126.24500274658205,44.1977753297674,0.0132860997950463,-0.0073283637121619,-0.0206144635072082,126.28898162841797,126.24500274658205
126.53877789514792,126.24500274658205,44.1977753297674,0.0081647963383122,-0.012320417488624,-0.0204852138269362,126.24600219726562,126.23999786376952
126.53860514578552,126.23999786376952,43.83833440401002,0.0032337536656134,-0.0164904170251816,-0.019724170690795,126.24400177001954,126.16999816894533
126.53772943654477,126.16999816894533,39.05441192247088,-0.0024437184551813,-0.0251536069383604,-0.0227098884831791,126.22900085449218,126.02999877929688
126.53501441076656,126.02999877929688,31.621939991034026,-0.0105194543902955,-0.0428223981307525,-0.0323029437404569,126.18600006103516,126.1999969482422
126.53267812931718,126.1999969482422,45.24789072726528,-0.0169388347366272,-0.0426163561219539,-0.0256775213853266,126.17699890136718,126.33000183105467
126.53207072577791,126.33000183105467,52.96678068441963,-0.0198707699563379,-0.031598510835181,-0.011727740878843,126.19399871826172,126.3499984741211
126.53025077079168,126.3499984741211,54.040066767163545,-0.0200988209793679,-0.0210110250714876,-0.0009122040921197,126.21599884033203,126.1500015258789
126.52964573406156,126.1500015258789,43.37819951107808,-0.021765200182677,-0.0284307169959134,-0.0066655168132364,126.21199951171874,126.09010314941406
126.5292820460102,126.09010314941406,40.78298776108145,-0.0251517775921905,-0.0386980872302444,-0.0135463096380539,126.2240203857422,126.20500183105467
126.52852311711956,126.20500183105467,47.29663586809512,-0.0275485445793931,-0.0371356125282034,-0.0095870679488103,126.22502136230469,126.12999725341795
126.52785511445929,126.12999725341795,43.90180904418568,-0.0303331406082751,-0.0414715247238035,-0.0111383841155283,126.18502044677734,125.96499633789062
126.52214008198432,125.96499633789062,37.52138551211544,-0.0357782051177944,-0.0575584631558712,-0.0217802580380768,126.10802001953125,125.97049713134766
126.5208772319305,125.97049713134766,37.84569672327256,-0.0424360527364633,-0.0690674432111393,-0.0266313904746759,126.072119140625,125.63999938964844
126.51753759786216,125.63999938964844,28.33058395728776,-0.0546812120336403,-0.1036618492223482,-0.0489806371887078,125.98209838867187,125.5199966430664
126.50791794906196,125.5199966430664,25.7946685636536,-0.0715764227537146,-0.1391572656340116,-0.067580842880297,125.84509735107422,125.57009887695312
126.5018052207582,125.57009887695312,28.66563820990163,-0.0895380317296823,-0.1613844676335531,-0.0718464359038708,125.73311767578124,125.69499969482422
126.50103499383876,125.69499969482422,35.37787966859106,-0.1050296663628481,-0.1669962048955113,-0.0619665385326632,125.67911834716797,125.68499755859376
126.50023214294586,125.68499755859376,35.093104090610225,-0.1180812662300145,-0.1702876656986802,-0.0522063994686657,125.62201843261718,125.66999816894533
126.49705847446457,125.66999816894533,34.642755430917234,-0.1288894885557883,-0.1721223778588836,-0.0432328893030952,125.62801818847656,125.78500366210938
126.49554762549168,125.78500366210938,40.90470643508112,-0.1355964097349411,-0.162424094451552,-0.0268276847166109,125.68101959228515,125.88500213623048
126.48883144757538,125.88500213623048,45.770061242402285,-0.1374766580228684,-0.1449976511745774,-0.007520993151709,125.74400024414062,125.6999969482422
126.48439654109345,125.6999969482422,39.32017210489492,-0.1388713881391416,-0.1444503086042345,-0.0055789204650929,125.74499969482422,125.73999786376952
126.48336785065248,125.73999786376952,41.24798220244193,-0.1389339835848527,-0.1391843653676971,-0.0002503817828444,125.75599975585938,125.88999938964844
126.47633715677624,125.88999938964844,47.92877679316262,-0.1354484960803776,-0.1215065460624771,0.0139419500179005,125.8,126.09110260009766
126.47581554397269,126.09110260009766,55.272088486994846,-0.1264046551447384,-0.0902292914021813,0.036175363742557,125.86121978759766,125.9499969482422
126.47555631297884,125.9499969482422,49.94936125808844,-0.1163141955328448,-0.0759523570852707,0.0403618384475741,125.87421875,126.16000366210938
126.4735850255922,126.16000366210938,56.64164820103702,-0.1024810561317769,-0.0471484985275054,0.0553325576042715,125.96622009277344,126.1449966430664
126.47328494288368,126.1449966430664,56.06474793243765,-0.0870330867395306,-0.0252412091705451,0.0617918775689854,126.0472198486328,126.18000030517578
126.47258658389588,126.18000030517578,57.16074772884702,-0.070625952280491,-0.0049974144443325,0.0656285378361584,126.10522003173828,126.29000091552734
126.47226279879254,126.29000091552734,60.4958302561916,-0.0525617545153497,0.0196950365452153,0.072256791060565,126.14499969482422,126.3000030517578
126.47195016790212,126.3000030517578,60.79470675269495,-0.0341265195565691,0.0396144202785535,0.0737409398351226,126.21500091552734,126.2479019165039
126.47163639345996,126.2479019165039,58.319553359823566,-0.0171785930947039,0.0506131127527567,0.0677917058474606,126.23258056640626,126.37999725341795
126.471288832019,126.37999725341795,62.489359067032346,9.533634429707492e-05,0.0691910541003011,0.069095717756004,126.27958068847656,126.37000274658205
126.47115583011104,126.37000274658205,61.984090531362575,0.0165083963984974,0.0821606366152991,0.0656522402168016,126.31758117675781,126.22000122070312
126.47046808902016,126.22000122070312,54.819808279231054,0.0290906677584171,0.0794197531980955,0.0503290854396784,126.30358123779297,126.1999969482422
126.46922754657614,126.1999969482422,53.92466677989076,0.0382268315235958,0.0747714865843107,0.0365446550607149,126.28358001708985,126.21499633789062
126.46875992483814,126.21499633789062,54.52427737444113,0.0448762888292017,0.0714741180516256,0.0265978292224238,126.2769989013672,126.26000213623048
126.46847887930753,126.26000213623048,56.35942433949706,0.0502343102490847,0.0716663959286165,0.0214320856795318,126.25299987792968,126.13999938964844
126.46609535221192,126.13999938964844,50.506826026316624,0.0524729404494735,0.0614274612510286,0.008954520801555,126.20699920654297,126.05500030517578
126.46382251859517,126.05500030517578,46.7997345393138,0.0511633367769752,0.0459249220869821,-0.005238414689993,126.1739990234375,125.75
126.45908497864528,125.75,36.45886459942103,0.0427157071134034,0.0089251884591163,-0.0337905186542871,126.08399963378906,125.88999938964844
126.45454605729456,125.88999938964844,42.71576648016183,0.0323731905099846,-0.0089968759036906,-0.0413700664136753,126.01900024414063,125.69930267333984
126.4512452163602,125.69930267333984,37.32439880217099,0.0182689275105575,-0.0381481244871508,-0.0564170519977084,125.9068603515625,125.55500030517578
126.4471248009172,125.55500030517578,33.843430618049936,0.0002023449337509,-0.0720639853734752,-0.0722663303072262,125.78986053466797,125.62999725341795
126.4408205999743,125.62999725341795,37.12541981754289,-0.0182045913564505,-0.0918323365172568,-0.0736277451608062,125.70485992431641,125.55999755859376
126.43950806264156,125.55999755859376,35.362067633362855,-0.0369352450459016,-0.1118578598037061,-0.0749226147578044,125.66685943603515,125.6449966430664
126.43804318692612,125.6449966430664,39.142033746207325,-0.0534466130683044,-0.1194920851579155,-0.066045472089611,125.61785888671875,125.62000274658205
126.4370061694194,125.62000274658205,38.43036263742143,-0.0679783700123449,-0.1261053977885069,-0.0581270277761619,125.60199890136718,125.4800033569336
126.43356187497751,125.4800033569336,34.63204764628456,-0.0825862384122562,-0.1410177120119016,-0.0584314735996453,125.58699951171874,125.49500274658205
126.43219714649844,125.49500274658205,35.36908404160614,-0.0960485061539729,-0.1498975771208393,-0.0538490709668663,125.56000061035157,125.63500213623048
126.42940358578512,125.63500213623048,41.94832846381629,-0.1056344968067828,-0.1439784594180224,-0.0383439626112396,125.5750015258789,125.58999633789062
126.42868712571364,125.58999633789062,40.52030473525782,-0.1127656774473026,-0.1412904000093817,-0.0285247225620791,125.56400146484376,125.58499908447266
126.42677975773952,125.58499908447266,40.35602773535997,-0.1178071149274042,-0.1379728648478106,-0.0201657499204064,125.55700073242187,125.55999755859376
126.42486269054132,125.55999755859376,39.49335142026515,-0.1214048398948412,-0.135795739764589,-0.0143908998697478,125.5729995727539,125.5500030517578
126.42326030114604,125.5500030517578,39.13321706575152,-0.1237918254724728,-0.1333397677829992,-0.0095479423105264,125.58399963378906,125.50499725341795
126.42098657844556,125.50499725341795,37.475977417109526,-0.125730707944518,-0.1334862378326988,-0.0077555298881808,125.55799865722656,125.5250015258789
126.41786611081116,125.5250015258789,38.71823036399972,-0.126681366448328,-0.1304840004635679,-0.0038026340152398,125.54499969482421,125.4800033569336
126.4166796331185,125.4800033569336,36.94027828441913,-0.1273919772696649,-0.1302344205550127,-0.0028424432853478,125.52400054931641,125.4000015258789
126.41413141408282,125.4000015258789,33.95491638493296,-0.128900909865457,-0.1349366402486254,-0.0060357303831683,125.49200134277343,125.43499755859376
126.40782192962986,125.43499755859376,36.37713649188088,-0.1299789818331132,-0.1342912697037377,-0.0043122878706245,125.46900024414063,125.34500122070312
126.40310898214749,125.34500122070312,33.023002730238886,-0.1318700750096705,-0.1394344477158995,-0.007564372706229,125.43700103759765,125.4499969482422
126.3998729653878,125.4499969482422,39.976519640692025,-0.1321959158138169,-0.1334992790304028,-0.0013033632165858,125.42200012207032,125.4000015258789
126.39899104967954,125.4000015258789,37.955825504852896,-0.1320199521731125,-0.1313160976102949,0.0007038545628176,125.40599975585937,125.3301010131836
126.39688608481934,125.3301010131836,35.27138998270806,-0.1323530132118286,-0.1336852573666931,-0.0013322441548644,125.39201965332032,125.3000030517578
126.39429232325448,125.3000030517578,34.15137424921201,-0.1331661975547451,-0.1364189349264108,-0.0032527373716657,125.36502075195312,125.2249984741211
126.38750321748348,125.2249984741211,31.469566273857723,-0.1351308269453412,-0.1429893445077255,-0.0078585175623842,125.34102020263671,125.2699966430664
126.38268060965146,125.2699966430664,34.77860125007173,-0.1366882606722743,-0.1429179955800066,-0.0062297349077323,125.30502014160156,125.31999969482422
126.37705696287723,125.31999969482422,38.34145116869704,-0.1367995191144117,-0.1372445528829615,-0.0004450337685497,125.28901977539063,125.34500122070312
126.36709793821343,125.34500122070312,40.10328565786087,-0.1352878320346007,-0.1292410837153568,0.0060467483192439,125.29199981689453,125.2750015258789
126.36107343844894,125.2750015258789,36.92221126224196,-0.1336466151907654,-0.1270817478154242,0.0065648673753412,125.28699951171875,125.41999816894533
126.35629073001824,125.41999816894533,46.405529769287,-0.1293923024737572,-0.1123750516057242,0.0170172508680329,125.3259994506836,125.83999633789062
126.35469073810948,125.83999633789062,63.515960080367385,-0.116727433271913,-0.0660679564645363,0.0506594768073767,125.43999938964843,125.69499969482422
126.3515947987294,125.69499969482422,56.776781657357525,-0.1015021948997099,-0.0406012414108971,0.0609009534888127,125.51499938964844,125.69499969482422
126.35047982350052,125.69499969482422,56.77678165735752,-0.0852389548541433,-0.0201859946718769,0.0650529601822663,125.58499908447266,125.63999938964844
126.34843759579552,125.63999938964844,54.24481023194061,-0.0698608823122829,-0.0083485921448414,0.0615122901674415,125.65799865722656,125.5500030517578
126.34505539603394,125.5500030517578,50.292629525827486,-0.0571203715137946,-0.0061583283198416,0.050962043193953,125.68399963378906,125.70999908447266
126.34359219088137,125.70999908447266,56.37758450312393,-0.0440180798088089,0.0083910870111338,0.0524091668199428,125.65800018310547,125.7074966430664
126.34132810447872,125.7074966430664,56.261576523289385,-0.0313154735054448,0.0194949517080118,0.0508104252134566,125.6604995727539,125.7750015258789
126.3404699739123,125.7750015258789,58.72867114004092,-0.0183808986031784,0.0333574010058868,0.0517382996090652,125.67649993896484,125.93319702148438
126.33916608195103,125.93319702148438,63.87164666243343,-0.0034131715418499,0.0564577367034644,0.0598709082453143,125.73513946533203,125.93000030517578
126.3387158797107,125.93000030517578,63.69890676785425,0.0120010404852062,0.0736578885934307,0.0616568481082244,125.81113891601562,125.93499755859376
126.33817762868873,125.93499755859376,63.86343610666002,0.0269394376345248,0.0866930262317993,0.0597535885972744,125.85613861083985,126.0749969482422
126.33728379776672,126.0749969482422,68.21041875981146,0.0429687158416045,0.1070858286699234,0.0641171128283188,125.929638671875,126.0199966430664
126.336862775816,126.0199966430664,64.9070535710531,0.0578660237695926,0.1174552554815449,0.0595892317119522,125.9786376953125,126.11000061035156
126.33652612456012,126.11000061035156,67.66660456011113,0.0725769655166895,0.1314207325050773,0.0588437669883877,126.01399841308594,126.12000274658205
126.3356913306756,126.12000274658205,67.96805621950227,0.0863940853336836,0.1416625646016598,0.0552684792679761,126.05199890136718,125.95500183105467
126.33445670650248,125.95500183105467,58.31003912311965,0.0960972557931968,0.1349099376312494,0.0388126818380526,126.05599975585938,125.8000030517578
126.33330409638742,125.8000030517578,50.981427325107205,0.1000212861849122,0.1157174077517737,0.0156961215668615,126.0010009765625,125.98500061035156
126.33197441297628,125.98500061035156,57.79891557596775,0.1028409186423062,0.1141194484718823,0.0112785298295761,125.99400177001954,125.94989776611328
126.33164566592092,125.94989776611328,56.201661929268255,0.1040260854432506,0.1087667526470284,0.0047406672037777,125.96198120117188,125.96499633789062
126.33073665682008,125.96499633789062,56.75522370933749,0.1041284648369063,0.1045379824115286,0.0004095175746223,125.9309799194336,125.97000122070312
126.32998555769646,125.97000122070312,56.94945974259092,0.103389327311571,0.10043277721023,-0.002956550101341,125.93397979736328,125.87000274658205
126.32834375230766,125.87000274658205,51.93061506709314,0.100330427653355,0.0880948290204912,-0.0122355986328638,125.94797973632812,125.9000015258789
126.32812892660336,125.9000015258789,53.26133107060731,0.0962278382698351,0.0798174807357554,-0.0164103575340797,125.9309799194336,125.80999755859376
126.32531099133178,125.80999755859376,48.88846690825777,0.0900308654608967,0.0652429742251428,-0.0247878912357538,125.90299987792969,125.94499969482422
126.32428792658727,125.94499969482422,54.87328995734452,0.0847947109329115,0.0638500928209708,-0.0209446181119406,125.89900054931641,125.87000274658205
126.3233546502081,125.87000274658205,51.28096025139947,0.0790454697559826,0.0560485050482668,-0.0229969647077157,125.87900085449219,125.87000274658205
126.3227968438371,125.87000274658205,51.280960251399456,0.0730958599154748,0.0492974205534437,-0.023798439362031,125.87900085449219,125.80999755859376
126.32152929486604,125.80999755859376,48.34416397763712,0.0662086032784135,0.0386595767301685,-0.027549026548245,125.86100006103516,125.7500991821289
126.32083384280564,125.7500991821289,45.54049733543464,0.0579881427554725,0.0251063006637082,-0.0328818420917642,125.8490203857422,125.73999786376952
126.3195269570757,125.73999786376952,45.06584293660148,0.0490696586476611,0.0133957222164156,-0.0356739364312455,125.80802001953126,125.70500183105467
126.31858291187189,125.70500183105467,43.37896235620924,0.0395110076133285,0.0012764034759982,-0.0382346041373303,125.77501983642578,125.70500183105467
126.3175865120324,125.70500183105467,43.37896235620923,0.0299621390550817,-0.0082333351779055,-0.0381954742329873,125.74201965332031,125.71499633789062
126.3171333950884,125.71499633789062,44.07234879379651,0.0210111361756064,-0.0147928753422945,-0.035804011517901,125.72301940917968,125.80999755859376
126.31630559331906,125.80999755859376,50.30232120284904,0.0143718906445862,-0.0121850914794947,-0.0265569821240809,125.73499908447266,125.77999877929688
126.31525926791323,125.77999877929688,48.46637821723973,0.0090182806060283,-0.0123961595482029,-0.0214144401542313,125.74299926757813,125.83000183105467
126.31446098498282,125.83000183105467,51.635065490087406,0.0055283420729125,-0.0084314120595507,-0.0139597541324633,125.76799926757812,125.75499725341795
126.31204130866465,125.75499725341795,46.96973156338925,0.0021802106388906,-0.0112123150971967,-0.0133925257360874,125.77799835205079,125.8000030517578
126.31025177788064,125.8000030517578,49.89511918238326,-0.0001904521843667,-0.0096731034773966,-0.0094826512930299,125.79499969482421,125.83499908447266
126.30952192068484,125.83499908447266,52.1075109289824,-0.0012654072148425,-0.0055652273367456,-0.0042998201219031,125.8,125.8499984741211
126.30887199529808,125.8499984741211,53.06410256467617,-0.0012296961633333,-0.0010868519572966,0.0001428442060367,125.81399993896484,125.82720184326172
126.30631020766803,125.82720184326172,51.38425079185095,-0.0008606173659343,0.0006156978236617,0.0014763151895961,125.81343994140624,125.84500122070312
126.3056494910189,125.84500122070312,52.64479106181844,-1.599765175841787e-05,0.0033624812049453,0.0033784788567037,125.83144073486328,125.9499969482422
126.30443086341684,125.9499969482422,59.3417802579206,0.0027575875076873,0.0138519281454705,0.0110943406377831,125.86143951416015,126.01000213623048
126.30385932726018,126.01000213623048,62.59727461323027,0.0075458775496227,0.0266990377173641,0.0191531601677414,125.89644012451171,126.01499938964844
126.30362418474374,126.01499938964844,62.86395525447372,0.0134084651826598,0.0368588157148082,0.0234503505321483,125.92944030761718,125.8541030883789
126.3019383759376,125.8541030883789,50.40316880318637,0.0170395080816229,0.0315636796774754,0.0145241715958524,125.93482055664063,125.90499877929688
126.30110880828632,125.90499877929688,53.54034809569772,0.0198546912422325,0.0311154238846711,0.0112607326424385,125.94682006835937,125.95999908447266
126.30049764641292,125.95999908447266,56.725883171296346,0.0228431776603846,0.0347971233329928,0.0119539456726082,125.94882049560547,125.87999725341795
126.2995563413738,125.87999725341795,51.22413641041459,0.0244551790942925,0.0309031848299241,0.0064480057356316,125.92281951904297,125.875
126.29904126936056,125.875,50.89209990735311,0.0249844560685571,0.0271015639656155,0.0021171078970584,125.89481964111329,125.81999969482422
126.29847638277924,125.81999969482422,47.26104423234959,0.0238729143781868,0.0194267476167055,-0.0044461667614812,125.88799896240235,125.8249969482422
126.29741793159673,125.8249969482422,47.62667575840362,0.0218165252477053,0.0135909687257793,-0.0082255565219259,125.8719985961914,125.86000061035156
126.29615846998831,125.86000061035156,50.2295345257169,0.0197844620738956,0.0116562093786569,-0.0081282526952387,125.85199890136718,125.93000030517578
126.29565187176532,125.93000030517578,55.041471182297336,0.0189458815047079,0.0155915592279569,-0.0033543222767509,125.86199951171875,125.88999938964844
126.2952815198363,125.88999938964844,51.950490305523175,0.0182179397484347,0.0153061727233421,-0.0029117670250926,125.86499938964843,125.86499786376952
126.29428255900262,125.86499786376952,50.05830488934802,0.0171570970532338,0.0129137262724299,-0.0042433707808038,125.8739990234375,125.76499938964844
126.29324533866436,125.76499938964844,43.2698495293144,0.0143086878802718,0.0029150511884239,-0.0113936366918478,125.86199951171875,125.76399993896484
126.29180005249472,125.76399993896484,43.20678292645585,0.0104406269396251,-0.0050316168229613,-0.0154722437625865,125.84279937744141,125.83000183105467
126.29016698231092,125.83000183105467,48.54082650269178,0.0071654635105734,-0.0059351902056334,-0.0131006537162069,125.82279968261719,125.83499908447266
126.2895207382406,125.83499908447266,48.93190989753313,0.0044970029532541,-0.0061768392760228,-0.010673842229277,125.81179962158203,125.9000015258789
126.28908018079048,125.9000015258789,53.84554779642129,0.0033755235228482,-0.0011103941987755,-0.0044859177216238,125.81880035400391,125.9499969482422
126.28740133866944,125.9499969482422,57.25237989627592,0.0040724059609828,0.0068599357135212,0.0027875297525384,125.85579986572266,125.9499969482422
126.28705668831908,125.9499969482422,57.25237989627592,0.0058631888248953,0.0130263202805451,0.0071631314556498,125.89299926757812,125.9800033569336
126.28602452846906,125.9800033569336,59.34140034786666,0.008711102818687,0.020102758793854,0.0113916559751669,125.92299957275391,125.875
126.28487257543006,125.875,50.11248725684257,0.0103771921686133,0.0170415495683187,0.0066643573997053,125.93099975585938,125.875
126.2845602945308,125.875,50.11248725684256,0.0111915458506656,0.0144489605788749,0.0032574147282092,125.92599945068359,125.91000366210938
126.28380495995609,125.91000366210938,52.94196461892405,0.0119623135396988,0.0150453842958313,0.0030830707561325,125.91800079345703,125.93499755859376
126.2832819226021,125.93499755859376,54.90855405154874,0.0130368559453623,0.0173350255680162,0.0042981696226539,125.91500091552734,125.9800033569336
126.2825224926668,125.9800033569336,58.28882504927603,0.0149337967651065,0.0225215600440833,0.0075877632789768,125.91500091552734,126.02249908447266
126.28200490589342,126.02249908447266,61.24320719939232,0.0178907175757957,0.0297184008185524,0.0118276832427567,125.94450073242187,125.97000122070312
126.28072987256536,125.97000122070312,55.96915922277735,0.0204786573150329,0.0308304162719821,0.0103517589569491,125.9635009765625,125.90499877929688
126.27994453547495,125.90499877929688,50.20416806724844,0.0216159117988622,0.026164929734179,0.0045490179353168,125.9625,125.94000244140624
126.27948179133776,125.94000244140624,53.01098874279824,0.0222934840595636,0.0250037731023695,0.0027102890428058,125.9635009765625,126.00499725341795
126.2792647643908,126.00499725341795,57.770747690597325,0.0236335598568247,0.0289938630458692,0.0053603031890444,125.96849975585937,125.97000122070312
126.2782963126204,125.97000122070312,54.56570911496298,0.024706424122137,0.0289978811833861,0.0042914570612491,125.95800018310547,125.98999786376952
126.27719384692998,125.98999786376952,56.065577526835504,0.0258182878813588,0.030265742918246,0.0044474550368871,125.96199951171874,126.0199966430664
126.2766180907148,126.0199966430664,58.29011423432383,0.0273160779347321,0.0333072381482253,0.0059911602134931,125.98499908447266,125.98999786376952
126.27605404757112,125.98999786376952,55.27602475777856,0.0284363706129545,0.032917541325844,0.0044811707128894,125.99499816894532,126.03500366210938
126.27465314758496,126.03500366210938,58.72432438576514,0.0299145566427454,0.0358273007619089,0.0059127441191635,126.0009994506836,126.0199966430664
126.2739842728724,126.0199966430664,57.14222985984754,0.031231964787754,0.0365015973677884,0.0052696325800344,126.01099853515625,126.1344985961914
126.27345681443876,126.1344985961914,64.91006657152325,0.0341351675799134,0.045747978748551,0.0116128111686376,126.03989868164062,126.18000030517578
126.27308170929416,126.18000030517578,67.43592367577176,0.0385282772873025,0.0561007161168589,0.0175724388295564,126.0718994140625,126.21499633789062
126.27292429742428,126.21499633789062,69.26819621832635,0.0440954652400142,0.0663642170508609,0.0222687518108467,126.11689910888671,126.1999969482422
126.27271009433989,126.1999969482422,67.51476188283085,0.0497668925130015,0.0724526016049509,0.0226857090919493,126.14989776611328,126.1875
126.27231343027952,126.1875,66.0153679687383,0.0548935390579937,0.0754001252379623,0.0205065861799686,126.1833984375,126.22000122070312
126.2721662372648,126.22000122070312,68.00546042411324,0.0598034048283502,0.0794428679097762,0.019639463081426,126.20049896240235,126.21399688720705
126.27203375081896,126.21399688720705,67.22229441581169,0.0640879136413412,0.0812259488933051,0.0171380352519639,126.2072982788086,126.18000030517578
126.27133395740287,126.18000030517578,62.8116183722314,0.0670673948672431,0.0789853197708509,0.0119179249036078,126.20029907226562,126.16000366210938
126.2698893779134,126.16000366210938,60.30520250375643,0.0686008258345101,0.074734549703578,0.0061337238690679,126.19230041503906,126.0
126.26878401117312,126.0,44.87490758565817,0.0664383953910161,0.0577886736170398,-0.0086497217739762,126.15480041503906,125.93499755859376
126.26740599294702,125.93499755859376,40.35713651958857,0.060884326262634,0.0386680497491056,-0.0222162765135283,126.0977996826172,125.93499755859376
126.2665448013044,125.93499755859376,40.35713651958857,0.0533568294997135,0.0232468424480316,-0.0301099870516818,126.04199981689453,125.97000122070312
126.26437263048552,125.97000122070312,43.88531359576623,0.045423882323835,0.013692093620321,-0.0317317887035139,126.0,125.93000030517578
126.26159048772033,125.93000030517578,40.90725423819964,0.0369109434225238,0.002859187817279,-0.0340517556052448,125.95399932861328,125.90499877929688
126.2604500261926,125.90499877929688,39.120362341718646,0.0279977270184452,-0.0076551385978689,-0.0356528656163142,125.93499908447265,125.86000061035156
126.25741596686044,125.86000061035156,36.06672363685357,0.0185191379748181,-0.0193952181996905,-0.0379143561745087,125.91999969482421,125.8550033569336
126.25259966902836,125.8550033569336,35.73313814328537,0.0090611304929619,-0.0287708994344626,-0.0378320299274246,125.90400085449218,125.95999908447266
126.25108911526203,125.95999908447266,46.85521847082324,0.0017663208774299,-0.0274129175846979,-0.0291792384621279,125.9020004272461,125.93000030517578
126.24261474760648,125.93000030517578,44.48634275341018,-0.0042728710550444,-0.0284296387849423,-0.0241567677298978,125.9020004272461,125.91000366210938
126.2368572912886,125.91000366210938,42.92834561402358,-0.0095177777524704,-0.0304974045421744,-0.0209796267897039,125.90300140380859,125.94000244140624
126.2346974207125,125.94000244140624,45.9845948094906,-0.0134895892327785,-0.0293768351540109,-0.0158872459212323,125.91900177001953,125.97000122070312
126.23321124014528,125.97000122070312,48.92983196278149,-0.0159458818684943,-0.0257710524113576,-0.0098251705428633,125.94200134277344,125.95500183105467
126.23161869048648,125.95500183105467,47.53422309619453,-0.0175264763453194,-0.0238488542526198,-0.0063223779073003,125.94100189208984,126.05500030517578
126.2294215235242,126.05500030517578,56.45210355497554,-0.016839979171191,-0.0140939904746772,0.0027459886965137,125.96600189208985,126.0199966430664
126.22737929320805,126.0199966430664,53.05273605587046,-0.0152885814536743,-0.0090829905836073,0.0062055908700669,125.98800048828124,126.11000061035156
126.2259273516792,126.11000061035156,59.762163536138,-0.0118056011620721,0.0021263200043364,0.0139319211664086,126.02200012207031,126.2300033569336
126.22603021246324,126.2300033569336,66.61330352430397,-0.0053530448285259,0.0204571805056588,0.0258102253341847,126.07400054931641,126.2699966430664
127.91500091552734,127.91500091552734,50.0,0.0,0.0,0.0,126.50899963378906,128.17999267578125
127.92611067024971,128.17999267578125,50.0,0.0,0.0,0.0,126.94099884033203,129.52000427246094
128.07525528583702,129.52000427246094,50.0,0.0,0.0,0.0,127.62299957275391,129.72000122070312
128.2131090311155,129.72000122070312,50.0,0.0,0.0,0.0,128.3209991455078,129.63499450683594
128.366550729009,129.63499450683594,50.0,0.0,0.0,0.0,128.9939987182617,129.06500244140625
128.4177611680622,129.06500244140625,50.0,0.0,0.0,0.0,129.2239990234375,129.89999389648438
128.57831738985738,129.89999389648438,50.0,0.0,0.0,0.0,129.56799926757813,130.1999969482422
128.645812378929,130.1999969482422,50.0,0.0,0.0,0.0,129.70399780273436,130.11000061035156
128.6844205762104,130.11000061035156,50.0,0.0,0.0,0.0,129.78199768066406,129.7100067138672
128.70697923903796,129.7100067138672,50.0,0.0,0.0,0.0,129.7970001220703,129.55499267578125
128.7222470111945,129.55499267578125,50.0,0.0,0.0,0.0,129.8949981689453,129.32000732421875
128.7368421917832,129.32000732421875,50.0,0.0,0.0,0.0,129.77900085449218,129.77499389648438
128.745080797446,129.77499389648438,50.0,0.0,0.0,0.0,129.69400024414062,129.95750427246094
128.80027106147065,129.95750427246094,50.0,0.0,0.0,0.0,129.6635009765625,129.50999450683594
128.81051129540305,129.50999450683594,64.34349352803875,0.0,0.0,0.0,129.62349853515624,129.25
128.84818045409256,129.25,61.25858824260054,0.0,0.0,0.0,129.5625,129.18499755859375
128.8531850020197,129.18499755859375,60.47788856964042,0.0,0.0,0.0,129.535498046875,128.47000122070312
128.8445613253212,128.47000122070312,52.545382649670856,0.0,0.0,0.0,129.27449951171874,128.9199981689453
128.84575966727684,128.9199981689453,56.419693797824806,0.0,0.0,0.0,129.06699829101564,129.0749969482422
128.8553555891306,129.0749969482422,57.70070389669463,0.0,0.0,0.0,128.97999877929686,129.18499755859375
128.87155060667052,129.18499755859375,58.63009455912659,0.0,0.0,0.0,128.9669982910156,129.27999877929688
128.8778461678815,129.27999877929688,59.45857628709531,0.0,0.0,0.0,128.98599853515626,129.6300048828125
128.88613189855624,129.6300048828125,62.44274494821924,0.0,0.0,0.0,129.21799926757814,129.8300018310547
128.9009494500401,129.8300018310547,64.07020932333867,0.0,0.0,0.0,129.4,129.94000244140625
128.9451053242757,129.94000244140625,64.96933911442112,0.0,0.0,0.0,129.5730010986328,129.9550018310547
128.96315674068728,129.9550018310547,65.09759762641748,0.0,0.1160611853871955,0.1160611853871955,129.727001953125,129.60499572753906
128.97706625525058,129.60499572753906,59.612759598852776,0.0,0.1133543388626208,0.1133543388626208,129.79200134277343,129.4499969482422
128.9848346646233,129.4499969482422,57.30990826393698,0.0,0.0975772278369504,0.0975772278369504,129.75599975585936,129.39500427246094
128.9938147560929,129.39500427246094,56.476314833634106,0.0,0.0797173720953878,0.0797173720953878,129.66900024414062,129.24749755859375
128.9976393862742,129.24749755859375,54.199078561218094,0.0,0.0530492301990932,0.0530492301990932,129.53049926757814,128.89500427246094
128.99583448876578,128.89500427246094,49.10366546063206,0.0,0.0034317146606781,0.0034317146606781,129.31849975585936,128.88999938964844
128.99504741351822,128.88999938964844,49.03317906636455,0.0,-0.0358807649702725,-0.0358807649702725,129.17550048828124,128.85499572753906
128.99359777648732,128.85499572753906,48.50871539647733,0.0,-0.0690645580691295,-0.0690645580691295,129.05650024414064,129.2050018310547
128.99526990058163,129.2050018310547,53.82687585577258,0.0324322516597514,-0.066355481064761,-0.0987877327245125,129.01849975585938,129.19000244140625
128.99681854718543,129.19000244140625,53.57152087180256,0.0130111354227115,-0.0646733295254478,-0.0776844649481593,129.0070007324219,128.9949951171875
128.99680426363446,128.9949951171875,50.23485775202919,-0.0052259969325662,-0.0781745263536777,-0.0729485294211114,129.0269989013672,128.14999389648438
128.97409087192503,128.14999389648438,38.922155332620136,-0.0352346003678009,-0.1552690141087396,-0.1200344137409386,128.87899780273438,128.00360107421875
128.95991335823786,128.00360107421875,37.35276465537647,-0.0733035384434232,-0.2255792907459124,-0.1522757523024892,128.7087188720703,128.0574951171875
128.9456956032246,128.0574951171875,38.33848571891522,-0.1134019799062663,-0.2737957457576385,-0.1603937658513722,128.47921752929688,128.39999389648438
128.9365197619704,128.39999389648438,44.33298618934218,-0.146947614173344,-0.2811301512416548,-0.1341825370683108,128.3212158203125,128.60000610351562
128.93354609119237,128.60000610351562,47.54033701518181,-0.1711015569751864,-0.267717328182556,-0.0966157712073695,128.24221801757812,128.8699951171875
128.93255938517197,128.8699951171875,51.594640590838765,-0.183405287833874,-0.2326202112686246,-0.0492149234347505,128.38621826171874,129.1898956298828
128.93485509049452,129.1898956298828,55.939663813112375,-0.1821147099271594,-0.1769523983003011,0.0051623116268582,128.62347717285155,129.17999267578125
128.93689202254285,129.17999267578125,55.77276419780034,-0.1721140564652361,-0.1321114426175427,0.0400026138476934,128.8479766845703,129.22320556640625
128.93885312850048,129.22320556640625,56.38428566721853,-0.1560966279858828,-0.0920269140684695,0.0640697139174133,129.0126190185547,129.6699981689453
128.9513236721631,129.6699981689453,62.20334305100431,-0.1296635707417928,-0.0239313417654329,0.1057322289763598,129.22661743164062,129.64500427246094
128.95526633028425,129.64500427246094,61.70736854541369,-0.0981910972263865,0.0276987968352386,0.1258898940616252,129.38161926269532,129.5500030517578
128.9582579539129,129.5500030517578,59.75701030024408,-0.0665017459079903,0.0602556593655947,0.126757405273585,129.45364074707032,129.77000427246094
128.96157677177416,129.77000427246094,62.69735081500853,-0.0326761060281613,0.1026264534911547,0.135302559519316,129.57164306640624,129.6699981689453
128.97005666666865,129.6699981689453,60.53223949110381,-0.0008057413196684,0.1266757175143027,0.1274814588339712,129.66100158691407,129.77000427246094
128.97584915288675,129.77000427246094,61.947382278655326,0.0297657730310262,0.1520518304338054,0.1222860574027791,129.68100280761718,130.20010375976562
128.99360402705705,130.20010375976562,67.36671348303759,0.0647147277455781,0.2045105466037853,0.1397958188582072,129.79202270507812,130.18499755859375
129.00332925105704,130.18499755859375,67.00576572157948,0.1001867867465678,0.2420750227505266,0.1418882360039588,129.9190216064453,130.35499572753906
129.03390790466173,130.35499572753906,69.0175804609404,0.136611088978599,0.2823082979067237,0.1456972089281247,130.03601989746093,130.33250427246094
129.04398224160545,130.33250427246094,68.42313652252308,0.1710526143734185,0.3088187159526967,0.1377661015792781,130.16852111816405,130.1822967529297
129.05256750279833,130.1822967529297,64.4318701370157,0.1996595552316956,0.3140873186648036,0.114427763433108,130.2509796142578,130.23500061035156
129.06338323193518,130.23500061035156,65.19894120900895,0.2234956631770031,0.318840094958233,0.0953444317812299,130.257958984375,130.02999877929688
129.07464691118037,130.02999877929688,59.796952799897525,0.2393119010040935,0.3025768523124554,0.0632649513083618,130.22695922851562,130.10000610351562
129.0772557830006,130.10000610351562,60.98574738542872,0.2498438120300308,0.2919714561337798,0.042127644103749,130.17596130371095,130.58380126953125
129.10486005785563,130.58380126953125,68.02280280319357,0.2636607339418119,0.3189284215889358,0.0552676876471239,130.226220703125,130.5399932861328
129.12548435813716,130.5399932861328,66.8470225340539,0.2775124642226103,0.3329193853458037,0.0554069211231934,130.29776000976562,130.50999450683594
129.1333008829495,130.50999450683594,66.00565108797971,0.2895487610805503,0.3376939485123102,0.0481451874317599,130.3527587890625,130.32000732421875
129.13792700357857,130.32000732421875,60.787403319527726,0.2961251421358247,0.3224306663569223,0.0263055242210976,130.41076049804687,130.72000122070312
129.1584239540526,130.72000122070312,66.74782958254298,0.3046413488851185,0.3387061758822938,0.0340648269971752,130.53475952148438,130.3800048828125
129.16773326954643,130.3800048828125,58.59484394464606,0.3078081849141869,0.3204755290304604,0.0126673441162735,130.49400024414064,130.42999267578125
129.17414949930438,130.42999267578125,59.38042199888362,0.3075520971578102,0.3065277461323035,-0.0010243510255066,130.4720001220703,130.51499938964844
129.18374618391877,130.51499938964844,60.744409467824944,0.3058192706602598,0.2988879646700582,-0.0069313059902016,130.4730010986328,130.4550018310547
129.19708923847668,130.4550018310547,59.23258729520353,0.3015974405725229,0.2847101202215754,-0.0168873203509475,130.5,130.4550018310547
129.2049286090711,130.4550018310547,59.23258729520353,0.2953494649899607,0.2703575626597114,-0.0249919023302492,130.4470001220703,130.3000030517578
129.21358191423045,130.3000030517578,55.122180093391314,0.2850129936974324,0.243667108527319,-0.0413458851701133,130.43099975585938,129.85000610351562
129.22094464018824,129.85000610351562,45.294786770289214,0.2648267466512752,0.1840817584666467,-0.0807449881846285,130.31500244140625,130.1300048828125
129.2345539802533,130.1300048828125,51.132746997303656,0.2433886706780313,0.1576363667850557,-0.0857523038929756,130.23800354003907,129.93499755859375
129.23772101939423,129.93499755859375,47.34334382861656,0.2186238319748167,0.1195644771619584,-0.0990593548128583,130.13400268554688,129.63999938964844
129.2392980857706,129.63999938964844,42.24320885270738,0.1878672451800751,0.0648408980011083,-0.1230263471789667,129.97100219726562,129.8699951171875
129.2429187283548,129.8699951171875,47.03397785286903,0.1582087179151379,0.0395746088553892,-0.1186341090597487,129.88500061035157,129.875
129.24572852341146,129.875,47.13673569583197,0.1305124424098898,0.0197273403888971,-0.1107851020209926,129.88999938964844,130.09249877929688
129.2531929715742,130.09249877929688,51.5369697830745,0.1086705545586612,0.0213030031537471,-0.0873675514049141,129.88249816894532,129.9949951171875
129.2544848299155,129.9949951171875,49.54593600382965,0.0898397751658059,0.0145166575943846,-0.0753231175714212,129.89449768066407,129.8800048828125
129.25660368772353,129.8800048828125,47.22859732375328,0.0718440757417221,-0.0001387219546131,-0.0719827976963353,129.94249877929687,129.93499755859375
129.257442174183,129.93499755859375,48.46988142013761,0.0560287814068483,-0.0072323959326467,-0.0632611773394951,129.95549926757812,129.76669311523438
129.2588572504397,129.76669311523438,44.98255882836686,0.0395962865803797,-0.0261336927254944,-0.0657299793058742,129.933837890625,129.60000610351562
129.26004356573216,129.60000610351562,41.7766947496296,0.0208887191093733,-0.0539415507746525,-0.0748302698840258,129.83533935546876,129.64999389648438
129.26177373374858,129.64999389648438,43.086666285304965,0.0024857782053296,-0.0711259854108448,-0.0736117636161745,129.76633911132814,129.75999450683594
129.2650224207778,129.75999450683594,45.96761140586248,-0.0130121861950867,-0.0750040437967527,-0.0619918576016659,129.74233703613282,129.75
129.26580892440285,129.75,45.74105409215679,-0.0260067378136249,-0.0779849442877775,-0.0519782064741526,129.70533752441406,129.25
129.2657447437406,129.25,36.14369025240104,-0.0446689362924309,-0.1193177302076549,-0.0746487939152239,129.60199890136718,129.25
129.26567078132433,129.25,36.14369025240104,-0.0658033931992002,-0.1503412208262773,-0.0845378276270771,129.53199768066406,129.33999633789062
129.26597532790748,129.33999633789062,38.82320831035207,-0.0857936923860877,-0.1657548891336375,-0.0799611967475498,129.46999816894532,129.1999969482422
129.26551703199925,129.1999969482422,36.27329252498016,-0.1060569984809752,-0.1871102228605252,-0.08105322437955,129.35799865722657,129.13499450683594
129.2650924146242,129.13499450683594,35.119903180743364,-0.1262245346633408,-0.2068946793928034,-0.0806701447294626,129.23499755859376,129.02999877929688
129.26339801615313,129.02999877929688,33.27918106900148,-0.1466622828114545,-0.2284132754039092,-0.0817509925924546,129.1909973144531,128.82000732421875
129.2613965798941,128.82000732421875,29.903428670084267,-0.1692140320670541,-0.2594210290894523,-0.0902069970223982,129.10499877929686,128.68060302734375
129.25696747782635,128.68060302734375,27.88146753291973,-0.1937470374314621,-0.2918790588890942,-0.0981320214576321,128.9731201171875,128.86000061035156
129.25447555437793,128.86000061035156,34.06052732701093,-0.2149320227116601,-0.2996719638324521,-0.0847399411207919,128.90512084960938,128.8350067138672
129.2529643702332,128.8350067138672,33.62823094479876,-0.2328168713948819,-0.304356266127769,-0.071539394732887,128.84512329101562,128.4199981689453
129.24705953378043,128.4199981689453,27.407896980626774,-0.2537862872785075,-0.3376639508130097,-0.0838776635345022,128.7231231689453,128.44000244140625
129.24337798784492,128.44000244140625,28.09829458842094,-0.2746922119263097,-0.3583159105175184,-0.0836236985912087,128.64712219238282,128.5749969482422
129.23936513780455,128.5749969482422,32.746675169203186,-0.2916825807529636,-0.3596440560595795,-0.0679614753066158,128.6260009765625,128.44000244140625
129.2349127181359,128.44000244140625,30.61518167633723,-0.3068170467494624,-0.3673549107354574,-0.060537863985995,128.54200134277343,128.6199951171875
129.2329372974633,128.6199951171875,36.54580770937456,-0.3164239189603597,-0.3548514078039488,-0.0384274888435891,128.4989990234375,128.80999755859375
129.23108509839236,128.80999755859375,42.16549486699943,-0.3183100222579917,-0.3258544354485195,-0.0075444131905278,128.57699890136718,129.02999877929688
129.23010626897226,129.02999877929688,47.91720145994644,-0.3110225406116473,-0.2818726140262697,0.0291499265853776,128.69499816894532,129.0800018310547
129.2295878893189,129.0800018310547,49.15490008489317,-0.2968606027040053,-0.2402128510734371,0.0566477516305681,128.7959991455078,128.77999877929688
129.2284869735154,128.77999877929688,42.612051304113166,-0.2832420490917889,-0.2287678346429231,0.0544742144488657,128.86399841308594,128.81500244140625
129.22806216333237,128.81500244140625,43.55608968667902,-0.2694739564037086,-0.2144015856513874,0.0550723707523211,128.9029998779297,129.47000122070312
129.2319827300564,129.47000122070312,57.60870908221374,-0.2452695730591819,-0.1484520396810751,0.0968175333781068,129.03500061035157,129.3699951171875
129.2335245038237,129.3699951171875,55.34315314677801,-0.2168292786900445,-0.1030681012134948,0.1137611774765496,129.10299987792968,129.27000427246094
129.23356229713056,129.27000427246094,53.09483713740868,-0.1883259823223074,-0.074312796851359,0.1140131854709484,129.14100036621093,129.3800048828125
129.23388721264047,129.3800048828125,55.24870285032255,-0.1590931589165305,-0.0421618652934228,0.1169312936231077,129.26100158691406,129.47999572753906
129.23425528190654,129.47999572753906,57.1738198962254,-0.1289776139856744,-0.0085154342622502,0.1204621797234242,129.3940002441406,129.39999389648438
129.2346788188054,129.39999389648438,55.13035730530133,-0.1008699193509122,0.0115608591881368,0.112430778539049,129.37999877929687,129.47000122070312
129.23655291602714,129.47000122070312,56.59241119216023,-0.0741473292611993,0.0327430310976524,0.1068903603588517,129.4,129.4600067138672
129.2373368525496,129.4600067138672,56.31031236593321,-0.0496841979533525,0.0481683272780344,0.0978525252313869,129.43800048828126,129.47999572753906
129.2383916426025,129.47999572753906,56.77439872489379,-0.0274874960276961,0.0612993116749294,0.0887868077026255,129.45799865722657,129.1085968017578
129.23733414706552,129.1085968017578,46.82245321279719,-0.0137377393073621,0.0412612875739739,0.054999026881336,129.38371887207032,129.2050018310547
129.23717802042356,129.2050018310547,49.306454649116574,-0.0044337521406328,0.0327821965262842,0.037215948666917,129.34472045898437,129.5
129.23774023874117,129.5,56.06884826860618,0.0063126113285038,0.0492980652050505,0.0429854538765467,129.35072021484376,129.5500030517578
129.241266798054,129.5500030517578,57.11316832266704,0.018183067958546,0.065664894478715,0.0474818265201689,129.36871948242188,129.4499969482422
129.242406574532,129.4499969482422,54.33136559492824,0.0284988335895946,0.0697618961137891,0.0412630625241944,129.3627197265625,129.72999572753906
129.24519429978685,129.72999572753906,60.17942666427314,0.0417016419266247,0.094512875274745,0.0528112333481202,129.48699951171875,129.82000732421875
129.24744595546397,129.82000732421875,61.86982733585054,0.0573629156476409,0.1200080105317056,0.0626450948840647,129.61000061035156,130.2100067138672
129.25701698295487,130.2100067138672,68.17383343218975,0.0798355887918065,0.1697262813684688,0.0898906925766622,129.752001953125,130.13510131835938
129.26147229805164,130.13510131835938,65.91961311429736,0.1040224271820172,0.2007697807428599,0.0967473535608427,129.8690216064453,130.0850067138672
129.2626779748881,130.0850067138672,64.38628690501238,0.1269794387940186,0.2188074852420243,0.0918280464480056,129.99602355957032,130.09500122070312
129.26525193310124,130.09500122070312,64.56339041718361,0.1478322190167846,0.2312433399078486,0.0834111208910639,130.06902465820312,130.2550048828125
129.2701207497332,130.2550048828125,67.36166988347397,0.1684887960226548,0.2511151040461357,0.0826263080234808,130.15602416992186,130.30999755859375
129.271615488688,130.30999755859375,68.28853148046929,0.1884329007291832,0.2682093195552966,0.0797764188261133,130.1760223388672,130.11500549316406
129.27810899823072,130.11500549316406,61.60786366114768,0.2033444774600872,0.2629907843837031,0.0596463069236159,130.17200317382813,130.13499450683594
129.28010653394406,130.13499450683594,62.018075490164605,0.2141755235018438,0.2574997076688703,0.0433241841670264,130.18200073242187,129.94000244140625
129.2827615230287,129.94000244140625,55.75924689969287,0.2182820567687033,0.2347081898361409,0.0164261330674376,130.1510009765625,129.9250030517578
129.28533293271752,129.9250030517578,55.29695390562527,0.2172217089813354,0.2129803178318638,-0.0042413911494715,130.08500061035156,130.0500030517578
129.28768441552958,130.0500030517578,58.3928706603305,0.2144776552115567,0.2035014401324417,-0.0109762150791149,130.0330017089844,130.18499755859375
129.29014538275035,130.18499755859375,61.4943400254364,0.2124870555367722,0.2045246568376342,-0.007962398699138,130.0470001220703,130.2449951171875
129.2943554247138,130.2449951171875,62.82082299970322,0.2115459818409329,0.2077816870575759,-0.003764294783357,130.06900024414062,130.06500244140625
129.29803407791584,130.06500244140625,56.52928871380641,0.2079582292320579,0.1936072187965578,-0.0143510104355001,130.09400024414063,130.14999389648438
129.29920134447528,130.14999389648438,58.63588723066864,0.2037816756322649,0.1870754612330927,-0.0167062143991721,130.13899841308594,130.14010620117188
129.30045521209814,130.14010620117188,58.28203314425112,0.1988328027560562,0.1790373112512213,-0.0197954915048348,130.15701904296876,130.1300048828125
129.3041952223196,130.1300048828125,57.89762803344247,0.1930449424014835,0.1698935009831927,-0.0231514414182907,130.1460205078125,130.11990356445312
129.3069863866527,130.11990356445312,57.48928416011958,0.1864334810456271,0.1599876356222012,-0.0264458454234259,130.12100219726562,130.1999969482422
129.30909830221913,130.1999969482422,59.90401865489475,0.1805053098124131,0.1567926248795572,-0.0237126849328558,130.14800109863282,130.10499572753906
129.31451016928278,130.10499572753906,55.85151728129844,0.1733890790176154,0.1449241558384244,-0.0284649231791909,130.13900146484374,130.0500030517578
129.31909743542505,130.0500030517578,53.591441502731904,0.1646286752754957,0.129587060307017,-0.0350416149684786,130.12098083496093,130.02999877929688
129.32562572597087,130.02999877929688,52.75515417781938,0.1546025920873328,0.114498259334681,-0.0401043327526517,130.10097961425782,130.24000549316406
129.33243257957943,130.24000549316406,59.84025623456205,0.1473069532767199,0.1181243980342685,-0.0291825552424514,130.125,130.35000610351562
129.34814101689625,130.35000610351562,62.97254728320837,0.1435244066955261,0.1283942203707511,-0.015130186324775,130.15500183105468,130.5399932861328
129.3602751133634,130.5399932861328,67.66366058067365,0.1448460989885858,0.1501328681608242,0.0052867691722384,130.24200134277345,130.41000366210938
129.36279575304724,130.41000366210938,61.886467917167,0.1468937019381245,0.1550841137362795,0.0081904117981549,130.31400146484376,130.24000549316406
129.3640414239735,130.24000549316406,55.24349136987745,0.1462419309346945,0.1436348469209747,-0.0026070840137198,130.3560028076172,130.27000427246094
129.3649969834408,130.27000427246094,56.13823203941937,0.1440777096068317,0.1354208242953802,-0.0086568853114514,130.36200256347655,130.26499938964844
129.3668033287981,130.26499938964844,55.93731461399017,0.140670733548551,0.1270428293154282,-0.0136279042331227,130.34500122070312,130.48500061035156
129.36850351275433,130.48500061035156,62.32103302046597,0.1398527961451955,0.1365810465317736,-0.0032717496134219,130.33400268554686,130.5449981689453
129.36994630041164,130.5449981689453,63.85882706429746,0.1413389688373201,0.1472836596058186,0.0059446907684985,130.36100158691406,131.11000061035156
129.38475561365385,131.11000061035156,74.43875344357554,0.1528835493364989,0.1990618713332139,0.046178321996715,130.53500061035157,131.14500427246094
129.40849091594427,131.14500427246094,74.92843051162775,0.1703373694502359,0.240152649905184,0.069815280454948,130.71000061035156,130.97999572753906
129.41148173583505,130.97999572753906,68.28725403414322,0.1875591800995482,0.256446422696797,0.0688872425972488,130.85299987792968,130.8699951171875
129.42040323361385,130.8699951171875,64.20198922224614,0.201550295135843,0.2575147552810222,0.0559644601451791,130.92999877929688,130.8249969482422
129.42315192433728,130.8249969482422,62.55338720932513,0.2116057419848609,0.2518275293809324,0.0402217873960715,130.98599853515626,130.63400268554688
129.42395224041925,130.63400268554688,55.98242172451923,0.2151377709196248,0.2292658866586805,0.0141281157390556,130.89079895019532,130.7100067138672
129.42841053261347,130.7100067138672,57.878612360718925,0.2151181504763879,0.2150396687034401,-7.848177294778047e-05,130.80379943847657,130.61000061035156
129.43011657645474,130.61000061035156,54.54882983568295,0.2107876167936259,0.193465482062578,-0.0173221347310479,130.72980041503905,130.67999267578125
129.43413427285702,130.67999267578125,56.43775602862335,0.2046183548488686,0.1799413070698392,-0.0246770477790294,130.69179992675782,130.8300018310547
129.43758380284336,130.8300018310547,60.25064088317043,0.199546958396411,0.1792613725865806,-0.0202855858098304,130.69280090332032,130.65272521972656
129.44085248800582,130.65272521972656,54.21177438304677,0.1921463810689546,0.1625440717591288,-0.0296023093098257,130.69654541015626,130.65499877929688
129.44329751358148,130.65499877929688,54.27507185562917,0.1832722016305662,0.1477754838770124,-0.0354967177535537,130.6855438232422,130.63499450683594
129.44453636678918,130.63499450683594,53.573322148215205,0.1732027251841381,0.1329248193984256,-0.0402779057857125,130.69054260253907,130.66000366210938
129.44866085753267,130.66000366210938,54.36767844509668,0.1629161607440591,0.1217699029837433,-0.0411462577603158,130.6865447998047,130.72000122070312
129.4497979039829,130.72000122070312,56.299441947076936,0.1536186755821107,0.1164287349343169,-0.0371899406477937,130.66454467773437,130.72250366210938
129.4514456588315,130.72250366210938,56.38238086604622,0.1451183126411832,0.1111168608774733,-0.0340014517637099,130.67850036621093,130.6300048828125
129.4532101098055,130.6300048828125,52.42195940980602,0.1357566555480126,0.0983100271753301,-0.0374466283726825,130.67350158691406,130.63670349121094
129.4549084006567,130.63670349121094,52.681177433333154,0.1261433650064458,0.0876902028401787,-0.0384531621662671,130.67384338378906,130.52000427246094
129.4567598847052,130.52000427246094,47.79561325048517,0.1147269259472498,0.0690611697104657,-0.0456657562367841,130.64584350585938,130.57000732421875
129.45990215911038,130.57000732421875,49.93791872013224,0.1033150605458823,0.0576675989404122,-0.04564746160547,130.6158447265625,130.6699981689453
129.4625903012099,130.6699981689453,54.00285450315462,0.0938641102731146,0.0560603091820439,-0.0378038010910707,130.6053436279297,130.7899932861328
129.4734674066954,130.7899932861328,58.37128848880198,0.0878381747620079,0.063734432717581,-0.0241037420444269,130.63734130859376,130.8249969482422
129.47684978174917,130.8249969482422,59.57730904331724,0.0846331236639307,0.0718129192716219,-0.0128202043923088,130.675,130.91000366210938
129.47933168488564,130.91000366210938,62.42434363924158,0.0845274988045872,0.0841049993672129,-0.0004224994373742,130.75299987792968,130.88499450683594
129.48354614021642,130.88499450683594,61.06174726477617,0.08577840956165,0.0907820525899012,0.0050036430282512,130.8159973144531,131.12989807128906
129.495451254534,131.12989807128906,68.34787639634175,0.0915257827431234,0.1145152754690173,0.0229894927258938,130.90797729492186,130.77999877929688
129.50317901128813,130.77999877929688,53.06893083920345,0.0939991200427733,0.1038924692413729,0.0098933491985995,130.90597839355468,130.86000061035156
129.50523263499937,130.86000061035156,55.51742901749706,0.0953528381331858,0.1007677104948356,0.0054148723616498,130.91297912597656,130.7949981689453
129.50871005474002,130.7949981689453,53.09363226481203,0.0946794320604153,0.0919858077693334,-0.0026936242910819,130.88997802734374,130.89999389648438
129.51263484347336,130.89999389648438,56.40445271778433,0.0942301168264167,0.0924328558904221,-0.0017972609359945,130.89297790527343,131.22900390625
129.52008033520823,131.22900390625,64.79094515458343,0.0989792042877526,0.1179755541330962,0.0189963498453435,130.9127990722656,131.1199951171875
129.52106691112368,131.1199951171875,60.62936438076531,0.1047728296451124,0.1279473310745515,0.0231745014294391,130.98079833984374,131.1750030517578
129.5246647394222,131.1750030517578,61.95726109490963,0.1115562607016942,0.1386899849280212,0.027133724226327,131.043798828125,131.21499633789062
129.54559741114923,131.21499633789062,62.93605212701784,0.118988294368453,0.1487164290354883,0.0297281346670352,131.12779846191407,131.22999572753906
129.55062629516928,131.22999572753906,63.31725069719999,0.1264053682098762,0.1560736635755688,0.0296682953656926,131.193798828125,131.2100067138672
129.55670645885735,131.2100067138672,62.39624879144225,0.1328172338137244,0.1584646962291174,0.0256474624153929,131.18999938964845,131.07249450683594
129.5610747081296,131.07249450683594,56.32630949692554,0.1357662894865138,0.1475625121776715,0.0117962226911577,131.1804992675781,131.0399932861328
129.5659070918326,131.0399932861328,54.96531095582902,0.1355623517782779,0.1347466009453342,-0.0008157508329437,131.15349731445312,131.083251953125
129.5689779450837,131.083251953125,56.4728371464044,0.1337740623997846,0.1266209048858115,-0.0071531575139731,131.1271484375,131.1199951171875
129.5720522263223,131.1199951171875,57.7660427457395,0.1313677947476072,0.1217427241388975,-0.0096250706087097,131.1051483154297,131.22000122070312
129.57576554125544,131.22000122070312,61.14934070688418,0.1299964560084759,0.1245111010519508,-0.0054853549565251,131.10714721679688,131.0
129.57761183631402,131.0,51.39528904715047,0.1255393993004747,0.1077111724684698,-0.0178282268320049,131.0926483154297,131.13999938964844
129.5817999186875,131.13999938964844,56.18492561462256,0.1213293994382436,0.104489399989319,-0.0168399994489245,131.1126495361328,131.24000549316406
129.5846711130628,131.24000549316406,59.27236497024321,0.1188139498998666,0.1087521517463585,-0.010061798153508,131.1440002441406,131.3800048828125
129.59132494415311,131.3800048828125,63.18349097339334,0.1194552831673718,0.1220206162373926,0.0025653330700208,131.1960021972656,131.32000732421875
129.60375199764303,131.32000732421875,60.50201107405081,0.1208121182312106,0.126239458486566,0.0054273402553553,131.21600341796875,131.3000030517578
129.609749767108,131.3000030517578,59.5938842845452,0.1219517766843723,0.1265104104970191,0.0045586338126467,131.2760040283203,131.25
129.6138687540231,131.25,57.27950585754968,0.1218198480119577,0.1212921333222993,-0.0005277146896584,131.29800415039062,131.26499938964844
129.62436423745754,131.26499938964844,57.80882314526104,0.1208594835092454,0.1170180254983961,-0.0038414580108493,131.3030029296875,131.26499938964844
129.62597025764163,131.26499938964844,57.80882314526104,0.1191547521614574,0.1123358267703054,-0.006818925391152,131.28000183105468,131.2949981689453
129.63011094820445,131.2949981689453,58.9875017444927,0.1172798661504664,0.1097803221065021,-0.0074995440439642,131.275,131.4199981689453
129.63928409803592,131.4199981689453,63.55616308847017,0.1171236125718888,0.1164985982575785,-0.0006250143143102,131.2989990234375,131.52999877929688
129.6526001331202,131.52999877929688,67.03617048119133,0.119540802665359,0.1292095630392395,0.0096687603738805,131.35499877929686,131.68499755859375
129.66257549754897,131.68499755859375,71.20816125803776,0.125644721625102,0.1500603974640739,0.0244156758389719,131.43899841308593,131.5699005126953
129.68973044803565,131.5699005126953,64.6635232980222,0.1316167574150155,0.1555049005746696,0.023888143159654,131.4999786376953,131.46499633789062
129.70212219942732,131.46499633789062,59.31274273576776,0.1352194013509789,0.1496299770948326,0.0144105757438536,131.5339782714844,131.44000244140625
129.70513846099726,131.44000244140625,58.07961689731216,0.1364411444388441,0.1413281167903051,0.0048869723514609,131.53797912597656,131.31219482421875
129.70928141076269,131.31219482421875,52.11318778193704,0.1337564663551942,0.1230177540205943,-0.0107387123345998,131.49441833496093,131.14999389648438
129.7158220176181,131.14999389648438,45.69722482494881,0.1258713753103164,0.0943310111308051,-0.0315403641795113,131.38741760253907,131.27000427246094
129.71777183472088,131.27000427246094,50.54837705362288,0.1167679248038313,0.0803541227778907,-0.0364138020259405,131.3274383544922,131.2899932861328
129.7200066365064,131.2899932861328,51.32830874473128,0.1074308234269325,0.0700824179193375,-0.0373484055075949,131.2924377441406,131.4499969482422
129.72322018188297,131.4499969482422,57.15355221347913,0.10074464889595,0.0739999507720199,-0.0267446981239301,131.2944366455078,131.33999633789062
129.72601245079505,131.33999633789062,52.50135603292944,0.0940859113461236,0.0674509611468181,-0.0266349501993055,131.29999694824218,131.3625030517578
129.73010213424487,131.3625030517578,53.33826335765063,0.0879380734411683,0.0633467218213468,-0.0245913516198214,131.34249877929688,131.3699951171875
129.73325729607237,131.3699951171875,53.631148038169606,0.0823518402284514,0.0600069073775841,-0.0223449328508673,131.36249694824218,131.1999969482422
129.73511421573676,131.1999969482422,46.499193816148576,0.0745105315317773,0.0431452967450809,-0.0313652347866964,131.34449768066406,131.2949981689453
129.73807825533382,131.2949981689453,50.46366233705618,0.0670127039868408,0.0370213938070946,-0.0299913101797461,131.3134979248047,131.27000427246094
129.73960459970667,131.27000427246094,49.42596835362708,0.0595717137544628,0.0298077528249507,-0.029763960929512,131.29949951171875,131.22999572753906
129.74463007147787,131.22999572753906,47.73388862813648,0.0517823280989298,0.020624785476798,-0.0311575426221318,131.272998046875,131.13510131835938
129.74682457487688,131.13510131835938,43.89542486703302,0.0425509001330903,0.0056251882697324,-0.0369257118633579,131.22601928710938,131.2100067138672
129.7522216849297,131.2100067138672,47.48521747766229,0.0339976444209272,-0.0002153784277254,-0.0342130228486526,131.22802124023437,131.18499755859375
129.75474372880458,131.18499755859375,46.41733877834725,0.0258413357624523,-0.006783898871447,-0.0326252346338994,131.20602111816407,131.12420654296875
129.75583330288015,131.12420654296875,43.83670456611525,0.0173326102236857,-0.0167022919313808,-0.0340349021550665,131.17686157226564,131.32000732421875
129.7665112597464,131.32000732421875,52.91647533066836,0.0121334206480833,-0.0086633376543261,-0.0207967583024095,131.19486389160156,131.22500610351562
129.7687495891411,131.22500610351562,48.79461172308866,0.0077377906953639,-0.0098447291155139,-0.0175825198108778,131.2128448486328,131.2100067138672
129.76970597612234,131.2100067138672,48.15680447007111,0.0038193000405825,-0.0118546625785427,-0.0156739626191253,131.2128448486328,131.25
129.77205686364206,131.25,50.03225463054615,0.0010346493741337,-0.0101039532916615,-0.0111386026657953,131.22584533691406,131.3350067138672
129.77601912428966,131.3350067138672,53.85348722045164,0.0004605179323391,-0.0018360078348393,-0.0022965257671785,131.26800537109375,131.10499572753906
129.78131873764127,131.10499572753906,44.03967284517346,-0.0023687465289185,-0.0136858043739493,-0.0113170578450308,131.22500305175782,131.13999938964844
129.78277299854378,131.13999938964844,45.662503561065925,-0.0058993081216863,-0.0200215544927573,-0.0141222463710709,131.20800170898437,131.13999938964844
129.78464376908775,131.13999938964844,45.662503561065925,-0.0096709055809146,-0.0247572954178281,-0.0150863898369134,131.19400024414062,131.1699981689453
129.7855848817661,131.1699981689453,47.18484135592005,-0.0128952113274491,-0.0257924343135869,-0.0128972229861377,131.1779998779297,131.17999267578125
129.78668951753977,131.17999267578125,47.71045752507371,-0.0154186144817536,-0.0255122270989716,-0.0100936126172179,131.1469970703125,131.1300048828125
129.79196538252623,131.1300048828125,45.2831010265446,-0.0181328084073078,-0.0289895841095244,-0.0108567757022166,131.1519989013672,131.22000122070312
129.79351706505162,131.22000122070312,50.19591693326893,-0.019347136414148,-0.0242044484415089,-0.0048573120273609,131.16799926757812,131.19500732421875
129.79608197827244,131.19500732421875,48.88322541028043,-0.0199123874230912,-0.0221733914588639,-0.0022610040357727,131.1790008544922,131.22000122070312
129.7999456803998,131.22000122070312,50.28339435858524,-0.0195970307729116,-0.0183356041721935,0.001261426600718,131.18900146484376,131.32000732421875
129.80564071975925,131.32000732421875,55.5319770469854,-0.017106053248231,-0.0071421431495082,0.0099639100987227,131.21700439453124,131.27999877929688
129.81199731944278,131.27999877929688,53.11608478442051,-0.0139813446780495,-0.0014825103973237,0.0124988342807258,131.24700317382812,131.27999877929688
129.81461129566833,131.27999877929688,53.1160847844205,-0.0105913618398848,0.0029685695127739,0.0135599313526587,131.25900268554688,131.43499755859375
129.81870522287622,131.43499755859375,60.782011011828736,-0.0047157638784475,0.0187866279673016,0.0235023918457492,131.30700073242187,131.4250030517578
129.83435047661814,131.4250030517578,60.09962471260276,0.002261052594244,0.0301683184850105,0.0279072658907664,131.3480010986328,131.64500427246094
129.84168031887754,131.64500427246094,68.48650142265089,0.0130671928368497,0.0562917538072724,0.0432245609704227,131.41300048828126,131.94000244140625
129.86250302987145,131.94000244140625,75.82450042968594,0.0303837440217419,0.0996499487613107,0.0692662047395687,131.5450012207031,132.05999755859375
129.88028819390448,132.05999755859375,78.06220589005616,0.0527183337437644,0.1420566926318542,0.0893383588880898,131.7010009765625,132.1199951171875
129.88311397171583,132.1199951171875,79.10368795856684,0.077864386965543,0.1784485998526577,0.1005842128871146,131.83800048828124,132.13999938964844
129.89742954900882,132.13999938964844,79.45392460363787,0.1035961011755652,0.206522958015654,0.1029268568400887,131.9809997558594,132.32000732421875
129.90930304013608,132.32000732421875,82.32477443022336,0.1309818023616657,0.2405246071060673,0.1095428047444016,132.11600036621093,132.17999267578125
129.9234476633243,132.17999267578125,73.69879365744511,0.1554362008690577,0.253253794898626,0.0978175940295682,132.16399841308595,132.2899932861328
129.9287684247333,132.2899932861328,75.84055553490784,0.1781721006169643,0.2691156996085908,0.0909435989916264,132.20999755859376,132.17010498046875
129.93168322642788,132.17010498046875,69.22418557049944,0.1963201870467477,0.2689125327658814,0.0725923457191336,132.22001953125,132.1999969482422
129.93661719948372,132.1999969482422,69.92860958206212,0.2106708237602929,0.2680733706144735,0.0574025468541806,132.23201904296874,132.08999633789062
129.9393151273307,132.08999633789062,64.11299109736197,0.2196538515562314,0.2555859627399854,0.035932111183754,132.18601684570314,132.1649932861328
129.9555300023982,132.1649932861328,66.17823103016983,0.225497557858137,0.2488723830657591,0.0233748252076221,132.18301696777343,132.3000030517578
129.97144096642742,132.3000030517578,69.57291868974636,0.2307073089366011,0.2515463132504578,0.0208390043138566,132.18501892089844,132.3699951171875
129.97481423864352,132.3699951171875,71.18747477388374,0.2358374593035362,0.2563580607712765,0.0205206014677402,132.2249969482422,132.13160705566406
129.97834126720397,132.13160705566406,59.58948216011655,0.2363079229603305,0.2381897775875074,0.0018818546271769,132.21131896972656,132.3000030517578
129.98597499918122,132.3000030517578,64.04565990050281,0.2359811889881727,0.2346742530995413,-0.0013069358886313,132.2533203125,132.25999450683594
129.99099216491362,132.25999450683594,62.288223124557376,0.2339957530899904,0.2260540094972611,-0.0079417435927292,132.27232055664064,132.30999755859375
129.99220522697385,132.30999755859375,63.631435254568814,0.2313392006225043,0.2207129907525598,-0.0106262098699445,132.27431945800782,132.36000061035156
129.994970893176,132.36000061035156,64.97491609461115,0.2286717668145603,0.2180020315827846,-0.0106697352317757,132.27232055664064,132.35000610351562
129.99686930251474,132.35000610351562,64.46233698428081,0.2254566983497311,0.2125964244904139,-0.0128602738593171,132.31600036621094,132.33999633789062
130.00409134389992,132.33999633789062,63.918474875465726,0.221393360907865,0.2051400111404007,-0.0162533497674643,132.3239990234375,132.22999572753906
130.0074070601696,132.22999572753906,58.11574401443794,0.2147517560223695,0.1881853364803873,-0.0265664195419821,132.31799926757813,132.25
130.00876109356224,132.25,58.84741443821071,0.2066720007472979,0.1743529796470113,-0.0323190211002865,132.30599975585938,132.2449951171875
130.01423164134988,132.2449951171875,58.57173231872029,0.1975634975149727,0.1611294845856719,-0.0364340129293008,132.28299865722656,132.24000549316406
130.0170878455368,132.24000549316406,58.278609931049225,0.1877577840727801,0.1485349303040095,-0.0392228537687705,132.26099853515626,132.1999969482422
130.02122693835304,132.1999969482422,55.864449847171336,0.1769628535432507,0.1337831314251332,-0.0431797221181175,132.23299865722657,132.375
130.02786968046698,132.375,63.070646840569545,0.1685025263457468,0.1346612175557311,-0.0338413087900156,132.26199951171876,132.42999267578125
130.03557234749078,132.42999267578125,65.00428990084187,0.1624423123014474,0.1382014561242499,-0.0242408561771974,132.297998046875,132.51499938964844
130.0429425453981,132.51499938964844,67.81009418214771,0.159190122701412,0.1461813643012703,-0.0130087584001416,132.35199890136718,132.5800018310547
130.0468187088971,132.5800018310547,69.80377805651389,0.158542683073149,0.155952924560097,-0.002589758513052,132.4199981689453,132.38499450683594
130.05183679450417,132.38499450683594,58.1650698042877,0.1560892113106079,0.1462753242604435,-0.0098138870501643,132.45699768066407,132.30499267578125
130.05702207664743,132.30499267578125,54.17433277077806,0.151000227262972,0.1306442910724286,-0.0203559361905434,132.4429962158203,132.39999389648438
130.06266804644693,132.39999389648438,57.87080901083677,0.1456976570554639,0.1244873762254314,-0.0212102808300324,132.43699645996094,132.52000427246094
130.06491642034732,132.52000427246094,62.03678187000649,0.1421218056982975,0.1278184002696321,-0.0143034054286654,132.43799743652343,132.4199981689453
130.0671259091886,132.4199981689453,56.9802787474379,0.1378962169844405,0.120993862129012,-0.0169023548554284,132.40599670410157,132.44000244140625
130.07030568921328,132.44000244140625,57.72259720038513,0.1334897609374108,0.1158639367492924,-0.0176258241881184,132.41699829101563,132.39999389648438
130.0717553443022,132.39999389648438,55.6541938159049,0.1282583713224447,0.1073328128625803,-0.0209255584598644,132.43599853515624,132.52999877929688
130.08323675005252,132.52999877929688,60.59534857965152,0.1245659926210459,0.1097964778154505,-0.0147695148055953,132.46199951171874,132.5800018310547
130.10268489250674,132.5800018310547,62.33374903837849,0.1225456551300131,0.1144643051658818,-0.0080813499641313,132.4739990234375,132.64999389648438
130.1084192659145,132.64999389648438,64.68246096876486,0.1225166062954387,0.122400410957141,-0.0001161953382976,132.5199981689453,132.5399932861328
130.11028332869034,132.5399932861328,58.50768453536168,0.1217029457798708,0.1184483037175994,-0.0032546420622714,132.5399963378906,132.54510498046875
130.1346609242685,132.54510498046875,58.70496632200313,0.1202443277581079,0.114409855671056,-0.0058344720870519,132.5690185546875,132.4499969482422
130.14378169329845,132.4499969482422,53.59862358139852,0.1166664717806836,0.1023550478709864,-0.0143114239096971,132.55301818847656,132.47000122070312
130.14841247442538,132.47000122070312,54.495190412470926,0.1120011256268876,0.0933397410117038,-0.0186613846151838,132.53101806640626,132.45700073242188
130.15004862336988,132.45700073242188,53.7680840378608,0.1064360384347806,0.0841756896663525,-0.022260348768428,132.49241943359374,132.44000244140625
130.15489097490206,132.44000244140625,52.77654232067029,0.1000849549904511,0.0746806212131332,-0.0254043337773179,132.47242126464843,132.4199981689453
130.16298973156876,132.4199981689453,51.57123947062032,0.0930268882700952,0.0647946213886712,-0.0282322668814239,132.44739990234376,132.3864288330078
130.16806033233922,132.3864288330078,49.52713481847354,0.0851480874046212,0.0536328839427255,-0.0315152034618956,132.43468627929687,132.5500030517578
130.1721969033279,132.5500030517578,58.21764478618408,0.0795835474481881,0.0573253876224555,-0.0222581598257325,132.4506866455078,132.39999389648438
130.1750215169626,132.39999389648438,49.75657336618347,0.0731865483114067,0.0475985517642811,-0.0255879965471255,132.4392852783203,132.3249969482422
130.17702717792457,132.3249969482422,46.14569831235893,0.0652397816978024,0.033452715243385,-0.0317870664544173,132.4162841796875,132.3249969482422
130.18010430603758,132.3249969482422,46.14569831235893,0.0565895388318643,0.0219885673681119,-0.0346009714637523,132.39728393554688,132.3350067138672
130.18997816722066,132.3350067138672,46.7439455052182,0.0479825516629482,0.0135546029872841,-0.0344279486756641,132.38699951171876,132.36000061035156
130.1941733828489,132.36000061035156,48.28863438106944,0.0401432698964078,0.008786142830246,-0.0313571270661618,132.3489990234375,132.27999877929688
130.19685867491089,132.27999877929688,43.89946903390462,0.0318282419851498,-0.001431869659882,-0.0332601116450319,132.325,132.2449951171875
130.19789730627087,132.2449951171875,42.09652795136472,0.0230199071232652,-0.0122134323242732,-0.0352333394475385,132.30899963378906,132.1300048828125
130.20095677388068,132.1300048828125,36.75601634803448,0.0124770554355124,-0.0296943513154985,-0.042171406751011,132.27000122070314,132.19000244140625
130.20219567239255,132.19000244140625,40.96433256660269,0.0023285041840564,-0.0382657008217677,-0.0405942050058241,132.24100036621093,132.11500549316406
130.20458118942594,132.11500549316406,37.59663686803066,-0.008242743006116,-0.050527731766806,-0.0422849887606899,132.19200134277344,132.02999877929688
130.20836115682093,132.02999877929688,34.16786119279664,-0.0198622111691419,-0.0663400838212453,-0.0464778726521034,132.14200134277343,132.07000732421875
130.2103844882842,132.07000732421875,37.0764831287232,-0.0308459892447909,-0.0747811015473871,-0.0439351123025961,132.10700378417968,132.10000610351562
130.2124168370847,132.10000610351562,39.24405544996779,-0.0403066240404617,-0.078149163223145,-0.0378425391826832,132.10100402832032,132.14500427246094
130.2166784325064,132.14500427246094,42.4466863150481,-0.0475068535735606,-0.0763077717059559,-0.0288009181323953,132.09200439453124,132.1300048828125
130.2193349738303,132.1300048828125,41.658399759517984,-0.0530438857220375,-0.0751920143159452,-0.0221481285939076,132.09500427246093,132.05999755859375
130.22040201207955,132.05999755859375,38.10175954683724,-0.058244225821793,-0.0790455862208148,-0.0208013603990218,132.10100402832032,132.02499389648438
130.2266394942145,132.02499389648438,36.42713646954827,-0.0633866360600091,-0.0839562770128736,-0.0205696409528645,132.09200134277344,131.97500610351562
130.23297431170104,131.97500610351562,34.1207813891678,-0.0688762184174717,-0.0908345478473222,-0.0219583294298504,132.06700134277344,131.8892059326172
130.23788563966573,131.8892059326172,30.54589041528133,-0.0755075373366251,-0.1020328130132384,-0.0265252756766133,132.01584167480468,131.8551025390625
130.24100275971625,131.8551025390625,29.234784267480293,-0.0828788526930894,-0.1123641141189466,-0.0294852614258572,131.9608612060547,131.93499755859375
130.24977393194283,131.93499755859375,36.14923897435777,-0.0888639909046027,-0.1128045437506557,-0.023940552846053,131.93586120605468,132.0800018310547
130.27382204520563,132.0800018310547,46.38796987586623,-0.0911505518127313,-0.1002967954452458,-0.0091462436325144,131.94686279296874,131.89999389648438
130.27981026386772,131.89999389648438,38.199026322410425,-0.0936632217370686,-0.1037139014344177,-0.0100506796973491,131.9318603515625,132.02040100097656
130.2829408404721,132.02040100097656,45.17131682636416,-0.0940513916454858,-0.0956040712791548,-0.0015526796336689,131.95809936523438,131.92999267578125
130.28580803609185,131.92999267578125,41.39499510474853,-0.0943156674740178,-0.0953727707881455,-0.0010571033141277,131.97307739257812,131.8874969482422
130.28743686750502,131.8874969482422,39.7143529415906,-0.094951465147054,-0.0974946558391991,-0.002543190692145,131.9635772705078,131.9600067138672
130.3010809580868,131.9600067138672,43.89967347403247,-0.0944135313927055,-0.0922617963753111,0.0021517350173943,131.9395782470703,131.82000732421875
130.3031715532047,131.82000732421875,38.361966366633766,-0.0951865458548086,-0.0982786037032212,-0.0030920578484126,131.9235809326172,131.80999755859375
130.305054937257,131.80999755859375,37.992942822264055,-0.0966834651383694,-0.1026711422726123,-0.0059876771342429,131.88150024414062,131.72500610351562
130.30677389777702,131.72500610351562,34.921241856394275,-0.0996912708100525,-0.111722493496785,-0.0120312226867325,131.8405029296875,131.66600036621094
130.30953050941633,131.66600036621094,32.930659765684524,-0.1042025821606138,-0.1222478275628589,-0.018045245402245,131.79620361328125,131.6199951171875
130.31244882448138,131.6199951171875,31.42653209745937,-0.1099162594636112,-0.1327709686756009,-0.0228547092119896,131.72820129394532,131.44000244140625
130.31689538611943,131.44000244140625,26.354605901380737,-0.1187051926753395,-0.1538609255222525,-0.035155732846913,131.6522003173828,131.43519592285156
130.32035283824771,131.43519592285156,26.23285212225657,-0.1287670383616873,-0.1690144211070787,-0.0402473827453914,131.57723999023438,131.5850067138672
130.3231601632,131.5850067138672,36.136117134355615,-0.1364156325477838,-0.16701000929217,-0.0305943767443861,131.5492401123047,131.5500030517578
130.32576696687536,131.5500030517578,34.95529772440361,-0.1423982396646263,-0.1663286681319959,-0.0239304284673696,131.52604064941406,131.68499755859375
130.32899945931229,131.68499755859375,42.72799388000221,-0.1445447073051215,-0.1531305778671026,-0.008585870561981,131.5390411376953,131.61000061035156
130.33225053285523,131.61000061035156,39.87701144272095,-0.1450413215408607,-0.1470277784838174,-0.0019864569429566,131.5730407714844,131.55999755859375
130.3361676541656,131.55999755859375,38.053877576731615,-0.1449449972627194,-0.1445597001501539,0.0003852971125654,131.5980010986328,131.80999755859375
130.3404798903335,131.80999755859375,50.290544589976086,-0.1401631171323118,-0.1210355966106817,0.0191275205216301,131.64299926757812,131.86500549316406
130.34494573685126,131.86500549316406,52.51329678735716,-0.1314980158611673,-0.0968376107765891,0.0346604050845781,131.70599975585938,131.91000366210938
130.3490195995926,131.91000366210938,54.3129919437891,-0.1198355956545343,-0.0731859148280023,0.046649680826532,131.7510009765625,131.8000030517578
130.355338364234,131.8000030517578,49.38565065295562,-0.1083877432753628,-0.0625963337586767,0.045791409516686,131.78900146484375,131.83999633789062
130.36037554801462,131.83999633789062,51.12185296189895,-0.0967893860781183,-0.0503959572891403,0.0463934287889779,131.84500122070312,131.64999389648438
130.3648750238463,131.64999389648438,43.48935925853127,-0.0885154758195229,-0.0554198347851411,0.0330956410343817,131.81300048828126,131.77000427246094
130.37258359382474,131.77000427246094,48.69924199453203,-0.080642556413161,-0.0491508787877137,0.0314916776254473,131.79400024414062,131.88999938964844
130.37559085904203,131.88999938964844,53.332065521887166,-0.0713354290386754,-0.0341069195407328,0.0372285094979425,131.78999938964844,132.0500030517578
130.37947475476162,132.0500030517578,58.68924437725353,-0.0589019100392926,-0.0091678340417615,0.049734075997531,131.83999938964843,132.13999938964844
130.38510570268664,132.13999938964844,61.37499516381598,-0.043590526572362,0.0176550072953602,0.0612455338677223,131.9,132.2718048095703
130.3897697845303,132.2718048095703,64.96727085172618,-0.025075771310875,0.0489832497350732,0.0740590210459483,132.02436218261718,132.24000549316406
130.39531095670074,132.24000549316406,63.43443590661175,-0.0059739654990672,0.0704332577481636,0.0764072232472309,132.1183624267578,132.14010620117188
130.39727214806396,132.14010620117188,58.74519615999621,0.0109142250175175,0.078466987083857,0.0675527620663394,132.1683837890625,132.24000549316406
130.40098148895396,132.24000549316406,61.7872722896268,0.0270986166300833,0.0918361830803462,0.0647375664502629,132.20638427734374,132.14010620117188
130.40678741821867,132.14010620117188,57.24165937527616,0.0403378700859084,0.0932948839092091,0.0529570138233006,132.20640563964844,132.2899932861328
130.41061500608964,132.2899932861328,61.78442482672592,0.0533365671931351,0.1053313556220416,0.0519947884289065,132.21004333496094,132.5800018310547
130.4180955555741,132.5800018310547,68.71105049859888,0.0700084271902314,0.1366958671786164,0.066687439988385,132.27804260253907,132.8699951171875
130.43058105196062,132.8699951171875,73.8207991252846,0.0925756982198494,0.1828447823383214,0.090269084118472,132.42402038574218,132.74000549316406
130.44727609465085,132.74000549316406,68.42646221223241,0.1153701777597315,0.2065480959192598,0.0911779181595283,132.52402038574218,132.39999389648438
130.45155855396175,132.39999389648438,56.74590463205394,0.1314245044936588,0.1956418114293683,0.0642173069357094,132.57599792480468,132.67999267578125
130.45725099616934,132.67999267578125,62.43302938219869,0.1465803136528056,0.2072035502893925,0.0606232366365869,132.65399780273438,132.5399932861328
130.46254951049025,132.5399932861328,58.30514886842472,0.1578107621625694,0.2027325562016244,0.044921794039055,132.64599609375,132.5800018310547
130.46918300240512,132.5800018310547,59.13664086188892,0.1662707823144731,0.200110862922088,0.0338400806076149,132.58799743652344,132.5500030517578
130.48206354544777,132.5500030517578,58.19944577627844,0.171693285658861,0.1933832990364123,0.0216900133775513,132.54999694824218,132.3000030517578
130.48728906647747,132.3000030517578,50.95242774468567,0.1705477480126032,0.1659655974275722,-0.004582150585031,132.52999877929688,132.3699951171875
130.50314434158872,132.3699951171875,52.72721052786761,0.1660735102032229,0.1481765589657016,-0.0178969512375213,132.46799926757814,132.4199981689453
130.50869921134458,132.4199981689453,54.00761162904703,0.1601667089222902,0.1365395037985592,-0.0236272051237309,132.44400024414062,132.33999633789062
130.51320904254942,132.33999633789062,51.59954350840993,0.1520302140766434,0.1194842346940561,-0.0325459793825873,132.3959991455078,132.4199981689453
130.51868335498145,132.4199981689453,53.81712430240307,0.1438525938850297,0.111142113118575,-0.0327104807664547,132.3699981689453,132.32000732421875
130.53010771151335,132.32000732421875,50.69100268732771,0.1341547167983668,0.0953632084517153,-0.0387915083466515,132.3739990234375,132.3300018310547
130.53344142524716,132.3300018310547,50.99740376416873,0.1238660416670455,0.0827113411417599,-0.0411547005252855,132.36600036621093,132.32000732421875
130.53886578073843,132.32000732421875,50.658403297189935,0.1133046428348074,0.0710590475058552,-0.0422455953289522,132.34600219726562,132.36000061035156
130.54271958597397,132.36000061035156,52.03247668640386,0.103505777371193,0.0643103155167352,-0.0391954618544577,132.35000305175782,132.24000549316406
130.55265971685506,132.24000549316406,47.73698499722821,0.0925481631539608,0.0487177062850321,-0.0438304568689287,132.31400451660156,132.3800048828125
130.55599856921793,132.3800048828125,52.64853998577998,0.0834613564219441,0.0471141294938775,-0.0363472269280666,132.3260040283203,132.49989318847656
130.55856847893986,132.49989318847656,56.42509938116957,0.0777460035850779,0.0548845922376131,-0.0228614113474648,132.3599822998047,132.38999938964844
130.56199136525964,132.38999938964844,52.30693863081727,0.0725129307277722,0.0515806392985496,-0.0209322914292226,132.3739807128906,132.25999450683594
130.56958207421238,132.25999450683594,47.857060255552845,0.0656170443312792,0.0380334987453068,-0.0275835455859723,132.3539794921875,132.38999938964844
130.5761043819693,132.38999938964844,52.23327834632136,0.0599650298417853,0.0373569718838098,-0.0226080579579755,132.38397827148438,132.39999389648438
130.5814873495758,132.39999389648438,52.56289414392472,0.0554117221914859,0.0371984915902885,-0.0182132306011974,132.38797607421876,132.39999389648438
130.58441812429038,132.39999389648438,52.56289414392472,0.0516594600900016,0.0366504116840644,-0.0150090484059372,132.3679962158203,132.51499938964844
130.59395949465755,132.51499938964844,56.562978940408144,0.0503230807151632,0.0449775632158093,-0.0053455174993538,132.39299621582032,132.67999267578125
130.61180516168008,132.67999267578125,61.56973837880842,0.0530886600814398,0.0641509775465465,0.0110623174651066,132.47699584960938,133.2899932861328
130.63574485015133,133.2899932861328,73.65857747245009,0.0678914951531545,0.127102835440013,0.0592113402868584,132.65699462890626,133.0
130.6517500827475,133.0,63.4414925138552,0.0846816478642147,0.1518422587084558,0.067160610844241,132.77699584960936,133.02999877929688
130.66359685150863,133.02999877929688,63.99782287853797,0.1021228516195601,0.1718876666409414,0.0697648150213813,132.9029968261719,133.17999267578125
130.67613516517906,133.17999267578125,66.72444122184835,0.1212181312143953,0.1975992495937362,0.0763811183793408,133.03599548339844,133.0050048828125
130.68595973033243,133.0050048828125,60.92714775808511,0.1372810387139258,0.2015326687120477,0.0642516299981219,133.1009979248047,133.2899932861328
130.71233150642453,133.2899932861328,66.0939481046658,0.154835202249532,0.225051856391957,0.0702166541424249,133.1009979248047,133.55999755859375
130.74056274636075,133.55999755859375,70.1247073988515,0.1763586976451471,0.2624526792276072,0.08609398158246,133.21299743652344,133.5399932861328
130.78072753376196,133.5399932861328,69.46581035948255,0.1985206825280198,0.2871686220595109,0.088647939531491,133.31499633789062,133.47500610351562
130.79757456952962,133.47500610351562,67.25495459843302,0.2184317910481352,0.2980762251285966,0.0796444340804614,133.3739990234375,133.57000732421875
130.81868250992508,133.57000732421875,68.81734154124464,0.2369061594158914,0.3108036328869161,0.0738974734710247,133.48699951171875,133.44500732421875
130.86480974678813,133.44500732421875,64.45927430388714,0.2509772909203519,0.307261816938194,0.056284526017842,133.51800231933595,133.5449981689453
130.8968294447668,133.5449981689453,66.2978782412049,0.2625741944137689,0.308961808387437,0.046387613973668,133.51500244140624,133.4600067138672
130.94948210363324,133.4600067138672,63.30032078684457,0.2700579221502689,0.2999928330962689,0.0299349109459999,133.49900512695314,133.3699951171875
131.00641213877364,133.3699951171875,60.196157620286456,0.2725196825477358,0.2823667241376029,0.0098470415898671,133.4780029296875,133.58999633789062
143.64999389648438,143.64999389648438,50.0,0.0,0.0,0.0,135.522998046875,143.70159912109375
143.658644411474,143.70159912109375,50.0,0.0,0.0,0.0,137.5543182373047,144.35000610351562
143.72484376736512,144.35000610351562,50.0,0.0,0.0,0.0,139.73231811523436,144.75
143.78377838556645,144.75,50.0,0.0,0.0,0.0,142.00831909179686,144.82000732421875
143.97164096990997,144.82000732421875,50.0,0.0,0.0,0.0,144.2543212890625,145.32000732421875
144.09904454931527,145.32000732421875,50.0,0.0,0.0,0.0,144.58832397460938,145.6300048828125
144.2124820179614,145.6300048828125,50.0,0.0,0.0,0.0,144.97400512695313,144.66000366210938
144.24848204726968,144.66000366210938,50.0,0.0,0.0,0.0,145.03600463867187,145.01499938964844
144.27333327653207,145.01499938964844,50.0,0.0,0.0,0.0,145.08900451660156,144.19500732421875
144.26799042875072,144.19500732421875,50.0,0.0,0.0,0.0,144.96400451660156,144.57000732421875
144.277449160646,144.57000732421875,50.0,0.0,0.0,0.0,144.81400451660156,144.18499755859375
144.27457431686753,144.18499755859375,50.0,0.0,0.0,0.0,144.5250030517578,144.3000030517578
144.2751954338755,144.3000030517578,50.0,0.0,0.0,0.0,144.4530029296875,144.1750030517578
144.2728576171197,144.1750030517578,50.0,0.0,0.0,0.0,144.28500366210938,143.97999572753906
144.2647585614353,143.97999572753906,53.10150780288711,0.0,0.0,0.0,144.24200134277345,143.8350067138672
144.24246004675734,143.8350067138672,51.58742321590512,0.0,0.0,0.0,144.09500122070312,144.0
144.23384590942703,144.0,53.221983522377165,0.0,0.0,0.0,144.05800170898436,144.1699981689453
144.23181987306404,144.1699981689453,54.91115790587048,0.0,0.0,0.0,144.03200073242186,144.02999877929688
144.2275150673021,144.02999877929688,53.20715890493511,0.0,0.0,0.0,144.00299987792968,143.88999938964844
144.21878730745416,143.88999938964844,51.48653066681357,0.0,0.0,0.0,143.98500061035156,143.63999938964844
144.19229755083896,143.63999938964844,48.47208652357344,0.0,0.0,0.0,143.9459991455078,143.44000244140625
144.17445740447343,143.44000244140625,46.144521600496496,0.0,0.0,0.0,143.83399963378906,143.5449981689453
144.16755436857773,143.5449981689453,47.56796353769309,0.0,0.0,0.0,143.70899963378906,143.61000061035156
144.15923363945723,143.61000061035156,48.47591551138818,0.0,0.0,0.0,143.625,143.19000244140625
144.12667426835165,143.19000244140625,43.26295170479349,0.0,0.0,0.0,143.48500061035156,143.42430114746094
144.1129778243628,143.42430114746094,46.70600796312028,0.0,-0.4435887978793857,-0.4435887978793857,143.44186096191407,143.5749969482422
144.1057123286435,143.5749969482422,48.855768004020334,0.0,-0.4217533774614139,-0.4217533774614139,143.46885986328124,143.7274932861328
144.10146483501185,143.7274932861328,51.00938073465551,0.0,-0.3876745980148826,-0.3876745980148826,143.50535888671874,143.47999572753906
144.09335242448458,143.47999572753906,47.512543508940496,0.0,-0.3763001504387375,-0.3763001504387375,143.47935791015624,143.52499389648438
144.08471813613477,143.52499389648438,48.2077261989744,0.0,-0.3595106278870048,-0.3595106278870048,143.54635620117188,143.27999877929688
144.0729244384229,143.27999877929688,44.73375623509197,0.0,-0.3618032263712507,-0.3618032263712507,143.51749572753906,143.27999877929688
144.06320137718097,143.27999877929688,44.73375623509197,0.0,-0.3594763080740506,-0.3594763080740506,143.45849609375,143.27999877929688
144.05474931171497,143.27999877929688,44.73375623509197,0.0,-0.3535566278346493,-0.3535566278346493,143.3689971923828,143.25900268554688
144.0384162414082,143.25900268554688,44.39134904212902,-0.3789142424875693,-0.3465644684267488,0.0323497740608205,143.32479858398438,143.39999389648438
144.02975903138525,143.39999389648438,47.308037908814825,-0.3683093272098076,-0.3258896660987602,0.0424196611110473,143.29979858398437,143.6649932861328
144.02564699619828,143.6649932861328,52.36522877308111,-0.3516150746373113,-0.2848380643473263,0.066777010289985,143.37679748535157,143.5800018310547
144.01728389530305,143.5800018310547,50.68503339670269,-0.3325338708717106,-0.2562090558093075,0.076324815062403,143.43679809570312,143.57000732421875
144.01228833282505,143.57000732421875,50.479914261493214,-0.3123583851357041,-0.231656442191678,0.0807019429440261,143.4947998046875,143.4199981689453
144.00329766997714,143.4199981689453,47.3805835173229,-0.2942360374779765,-0.2217466468470661,0.0724893906309104,143.5269989013672,143.76600646972656
144.00140654539337,143.76600646972656,54.34369727601341,-0.2721595766002143,-0.1838537330891654,0.0883058435110489,143.60020141601564,143.6999969482422
143.99925399686333,143.6999969482422,52.90535628880939,-0.2491948753542867,-0.1573360703705759,0.0918588049837107,143.6072021484375,144.0449981689453
144.00003083801954,144.0449981689453,59.01157842143136,-0.2208050313326017,-0.1072456552458618,0.1135593760867399,143.70020141601563,143.97500610351562
143.99990080622527,143.97500610351562,57.38595641894251,-0.1911164786518661,-0.0723622679289235,0.1187542107229425,143.781201171875,143.89999389648438
143.9991434023951,143.89999389648438,55.61762921760188,-0.1629314263722352,-0.0501912172537117,0.1127402091185234,143.8772003173828,144.01499938964844
143.99921411273155,144.01499938964844,57.76638276819664,-0.1349600468771339,-0.0230745288967284,0.1118855179804054,143.9269989013672,143.5399932861328
143.99622219457387,143.5399932861328,47.53072343225629,-0.1158597429874314,-0.0394585274286214,0.0764012155588099,143.8949981689453,143.5449981689453
143.99389557468905,143.5449981689453,47.63600511742327,-0.1029770091450753,-0.0514460737756508,0.0515309353694245,143.7949981689453,143.92999267578125
143.9934265662531,143.92999267578125,55.0995293620422,-0.0882895940135912,-0.0295399334876549,0.0587496605259363,143.78599548339844,143.9499969482422
143.99308795386025,143.9499969482422,55.454804613778464,-0.0727205918559515,-0.0104445832253929,0.0622760086305586,143.79599609375,143.36500549316406
143.98381411881675,143.36500549316406,44.39271414937824,-0.0665826329145519,-0.0420307971489535,0.0245518357655984,143.66599731445314,143.7100067138672
143.98132542549382,143.7100067138672,50.64558971340704,-0.0610215828330515,-0.0387773825070496,0.0222442003260018,143.7,143.5850067138672
143.97766647075204,143.5850067138672,48.5168866886731,-0.0579688689464562,-0.045758013400075,0.0122108555463812,143.70800170898437,143.7220001220703
143.97695259176606,143.7220001220703,50.95013057716205,-0.0543305873028738,-0.0397774607285441,0.0145531265743296,143.6664031982422,143.67999267578125
143.97518670775585,143.67999267578125,50.16714898190822,-0.0510623817421408,-0.0379895594992092,0.0130728222429316,143.61240234375,143.63999938964844
143.97300265756834,143.63999938964844,49.38896608790844,-0.048719145462018,-0.0393462003415265,0.0093729451204914,143.6674011230469,143.6999969482422
143.97081889716895,143.6999969482422,50.62630608366173,-0.0460102315317402,-0.0351745758106289,0.0108356557211112,143.66539916992187,143.85000610351562
143.96994685325953,143.85000610351562,53.67575302007318,-0.0407159485944148,-0.0195388168451131,0.0211771317493016,143.71839904785156,143.85899353027344
143.96938993519157,143.85899353027344,53.8596221786604,-0.0338425524826595,-0.0063489680356383,0.0274935844470211,143.74579772949218,143.67999267578125
143.96777221253203,143.67999267578125,49.63405777343832,-0.0291184336736129,-0.0102219584374267,0.0188964752361861,143.74579772949218,143.8300018310547
143.96704743689594,143.8300018310547,52.96444720837508,-0.0235294110930936,-0.0011733207710165,0.0223560903220771,143.78379821777344,144.13510131835938
143.9693136792332,144.13510131835938,58.914909421974166,-0.01276995696835,0.0302678595306247,0.0430378164989747,143.87081909179688,143.97000122070312
143.9693197368277,143.97000122070312,54.86964308835675,-0.0019387752010584,0.0413859518681078,0.0433247270691663,143.8948181152344,143.80999755859375
143.96775026431445,143.80999755859375,51.20050997037978,0.005821229498397,0.0368612482962191,0.031040018797822,143.88501892089843,143.99000549316406
143.96789802556614,143.99000549316406,54.85780826646591,0.014108141344868,0.0472557887307516,0.0331476473858836,143.947021484375,143.9149932861328
143.96767394204306,143.9149932861328,53.0727926546294,0.0210619635101902,0.0488772521714793,0.027815288661289,143.96401977539062,143.76499938964844
143.96664529445442,143.76499938964844,49.59751273360098,0.0243746305506803,0.0376252987126406,0.0132506681619602,143.88999938964844,143.02000427246094
143.95978113879642,143.02000427246094,36.73200329524333,0.0132899199225152,-0.0310489225901449,-0.0443388425126602,143.7,143.33009338378906
143.95565253027857,143.33009338378906,43.322192799579256,-0.0013207090077842,-0.0597632247289823,-0.058442515721198,143.60401916503906,143.14500427246094
143.94604389670772,143.14500427246094,40.60352234691753,-0.0203253804178064,-0.0963440660578953,-0.0760186856400889,143.43501892089844,143.07000732421875
143.9434645252871,143.07000732421875,39.521279952493735,-0.0422381031025147,-0.1298889938413481,-0.0876508907388333,143.26602172851562,142.8249969482422
143.93586365385164,142.8249969482422,36.13292056884613,-0.0686375631263122,-0.1742354032215018,-0.1055978400951896,143.07802124023436,142.83999633789062
143.9317450182865,142.83999633789062,36.49189327217167,-0.0960695744823821,-0.2057976199066615,-0.1097280454242794,143.04201965332032,142.72999572753906
143.92692062062676,142.72999572753906,34.94084961913087,-0.1242467711448089,-0.2369555577945163,-0.1127087866497074,142.9220001220703,142.55499267578125
143.92124972950214,142.55499267578125,32.569101254320614,-0.1539228282680349,-0.272627056760939,-0.118704228492904,142.8039978027344,142.6199951171875
143.91688815652788,142.6199951171875,34.35159517067946,-0.1815947768893109,-0.2922825713744146,-0.1106877944851036,142.71399536132813,142.64999389648438
143.91051408525624,142.64999389648438,35.20289647525004,-0.2056674756227481,-0.3019582705564971,-0.0962907949337489,142.67899475097656,142.11749267578125
143.89873094462982,142.11749267578125,28.209912043264865,-0.2342492918018208,-0.3485765565181111,-0.1143272647162903,142.53449401855468,142.32000732421875
143.88772852415272,142.32000732421875,33.61122493977874,-0.2603941249485705,-0.3649734575355694,-0.1045793325869988,142.45249633789064,142.4199981689453
143.87822019747804,142.4199981689453,36.16499746001068,-0.2814521625755462,-0.3656843130834488,-0.0842321505079026,142.42549743652344,141.9199981689453
143.8646808007275,141.9199981689453,29.959026945480787,-0.3055537197559534,-0.4019599484775824,-0.0964062287216289,142.285498046875,141.72000122070312
143.85068172806848,141.72000122070312,27.896900595656604,-0.332793868343729,-0.4417544626948313,-0.1089605943511022,142.09949951171876,141.5850067138672
143.83624308212185,141.5850067138672,26.567617186918213,-0.3619685055902273,-0.4786670545762206,-0.1166985489859932,141.99300231933594,141.63999938964844
143.82354140316482,141.63999938964844,28.071235709585707,-0.3891238846906737,-0.4977454010924589,-0.1086215164017851,141.85700073242188,141.8300018310547
143.81573565621952,141.8300018310547,33.16341090900329,-0.4096718320327039,-0.4918636214008245,-0.0821917893681206,141.73900146484374,141.88499450683594
143.8053193113762,141.88499450683594,34.60641069660622,-0.4231901108050838,-0.4772632258946032,-0.0540731150895194,141.73200073242188,141.4550018310547
143.79104257833086,141.4550018310547,29.282808390220357,-0.4374894251358537,-0.4946866824589335,-0.0571972573230797,141.6790008544922,141.30999755859375
143.77608589210976,141.30999755859375,27.733431480555296,-0.452845015320846,-0.5142673760608147,-0.0614223607399687,141.6239990234375,141.5
143.76442957689076,141.5,32.75422566250717,-0.463994189962795,-0.5085908885305912,-0.0445966985677961,141.59599914550782,141.69500732421875
143.75524438449634,141.69500732421875,37.54984734211556,-0.4677536420962708,-0.4827914506301738,-0.0150378085339029,141.56900024414062,141.75
143.74714957242824,141.75,38.87372084016407,-0.464740801440082,-0.4526894388153266,0.0120513626247553,141.54200134277343,141.8249969482422
143.7366601198207,141.8249969482422,40.71937028160772,-0.4553853861486763,-0.4179637249830534,0.0374216611656228,141.61600036621093,142.10000610351562
143.7263772272562,142.10000610351562,47.03476373925356,-0.4371194684161417,-0.364055797486003,0.0730636709301386,141.7740020751953,142.1300048828125
143.72011360521006,142.1300048828125,47.68942733737671,-0.4127512532774398,-0.3152783927226323,0.0974728605548074,141.9000030517578,142.39999389648438
143.71234518208522,142.39999389648438,53.28576273137295,-0.3805873978253756,-0.2519319760171186,0.128655421808257,142.04100036621094,142.29510498046875
143.70321119937833,142.29510498046875,51.00291247478725,-0.3460294742331564,-0.2077977798642791,0.1382316943688772,142.1500213623047,142.44000244140625
143.69701526446246,142.44000244140625,53.93865977429712,-0.3086821530415825,-0.159292868275287,0.1493892847662955,142.2730224609375,142.73500061035156
143.69220975247208,142.73500061035156,59.28706217265088,-0.2661342272048233,-0.0959425238577864,0.1701917033470368,142.4000213623047,142.69000244140625
143.6839908140236,142.69000244140625,58.177371827163256,-0.2226684414757133,-0.048805298559273,0.1738631429164402,142.51202087402345,142.44500732421875
143.67552269923263,142.44500732421875,52.424037483602895,-0.1843071548468017,-0.0308620083311552,0.1534451465156464,142.52102355957032,142.22999572753906
143.67040969922203,142.22999572753906,47.94298789228793,-0.1541665425584676,-0.0336040934051311,0.1205624491533364,142.50800170898438,142.1699981689453
143.65059572906375,142.1699981689453,46.74233878792225,-0.1313643596579113,-0.040155628055686,0.0912087316022252,142.4540008544922,142.47000122070312
143.6458633259223,142.47000122070312,53.07096449075501,-0.1092713108118085,-0.0208991154273974,0.0883721953844111,142.4010009765625,142.64999389648438
143.64342152205165,142.64999389648438,56.41719848954041,-0.085660158141555,0.0087844525394586,0.0944446106810137,142.39299926757812,142.7100067138672
143.64064001930458,142.7100067138672,57.50518738617848,-0.0611825167646467,0.0367280487429866,0.0979105655076333,142.4459991455078,142.72500610351562
143.63552291544883,142.72500610351562,57.78881669172663,-0.0370661816282684,0.0593991589172446,0.0964653405455131,142.5450012207031,142.7200927734375
143.63151524324522,142.7200927734375,57.65307143307223,-0.014434432368136,0.0760925646723933,0.0905269970405294,142.65502014160157,142.9499969482422
143.62916109749463,142.9499969482422,62.13508764852056,0.0097812993582105,0.1066442262635973,0.0968629269053867,142.7510192871094,142.80999755859375
143.62497628224455,142.80999755859375,58.102270084061146,0.0314645098802381,0.1181973519683481,0.08673284208811,142.78302001953125,142.85499572753906
143.62290779007972,142.85499572753906,59.02286098232953,0.0510699209710259,0.1294915653341775,0.0784216443631515,142.81201782226563,143.06500244140625
143.62014986311672,143.06500244140625,63.098056451506494,0.0715793953721702,0.1536172929767474,0.0820378976045771,142.88001708984376,142.9600067138672
143.61684036910603,142.9600067138672,59.89110581625072,0.0897420891715582,0.1623928643691101,0.0726507751975518,142.9279998779297,142.94500732421875
143.61427232513628,142.94500732421875,59.42643795539148,0.1050379010573691,0.1662211486006128,0.0611832475432436,142.927001953125,143.02000427246094
143.61031521696682,143.02000427246094,61.0534975255234,0.1186921050503746,0.1733089210223966,0.0546168159720219,142.96900329589843,143.36000061035156
143.60981472121915,143.36000061035156,67.43013351468915,0.1357555247649115,0.2040092036230589,0.0682536788581474,143.07000427246095,143.2899932861328
143.607506514236,143.2899932861328,65.06778951417894,0.1526349419169217,0.2201526105249627,0.0675176686080409,143.11500244140626,143.3000030517578
143.6063720056649,143.3000030517578,65.25522153171576,0.1683259969453214,0.2310902170589202,0.0627642201135987,143.18300170898436,143.44509887695312
143.60511083850952,143.44509887695312,67.94050466884354,0.1843809287367444,0.248600655902436,0.0642197271656916,143.28302001953125,143.48500061035156
143.60409052851242,143.48500061035156,68.65788645563481,0.2000386727986615,0.2626696490463303,0.0626309762476687,143.3760192871094,143.64999389648438
143.6042020545224,143.64999389648438,71.4979553429484,0.2168031053872874,0.2838608357417911,0.0670577303545036,143.43401794433595,143.47000122070312
143.60364089508371,143.47000122070312,64.61883420177762,0.2300165534960304,0.282870345931002,0.0528537924349716,143.47001953125,143.3800048828125
143.60189841334363,143.3800048828125,61.43597952603381,0.2383515492806694,0.2716915324192257,0.0333399831385562,143.48601989746095,143.05499267578125
143.5993471567198,143.05499267578125,51.55904691671635,0.2374632600723124,0.2339101032388839,-0.0035531568334284,143.40799865722656,143.2449951171875
143.59839270126898,143.2449951171875,56.01134449586031,0.2333307112821745,0.2168005161216228,-0.0165301951605516,143.35999755859376,143.22999572753906
143.59638833686105,143.22999572753906,55.5770680990249,0.2266102440837496,0.19972837529005,-0.0268818687936995,143.2759979248047,143.3000030517578
143.59575453960844,143.3000030517578,57.24334998776848,0.2192204531445369,0.1896612893876863,-0.0295591637568506,143.24199829101562,143.54989624023438
143.59546092103906,143.54989624023438,62.63153107013397,0.2152857802203187,0.1995470885234453,-0.0157386916968733,143.2759765625,143.60000610351562
143.59547625117685,143.60000610351562,63.62153377077817,0.2140317641488127,0.209015699862789,-0.0050160642860237,143.38497924804688,143.5399932861328
143.59536807851967,143.5399932861328,61.51945476770595,0.2130783783184702,0.2092648349971,-0.0038135433213702,143.44397888183593,143.66000366210938
143.59552782944888,143.66000366210938,64.07564594391998,0.2137924464914015,0.2166487191831265,0.002856272691725,143.52998046875,143.66000366210938
143.59570445342374,143.66000366210938,64.07564594392,0.2150269336647494,0.2199648823581412,0.0049379486933918,143.60198059082032,143.66000366210938
143.5961631036508,143.66000366210938,64.07564594391997,0.2160328056505452,0.2200562935937284,0.0040234879431831,143.6240020751953,143.7100067138672
143.59683207509644,143.7100067138672,65.27601138676171,0.2171480436178936,0.221608995487287,0.0044609518693934,143.64600219726563,143.84249877929688
143.6003626386212,143.84249877929688,68.29861244860282,0.2198922766531982,0.2308692087944166,0.0109769321412183,143.70650329589844,144.0
143.6083892574968,144.0,71.4771205911192,0.2255253360181771,0.2480575734780927,0.0225322374599155,143.77450256347657,144.03500366210938
143.60929019928008,144.03500366210938,72.14554750088439,0.2327182066059757,0.2614896889571696,0.0287714823511939,143.84950256347656,144.24000549316406
143.612789920182,144.24000549316406,75.73242022332606,0.243251947104962,0.2853869091009073,0.0421349619959453,143.9655029296875,144.2100067138672
143.6144938834599,144.2100067138672,74.22612990970225,0.2542944506624534,0.2984644648924188,0.0441700142299654,144.0655029296875,144.34500122070312
143.61869129818996,144.34500122070312,76.49202245987657,0.2666511407873632,0.3160779012870023,0.049426760499639,144.16600341796874,144.25999450683594
143.62361246695656,144.25999450683594,72.18826213482939,0.2772197951181082,0.3194944124410881,0.0422746173229798,144.21800231933594,144.22999572753906
143.62652842162686,144.22999572753906,70.67698201815207,0.2850032639372908,0.3161371392140211,0.0311338752767302,144.2570007324219,144.22500610351562
143.62755433177807,144.22500610351562,70.41293591814363,0.2899038235128838,0.3095060618152558,0.019602238302372,144.25400085449218,144.389892578125
143.62926445581408,144.389892578125,73.88504200696512,0.2947104539409597,0.313936975653263,0.0192265217123033,144.28997802734375,143.9868927001953
143.63297590744668,143.9868927001953,56.44887652219646,0.2921049074690657,0.2816827215814896,-0.010422185887576,144.21835632324218,143.8800048828125
143.6333906375425,143.8800048828125,52.88413657037778,0.2826190402956672,0.2446755716020732,-0.0379434686935939,144.1423583984375,143.875
143.6342800368102,143.875,52.71626869218221,0.2685939902894259,0.2124937902644603,-0.0561002000249655,144.07135925292968,143.97500610351562
143.6345402351766,143.97500610351562,55.73952866513608,0.2534424436573838,0.1928362571292154,-0.0606061865281683,144.0213592529297,143.99000549316406
143.6354930190553,143.99000549316406,56.19195656077485,0.2380407597816425,0.1764340242786772,-0.0616067355029652,143.9413818359375,144.125
143.6386940869982,144.125,60.14095880526915,0.2249008919177376,0.1723414204621178,-0.0525594714556197,143.96900329589843,144.22000122070312
143.64036764481943,144.22000122070312,62.68988842331379,0.2148705944632438,0.1747494046452686,-0.0401211898179751,144.03700256347656,144.1699981689453
143.64158329251745,144.1699981689453,60.49699849635459,0.2060276172304565,0.1706557082993072,-0.0353719089311493,144.09600219726562,143.97000122070312
143.6423939941448,143.97000122070312,52.575389915782274,0.1947319796726467,0.1495494294414072,-0.0451825502312394,144.09500122070312,143.80499267578125
143.64284770750717,143.80499267578125,47.09600997709416,0.1794147495913539,0.118145829266183,-0.0612689203251709,144.05799865722656,143.8000030517578
143.64308869739992,143.8000030517578,46.93671295543756,0.161891288695604,0.0917974451126042,-0.0700938435829997,143.9929992675781,143.72999572753906
143.6432411522157,143.72999572753906,44.65453526805943,0.1424177048788329,0.0645233696117486,-0.0778943352670843,143.8949981689453,143.6699981689453
143.64336901193698,143.6699981689453,42.73669471875308,0.1214608344739548,0.0376333528544421,-0.0838274816195126,143.7949981689453,143.50999450683594
143.6429390419433,143.50999450683594,38.04407867041889,0.0978432637576113,0.0033729808922373,-0.0944702828653739,143.70299682617187,143.56939697265625
143.64282166465608,143.56939697265625,40.64961346098914,0.0745208167741572,-0.018768971159659,-0.0932897879338162,143.65587768554687,143.55499267578125
143.6426851325865,143.55499267578125,40.2080437511736,0.052206288679062,-0.0370518237013186,-0.0892581123803807,143.60687561035155,143.58999633789062
143.6424852345196,143.58999633789062,41.86083404692082,0.0321327433453768,-0.0481614379893642,-0.080294181334741,143.57887573242186,143.60000610351562
143.64242552427856,143.60000610351562,42.351580876951466,0.0146025539503722,-0.0555182036296457,-0.070120757580018,143.56487731933595,143.36000061035156
143.64123669854416,143.36000061035156,34.772642760404125,-0.0042769773634428,-0.0797951026187036,-0.0755181252552607,143.53487854003907,143.39999389648438
143.6409533086854,143.39999389648438,36.80215464409881,-0.0223647362035509,-0.0947157715639832,-0.0723510353604323,143.5009979248047,143.3699951171875
143.64031856312016,143.3699951171875,35.899845069159326,-0.0394356764346198,-0.1077194373588952,-0.0682837609242754,143.46399841308593,143.44000244140625
143.6401377204258,143.44000244140625,39.620314541933055,-0.0537675997112318,-0.11109529281768,-0.0573276931064481,143.43399963378906,143.3300018310547
143.63967261003273,143.3300018310547,36.07703212585911,-0.0672639053808065,-0.1212491280591052,-0.0539852226782987,143.37999877929687,143.14999389648438
143.6379613746238,143.14999389648438,31.16524406072645,-0.0822475768948899,-0.1421822629512235,-0.0599346860563335,143.33799743652344,143.1649932861328
143.6371340619966,143.1649932861328,31.996068870921988,-0.0969512663189022,-0.1557660240149516,-0.0588147576960493,143.29099731445314,143.22000122070312
143.63637706727658,143.22000122070312,35.09026576370435,-0.1096100856806107,-0.1602453631274443,-0.0506352774468336,143.26099853515626,142.86000061035156
143.63507618145172,142.86000061035156,26.56977833461083,-0.125817399798623,-0.1906466562706725,-0.0648292564720494,143.1449981689453,142.9499969482422
143.6340946683376,142.9499969482422,31.07543505115933,-0.1416766251832732,-0.205113526721874,-0.0634369015386007,143.06899719238282,142.94000244140625
143.63277407705866,142.94000244140625,30.849050763495555,-0.1563228553249535,-0.2149077758916746,-0.058584920566721,143.0269989013672,143.02499389648438
143.63191373430973,143.02499389648438,35.17396128269108,-0.1677287435271482,-0.2133522963359269,-0.0456235528087786,142.9989990234375,142.97999572753906
143.63108403461527,142.97999572753906,33.96284106520439,-0.176841364440644,-0.2132918480946273,-0.0364504836539832,142.95099792480468,143.10989379882812
143.63057939721762,143.10989379882812,40.34815690462364,-0.1815634060974586,-0.2004515727247167,-0.018888166627258,143.0009765625,143.1300048828125
143.6296506889129,143.1300048828125,41.2945892930416,-0.1825513001812099,-0.1865028765162151,-0.0039515763350051,143.03697814941407,142.97000122070312
143.62767054410511,142.97000122070312,36.35281505790606,-0.1832836095084191,-0.1862128468172557,-0.0029292373088365,143.04297790527343,142.9499969482422
143.6265291848624,142.9499969482422,35.77636265270576,-0.1837187504598808,-0.1854593142657279,-0.001740563805847,143.027978515625,143.03799438476562
143.62571594760482,143.03799438476562,40.26376680388906,-0.1821221413228323,-0.1757357047746381,0.0063864365481941,143.03957824707032,143.11000061035156
143.62482883298233,143.11000061035156,43.728527739436124,-0.1777718570071756,-0.1603707197445487,0.0174011372626268,143.039599609375,143.19500732421875
143.62442804060692,143.19500732421875,47.59301997421572,-0.1701622610358266,-0.1397238771504305,0.030438383885396,143.05260009765624,143.58999633789062
143.6242492405087,143.58999633789062,60.99665255536184,-0.1542190460223988,-0.0904461859686875,0.0637728600537112,143.17659912109374,143.8300018310547
143.6246334214677,143.8300018310547,66.58844362129389,-0.1297076058478646,-0.0316618451497276,0.0980457606981368,143.35260009765625,143.77000427246094
143.62534487254186,143.77000427246094,64.11388235800578,-0.1017722944688177,0.0099689510473695,0.1117412455161872,143.4990020751953,143.70419311523438
143.62569852944966,143.70419311523438,61.41773410967755,-0.0739734010649059,0.0372221725507415,0.1111955736156474,143.6178405761719,143.7899932861328
143.62575913360175,143.7899932861328,63.56872874430629,-0.0461797837729034,0.0649946853951064,0.1111744691680098,143.7368377685547,144.1699981689453
143.6291370991582,144.1699981689453,71.22131523888261,-0.0136784517573207,0.1163268763050098,0.1300053280623306,143.85283813476562,144.07009887695312
143.62975111133065,144.07009887695312,67.2235848105541,0.0185071522136703,0.1472495680976351,0.1287424158839647,143.9008575439453,144.15499877929688
143.63048940812922,144.15499877929688,68.82512450689349,0.050119988231607,0.1765713323033537,0.1264513440717466,143.9778564453125,144.02000427246094
143.6312972704876,144.02000427246094,63.51114599497736,0.0774486351861013,0.1867632230040783,0.109314587817977,144.0410186767578,144.10000610351562
143.63187688859705,144.10000610351562,65.2247541151387,0.1017592839862912,0.1990018791870511,0.0972425952007598,144.10302124023437,144.49000549316406
143.63664025381823,144.49000549316406,72.10274306301218,0.128894188122582,0.2374338046677451,0.108539616545163,144.16702270507812,144.47500610351562
143.63796388992662,144.47500610351562,71.51688261022366,0.1558437418466345,0.2636419567428447,0.1077982148962101,144.2480041503906,144.2449951171875
143.6401404782989,144.2449951171875,63.05577978492588,0.1772394910233087,0.2628224877300056,0.0855829967066968,144.26600341796876,144.1699981689453
143.64179884638082,144.1699981689453,60.54073467513191,0.1924321254186462,0.2532026629999961,0.0607705375813499,144.29600219726564,144.2050018310547
143.64240050142493,144.2050018310547,61.316273872481695,0.2030602158900748,0.2455725777757891,0.0425123618857142,144.31700134277344,144.55999755859375
143.64416459259334,144.55999755859375,68.15260381634087,0.2154711307876414,0.2651147903779076,0.0496436595902662,144.33099975585938,144.47500610351562
143.6488569215279,144.47500610351562,65.18255938861651,0.2265017935101812,0.2706244444003403,0.044122650890159,144.33099975585938,144.6300048828125
143.65031241729295,144.6300048828125,67.92760509580458,0.2380457669354373,0.2842216606364616,0.0461758937010242,144.4080017089844,144.77999877929688
143.65317241835356,144.77999877929688,70.3627283616967,0.2511568299627995,0.3036010820722481,0.0524442521094486,144.53000183105468,144.69000244140625
143.65524326612402,144.69000244140625,67.0721826202751,0.2625545345759211,0.3081453530284079,0.0455908184524868,144.627001953125,144.6300048828125
143.65819847888218,144.6300048828125,64.89337421576846,0.2707252119189506,0.3034079212910683,0.0326827093721177,144.64100341796876,144.6199951171875
143.65900058914818,144.6199951171875,64.51682253841255,0.2756681931948436,0.2954401182984156,0.019771925103572,144.6700012207031,145.10499572753906
143.67321885776306,145.10499572753906,72.76349386357394,0.2854385957618127,0.324520206029689,0.0390816102678763,144.76499938964844,145.3300018310547
143.69010728472088,145.3300018310547,75.597069810527,0.3006618204936859,0.3615547194211785,0.0608928989274926,144.875,145.5500030517578
143.7079106821486,145.5500030517578,78.00639467996308,0.3213294638032086,0.4040000370412997,0.082670573238091,145.0470001220703,145.66000366210938
143.71955548316322,145.66000366210938,79.11661450712027,0.3453487518338526,0.4414259039564285,0.0960771521225758,145.25299987792968,145.80999755859375
143.73395512615937,145.80999755859375,80.55780386789507,0.3718156004278222,0.4776829948037004,0.1058673943758782,145.49100036621093,145.66000366210938
143.7457553326415,145.66000366210938,74.98493475224056,0.3951885886489999,0.4886805415337107,0.0934919528847108,145.602001953125,145.69000244140625
143.7496719703904,145.69000244140625,75.35218686005203,0.4149750527330192,0.4941209090690961,0.0791458563360768,145.67400207519532,145.7949981689453
143.75703617465547,145.7949981689453,76.64460374940565,0.4322056472521178,0.5011280253285122,0.0689223780763943,145.7230010986328,145.68499755859375
143.77375494150533,145.68499755859375,72.36353541878124,0.4441909364173565,0.4921320930783111,0.0479411566609545,145.72799987792968,145.9499969482422
143.78171553701793,145.9499969482422,75.86149936556495,0.4554757906378879,0.5006152075200134,0.0451394168821254,145.75599975585936,145.9149932861328
143.79514936309388,145.9149932861328,74.51979210039404,0.4641334706538121,0.4987641907175089,0.0346307200636967,145.80699768066407,145.98500061035156
143.80075877440228,145.98500061035156,75.45480481871833,0.4707497107888165,0.4972146713288339,0.0264649605400173,145.86599731445312,145.97000122070312
143.80590956626685,145.97000122070312,74.82129324488703,0.4744273413997467,0.4891378638434673,0.0147105224437206,145.9009979248047,146.0500030517578
143.8171755664167,146.0500030517578,75.97968987902009,0.4762653876296218,0.4836175725491216,0.0073521849194998,145.9739990234375,145.76499938964844
143.82326247652782,145.76499938964844,64.58080164370818,0.4712214924567131,0.4510459117650782,-0.0201755806916348,145.93699951171874,145.8000030517578
143.8289178394744,145.8000030517578,65.26995838453507,0.4616129929431051,0.4231789948886728,-0.0384339980544322,145.91400146484375,145.49000549316406
143.83368746676297,145.49000549316406,55.053632568169576,0.4436492419013425,0.3717942377342922,-0.0718550041670503,145.81500244140625,145.39999389648438
143.83886928934672,145.39999389648438,52.48477731767538,0.4189430217656951,0.3201181412231051,-0.0988248805425899,145.7010009765625,145.47999572753906
143.84002663142604,145.47999572753906,54.51618317398637,0.3916274201096339,0.2823650134853892,-0.1092624066242446,145.58699951171874,145.5749969482422
143.845808331838,145.5749969482422,56.87403597783314,0.3647313285271636,0.2571469621972824,-0.1075843663298812,145.5489990234375,145.57000732421875
143.84780301154154,145.57000732421875,56.70776149283545,0.3385972122835938,0.2340607473093143,-0.1045364649742794,145.50299987792968,145.75
143.85626141335254,145.75,61.12319933477061,0.3164106274587926,0.2276642881595876,-0.088746339299205,145.55499877929688,145.58999633789062
143.86105224213077,145.58999633789062,55.686065312187935,0.2945874074862039,0.2072945275958488,-0.087292879890355,145.59299926757814,145.61500549316406
143.86391466961442,145.61500549316406,56.33980286944462,0.2738635289908978,0.1909680150096733,-0.0828955139812245,145.62000122070313,145.86000061035156
143.87369065113134,145.86000061035156,62.219722095608745,0.2581996400180203,0.1955440841265101,-0.0626555558915101,145.677001953125,145.74749755859375
143.87792770595445,145.74749755859375,58.33461024738665,0.2441449717009164,0.1879262984325009,-0.0562186732684154,145.7125,145.6300048828125
143.8827173907629,145.6300048828125,54.50674301660997,0.2294047178555195,0.170443702473932,-0.0589610153815875,145.6885009765625,145.6649932861328
143.8836622008795,145.6649932861328,55.44437226236462,0.2150428205310362,0.1575952312331026,-0.0574475892979336,145.70350036621093,145.72999572753906
143.8882001243196,145.72999572753906,57.20889728255477,0.2022178940351045,0.1509181880513779,-0.0512997059837266,145.72649841308595,145.7550048828125
143.89085759891086,145.7550048828125,57.8997163464132,0.1909667258984568,0.1459620533518659,-0.0450046725465909,145.70549926757812,145.64010620117188
143.89445947226602,145.64010620117188,53.61704802456713,0.1790233706816149,0.1312499498142472,-0.0477734208673677,145.68402099609375,145.55999755859375
143.8977713426129,145.55999755859375,50.79596276503914,0.1655861393490019,0.1118372140185499,-0.053748925330452,145.67001953125,145.49000549316406
143.89964712566,145.49000549316406,48.39982794588352,0.1504228904470601,0.0897698948392928,-0.0606529956077672,145.63502197265626,145.51629638671875
143.90144004761234,145.51629638671875,49.36602410153306,0.1350493013915292,0.0735549451694055,-0.0614943562221237,145.5922821044922,145.09500122070312
143.90704121805214,145.09500122070312,37.30997672168051,0.1133204611509059,0.0264051001884126,-0.0869153609624932,145.4602813720703,145.07000732421875
143.91354875169665,145.07000732421875,36.73677173612384,0.0880902910255942,-0.0128303894756527,-0.1009206805012469,145.34626159667968,144.94000244140625
143.91744627972383,144.94000244140625,33.82576636598921,0.0597132348008643,-0.0537949900980549,-0.1135082248989193,145.22226257324218,145.01499938964844
143.9198524149147,145.01499938964844,36.93053862709693,0.0319117774792096,-0.079294051807409,-0.1112058292866187,145.12726135253905,145.07000732421875
143.92278445367558,145.07000732421875,39.18437525250144,0.0067333788042906,-0.0939802158953853,-0.1007135946996759,145.03800354003906,145.16000366210938
143.92578078557378,145.16000366210938,42.78671271139609,-0.0140605519873084,-0.0972362751537048,-0.0831757231663964,145.0510040283203,145.22000122070312
143.92726579759668,145.22000122070312,45.120559390230426,-0.0300270581902697,-0.0938930830021149,-0.0638660248118452,145.08100280761718,145.10000610351562
143.92908935868445,145.10000610351562,41.47644790463965,-0.0439768518179212,-0.0997760263285272,-0.0557991745106059,145.11300354003907,145.11500549316406
143.93051021134002,145.11500549316406,42.105876342388655,-0.0555917991982691,-0.1020515887196609,-0.0464597895213917,145.13300476074218,145.07000732421875
143.93439782144165,145.07000732421875,40.691939499695984,-0.0657256499989281,-0.1062610532015639,-0.0405354032026358,145.13300476074218,145.25999450683594
143.93732544302597,145.25999450683594,48.54798251550602,-0.0712190083639229,-0.093192441823902,-0.0219734334599791,145.1530029296875,145.22999572753906
143.94303844205797,145.22999572753906,47.478554437762725,-0.0738321155255255,-0.0842845441719362,-0.0104524286464106,145.15500183105468,145.27999877929688
143.94581945990058,145.27999877929688,49.47635743651151,-0.0735369058244935,-0.0723560670203653,0.0011808388041281,145.19100036621094,145.27000427246094
143.94776618233314,145.27000427246094,49.0745464324538,-0.0714261458737241,-0.0629831060706465,0.0084430398030776,145.2220001220703,145.33999633789062
143.95007943199397,145.33999633789062,52.01364399777627,-0.0670086065641113,-0.0493384493256598,0.0176701572384514,145.2759979248047,145.375
143.95400168069523,145.375,53.46025722793577,-0.0606656081983338,-0.0352936147352238,0.0253719934631099,145.2989990234375,145.36000061035156
143.95571719788214,145.36000061035156,52.726739915526544,-0.0535493171631793,-0.0250841530225613,0.0284651641406179,145.325,145.44000244140625
143.95747367605446,145.44000244140625,56.18024642248244,-0.0449229567837148,-0.0104175152658569,0.0345054415178578,145.35700073242188,145.52000427246094
143.9611550190988,145.52000427246094,59.3762647546899,-0.0344235512643648,0.0075740708130354,0.0419976220774002,145.40700073242186,145.52999877929688
143.96397781662992,145.52999877929688,59.771016911022336,-0.023062638769196,0.022381011211479,0.0454436499806751,145.44500122070312,145.66000366210938
143.9679677896246,145.66000366210938,64.59095880918227,-0.0096305918024192,0.0440975960646881,0.0537281878671073,145.502001953125,145.66000366210938
143.97148503150768,145.66000366210938,64.59095880918227,0.0044174220960036,0.0606094776896952,0.0561920555936915,145.56200256347657,145.74000549316406
143.97384920171191,145.74000549316406,67.38024497798347,0.0193814063233724,0.0792373432328474,0.059855936909475,145.62200317382812,145.74000549316406
143.9763925610458,145.74000549316406,67.38024497798347,0.0340908920821477,0.0929288351172488,0.058837943035101,145.66600341796874,145.66000366210938
143.97864392611513,145.66000366210938,61.73979852186288,0.0465156850528274,0.0962148569355463,0.0496991718827188,145.69200439453124,145.3000030517578
143.98262222479897,145.3000030517578,43.92208894777123,0.0510075305304747,0.0689749124410639,0.0179673819105891,145.62000427246093,145.22999572753906
143.98466787484372,145.22999572753906,41.41881020238792,0.049058505793583,0.0412624068460161,-0.0077960989475668,145.53400268554688,145.40750122070312
143.98688092385646,145.40750122070312,49.30778384548876,0.0458948216978409,0.0332400853148726,-0.0126547363829682,145.46750183105468,145.14999389648438
143.99135436721875,145.14999389648438,40.73710940817612,0.0379226756517581,0.006034091467427,-0.0318885841843311,145.34949951171876,145.2100067138672
143.99273498235712,145.2100067138672,43.21439941891153,0.0282256278820125,-0.0105625631969701,-0.0387881910789826,145.2595001220703,145.0
143.9956648899174,145.0,37.33323300488773,0.0145409140148249,-0.0401979414539255,-0.0547388554687504,145.19949951171876,145.06460571289062
143.99694643456235,145.06460571289062,40.03683025573944,7.178833764240854e-05,-0.0578047143710875,-0.0578765027087299,145.16642150878906,145.13999938964844
143.99846572310074,145.13999938964844,43.120778180270506,-0.012927797529187,-0.0649261409965049,-0.0519983434673178,145.11292114257813,145.0399932861328
144.00047813839066,145.0399932861328,40.16959496026243,-0.0258909184485389,-0.0777434021259466,-0.0518524836774076,145.0909210205078,144.80999755859375
144.00299309116394,144.80999755859375,34.34746129938367,-0.0417620724906783,-0.1052466886592355,-0.0634846161685572,145.01091918945312,144.8300018310547
144.00413081866785,144.8300018310547,35.22682309393089,-0.0582095925409714,-0.1239996727421441,-0.0657900802011726,144.97691955566407,144.84500122070312
144.00604664285132,144.84500122070312,35.91988947100586,-0.0737841835223341,-0.1360825474477849,-0.0622983639254507,144.93299865722656,144.82000732421875
144.0068382757831,144.82000732421875,35.243183778881544,-0.0882257876212855,-0.1459922040170909,-0.0577664163958053,144.86900024414064,144.94000244140625
144.007625393544,144.94000244140625,40.99093378947324,-0.0990846683131184,-0.1425201910804503,-0.0434355227673318,144.8490020751953,144.86000061035156
144.00865373465754,144.86000061035156,38.53514816983365,-0.108179275400852,-0.1445577037517864,-0.0363784283509343,144.85900268554687,144.78500366210938
144.00987732572406,144.78500366210938,36.33736702375239,-0.1166412856980414,-0.1504893268867988,-0.0338480411887573,144.85000305175782,144.67999267578125
144.010471286073,144.67999267578125,33.459793090538426,-0.1256727438912127,-0.161798576663898,-0.0361258327726853,144.81700134277344,144.30999755859375
144.01144975594633,144.30999755859375,25.72875592923789,-0.1402042994276921,-0.1983305215736095,-0.0581262221459173,144.71499938964843,144.30799865722656
144.01284330667022,144.30799865722656,25.694215325466573,-0.1571337786159389,-0.2248516953689261,-0.0677179167529871,144.5885986328125,144.4499969482422
144.01353713902728,144.4499969482422,32.614934520149944,-0.1720551191538868,-0.2317404813056782,-0.0596853621517914,144.50659790039063,144.47999572753906
144.01468905053207,144.47999572753906,34.01320373354767,-0.1840648345398433,-0.2321036960836693,-0.048038861543826,144.44559631347656,144.6750030517578
144.01591460888702,144.6750030517578,42.382914508359775,-0.1900892816072859,-0.214187069877056,-0.0240977882697701,144.44459838867186,145.10499572753906
144.02317672696978,145.10499572753906,55.71987970068024,-0.1847529330457352,-0.1634075387995324,0.0213453942462027,144.60359802246094,145.2550048828125
144.02828390953158,145.2550048828125,59.262626746548,-0.169761200322329,-0.1097942694287041,0.0599669308936248,144.79299926757812,145.24000549316406
144.03119669984395,145.24000549316406,58.75642086074903,-0.1493559376509852,-0.06773488696561,0.0816210506853751,144.9510009765625,145.13999938964844
144.0327837707221,145.13999938964844,55.36104265375284,-0.1278823834530762,-0.0419881666614401,0.085894216791636,145.08300170898437,145.10000610351562
144.0349361465682,145.10000610351562,54.01671159326112,-0.1072115237194901,-0.0245280847851461,0.082683438934344,145.16800231933593,144.86000061035156
144.03843890512331,144.86000061035156,46.689481962244045,-0.0917121686696403,-0.0297147484702406,0.0619974201993996,145.11900329589844,144.72999572753906
144.04254523699322,144.72999572753906,43.26590117799462,-0.0821318357626772,-0.0438105041348251,0.0383213316278521,145.01400146484374,144.6199951171875
144.0432812943141,144.6199951171875,40.556097678314174,-0.0783314485716204,-0.063129899807393,0.0152015487642273,144.88999938964844,144.77999877929688
144.04408409701824,144.77999877929688,45.86705945201909,-0.07562174375989,-0.0647829245129685,0.0108388192469215,144.81799926757813,144.64500427246094
144.04507466486052,144.64500427246094,42.42323867917966,-0.0757191060001907,-0.0761085549613937,-0.000389448961203,144.72699890136718,144.7100067138672
144.04678924423644,144.7100067138672,44.58096738229652,-0.0763611244500322,-0.0789291982493978,-0.0025680737993656,144.6970001220703,144.6300048828125
144.0477526948014,144.6300048828125,42.47136425758583,-0.0784132072331212,-0.0866215383654775,-0.0082083311323563,144.677001953125,144.47500610351562
144.04815969078027,144.47500610351562,38.65483872896531,-0.0835357128890866,-0.1040257355129483,-0.0204900226238616,144.64800415039062,144.625
144.0490611494122,144.625,43.90780252038618,-0.0877307101044258,-0.1045106989657824,-0.0167799888613566,144.61700439453125,144.6300048828125
144.0507059362393,144.6300048828125,44.07986939921711,-0.0908446482954519,-0.1033004010595561,-0.0124557527641042,144.61400451660157,144.625
144.05153191172673,144.625,43.93472928359285,-0.0929905585008614,-0.1015741993224992,-0.0085836408216378,144.5970031738281,144.4600067138672
144.0522734372845,144.4600067138672,39.33641182931062,-0.0968376625835584,-0.1122260789143467,-0.0153884163307883,144.56300354003906,144.55999755859375
144.052747599743,144.55999755859375,43.21524750328707,-0.099733362328213,-0.1113161613068314,-0.0115827989786183,144.5800018310547,144.60000610351562
144.05381248879473,144.60000610351562,44.73782178041534,-0.1010153174258709,-0.1061431378165025,-0.0051278203906315,144.57500305175782,144.4600067138672
144.05472891537667,144.4600067138672,40.63223246334768,-0.1032219805917706,-0.1120486332553696,-0.0088266526635989,144.54100341796874,144.31500244140625
144.0550403787605,144.31500244140625,36.85923647072517,-0.1079707506353612,-0.1269658308097234,-0.0189950801743622,144.47900390625,144.3800048828125
144.05543487608597,144.3800048828125,39.56826916124156,-0.1127807624792534,-0.1320208098548221,-0.0192400473755686,144.46300354003907,144.36500549316406
144.05584799476372,144.36500549316406,39.15084825685523,-0.1173592670587251,-0.1356732853766118,-0.0183140183178867,144.42400512695312,144.3300018310547
144.05612900022533,144.3300018310547,38.13966789278141,-0.121843632070472,-0.1397810921174596,-0.0179374600469875,144.37000427246093,144.3300018310547
144.05646983777373,144.3300018310547,38.13966789278139,-0.1257562081170586,-0.1414065123034049,-0.0156503041863463,144.34400329589843,144.32000732421875
144.0570442115977,144.32000732421875,37.81623588045522,-0.1289781268992427,-0.1418658020279792,-0.0128876751287365,144.34500427246093,144.1699981689453
144.0572182700205,144.1699981689453,33.2575706771449,-0.1336975980012323,-0.1525754824091905,-0.0188778844079581,144.3030029296875,144.05999755859375
144.05722342320038,144.05999755859375,30.366758665800347,-0.1405585750338432,-0.1680024831642868,-0.0274439081304435,144.24200134277345,144.09500122070312
144.057367539739,144.09500122070312,32.38095333754616,-0.1475233183328271,-0.1753822915287628,-0.0278589731959356,144.19500122070312,144.1300048828125
144.05752095781128,144.1300048828125,34.42370873062265,-0.1532932984962633,-0.1763732191500082,-0.0230799206537448,144.15500183105468,144.22999572753906
144.05776924803789,144.22999572753906,39.99981861261962,-0.1560672704144206,-0.1671631580870496,-0.0110958876726289,144.13699951171876,144.11000061035156
144.0579617568258,144.11000061035156,36.03932645009613,-0.1583767293487048,-0.1676145650858416,-0.0092378357371367,144.125,144.25999450683594
144.05833616699644,144.25999450683594,43.56177428456677,-0.1575199372726404,-0.1540927689683826,0.0034271683042577,144.16499938964844,144.38999938964844
144.05868018621112,144.38999938964844,49.14459908312752,-0.1522903430836278,-0.1313719663275776,0.0209183767560502,144.2239990234375,144.38999938964844
144.0596325884353,144.38999938964844,49.14459908312752,-0.1442470047172945,-0.1120736512519613,0.0321733534653332,144.2759979248047,144.3699951171875
144.0599031164042,144.3699951171875,48.29210910206109,-0.1348520994818397,-0.0972724785400203,0.0375796209418194,144.3039978027344,144.27000427246094
144.06022626463124,144.27000427246094,44.16788505042609,-0.1263904950897139,-0.0925440775212109,0.033846417568503,144.33599853515625,144.27000427246094
144.06066574507565,144.27000427246094,44.16788505042609,-0.1186693673650368,-0.0877848564663281,0.0308845108987086,144.33800048828124,144.20260620117188
144.0611992052928,144.20260620117188,41.40373153333285,-0.1126219357152877,-0.0884322091162914,0.0241897265989963,144.30052185058594,144.27999877929688
144.06184775540837,144.27999877929688,45.612825143449285,-0.1064491191446496,-0.081757852862097,0.0246912662825526,144.2785217285156,144.26499938964844
144.06246967287726,144.26499938964844,44.939070660690994,-0.1005179904059846,-0.0767934754513248,0.0237245149546598,144.2575225830078,144.1999969482422
144.062906818617,144.1999969482422,42.04087809159978,-0.09585724164274,-0.0772142465897616,0.0186429950529784,144.24352111816407,144.10000610351562
144.0629897126069,144.10000610351562,37.98292679506137,-0.0936138840731984,-0.084640453795032,0.0089734302781664,144.209521484375,143.9949951171875
144.0627737976483,143.9949951171875,34.24452961257886,-0.0944653249597126,-0.0978710885057694,-0.0034057635460567,144.16799926757812,144.00999450683594
144.06271888511597,144.00999450683594,35.22520793319394,-0.0967572795385924,-0.1059250978541115,-0.009167818315519,144.11399841308594,143.91000366210938
144.06228881164793,143.91000366210938,31.81842333625451,-0.1012067382625097,-0.119004573158179,-0.0177978348956692,144.04299926757812,143.75
144.06109195051909,143.75,27.272963634938293,-0.1090973251590452,-0.1406596727451869,-0.0315623475861417,143.9529998779297,143.75
144.0600614278082,143.75,27.272963634938293,-0.1184824520525953,-0.1560229596267959,-0.0375405075742005,143.88299865722655,143.88999938964844
144.0596350299129,143.88999938964844,36.48102534769118,-0.1258086898316995,-0.1551136409481159,-0.0293049511164164,143.86199951171875,143.75
144.05869673944397,143.75,32.10367094594018,-0.1334072673539701,-0.1638015774430528,-0.0303943100890826,143.81000061035155,143.8585968017578
144.05831075989573,143.8585968017578,38.28925922426728,-0.1387415514670152,-0.1600786879191957,-0.0213371364521804,143.79971923828126,143.49000549316406
144.05640037516378,143.49000549316406,28.724072240467606,-0.1479414273442739,-0.1847409308533087,-0.0367995035090348,143.74772033691406,143.5749969482422
144.05572315475172,143.5749969482422,32.88735323824153,-0.1573887310895507,-0.1951779460706575,-0.0377892149811068,143.7127197265625,143.47000122070312
144.05516565915542,143.47000122070312,30.51597342090784,-0.1678122993117454,-0.2095065722005245,-0.041694272888779,143.62872009277345,143.5449981689453
144.05472147585414,143.5449981689453,34.16745798375618,-0.1767223398417149,-0.2123625019615929,-0.0356401621198779,143.5877197265625,143.74000549316406
144.05386633071436,143.74000549316406,42.61236434853602,-0.1807026375638752,-0.1966238284525161,-0.0159211908886409,143.56400146484376,144.02000427246094
144.05362494753277,144.02000427246094,52.11134040584194,-0.1765053393603349,-0.1597161465461738,0.0167891928141611,143.6700012207031,144.0749969482422
144.05369322769,144.0749969482422,53.73120980679813,-0.1661228443688421,-0.1245928644028708,0.0415299799659712,143.77000122070314,144.24000549316406
144.05411666370577,144.24000549316406,58.29022873159613,-0.1493966128743231,-0.0824916868962475,0.0669049259780756,143.92400207519532,144.31500244140625
144.05626590367504,144.31500244140625,60.20928131374927,-0.1280340293238993,-0.0425836951222038,0.0854503342016954,144.0780029296875,144.2449951171875
144.05652274275968,144.2449951171875,57.54757189760017,-0.105710442574599,-0.0164160955773979,0.089294346997201,144.1790008544922,144.1999969482422
144.0567628689319,144.1999969482422,55.8388563954677,-0.0844317409662392,0.0006830654672,0.0851148064334393,144.21499938964843,144.07000732421875
144.0568117695397,144.07000732421875,51.1170610399384,-0.066804889336107,0.003702517184422,0.070507406520529,144.21400146484376,143.8000030517578
144.05452446632168,143.8000030517578,42.98604580614295,-0.0565464738299529,-0.0155128118053369,0.041033662024616,144.1260009765625,143.65499877929688
144.05361957224974,143.65499877929688,39.36461835415433,-0.0536287920540182,-0.041958064950279,0.0116707271037391,143.99400024414064,143.75999450683594
144.05311956726638,143.75999450683594,43.1024631944788,-0.0536677132907965,-0.0538233982379097,-0.0001556849471131,143.89700012207032,143.7899932861328
144.05264295716563,143.7899932861328,44.161582525016,-0.0549568031240002,-0.0601131624568154,-0.0051563593328151,143.81499938964845,143.64999389648438
144.05192774349297,143.64999389648438,40.3835700989121,-0.0590702490193566,-0.0755240326007822,-0.0164537835814255,143.73099670410156,143.6199951171875
144.05122504667582,143.6199951171875,39.6017704339887,-0.0650822929034463,-0.0891304684398051,-0.0240481755363587,143.6949951171875,143.47999572753906
144.04998905532605,143.47999572753906,36.090303766600975,-0.074054452735577,-0.1099430920640998,-0.0358886393285227,143.65999450683594,143.55999755859375
144.04938406259808,143.55999755859375,39.39723277463515,-0.0829664528855486,-0.1186144534854349,-0.0356480005998863,143.6199951171875,143.5850067138672
144.04876425514257,143.5850067138672,40.4348428720389,-0.090785460543576,-0.1220614911756854,-0.0312760306321094,143.57899780273436,143.60499572753906
144.04782493148116,143.60499572753906,41.29992514894648,-0.0969836849134743,-0.1217765823930676,-0.0247928974795933,143.56999816894532,143.39999389648438
144.04619704342124,143.39999389648438,35.59097708291904,-0.1048907516029765,-0.1365190183609854,-0.0316282667580088,143.5259979248047,143.41000366210938
144.0451834059705,143.41000366210938,36.05576951177548,-0.1130556188464511,-0.1457150878203492,-0.0326594689738981,143.51199951171876,143.35499572753906
144.04422063038947,143.35499572753906,34.57900600328395,-0.121573997494794,-0.1556475120881657,-0.0340735145933716,143.47099914550782,143.3800048828125
144.04281921728958,143.3800048828125,35.86514721192802,-0.1291913045602726,-0.1596605328221869,-0.0304692282619143,143.42999877929688,143.42999267578125
144.04154071537008,143.42999267578125,38.46899243001745,-0.134752546433424,-0.1569975139260293,-0.0222449674926053,143.3949981689453,143.4550018310547
144.04073445398208,143.4550018310547,39.78614842826789,-0.1380274222112564,-0.1511269253225862,-0.0130995031113297,143.40599975585937,143.57000732421875
144.03918998637536,143.57000732421875,45.55759565711514,-0.1375481357247886,-0.1356309897789174,0.0019171459458712,143.43800048828126,143.64999389648438
144.03797024357704,143.64999389648438,49.20428355875102,-0.1331512989817356,-0.1155639520095235,0.017587346972212,143.49700012207032,143.78050231933594
144.0375332622093,143.78050231933594,54.55325436785099,-0.1241438426730656,-0.0881140174383858,0.0360298252346797,143.577099609375,143.7899932861328
144.03618219402142,143.7899932861328,54.92499116623446,-0.1122843533257722,-0.0648463959365983,0.0474379573891738,143.64909973144532,144.02000427246094
144.03614906993496,144.02000427246094,62.854733155563736,-0.0953333492474109,-0.027529332933966,0.0678040163134449,143.76210021972656,144.05999755859375
144.0362015501289,144.05999755859375,64.03933959352958,-0.0752243285094034,0.0052117544426266,0.0804360829520301,143.86009826660157,143.9250030517578
144.03581110690786,143.9250030517578,57.386678709340686,-0.0561723792583821,0.0200354177457029,0.0762077970040851,143.91510009765625,143.89500427246094
144.03500476000568,143.89500427246094,55.99459040970464,-0.0391323013863122,0.0290280101019675,0.0681603114882797,143.93800048828126,143.75999450683594
144.03406045847632,143.75999450683594,50.103811278689925,-0.0263113060857694,0.0249726751164018,0.0512839812021713,143.93200073242187,143.55999755859375
144.03188943934754,143.55999755859375,42.90334401928614,-0.0199377134762553,0.0055566569618008,0.0254943704380562,143.83999938964843,143.64500427246094
144.03076339134014,143.64500427246094,46.42743338577298,-0.0165376676690377,-0.0029374844401672,0.0136001832288704,143.7570007324219,143.8699951171875
144.03020700710698,143.8699951171875,54.442269126994574,-0.0115523291973061,0.0083890246896203,0.0199413538869264,143.74599914550782,144.125
144.03051807332497,144.125,61.47690575906464,-0.0017399156104135,0.0375097387371567,0.0392496543475703,143.79199829101563,144.17999267578125
144.03114570310123,144.17999267578125,62.81055114105408,0.0114649738516912,0.0642845317001103,0.0528195578484191,143.8759979248047,144.13999938964844
144.03148518773386,144.13999938964844,61.15249100915073,0.0254397788266688,0.0813389987265793,0.0558992198999104,143.99199829101562,144.14999389648438
144.03192030827083,144.14999389648438,61.42653186989337,0.03926604367775,0.0945711030820746,0.0553050594043246,144.0929962158203,144.1199951171875
144.03212593065433,144.1199951171875,60.057090841597066,0.0517063025472915,0.1014673380254578,0.0497610354781662,144.14299621582032,144.1199951171875
144.0325219145056,144.1199951171875,60.057090841597066,0.0625078516698949,0.1057140481603085,0.0432061964904135,144.14199523925782,144.00999450683594
144.03242667474248,144.00999450683594,54.85624157450379,0.069818590685693,0.0990615467488851,0.0292429560631921,144.10799560546874,144.27499389648438
144.03372872130817,144.27499389648438,63.138012061148906,0.0786268963342486,0.1138601189284713,0.0352332225942226,144.13499450683594,144.3000030517578
144.03522759331884,144.3000030517578,63.8127267573602,0.0881319016629612,0.1261519229778116,0.0380200213148503,144.1649963378906,144.4499969482422
144.03741088847104,144.4499969482422,67.63857943228544,0.0997675113522685,0.1463099501094973,0.0465424387572288,144.23099670410156,144.58999633789062
144.04226905330916,144.58999633789062,70.74726047735557,0.1141348028478315,0.1716039688300839,0.0574691659822523,144.3249969482422,144.47999572753906
144.04674685370648,144.47999572753906,65.42896713559207,0.1274459706214904,0.1806906417161258,0.0532446710946353,144.41899719238282,144.55999755859375
144.05139336816805,144.55999755859375,67.35125601932711,0.1403832944394621,0.192132589711349,0.0517492952718868,144.4759979248047,145.0
144.06928913052715,145.0,75.43990773819296,0.1591081242626296,0.2340074435552992,0.0748993192926696,144.61599731445312,145.1199951171875
144.09218146556475,145.1199951171875,77.10573345985335,0.182030676619234,0.2737208860456519,0.0916902094264178,144.7499969482422,145.0399932861328
144.30999755859375,144.30999755859375,50.0,0.0,0.0,0.0,144.80599670410157,144.16819763183594
144.30303690440329,144.16819763183594,50.0,0.0,0.0,0.0,144.72763671875,143.34500122070312
144.25683568080663,143.34500122070312,50.0,0.0,0.0,0.0,144.39663696289062,143.01170349121094
144.19181379407922,143.01170349121094,50.0,0.0,0.0,0.0,143.9749786376953,142.9788055419922
144.1290884970001,142.9788055419922,50.0,0.0,0.0,0.0,143.5627410888672,143.2100067138672
144.081437081936,143.2100067138672,50.0,0.0,0.0,0.0,143.34274291992188,143.88499450683594
144.07007724416758,143.88499450683594,50.0,0.0,0.0,0.0,143.28610229492188,143.55999755859375
144.05810760189718,143.55999755859375,50.0,0.0,0.0,0.0,143.3291015625,143.68499755859375
144.03949472607192,143.68499755859375,50.0,0.0,0.0,0.0,143.46376037597656,143.22000122070312
143.98275422132028,143.22000122070312,50.0,0.0,0.0,0.0,143.51199951171876,143.27999877929688
143.94729031801288,143.27999877929688,50.0,0.0,0.0,0.0,143.5259979248047,143.67999267578125
143.93774176260072,143.67999267578125,50.0,0.0,0.0,0.0,143.48499755859376,143.86000061035156
143.93510957796582,143.86000061035156,50.0,0.0,0.0,0.0,143.5449981689453,144.17999267578125
143.94066598188834,144.17999267578125,50.0,0.0,0.0,0.0,143.6439971923828,144.02000427246094
143.94204609854162,144.02000427246094,46.60616515412886,0.0,0.0,0.0,143.8039978027344,144.1199951171875
143.992077366351,144.1199951171875,47.9188434288201,0.0,0.0,0.0,143.9719970703125,144.1981964111328
143.99692782680938,144.1981964111328,48.975381938951685,0.0,0.0,0.0,144.0756378173828,143.9250030517578
143.9958028218042,143.9250030517578,45.50256810739631,0.0,0.0,0.0,144.08863830566406,144.02999877929688
143.99657335898996,144.02999877929688,47.05639749915824,0.0,0.0,0.0,144.0586395263672,143.66000366210938
143.96981975680436,143.66000366210938,42.46192150307931,0.0,0.0,0.0,143.98663940429688,143.5800018310547
143.96028676105777,143.5800018310547,41.51798624234784,0.0,0.0,0.0,143.8786407470703,142.6999969482422
143.92102580011306,142.6999969482422,32.86373775431855,0.0,0.0,0.0,143.5790008544922,142.48500061035156
143.89360654181073,142.48500061035156,31.15508920097216,0.0,0.0,0.0,143.29100036621094,142.69509887695312
143.87532155424788,142.69509887695312,34.72656993856663,0.0,0.0,0.0,143.02402038574218,142.67999267578125
143.8360332478892,142.67999267578125,34.58763393497536,0.0,0.0,0.0,142.82801818847656,142.6699981689453
143.8118910669478,142.6699981689453,34.489317007761656,0.0,-0.3515304400274317,-0.3515304400274317,142.6460174560547,142.75
143.79665545340964,142.75,36.05617379601277,0.0,-0.3576981641546695,-0.3576981641546695,142.65601806640626,142.63999938964844
143.78222761834053,142.63999938964844,34.82289325550313,0.0,-0.3672290717564124,-0.3672290717564124,142.68701782226563,142.56500244140625
143.75053040027242,142.56500244140625,33.96977719306197,0.0,-0.3764940229080764,-0.3764940229080764,142.66099853515624,142.30999755859375
143.7226892650855,142.30999755859375,31.173274278960704,0.0,-0.3998046274489013,-0.3998046274489013,142.58699951171874,141.8199005126953
143.69024354457144,141.8199005126953,26.63497490151343,0.0,-0.4526078041557184,-0.4526078041557184,142.41697998046874,141.83999633789062
143.64668191745923,141.83999633789062,27.1035996785849,0.0,-0.4872168049314211,-0.4872168049314211,142.23497924804687,141.98500061035156
143.54941094205645,141.98500061035156,30.550773834070853,0.0,-0.4972124982781167,-0.4972124982781167,142.1039794921875,142.2100067138672
143.5307254077225,142.2100067138672,35.636955896394284,-0.4190246523866203,-0.4814284378188347,-0.0624037854322144,142.0329803466797,142.35000610351562
143.5205025681412,142.35000610351562,38.64768692582596,-0.4257012423575494,-0.4524076022412657,-0.0267063598837163,142.04098205566407,142.35499572753906
143.5074178737151,142.35499572753906,38.75764158893039,-0.4253843549807543,-0.4241168054735738,0.0012675495071805,142.14800109863282,142.36000061035156
143.4838585449836,142.36000061035156,38.875974468828055,-0.4196513162748978,-0.3967191614514718,0.022932154823426,142.252001953125,142.24000549316406
143.46765513367757,142.24000549316406,37.02863959637433,-0.4117820559822149,-0.3803050148114835,0.0314770411707314,142.3030029296875,142.10499572753906
143.44847107221568,142.10499572753906,35.012705616984846,-0.4042018403704389,-0.3738809779233349,0.0303208624471039,142.28200073242186,141.83999633789062
143.4346657364605,141.83999633789062,31.399253939547904,-0.4005068125272987,-0.3857267011547378,0.0147801113725608,142.17999877929688,141.77499389648438
143.41192562312213,141.77499389648438,30.56594902774812,-0.3995648845225232,-0.3957971725034213,0.0037677120191019,142.06399841308593,141.75999450683594
143.3907363919611,141.75999450683594,30.3656880460604,-0.3997265408885232,-0.4003731663525229,-0.0006466254639997,141.94399719238282,141.97999572753906
143.3795713851014,141.97999572753906,36.896239881466855,-0.3961503796356855,-0.3818457346243349,0.0143046450113506,141.89199523925782,141.99000549316406
143.36945735555872,141.99000549316406,37.18489163960086,-0.3893562881825634,-0.3621799223700748,0.0271763658124886,141.8689971923828,141.875
143.3581378309652,141.875,35.19304814321153,-0.3818488416577807,-0.35181905555865,0.0300297860991307,141.8759979248047,141.4600067138672
143.33149630703,141.4600067138672,29.129476181547176,-0.3800384955013977,-0.3727971108758652,0.0072413846255324,141.81300048828126,141.40499877929688
143.28632224651244,141.40499877929688,28.430244341740647,-0.3819053176855239,-0.3893726064220288,-0.0074672887365049,141.74200134277345,141.77999877929688
143.26837943182795,141.77999877929688,39.15324967674104,-0.3791257103897991,-0.3680072812068999,0.0111184291828991,141.702001953125,141.75
143.25649528918936,141.75,38.6543169526462,-0.3731940315397299,-0.349467316139453,0.0237267154002769,141.65400085449218,141.57000732421875
143.2354051456158,141.57000732421875,35.71365934301865,-0.3676187370430265,-0.3453175590562125,0.0223011779868139,141.59300231933594,141.68499755859375
143.22320285469524,141.68499755859375,38.91107956513885,-0.3598866040116907,-0.3289580718863476,0.0309285321253431,141.63800048828125,141.64500427246094
143.21114668407338,141.64500427246094,38.19945811762842,-0.3510257527162302,-0.3155823475343879,0.0354434051818422,141.68600158691407,141.41000366210938
143.20433763038398,141.41000366210938,34.23721792554883,-0.3448711819379337,-0.3202528988247479,0.0246182831131858,141.61200256347655,141.69000244140625
143.19505157284027,141.69000244140625,41.9617116358144,-0.3354822399530414,-0.2979264720134722,0.0375557679395692,141.60000305175782,141.6300048828125
143.17435497263023,141.6300048828125,40.854348009143926,-0.324750834729494,-0.2818252138353045,0.0429256208941895,141.61200256347655,141.55499267578125
143.15997390113228,141.55499267578125,39.45251961579613,-0.314197160660366,-0.2719824643838535,0.0422146962765124,141.58600158691405,141.4600067138672
143.1378353900641,141.4600067138672,37.68898815762165,-0.3051074527309332,-0.2687486210132022,0.036358831717731,141.54900207519532,141.5800018310547
143.12621881917855,141.5800018310547,41.261084959682165,-0.2948019743120455,-0.2535800606364944,0.0412219136755511,141.58300170898437,141.4600067138672
143.11539491412864,141.4600067138672,38.86188231466657,-0.2855172433918097,-0.2483783197108664,0.0371389236809432,141.53700256347656,141.6300048828125
143.10510705042904,141.6300048828125,43.84372419353326,-0.2739960451149623,-0.2279112520075727,0.0460847931073895,141.53700256347656,141.67999267578125
143.0933336333121,141.67999267578125,45.25631477930017,-0.26025501422593,-0.2052908906698007,0.0549641235561292,141.56200256347657,141.6300048828125
143.08792437174344,141.6300048828125,44.06267428266616,-0.2460473150261325,-0.1892165182269423,0.0568307967991902,141.59600219726562,141.3249969482422
143.06886597178814,141.3249969482422,37.55412926206125,-0.2365973400955116,-0.1987974403730277,0.0377998997224838,141.5450012207031,141.36000061035156
143.06266830448536,141.36000061035156,38.67368813769252,-0.2295270816835605,-0.201246048035756,0.0282810336478044,141.525,141.3699951171875
143.05240790292237,141.3699951171875,39.00991701128159,-0.2236364229447162,-0.2000737879893392,0.023562634955377,141.472998046875,141.4600067138672
143.03501926693397,141.4600067138672,42.089333974299166,-0.2168481173942337,-0.1896948951923036,0.0271532222019301,141.4290008544922,141.40989685058594
143.0267886294256,141.40989685058594,40.85270469804511,-0.2101582712854268,-0.183398886850199,0.0267593844352278,141.38497924804688,141.4824981689453
143.0153195131106,141.4824981689453,43.4453423324603,-0.2022435255918061,-0.1705845428173233,0.0316589827744827,141.4164794921875,141.3699951171875
143.00761476849055,141.3699951171875,40.483960530089206,-0.1953099071958337,-0.1675754336119439,0.0277344735838897,141.4184783935547,141.38999938964844
142.9997797611152,141.38999938964844,41.25078574207319,-0.1885904048466718,-0.1617123954500243,0.0268780093966475,141.42247924804687,141.26499938964844
142.98261736308854,141.26499938964844,37.95957538298594,-0.1839218200178668,-0.1652474807026465,0.0186743393152203,141.38347778320312,141.3300018310547
142.9757362985245,141.3300018310547,40.61307244985528,-0.179327174469519,-0.160948592276128,0.018378582193391,141.36749877929688,141.6300048828125
142.96862605155948,141.6300048828125,51.024364276346766,-0.1698246351615342,-0.1318144779295949,0.0380101572319393,141.39700012207032,141.5800018310547
142.96474945617828,141.5800018310547,49.46771374841486,-0.1581547667306509,-0.1114752930071176,0.0466794737235332,141.43900146484376,141.6300048828125
142.9581217637883,141.6300048828125,51.07512831452311,-0.1445799759888336,-0.0902808130215646,0.054299162967269,141.48700256347655,141.62539672851562
142.95085523023965,141.62539672851562,50.91439174451063,-0.1302668232086039,-0.0730142120876848,0.057252611120919,141.55908203125,141.52999877929688
142.94525541277383,141.52999877929688,47.57634068542493,-0.1174663126499209,-0.0662642704151892,0.0512020422347317,141.59908142089844,141.8000030517578
142.93776172701018,141.8000030517578,56.30756164174023,-0.1017094308864476,-0.0386819038325541,0.0630275270538935,141.6330810546875,141.7050018310547
142.92859429936627,141.7050018310547,52.96499688308143,-0.086209427329882,-0.0242094131036196,0.0620000142262623,141.6580810546875,141.64500427246094
142.9203974423911,141.64500427246094,50.9095719028598,-0.072443703138616,-0.0173808063735521,0.0550628967650639,141.66108093261718,141.68499755859375
142.91206451037945,141.68499755859375,52.240070888989294,-0.0596834302881735,-0.0086423388864034,0.0510410914017701,141.67300109863282,141.67999267578125
142.90550850883974,141.67999267578125,52.0499501243237,-0.0481660888193508,-0.00209672294406,0.0460693658752907,141.7029998779297,141.8000030517578
142.89910339705207,141.8000030517578,56.1691707088781,-0.0360070750156585,0.0126289801991106,0.0486360552147691,141.7029998779297,141.69000244140625
142.88836098154746,141.69000244140625,51.77844813056639,-0.0257561971044746,0.0152473145402609,0.0410035116447356,141.7,141.64500427246094
142.88355623683077,141.64500427246094,50.05472505211733,-0.0178978856842578,0.0135353599966094,0.0314332456808673,141.7,141.74000549316406
142.8712316886842,141.74000549316406,53.56907367888054,-0.0103946523656317,0.0196182809088725,0.0300129332745042,141.71100158691405,141.8000030517578
142.86308387119297,141.8000030517578,55.68960704851588,-0.0025263894897294,0.0289466620138796,0.0314730515036091,141.73500366210936,141.82000732421875
142.8572794055001,141.82000732421875,56.40451988290359,0.0054831141356213,0.0375211286370245,0.0320380145014031,141.73900451660157,142.0449981689453
142.8521728590804,142.0449981689453,63.53131624613516,0.0167383737077838,0.0617594119964337,0.0450210382886499,141.81000366210938,142.0500030517578
142.84826719676613,142.0500030517578,63.67357835899025,0.0294796907641532,0.0804449589896307,0.0509652682254775,141.89100341796876,142.3300018310547
142.84383861260008,142.3300018310547,70.58651476207787,0.0468845457810384,0.1165039658485795,0.0696194200675411,142.00900268554688,142.41000366210938
142.83995879451325,142.41000366210938,72.21356599865219,0.067469547909836,0.1498095564250263,0.0823400085151903,142.1310028076172,142.3350067138672
142.82929171233965,142.3350067138672,68.39410766073777,0.0876183955570627,0.1682137861459693,0.0805953905889066,142.23400268554687,142.35499572753906
142.82651758214703,142.35499572753906,68.86675780272117,0.1065568471286817,0.1823106534151577,0.075753806286476,142.29600219726564,142.02999877929688
142.81702896497276,142.02999877929688,54.57624041403176,0.1183158598586789,0.1653519107786678,0.0470360509199888,142.29200134277343,142.0500030517578
142.8086224743528,142.0500030517578,55.19257489426604,0.1250080032396934,0.1517765767637513,0.0267685735240578,142.23600158691406,142.13499450683594
142.80473357416187,142.13499450683594,57.81173609639432,0.1292445883610421,0.1461909288464369,0.0169463404853947,142.18099975585938,142.10499572753906
142.8015520282155,142.10499572753906,56.5551354185958,0.1309468007812161,0.1377556504619121,0.006808849680696,142.13499755859374,142.0800018310547
142.79945124526938,142.0800018310547,55.47325320471439,0.1302740674357884,0.1275831340540776,-0.0026909333817108,142.0799987792969,142.16000366210938
142.79653161760274,142.16000366210938,58.2277748429376,0.1291274914267745,0.1245411873907187,-0.0045863040360557,142.1059997558594,142.25
142.79370941797745,142.25,61.140078996862,0.1288855567614143,0.1279178180999736,-0.0009677386614407,142.1459991455078,142.30999755859375
142.79181512847413,142.30999755859375,62.99246992123256,0.129886786130706,0.1338917036078726,0.0040049174771666,142.18099975585938,142.6699981689453
142.79100853671355,142.6699981689453,71.70730834482528,0.1370622817572451,0.1657642642634016,0.0287019825061564,142.29400024414062,142.50999450683594
142.7894787472977,142.50999450683594,64.4435698894676,0.1448663788762301,0.1760827673521703,0.0312163884759401,142.37999877929687,142.44000244140625
142.78801368112445,142.44000244140625,61.50839010503542,0.151208505259717,0.1765770107936646,0.0253685055339475,142.43599853515624,142.48500061035156
142.78618592373027,142.48500061035156,62.68509661070029,0.1566751166990967,0.1785415624566155,0.0218664457575187,142.48299865722657,142.4199981689453
142.78232684579618,142.4199981689453,59.83927350577317,0.1599122332569367,0.1728606994882966,0.0129484662313598,142.50499877929687,142.4600067138672
142.78046956063056,142.4600067138672,61.012486622716544,0.1618560912573777,0.1696315232591416,0.0077754320017639,142.46300048828124,142.6199951171875
142.77978740412786,142.6199951171875,65.36919389894953,0.1650710783625306,0.177931026783142,0.0128599484206113,142.48500061035156,142.7550048828125
142.77960335577905,142.7550048828125,68.56184364509731,0.1706920212087373,0.1931757925935642,0.0224837713848268,142.54800109863282,142.72999572753906
142.77913137398468,142.72999572753906,67.32368840552131,0.1767382632804814,0.200923231567458,0.0241849682869765,142.5970001220703,142.67999267578125
142.77862349990096,142.67999267578125,64.8038337985025,0.1815335289278076,0.2007145915171122,0.0191810625893046,142.6489990234375,142.82000732421875
142.7789280930126,142.82000732421875,68.37344648384847,0.1871134313467162,0.2094330410223506,0.0223196096756343,142.72099914550782,142.86000061035156
142.77927471498526,142.86000061035156,69.33027458928389,0.1931042213511144,0.2170673813687074,0.0239631600175929,142.7690002441406,142.86000061035156
142.77965103015651,142.86000061035156,69.33027458928389,0.1985983770411118,0.2205749998011015,0.0219766227599896,142.78999938964844,142.92999267578125
142.7806005151307,142.92999267578125,71.10463302826338,0.2041572758960997,0.226392871316051,0.0222355954199512,142.8299987792969,142.76499938964844
142.78054802472428,142.76499938964844,61.99885089401704,0.2063676606038076,0.2152091994346392,0.0088415388308316,142.8470001220703,142.88499450683594
142.78094876593815,142.88499450683594,65.46292297366853,0.2078074878663338,0.2135667969164387,0.0057593090501049,142.85999755859376,142.8300018310547
142.7811327644796,142.8300018310547,62.64454391430947,0.2073378552022639,0.2054593245459841,-0.0018785306562797,142.85399780273437,143.0
142.78234927656828,143.0,67.32740915122656,0.2079356855555676,0.2103270069687823,0.0023913214132147,142.88199768066406,143.24000549316406
142.78482374802232,143.24000549316406,72.55784066425943,0.2125264617738187,0.2308895666468231,0.0183631048730043,142.94400024414062,143.36000061035156
142.78832638527095,143.36000061035156,74.73550825231644,0.2208093442447868,0.2539408741286593,0.0331315298838724,143.06300048828126,144.0449981689453
142.81370347110894,144.0449981689453,83.01942634725273,0.2413976318179226,0.3237507821104657,0.082353150292543,143.2950012207031,144.15499877929688
142.8273482837655,144.15499877929688,83.93062877613802,0.2698242383188167,0.383530664322393,0.1137064260035762,143.56000061035155,144.01499938964844
142.82967535342382,144.01499938964844,78.18051092390473,0.2988249890698666,0.4148279920740663,0.1160030030041996,143.76300048828125,143.9600067138672
142.8414972317734,143.9600067138672,75.97854479982053,0.3251068764180239,0.4302344258106529,0.105127549392629,143.90700073242186,144.09500122070312
142.85767620175733,144.09500122070312,77.64317648136506,0.3497196670747354,0.4481708297015814,0.0984511626268459,144.0540008544922,144.07000732421875
142.862921068636,144.07000732421875,76.58498315669571,0.3708002122209834,0.4551223928059755,0.084322180584992,144.0590026855469,143.55499267578125
142.873697020486,143.55499267578125,58.80138687299189,0.3794998506891137,0.4142984045616344,0.0347985538725207,143.93900146484376,143.61000061035156
142.88065316989986,143.61000061035156,59.87315640932202,0.379995989829728,0.3819805463921852,0.0019845565624572,143.85800170898438,143.9250030517578
142.88881149797066,143.9250030517578,65.42078311725815,0.3794839183372102,0.3774356323671384,-0.0020482859700717,143.8510009765625,144.0
142.89199739861652,144.0,66.60457027060463,0.3786983754819025,0.3755562040606719,-0.0031421714212306,143.83200073242188,143.90499877929688
142.8982050466856,143.90499877929688,63.63283565131616,0.375403786337136,0.3622254297580696,-0.0131783565790664,143.7989990234375,143.8699951171875
142.9105756824074,143.8699951171875,62.52586856784646,0.3692951992427977,0.3448608508654445,-0.0244343483773532,143.86199951171875,143.75
142.91593921946202,143.75,58.75261978014824,0.358986924507393,0.3177538255657737,-0.0412330989416193,143.88999938964844,143.72999572753906
142.92239334245443,143.72999572753906,58.12290069159157,0.3454493834150369,0.2912992190456123,-0.0541501643694246,143.8509979248047,143.68499755859375
142.92399596189765,143.68499755859375,56.65197266557695,0.3290921924786459,0.2636634287330821,-0.0654287637455638,143.78799743652343,143.8350067138672
142.9262154972045,143.8350067138672,60.26236017972994,0.3134684114086145,0.2509732871284882,-0.0624951242801262,143.7739990234375,143.98500061035156
142.94628376377992,143.98500061035156,63.53294680003325,0.3008019489524602,0.2501360991278432,-0.050665849824617,143.7970001220703,143.68499755859375
142.9495221145166,143.68499755859375,53.96586479790749,0.2851811114400097,0.2226977613902079,-0.0624833500498018,143.78399963378905,143.78500366210938
142.95232159157203,143.78500366210938,56.32678432730732,0.2694729525269387,0.2066403168746546,-0.062832635652284,143.7950012207031,143.74000549316406
142.95622791470532,143.74000549316406,54.96091801791989,0.2532014070262499,0.1881152250234947,-0.0650861820027551,143.80600280761718,143.9600067138672
142.95979046368552,143.9600067138672,60.06025231029459,0.2403626167912393,0.1890074558511969,-0.0513551609400424,143.83100280761718,143.8896942138672
142.96085342261406,143.8896942138672,57.8075657494895,0.2286788117566301,0.181943591618193,-0.046735220138437,143.81194152832032,144.13499450683594
142.97643309924428,144.13499450683594,63.01884448936688,0.2217238310751439,0.1939039083491991,-0.0278199227259448,143.90194091796874,144.27999877929688
142.98139434676625,144.27999877929688,65.71463369445542,0.2199054824823962,0.2126320881114054,-0.0072733943709908,144.00093994140624,144.27000427246094
142.98622794004072,144.27000427246094,65.36097103960716,0.2207413306114747,0.2240847231277882,0.0033433925163135,144.10693969726563,144.25
142.99081022299862,144.25,64.61145196946026,0.2223746906578073,0.2289081308431377,0.0065334401853304,144.1649383544922,144.42999267578125
142.9950020227385,144.42999267578125,68.1504787979997,0.2267871334072471,0.2444369044050063,0.0176497709977591,144.272998046875,144.57000732421875
143.02405667815415,144.57000732421875,70.61247535620534,0.2344271020046088,0.2649869763940558,0.0305598743894469,144.36000061035156,144.67999267578125
143.032774986599,144.67999267578125,72.41625631698189,0.2449099667600815,0.2868414257819722,0.0419314590218906,144.43999938964845,144.50999450683594
143.04277597123703,144.50999450683594,65.70346501301424,0.2533547538055287,0.2871339019873176,0.0337791481817888,144.48799743652344,144.72000122070312
143.04596263801807,144.72000122070312,69.46865296787922,0.2628525112691284,0.3008435411235268,0.0379910298543984,144.58199768066407,145.0
143.0585323895079,145.0,73.62603126630935,0.2763804849997125,0.3304923799220489,0.0541118949223364,144.6959991455078,144.77000427246094
143.0699078961268,144.77000427246094,65.71088069583291,0.2874259869350677,0.3316079946764887,0.0441820077414209,144.73599853515626,144.67999267578125
143.0762572603605,144.67999267578125,62.8625954612838,0.2942453157606949,0.3215226310632033,0.0272773153025084,144.73599853515626,144.6699981689453
143.07936454271368,144.6699981689453,62.53844929756742,0.2972281795566266,0.3091596347403538,0.0119314551837271,144.76799926757812,144.86000061035156
143.08387573919322,144.86000061035156,66.1155525888115,0.3000039895857531,0.3111072297022588,0.0111032401165056,144.7959991455078,144.92999267578125
143.09097967725188,144.92999267578125,67.35227701460082,0.3029374225251494,0.3146711542827347,0.0117337317575852,144.78199768066406,144.82000732421875
143.10027085799547,144.82000732421875,63.434253098170814,0.3033706673374939,0.3051036465868719,0.0017329792493779,144.79199829101563,144.83999633789062
143.114934540964,144.83999633789062,63.84588941447927,0.3018416011817273,0.2957253365586609,-0.0061162646230664,144.8239990234375,144.7899932861328
143.12464853467682,144.7899932861328,61.96662913150489,0.2976770251498744,0.2810187210224626,-0.0166583041274118,144.847998046875,144.86000061035156
143.1281054820072,144.86000061035156,63.58281753867784,0.2925173363594759,0.2718785811978819,-0.020638755161594,144.847998046875,144.68499755859375
143.13296597633789,144.68499755859375,57.05581327973535,0.2835456319221596,0.2476588141728939,-0.0358868177492656,144.7989990234375,144.52999877929688
143.1384028459574,144.52999877929688,51.96750588248619,0.2695357686521507,0.2134963155721152,-0.0560394530800354,144.74099731445312,144.6199951171875
143.14090154930997,144.6199951171875,54.50452028000562,0.2539240176848264,0.191477013815529,-0.0624470038692973,144.6969970703125,144.79010009765625
143.14466902068105,144.79010009765625,58.92107613087793,0.2402618097399133,0.1856129779602611,-0.0546488317796522,144.6970184326172,144.85499572753906
143.14859324476257,144.85499572753906,60.49662816519752,0.2290254997171308,0.1840802596260005,-0.0449452400911303,144.69601745605468,144.82000732421875
143.15467977611806,144.82000732421875,59.17875720390614,0.2188185064719043,0.1779905334909983,-0.0408279729809059,144.7230194091797,145.00999450683594
143.17951270346856,145.00999450683594,63.79129156673974,0.2123241393926372,0.1863466710755688,-0.0259774683170684,144.8190185546875,144.8800048828125
143.18455637470652,144.8800048828125,58.88840076310254,0.2059393817285429,0.1804003510721656,-0.0255390306563772,144.8710205078125,144.64500427246094
143.18706609535067,144.64500427246094,51.22352264874405,0.1957393496741432,0.1549392214565443,-0.0408001282175988,144.84200134277344,144.9199981689453
143.19357605975242,144.9199981689453,58.09676684625013,0.1876239175186311,0.1551621888965826,-0.0324617286220484,144.8550018310547,144.89500427246094
143.195411620589,144.89500427246094,57.306361673717184,0.1804141006767643,0.1515748333092972,-0.0288392673674671,144.87000122070313,144.83009338378906
143.19909882289366,144.83009338378906,55.205728468840334,0.1727030409340108,0.1418588019629965,-0.0308442389710143,144.83402099609376,144.94000244140625
143.2090137303244,144.94000244140625,58.012263487475785,0.1664419480031659,0.1413975762797861,-0.0250443717233797,144.8460205078125,144.89999389648438
143.21724250387496,144.89999389648438,56.62156240639291,0.1604002151822423,0.136233283898548,-0.0241669312836942,144.8970184326172,144.97000122070312
143.22426892493394,144.97000122070312,58.49644750925565,0.1555640320808773,0.1362192996754174,-0.0193447324054598,144.90701904296876,144.85499572753906
143.2281945266586,144.85499572753906,54.34126338133956,0.1495475775264785,0.125481759308883,-0.0240658182175954,144.89901733398438,144.875
143.233799888731,144.875,54.94082371036622,0.1430850514846001,0.1172349473170868,-0.0258501041675133,144.90799865722656,144.91000366210938
143.2445052143429,144.91000366210938,56.02888138906183,0.1369140559799031,0.1122300739611148,-0.0246839820187882,144.9019989013672,144.91000366210938
143.24563594688212,144.91000366210938,56.02888138906183,0.130937225121024,0.1070299016855074,-0.0239073234355165,144.90400085449218,144.89500427246094
143.25043310009045,144.89500427246094,55.364481761973785,0.1248576693269687,0.1005394461507478,-0.0243182231762209,144.88900146484374,144.9600067138672
143.25720035029082,144.9600067138672,57.70517972191118,0.1197849279981179,0.0994939626827147,-0.0202909653154032,144.91000366210938,144.89999389648438
143.2663636478921,144.89999389648438,54.845578665631386,0.1143786764215572,0.0927536701153144,-0.0216250063062428,144.91500244140624,144.7899932861328
143.27073271405555,144.7899932861328,49.95863864465025,0.1070311040911732,0.0776408147696372,-0.029390289321536,144.89100036621093,144.8350067138672
143.27680585103548,144.8350067138672,51.84936667784486,0.0993261388179825,0.0685062777252198,-0.0308198610927627,144.8760009765625,144.9499969482422
143.2785770008211,144.9499969482422,56.38312202538425,0.093409291251507,0.0697419009856048,-0.0236673902659022,144.88699951171876,144.75
143.29605439284634,144.75,47.93010819651969,0.0855196389771686,0.0539610298798152,-0.0315586090973534,144.84499816894532,144.6199951171875
143.3054874787332,144.6199951171875,43.3776168709736,0.0745379910082086,0.0306113991323684,-0.0439265918758402,144.78899841308595,144.4499969482422
143.30916961501842,144.4499969482422,38.26013327787369,0.0593119075147814,-0.0015924264589273,-0.0609043339737087,144.72099914550782,144.43499755859375
143.31137590305264,144.43499755859375,37.835992597023385,0.0418491801833218,-0.0280017291425167,-0.0698509093258385,144.64099731445313,144.4949951171875
143.31981816289093,144.4949951171875,40.66926202607296,0.0247618361068832,-0.043587540198871,-0.0683493763057542,144.54999694824218,144.49000549316406
143.32108448790393,144.49000549316406,40.50392697632618,0.0086694780238816,-0.0556999543081246,-0.0643694323320063,144.497998046875,144.3300018310547
143.3230610269696,144.3300018310547,35.5175166292772,-0.0085281785860398,-0.077318805025726,-0.0687906264396862,144.43999938964845,144.17999267578125
143.32669944784917,144.17999267578125,31.590844454420026,-0.0278909563383078,-0.1053420673473795,-0.0774511110090716,144.38599853515626,143.81500244140625
143.3310394076194,143.81500244140625,24.49495474758301,-0.0533553981592465,-0.1552131654430013,-0.1018577672837548,144.26199951171876,143.77999877929688
143.33360175167414,143.77999877929688,23.939588822406836,-0.0817462119314305,-0.1953094670201665,-0.1135632550887359,144.11900024414064,143.3699951171875
143.33515215841615,143.3699951171875,18.61558638624639,-0.116837978393459,-0.257205044241573,-0.1403670658481139,143.8949981689453,143.2899932861328
143.3350178200438,143.2899932861328,17.784474542178046,-0.1553002889012219,-0.3091495309322738,-0.1538492420310518,143.68699645996094,143.22000122070312
143.33386108951692,143.22000122070312,17.066576564843402,-0.19462165499874,-0.3519071193888123,-0.1572854643900723,143.4949981689453,143.54510498046875
143.33497488009368,143.54510498046875,30.99922093144517,-0.2267897467796379,-0.3554621139032292,-0.1286723671235913,143.4410186767578,143.64999389648438
143.33556190074142,143.64999389648438,34.804726474774384,-0.2505976591715471,-0.3458293087391837,-0.0952316495676366,143.4150177001953,143.8369140625
143.33652226228816,143.8369140625,41.04482623327369,-0.2643641581428998,-0.3194301540283106,-0.0550659958854108,143.5084014892578,143.47000122070312
143.33712147221283,143.47000122070312,34.137650756119314,-0.276366571797885,-0.3243762264178258,-0.0480096546199407,143.54440307617188,143.30499267578125
143.33704045825695,143.30499267578125,31.565026105326467,-0.2886368242371178,-0.3377178339940485,-0.0490810097569307,143.5614013671875,143.0850067138672
143.33651960106502,143.0850067138672,28.48322137445153,-0.3032836117617661,-0.3618707618603594,-0.0585871500985932,143.4693817138672,142.9199981689453
143.3355404521857,142.9199981689453,26.40105069813848,-0.320593526894654,-0.3898331874262055,-0.0692396605315515,143.32338256835936,142.8800048828125
143.3339851438935,142.8800048828125,25.906734062075856,-0.3385725964896319,-0.410488874869543,-0.0719162783799111,143.1320007324219,142.875
143.3331971212806,142.875,25.84152714057639,-0.355336761149202,-0.4223934197874825,-0.0670566586382805,143.01300048828125,142.79859924316406
143.33247216838876,142.79859924316406,24.814742793917677,-0.3708696868168533,-0.4330013894874582,-0.0621317026706049,142.9117218017578,143.11000061035156
143.33160018277667,143.11000061035156,35.980340175200766,-0.3790031201306251,-0.4115368533857122,-0.0325337332550871,142.91672058105468,143.0399932861328
143.33100137715562,143.0399932861328,34.73157327905727,-0.3823254281700249,-0.3956146603276238,-0.0132892321575989,142.9407196044922,143.3300018310547
143.33099836198014,143.3300018310547,43.482447782252514,-0.3769597412738544,-0.3554969936891723,0.0214627475846821,143.0307189941406,143.42010498046875
143.33109699597847,143.42010498046875,45.90898684945296,-0.3641331550139373,-0.3128268099742683,0.0513063450396689,143.13973999023438,143.27000427246094
143.33101629455987,143.27000427246094,42.625741461354586,-0.3488674484349067,-0.2878046221187844,0.0610628263161222,143.23402099609376,143.3699951171875
143.33110538116756,143.3699951171875,45.42572690808613,-0.3304827670457125,-0.2569440414889357,0.0735387255567768,143.28601989746093,143.3000030517578
143.33104597426558,143.3000030517578,43.81388047445835,-0.3114703734972439,-0.2354207993033696,0.0760495741938742,143.33802185058593,143.4499969482422
143.33138850183147,143.4499969482422,48.06670185297547,-0.2899582342141345,-0.2039096770816968,0.0860485571324377,143.36202087402344,143.5850067138672
143.33237048334928,143.5850067138672,51.616637120543054,-0.2651921291940381,-0.1661277091136526,0.0990644200803855,143.39500122070314,143.4550018310547
143.33264546212158,143.4550018310547,48.1999862118895,-0.2411545071101987,-0.1450040187748413,0.0961504883353574,143.43200073242187,143.61000061035156
143.3330112518875,143.61000061035156,52.25758052033805,-0.2158110209880957,-0.1144370764996836,0.1013739444884121,143.4800018310547,143.66000366210938
143.33373314127775,143.66000366210938,53.52241931338661,-0.1896879455485906,-0.0851956437905698,0.1044923017580207,143.552001953125,143.77999877929688
143.33499769826324,143.77999877929688,56.50069449716393,-0.1620988641990314,-0.051742538800795,0.1103563253982364,143.61800231933594,143.860107421875
143.33605825803022,143.860107421875,58.416463797696565,-0.1333896412734707,-0.0185527495712278,0.1148368917022428,143.6730224609375,143.9250030517578
143.338813623285,143.9250030517578,59.95507583093976,-0.1041439263671376,0.0128389332581946,0.1169828596253323,143.76702270507812,143.9499969482422
143.341351086475,143.9499969482422,60.56033876714447,-0.0754589292873002,0.0392810590320493,0.1147399883193496,143.83502197265625,144.0500030517578
143.34571289982176,144.0500030517578,62.97193629484639,-0.0468615690877467,0.0675278717104674,0.1143894407982142,143.91302185058595,144.05999755859375
143.34994999791098,144.05999755859375,63.214024415305694,-0.0195519953491109,0.0896862996054324,0.1092382949545433,143.96902160644532,144.0500030517578
143.35215732872953,144.0500030517578,62.77205369682626,0.0054039122351245,0.1052275425720665,0.0998236303369419,144.0070007324219,144.17999267578125
143.35573526574828,144.17999267578125,66.09257916501329,0.0296379494809688,0.1265740984643457,0.0969361489833769,144.05799865722656,144.3101043701172
143.36317960632027,144.3101043701172,69.06668568688919,0.0541574493163446,0.1522354486578478,0.0980779993415032,144.13002014160156,144.13999938964844
143.37152331689325,144.13999938964844,61.474883901888106,0.0747331574783534,0.1570359901263884,0.082302832648035,144.14801940917968,144.15499877929688
143.37363209576353,144.15499877929688,61.87285521620544,0.0918273353204918,0.1602040466890457,0.0683767113685538,144.16701965332032,144.0500030517578
143.3778857728891,144.0500030517578,57.40269757764183,0.1039588137747701,0.152484727591883,0.0485259138171129,144.16701965332032,144.0
143.3789587272938,144.0,55.35170881518983,0.1113091035972753,0.1407102628872962,0.0294011592900209,144.13102111816406,144.02000427246094
143.38119222727636,144.02000427246094,56.02858978858428,0.1153427831952145,0.1314775015869713,0.0161347183917568,144.0730010986328,143.86000061035156
143.3824446200776,143.86000061035156,49.55708782452196,0.1142705690940808,0.1099817126895459,-0.0042888564045348,144.01700134277343,143.99000549316406
143.38368780443406,143.99000549316406,54.187249801996295,0.1118679932098752,0.1022576896730527,-0.0096103035368225,143.98400268554687,143.88999938964844
143.38511168478567,143.88999938964844,50.35798087927595,0.1069070105727844,0.0870630800244214,-0.019843930548363,143.952001953125,143.7899932861328
143.3866468821833,143.7899932861328,46.79660519036392,0.0987633293794043,0.0661886046058839,-0.0325747247735204,143.91000061035157,143.83999633789062
143.38728111890077,143.83999633789062,48.74830232494212,0.0896243674963235,0.0530685199640004,-0.0365558475323231,143.8739990234375,143.95010375976562
143.38822020565107,143.95010375976562,52.84996434925829,0.0818930899876504,0.0509679799529578,-0.0309251100346925,143.89201965332032,143.9499969482422
143.3889422174381,143.9499969482422,52.84554614077175,0.0752610530829871,0.0487329054643339,-0.0265281476186531,143.88401794433594,143.93479919433594
143.39163923571536,143.93479919433594,52.17715925642632,0.0692516547754373,0.0452140615452378,-0.0240375932301994,143.89297790527343,144.11000061035156
143.39409842458625,144.11000061035156,58.6673268281186,0.0665849346048975,0.0559180539227384,-0.0106668806821591,143.95697937011718,144.1750030517578
143.396982837771,144.1750030517578,60.79329902323093,0.0670384496636247,0.0688525098985337,0.0018140602349089,144.02398071289062,144.25
143.39892681961973,144.25,63.148448466734926,0.0704676320265698,0.0841843614783499,0.0137167294517801,144.0839599609375,144.27999877929688
143.4006883533989,144.27999877929688,64.07797888875862,0.0759001446171334,0.0976301949793878,0.0217300503622544,144.14996032714845,144.13999938964844
143.40336517683954,144.13999938964844,56.86875086069244,0.0798969242181927,0.0958840426224298,0.0159871184042371,144.19100036621094,144.0850067138672
143.40540895833325,144.0850067138672,54.285155838428565,0.0817248191295074,0.0890363987747662,0.0073115796452587,144.18600158691407,143.96499633789062
143.4070482601357,143.96499633789062,49.04827037661932,0.0799965150126601,0.0730832985452707,-0.0069132164673893,144.1440002441406,143.99000549316406
143.40766011248235,143.99000549316406,50.1279967502327,0.0763465330242358,0.0617466050705388,-0.0145999279536969,144.09200134277344,144.0500030517578
143.40804038201264,144.0500030517578,52.71669733076695,0.0724666354761101,0.0569470452836071,-0.0155195901925029,144.04600219726564,144.0500030517578
143.40987276092423,144.0500030517578,52.71669733076696,0.0684808558293289,0.0525377372422042,-0.0159431185871247,144.0280029296875,144.125
143.4115464073736,144.125,56.02574396953719,0.0656781032745361,0.054467093055365,-0.0112110102191711,144.03600158691407,144.18499755859375
143.4141524125327,144.18499755859375,58.52633229140191,0.0645713064255861,0.0601441190297862,-0.0044271873957999,144.0800018310547,144.11000061035156
143.4164544734428,144.11000061035156,54.364774008209245,0.063241818300311,0.0579238657992107,-0.0053179525011003,144.1040008544922,144.17999267578125
143.4190780942737,144.17999267578125,57.40857820804938,0.0628149871906419,0.0611076627519651,-0.0017073244386767,144.12999877929687,144.19509887695312
143.41998163441536,144.19509887695312,58.05878079812426,0.0630741417580739,0.0641107600278019,0.001036618269728,144.15901794433594,144.11000061035156
143.42103253416002,144.11000061035156,53.13750349780022,0.0622482216774883,0.0589445413551459,-0.0033036803223423,144.15601806640626,144.12989807128906
143.42247784005713,144.12989807128906,54.11682439927458,0.0609610700038182,0.0558124633091381,-0.0051486066946801,144.1449981689453,144.1300048828125
143.4231335255322,144.1300048828125,54.12236689974336,0.0593150634265709,0.0527310371175815,-0.0065840263089894,144.1489990234375,144.13479614257812
143.42458396603718,144.13479614257812,54.38852682223935,0.057471670656108,0.0500980995742565,-0.0073735710818514,144.13995971679688,144.0800018310547
143.4251282258527,144.0800018310547,50.76153291095619,0.0545959929381027,0.0430932820660814,-0.0115027108720213,144.1169403076172,144.05499267578125
143.4258110276003,144.05499267578125,49.15045944634368,0.0507006050140364,0.0351190533177714,-0.015581551696265,144.10593872070314,143.92999267578125
143.4269896768374,143.92999267578125,41.978988273676826,0.0442604262308694,0.018499711098201,-0.0257607151326683,144.06595764160156,143.97500610351562
143.42747944152924,143.97500610351562,45.08625472269328,0.0371801111369781,0.0088588507614133,-0.0283212603755648,144.0349578857422,143.99000549316406
143.4287027993166,143.99000549316406,46.12169091454873,0.030224298329388,0.0024010470990276,-0.0278232512303604,144.00599975585936,144.1199951171875
143.4298635219778,144.1199951171875,54.18431235462401,0.0257161775859357,0.0076836946121261,-0.0180324829738095,144.01399841308594,144.08999633789062
143.43085302309171,144.08999633789062,52.24138495783534,0.022441320573706,0.0093418925247874,-0.0130994280489185,144.0209991455078,143.94000244140625
143.43249264589195,143.94000244140625,43.78698586931393,0.0176669094678069,-0.0014307349557896,-0.0190976444235965,144.02300109863282,143.89999389648438
143.43358547452567,143.89999389648438,41.841880594630304,0.011524309998959,-0.0130460878764324,-0.0245703978753915,144.00799865722655,143.77999877929688
143.43721350287234,143.77999877929688,36.591679853577325,0.0029054435390246,-0.0315700223007127,-0.0344754658397374,143.96599731445312,143.60000610351562
143.4380366901941,143.60000610351562,30.424765757402383,-0.0096919839875195,-0.0600816940936965,-0.050389710106177,143.86199951171875,143.8699951171875
143.4415545156739,143.8699951171875,45.313064676217984,-0.0197931115266417,-0.0601976216831303,-0.0404045101564886,143.81799926757813,143.8000030517578
143.44217028200666,143.8000030517578,42.75859234769249,-0.0288716588185618,-0.0651858479862426,-0.0363141891676807,143.78999938964844,143.6750030517578
143.44380022609494,143.6750030517578,38.57604076814771,-0.038761857815293,-0.0783226538022177,-0.0395607959869246,143.74500122070313,143.64999389648438
143.4441801502359,143.64999389648438,37.77978771137608,-0.0489529841533322,-0.0897174895054888,-0.0407645053521566,143.71900024414063,143.78500366210938
143.444884727072,143.78500366210938,44.44628094322663,-0.0565329145245479,-0.0868526360094108,-0.0303197214848628,143.75599975585936,143.71249389648438
143.44532306217403,143.71249389648438,41.85266834349498,-0.0631068463896344,-0.0894025738499806,-0.0262957274603461,143.72449951171876,143.6699981689453
143.44601083056065,143.6699981689453,40.36598430699757,-0.0692397827545486,-0.093771528214205,-0.0245317454596564,143.69849853515626,143.74000549316406
143.44628764075085,143.74000549316406,43.901323092334735,-0.0735000755839094,-0.0905412469013526,-0.0170411713174432,143.7114990234375,143.7100067138672
143.4466437321776,143.7100067138672,42.7322608321712,-0.0766743915976359,-0.0893716556525419,-0.0126972640549059,143.72350158691407,143.625
143.44733836760827,143.625,39.52068060687192,-0.0801831115153114,-0.0942179911860137,-0.0140348796707022,143.69150085449218,143.66000366210938
143.44790039603407,143.66000366210938,41.47131818335771,-0.082976279909787,-0.0941489534876893,-0.0111726735779023,143.68100280761718,143.6699981689453
143.4486894450213,143.6699981689453,42.04607628998905,-0.0848259557237218,-0.092224658979461,-0.0073987032557392,143.68100280761718,143.60000610351562
143.44886829753244,143.60000610351562,39.146830150965975,-0.0869106526178079,-0.0952494401941521,-0.0083387875763442,143.6530029296875,143.61500549316406
143.44931895193858,143.61500549316406,40.10005530899351,-0.0885959794567821,-0.0953372868126791,-0.0067413073558969,143.63400268554688,143.51199340820312
143.44948358711775,143.51199340820312,35.93664602985737,-0.091384210758018,-0.1025371359629616,-0.0111529252049435,143.6114013671875,143.89500427246094
143.45120575578986,143.89500427246094,54.74890125165852,-0.0883985597723745,-0.0764559558298003,0.0119426039425741,143.6584014892578,143.8551025390625
143.45205422348653,143.8551025390625,53.00269906074613,-0.0823855946392559,-0.0583337341067817,0.0240518605324742,143.69542236328124,143.8300018310547
143.45279903936458,143.8300018310547,51.881682407551466,-0.0750030709167791,-0.0454729760268719,0.0295300948899072,143.74142150878907,143.78990173339844
143.45417603670836,143.78990173339844,50.06009550777953,-0.0676179649634721,-0.038077541150244,0.029540423813228,143.77640075683593,143.75999450683594
143.4544124494128,143.75999450683594,48.68711221275943,-0.0609414172880442,-0.0342352265863326,0.0267061907017116,143.8260009765625,143.64500427246094
143.45539691456926,143.64500427246094,43.7218559255986,-0.0567546800884901,-0.0400077312902737,0.0167469487982163,143.7760009765625,143.74000549316406
143.45655250686343,143.74000549316406,48.40352385428958,-0.0527029391543365,-0.036495975417722,0.0162069637366144,143.75298156738282,143.75
143.45748125099277,143.75,48.88527607516608,-0.04866863304062,-0.0325314085857542,0.0161372244548658,143.7369812011719,143.83999633789062
143.45827242017086,143.83999633789062,53.12908002795533,-0.0433099750590031,-0.0218753431325353,0.0214346319264677,143.74700012207032,143.7550048828125
143.4593811335672,143.7550048828125,48.99221388283314,-0.0386594255227294,-0.0200572273776344,0.0186021981450949,143.74600219726562,143.64999389648438
143.45997000690994,143.64999389648438,44.39286356534759,-0.0362837704379148,-0.0267811500986567,0.0095026203392581,143.74700012207032,143.67999267578125
143.46068393476804,143.67999267578125,45.95381012849217,-0.0348971998330651,-0.0293509174136659,0.0055462824193991,143.73499755859376,143.80499267578125
143.46281045158148,143.80499267578125,52.00009983396978,-0.0321294147691137,-0.0210582745133081,0.0110711402558055,143.74599609375,143.52000427246094
143.46372560457272,143.52000427246094,40.794657204642895,-0.0331145972007541,-0.0370553269273159,-0.0039407297265617,143.68199768066407,143.44500732421875
143.4636889715447,143.44500732421875,38.4467264047836,-0.0375214797027155,-0.0551490097105613,-0.0176275300078457,143.6199981689453,143.55999755859375
143.4640065613741,143.55999755859375,43.7887668141296,-0.0419218803846525,-0.0595234831124003,-0.0176016027277477,143.60199890136718,143.5800018310547
143.46422551385444,143.5800018310547,44.68810093071252,-0.0456728371832837,-0.0606766643778087,-0.0150038271945249,143.58200073242188,143.57000732421875
143.4643264135543,143.57000732421875,44.30669224751673,-0.04887546266885,-0.0616859646111151,-0.0128105019422651,143.53500366210938,143.60000610351562
143.46452401994765,143.60000610351562,45.80192712331095,-0.0509765077213419,-0.0593806879313092,-0.0084041802099673,143.5510040283203,143.85899353027344
143.4656854979903,143.85899353027344,56.6280935550284,-0.0480287843400369,-0.0362378908148173,0.0117908935252196,143.63380126953126,143.81500244140625
143.46663417764083,143.81500244140625,54.63187683069905,-0.0426635000612038,-0.0212023629458713,0.0214611371153325,143.68480224609374,143.82000732421875
143.46796604168114,143.82000732421875,54.82698198394122,-0.0358871037865652,-0.0087815186880106,0.0271055850985545,143.73280334472656,143.83999633789062
143.46855305009922,143.83999633789062,55.64737024514109,-0.0281807727335329,0.0026445514785962,0.0308253242121291,143.78680114746095,143.72500610351562
143.4691650123092,143.72500610351562,50.01961789542383,-0.0220659275336159,0.0023934532660518,0.0244593807996678,143.81180114746093,143.8000030517578
143.4696104109929,143.8000030517578,53.33439655646379,-0.0160223199040148,0.0081521106143895,0.0241744305184044,143.8000030517578,143.88999938964844
143.47028188225255,143.88999938964844,57.01827063720448,-0.0088678213847892,0.0197501726921132,0.0286179940769024,143.81500244140625,143.8000030517578
143.47134136954247,143.8000030517578,52.5507033014231,-0.0028077160624826,0.0214327052267435,0.0242404212892262,143.81100158691407,143.8300018310547
143.47194720273936,143.8300018310547,53.8487896707846,0.0027337764269491,0.0248997463846762,0.0221659699577271,143.8090026855469,143.80999755859375
143.47252939539666,143.80999755859375,52.8112513884178,0.0073343309335815,0.0257365489601113,0.0184022180265297,143.8260009765625,143.8350067138672
143.47330764561113,143.8350067138672,54.00442912785284,0.0114862451144236,0.0280939018377921,0.0166076567233684,143.83300170898437,143.8000030517578
143.47545538904802,143.8000030517578,52.02175726428481,0.0145546675673281,0.026828357378946,0.0122736898116179,143.81500244140625,143.63499450683594
143.47595810548617,143.63499450683594,43.84915557142297,0.0141173386273664,0.0123680228675198,-0.0017493157598466,143.78200073242186,143.72999572753906
143.47613440796547,143.72999572753906,48.833086026518416,0.0129891108586333,0.0084761997837006,-0.0045129110749326,143.76199951171876,143.8000030517578
143.4768988183568,143.8000030517578,52.2000762973327,0.0125743058122735,0.0109150856268342,-0.0016592201854392,143.76000061035157,143.89999389648438
143.47751691287343,143.89999389648438,56.59355290842006,0.0141950412149024,0.0206779828254184,0.0064829416105159,143.772998046875,143.89999389648438
143.47864894506264,143.89999389648438,56.59355290842006,0.0169742989377467,0.0280913298291238,0.0111170308913771,143.79299621582032,143.89999389648438
143.47952974633577,143.89999389648438,56.59355290842006,0.0202953148634321,0.0335793785661735,0.0132840637027414,143.84599609375,143.90499877929688
143.47988558652196,143.90499877929688,56.84154323939298,0.0238153940468179,0.0378957107803614,0.0140803167335434,143.88099670410156,143.97000122070312
143.48073839620116,143.97000122070312,60.035134310444704,0.028258509744038,0.0460309725329182,0.0177724627888801,143.9149963378906,143.93499755859375
143.48163085987056,143.93499755859375,57.56489181270376,0.032424381534153,0.0490878686946132,0.0166634871604601,143.9219970703125,143.9600067138672
143.4850232867258,143.9600067138672,58.867138464241165,0.0365232050729934,0.0529184992283546,0.0163952941553612,143.93399963378906,144.16000366210938
143.48618531055416,144.16000366210938,67.46558455834929,0.0434727276936124,0.0712708181760888,0.0277980904824763,143.98600158691406,144.25999450683594
143.48723691062835,144.25999450683594,70.75694429938488,0.0533409202005153,0.0928136902281266,0.0394727700276113,144.05700073242187,144.1699981689453
143.4879381827267,144.1699981689453,64.43827621949632,0.0629637577345051,0.1014551078704641,0.038491350135959,144.0970001220703,144.2100067138672
143.48867418087875,144.2100067138672,65.89631921318168,0.0724231723075525,0.1102608305997421,0.0378376582921896,144.152001953125,144.25
143.48957118135905,144.25,67.33793707337941,0.0817572808547998,0.1190937150437889,0.0373364341889891,144.21000061035156,143.97000122070312
143.492133544193,143.97000122070312,51.06329443166311,0.0858699822462294,0.1023207878119478,0.0164508055657184,144.1720001220703,144.09500122070312
143.49284567848323,144.09500122070312,56.15759517362817,0.0882929991200509,0.0979850666153367,0.0096920674952858,144.13900146484374,144.17999267578125
143.49361852133003,144.17999267578125,59.2628047062814,0.0906846873465562,0.1002514402525776,0.0095667529060213,144.14100036621093,144.1999969482422
143.49459870107643,144.1999969482422,59.98124762359441,0.0930438308725656,0.1024804049766032,0.0094365741040376,144.13899841308594,144.3300018310547
143.49981005079883,144.3300018310547,64.3780812981388,0.0971209920739728,0.1134296368796015,0.0163086448056286,144.15499877929688,144.44000244140625
143.501666882827,144.44000244140625,67.61980547412942,0.103594879049721,0.1294904269527137,0.0258955479029927,144.2489990234375,144.61000061035156
143.5033996779963,144.61000061035156,71.87896481236496,0.1137077232700717,0.1541591001514746,0.0404513768814028,144.35199890136718,144.64999389648438
143.50459107025355,144.64999389648438,72.78587916105874,0.1259501700086081,0.1749199569627535,0.0489697869541454,144.4459991455078,144.64999389648438
143.50701015121146,144.64999389648438,72.78587916105874,0.1385985751460172,0.1891921956956537,0.0505936205496364,144.53599853515624,144.63999938964844
143.5080520430338,144.63999938964844,72.11183990340331,0.1503630261376295,0.1974208301040789,0.0470578039664493,144.597998046875,144.6300048828125
143.5096097186556,144.6300048828125,71.39977499105589,0.1604545555636805,0.2008206732678843,0.0403661177042037,144.63599853515626,144.63900756835938
143.51230894973006,144.63900756835938,71.67112988447298,0.16874643971551,0.2019139763228281,0.033167536607318,144.6417999267578,144.58999633789062
143.51536390426946,144.58999633789062,67.894445752618,0.1743091139781123,0.1965598110285213,0.022250697050409,144.62980041503906,144.5850067138672
143.51672964449875,144.5850067138672,67.50445371617826,0.1773926755120051,0.1897269216475763,0.0123342461355711,144.61680297851564,144.63999938964844
143.5186879971882,144.63999938964844,69.5785240753278,0.1792337940585088,0.1865982682445235,0.0073644741860146,144.61680297851564,144.58999633789062
143.52088566047283,144.58999633789062,65.48570548282825,0.1789933793754621,0.1780317206432755,-0.0009616587321866,144.60880126953126,144.60000610351562
143.523082851251,144.60000610351562,65.9179063465429,0.1772126407712444,0.1700896863543732,-0.0071229544168711,144.6010009765625,144.58999633789062
143.5236757969024,144.58999633789062,65.0407901676349,0.1739962028152884,0.1611304509914646,-0.0128657518238238,144.6010009765625,144.66000366210938
143.52688686227893,144.66000366210938,68.22527890505059,0.1707688607407644,0.1578594924426681,-0.0129093682980962,144.61600036621093,144.72000122070312
143.52900287807267,144.72000122070312,70.6894814120999,0.1682718760098848,0.1582839370863666,-0.0099879389235182,144.6320007324219,144.70899963378906
143.5313120034677,144.70899963378906,69.62324055512053,0.1658045116411777,0.1559350541663491,-0.0098694574748286,144.65580139160156,144.66000366210938
143.53549328092734,144.66000366210938,64.92634196463652,0.1623254519258699,0.1484092130646388,-0.0139162388612311,144.6678009033203,144.8000030517578
143.54529172415235,144.8000030517578,70.95566828154352,0.1602582951820664,0.151989668206852,-0.0082686269752144,144.70980224609374,144.82000732421875
143.5518855752666,144.82000732421875,71.70416775652257,0.1591383510520972,0.1546585745322204,-0.0044797765198767,144.74180297851564,144.9600067138672
143.55535819788793,144.9600067138672,76.3062287268647,0.1605417107632128,0.1661551496076754,0.0056134388444625,144.78980407714843,145.0800018310547
143.56458981171158,145.0800018310547,79.39895362776443,0.1650016069814348,0.1828411918543224,0.0178395848728876,144.86400451660157,145.22500610351562
143.57092204575738,145.22500610351562,82.39026621079006,0.1730808723772786,0.2053979339606542,0.0323170615833755,144.9770050048828,145.22999572753906
143.57595059157333,145.22999572753906,82.4845129737139,0.1826902800307395,0.2211279106445829,0.0384376306138433,145.06300354003906,145.1999969482422
143.5815087429916,145.1999969482422,79.72195109238464,0.1918600090738426,0.228538925246255,0.0366789161724124,145.13900146484374,145.36000061035156
143.5893515509901,145.36000061035156,82.99357676102375,0.2023889409428196,0.2445046684187275,0.0421157274759078,145.21900024414063,145.36500549316406
143.59787567317375,145.36500549316406,83.08550420206623,0.212836415450819,0.2546263134828166,0.0417898980319975,145.2760009765625,145.375
143.6083508799913,145.375,83.27987182784602,0.2223595194618406,0.2604519355059267,0.0380924160440861,145.30599975585938,145.3699951171875
143.6132334715383,145.3699951171875,82.76696423690177,0.2302173767991924,0.2616488061485995,0.0314314293494071,145.33399963378906,145.36000061035156
143.62051546312586,145.36000061035156,81.68504763563509,0.235935399427322,0.2588074899398407,0.0228720905125186,145.36600036621093,145.5
143.62715775667118,145.5,84.70172391941333,0.2417083309161535,0.2648000568714792,0.0230917259553257,145.3940002441406,145.27000427246094
143.6361523009895,145.27000427246094,65.58867120638806,0.2429927019235261,0.2481301859530162,0.0051374840294901,145.375,145.41000366210938
143.64002218853005,145.41000366210938,70.02290341666968,0.2430761803042113,0.2434100938269523,0.0003339135227409,145.3820007324219,145.4499969482422
143.64397600638708,145.4499969482422,71.16596098185869,0.2424866361151689,0.2401284593589991,-0.0023581767561697,145.39800109863282,145.6750030517578
143.65316878399983,145.6750030517578,76.57732672069949,0.2445433241726632,0.2527700764026406,0.0082267522299773,145.46100158691405,145.61500549316406
143.65967334548023,145.61500549316406,72.66144642298468,0.2466362146418896,0.255007776518795,0.0083715618769054,145.48400268554687,145.67999267578125
143.6638995024671,145.67999267578125,74.20038486442859,0.2491167820253344,0.2590390515591139,0.0099222695337794,145.56600036621094,145.64999389648438
143.6727445610193,145.64999389648438,72.18050206828569,0.2506639018064635,0.2568523809309795,0.006188479124516,145.61399841308594,145.6300048828125
143.696131666868,145.6300048828125,70.79753882285895,0.2506546253639796,0.2506175195940443,-3.710576993531944e-05,145.65,145.48500061035156
143.7006739416678,145.48500061035156,61.58019262510663,0.2467855651359524,0.2313093242238437,-0.0154762409121086,145.61199951171875,145.7899932861328
143.7220393682159,145.7899932861328,70.33000137347881,0.2450035955279881,0.2378757170961307,-0.0071278784318573,145.6469970703125,145.7550048828125
143.74264888887754,145.7550048828125,68.4053466810098,0.2435065553849353,0.2375183948127244,-0.0059881605722109,145.66199951171876,145.90499877929688
143.75727678844137,145.90499877929688,71.94931488258567,0.2441046451476289,0.2464970041984031,0.0023923590507742,145.71300048828124,145.85499572753906
143.7704065943307,145.85499572753906,69.16406392241099,0.2446304355418584,0.2467335971187765,0.002103161576918,145.75799865722655,146.1300048828125
143.79714562090433,146.1300048828125,74.91552311859054,0.2489133954995687,0.2660452353304094,0.0171318398308407,145.88699951171876,145.9250030517578
143.8199358647773,145.9250030517578,65.15908772576333,0.2514887482505498,0.261790159254474,0.0103014110039242,145.91400146484375,145.72000122070312
143.83595662779675,145.72000122070312,57.144543858441935,0.2490149234271585,0.2391196241335933,-0.0098952992935651,145.90700073242186,145.61000061035156
143.85569939927242,145.61000061035156,53.352440684994896,0.2411835030302007,0.2098578214423696,-0.0313256815878311,145.8480010986328,145.47999572753906
143.87994670887414,145.47999572753906,49.19721033489981,0.2277807235533094,0.1741696056457442,-0.0536111179075652,145.77300109863282,146.0500030517578
