action_quality,macd_line,vwap,sma,macd_histogram,macd_signal,rsi_14,price
good,0.0,147.7100067138672,0.0,0.0,0.0,50.0,147.7100067138672
good,0.0,147.70745455666793,0.0,0.0,0.0,50.0,147.68499755859375
neutral,0.0,147.7092274705112,0.0,0.0,0.0,50.0,147.77499389648438
neutral,0.0,147.7457681282926,0.0,0.0,0.0,50.0,148.46949768066406
neutral,0.0,147.75845721334406,147.90989990234374,0.0,0.0,50.0,147.91000366210938
neutral,0.0,147.77260436919454,147.9678985595703,0.0,0.0,50.0,148.0
good,0.0,147.78257505328344,148.0718994140625,0.0,0.0,50.0,148.2050018310547
neutral,0.0,147.8026341741341,148.2209014892578,0.0,0.0,50.0,148.52000427246094
good,0.0,147.78170093553638,148.03700256347656,0.0,0.0,50.0,147.5500030517578
good,0.0,147.72419026947546,147.81100158691407,0.0,0.0,50.0,146.77999877929688
good,0.0,147.67157034665968,147.5250030517578,0.0,0.0,50.0,146.57000732421875
good,0.0,147.66668863584445,147.38250122070312,0.0,0.0,50.0,147.49249267578125
good,0.0,147.6390005798966,147.12050170898436,0.0,0.0,50.0,147.2100067138672
good,0.0,147.62446677754525,147.02650146484376,0.0,0.0,50.0,147.0800018310547
good,0.0,147.59653073955442,147.014501953125,0.0,0.0,41.19835147989679,146.72000122070312
good,0.0,147.57654201975657,147.0864990234375,0.0,0.0,43.471411285088216,146.92999267578125
good,0.0,147.53466722503092,146.95,0.0,0.0,42.46131804142512,146.80999755859375
good,0.0,147.52754589873467,146.9720001220703,0.0,0.0,47.9925617012773,147.32000732421875
good,0.0,147.5276105079579,147.06199951171874,0.0,0.0,50.11877958070132,147.52999877929688
good,0.0,147.52462088665254,147.2049987792969,0.0,0.0,49.13998939079353,147.43499755859375
good,0.0,147.51582939161688,147.28900146484375,0.0,0.0,48.23246287766889,147.35000610351562
good,0.0,147.50511076242947,147.3810028076172,0.0,0.0,47.3460874555893,147.27000427246094
good,0.0,147.49600631107742,147.3510009765625,0.0,0.0,46.20305073727153,147.1699981689453
good,0.0,147.4886876628752,147.29298095703126,0.0,0.0,47.16322687802997,147.23989868164062
good,0.0,147.4837180252824,147.24098205566406,0.0,0.0,46.33636120682381,147.1750030517578
good,-0.1492804778734182,147.4801332554215,147.2369812011719,-0.1492804778734182,0.0,48.65190651161389,147.3300018310547
good,-0.1356624942901874,147.4756771669167,147.24598083496093,-0.1356624942901874,0.0,48.43410822173385,147.31500244140625
good,-0.1086894826002549,147.4759438801487,147.31198120117188,-0.1086894826002549,0.0,51.32817989401352,147.5
good,-0.0982834796271276,147.47312869267412,147.33400268554686,-0.0982834796271276,0.0,48.93035539489091,147.35000610351562
good,-0.0868573170175466,147.4716811039386,147.37440185546876,-0.0868573170175466,0.0,49.38857021721225,147.3769989013672
good,-0.110978202207832,147.45170222053818,147.29840087890625,-0.110978202207832,0.0,42.84031501981846,146.9499969482422
good,-0.1425719801785305,147.43049022016808,147.19039916992188,-0.1425719801785305,0.0,40.4719238362501,146.77499389648438
good,-0.1509413309891272,147.42463850757431,147.0824005126953,-0.1509413309891272,0.0,43.99688122328392,146.9600067138672
good,-0.164155330322842,147.41637675502534,146.9833984375,-0.0366642086443012,-0.1274911216785407,42.46003649577128,146.85499572753906
good,-0.1642605180103089,147.40880121622888,146.9,-0.0294155170654145,-0.1348450009448943,44.54608774478541,146.9600067138672
good,-0.1716452426558987,147.39356744741315,146.87900085449218,-0.0294401933688034,-0.1422050492870952,42.71946150683805,146.84500122070312
good,-0.163907632051945,147.3851869405069,146.92200317382813,-0.0173620662118798,-0.1465455658400652,45.74054315563152,146.99000549316406
good,-0.1599663557126689,147.37587031572144,146.91800231933593,-0.0107366318980829,-0.1492297238145859,44.8618585298051,146.94000244140625
good,-0.1582470475692616,147.36662684076663,146.927001953125,-0.0072138590037405,-0.1510331885655211,44.131358999345935,146.89999389648438
good,-0.1487147136682836,147.36236552773158,146.93099975585938,0.00185477991779,-0.1505694935860736,46.02402941543863,146.97999572753906
good,-0.1563030614310889,147.35434080384175,146.91600036621094,-0.0045868542760122,-0.1517162071550766,42.00184791889944,146.77000427246094
good,-0.1851962666438567,147.31527578768026,146.81000061035155,-0.026784047591024,-0.1584122190528326,36.87810888877768,146.4600067138672
good,-0.182589526915109,147.3070875220975,146.77200012207032,-0.019341846289821,-0.1632476806252879,43.78645277428853,146.75
good,-0.1569276147727407,147.29808446690836,146.79600219726564,0.0050560526820377,-0.1619836674547785,49.34525769025946,147.02000427246094
good,-0.1319870641434022,147.29345611091986,146.8116424560547,0.023997282649101,-0.1559843467925032,50.09698817979825,147.05819702148438
good,-0.1203712480822503,147.28214236359423,146.84564208984375,0.0284904789682023,-0.1488617270504526,47.73602282735384,146.94000244140625
good,-0.1389356958237613,147.27079639617463,146.86884155273438,0.007940824981353,-0.1468765208051144,41.28335135528827,146.5760040283203
good,-0.142803287787359,147.25873288815777,146.85684204101562,0.0032585864142042,-0.1460618742015633,43.84356862124929,146.69000244140625
good,-0.1430095320285715,147.25522501986975,146.79384155273436,0.0024418737383933,-0.1454514057669649,44.18839425660965,146.7050018310547
good,-0.1515128911118495,147.24923979803356,146.69820251464844,-0.0048491882759076,-0.1466637028359418,41.88041385123447,146.5800018310547
good,-0.1488699794416561,147.24533784406896,146.64520263671875,-0.0017650212845713,-0.1471049581570847,44.263119590220526,146.6750030517578
good,-0.1542770255428536,147.23695940833858,146.64200134277343,-0.005737653908615,-0.1485393716342385,42.01742146221185,146.55999755859375
good,-0.1636471023476531,147.18165656588312,146.59872131347657,-0.0120861845707316,-0.1515609177769214,40.36079313543067,146.47360229492188
good,-0.1789829316106193,147.16701877868695,146.52772216796876,-0.0219376110669582,-0.157045320543661,38.0495529402469,146.35000610351562
good,-0.157050145910631,147.1546517947383,146.5617218017578,-3.860293575991269e-06,-0.157046285617055,48.35657857750543,146.75
good,-0.1388738767946051,147.14559637730738,146.57472229003906,0.0145379270579599,-0.1534118038525651,48.14105380639951,146.74000549316406
good,-0.1314275466039873,147.1414884011428,146.5897216796875,0.0175874057988622,-0.1490149524028495,45.82979999192076,146.63499450683594
good,-0.1205134832343901,147.13857479163823,146.6309814453125,0.0228011753347675,-0.1433146585691577,47.00160419025416,146.67990112304688
good,-0.1073903376675389,147.1356216492086,146.70498046875,0.028739456721295,-0.1361297943888339,48.08163318595482,146.72000122070312
good,-0.0978786645051741,147.1331226351653,146.69398193359376,0.0306009039069278,-0.1284795684121019,47.43281235305291,146.69500732421875
good,-0.0913061048755139,147.12683819878598,146.67998046875,0.0297387708292704,-0.1210448757047843,46.75297570485458,146.6699981689453
good,-0.0747453782760771,147.12283875864554,146.71298217773438,0.0370395979429657,-0.1117849762190429,50.70798571877831,146.8000030517578
good,-0.0533402058896115,147.1211353921424,146.7560028076172,0.0467558162635451,-0.1000960221531566,53.43013198632647,146.89500427246094
good,-0.0243873103474356,147.12051412390284,146.8200225830078,0.0605669694445767,-0.0849542797920124,57.30799004060217,147.04010009765625
good,0.0161159345884982,147.1288998550367,146.93302001953126,0.0808561715044085,-0.0647402369159103,62.41581485838457,147.25999450683594
good,0.0580363486562589,147.13396029795553,147.07702026367187,0.0982212684577354,-0.0401849198014764,65.07618025204252,147.38999938964844
neutral,0.0790505525418723,147.13570242499284,147.16701965332032,0.095388377874679,-0.0163378253328067,60.13937260991244,147.25
neutral,0.0676827007873441,147.1308834104809,147.17049865722657,0.0672164208961207,0.0004662798912234,50.24137092367087,146.9123992919922
neutral,0.0793514321561303,147.13122705693456,147.19847717285157,0.0631081218119255,0.0162433103442048,56.37083170271497,147.17999267578125
neutral,0.0859947455891472,147.13163010485994,147.17847900390626,0.0558011481959538,0.0301935973931933,55.81770261367237,147.16000366210938
neutral,0.091814188878402,147.1324087679457,147.1364776611328,0.049296473188167,0.042517715690235,56.279700372837645,147.17999267578125
good,0.0331051413818954,147.10685130304034,146.9664764404297,-0.0075300594466716,0.0406352008285671,39.09890100464055,146.39999389648438
good,-0.0457764620561533,147.04571999094372,146.7824951171875,-0.0691293303077764,0.023352868251623,33.3677912681063,145.99249267578125
good,-0.0877112567264362,147.0253550297127,146.59349670410157,-0.0888512999824474,0.0011400432560111,39.08976874865439,146.23500061035156
good,-0.1111908668014507,147.01443308761648,146.42949523925782,-0.0898647280459695,-0.0213261387554811,41.4347132396677,146.33999633789062
good,-0.1259263753003665,147.00763551004903,146.26749572753906,-0.0836801892359082,-0.0422461860644582,42.12033558247629,146.3699951171875
neutral,-0.114497428596934,147.005642765299,146.31549682617188,-0.0578009940259806,-0.0566964345709534,48.0188458840898,146.63999938964844
good,-0.1197932342214187,146.9983189169958,146.40599975585937,-0.0504774397203722,-0.0693157945010464,44.49243059338358,146.44500732421875
good,-0.142919474473814,146.97914378547253,146.39700012207032,-0.058882943978214,-0.0840365304955999,40.32200743294562,146.19000244140625
good,-0.1769595666425232,146.96577664886863,146.3230010986328,-0.0743384289175385,-0.1026211377249846,37.091781068300136,145.97000122070312
good,-0.2008152386892732,146.95881665801457,146.24500122070313,-0.0785552807714308,-0.1222599579178423,37.337376535816254,145.97999572753906
neutral,-0.2443393022763018,146.94918570217155,146.0450012207031,-0.0976634754867675,-0.1466758267895342,32.665420337795354,145.63999938964844
neutral,-0.2557118386789341,146.93456635702694,145.93399963378906,-0.0872288095115198,-0.1684830291674142,38.73575330473134,145.88999938964844
good,-0.2449551781880927,146.92846289331905,145.91600036621094,-0.0611777192165428,-0.1837774589715499,43.355419333985154,146.10000610351562
neutral,-0.2357311155098216,146.92353672939743,145.93699951171874,-0.0415629252306173,-0.1941681902792043,42.940161643397616,146.0749969482422
good,-0.2078686864585393,146.91655480176746,146.0010009765625,-0.0109603969434679,-0.1969082895150713,47.785717121873056,146.3000030517578
good,-0.1597384067315772,146.91283773582407,146.19300231933593,0.0297359062267952,-0.1894743129583725,53.46051809515672,146.60000610351562
good,-0.1146257047832364,146.91129706919878,146.3490020751953,0.0598788865401088,-0.1745045913233452,54.69757752179316,146.6699981689453
good,-0.073188589411302,146.91070090873146,146.475,0.0810528015296346,-0.1542413909409366,55.782582779384974,146.72999572753906
good,-0.0207438176349228,146.91110829986889,146.65400085449218,0.106798058644811,-0.1275418762797339,59.91811009918574,146.97000122070312
good,-0.0069396770954028,146.90871964947456,146.71900024414063,0.0964817593474648,-0.1034214364428677,52.34008438672983,146.625
good,0.0031573347716573,146.9074854056014,146.7220001220703,0.08526301697162,-0.0821056821999627,52.13437808985021,146.61500549316406
good,0.0210036280034273,146.9068344914507,146.73600158691406,0.082487448162712,-0.0614838201592846,54.5407816349158,146.74000549316406
good,0.0314270354936638,146.9055587098535,146.72968139648438,0.0743286845223588,-0.0429016490286949,53.57520123538193,146.69839477539062
good,0.0226117335435276,146.90324878215117,146.63368225097656,0.052410706057778,-0.0297989725142504,48.90559278766281,146.49000549316406
good,0.0210308869952768,146.90087846172975,146.6206817626953,0.0406638876076218,-0.0196330006123449,50.46718550428403,146.55999755859375
good,0.0283276412434076,146.89989908869396,146.63168029785157,0.0383685134846021,-0.0100408722411944,52.90339685998912,146.6699981689453
good,0.0488785392850843,146.8996991389984,146.65567932128906,0.047135529221023,0.0017430100640613,56.8510664299439,146.86000061035156
good,0.0612323022270118,146.89944410976875,146.68000183105468,0.0475914337303604,0.0136408684966514,55.79101229802822,146.82000732421875
good,0.0773925673582027,146.8995003083587,146.76400146484374,0.051001359089241,0.0263912082689616,57.702310717477054,146.91000366210938
good,0.083587147311249,146.89920819974475,146.82000122070312,0.0457567512338299,0.0378303960774191,55.685507898722754,146.83999633789062
good,0.0994544329109885,146.89974238758208,146.88400268554688,0.0492992294668555,0.050155203444133,58.99291816255147,146.99000549316406
good,0.114740313285381,146.90053490088516,146.9200012207031,0.0516680878729984,0.0630722254123826,60.062596018747456,147.0399932861328
good,0.1194261859321841,146.90090260416144,146.9489990234375,0.0450831684158411,0.0743430175163429,57.63356029652712,146.96499633789062
good,0.1372926113232324,146.90173510124842,146.9989990234375,0.0503596750455116,0.0869329362777208,61.94331696742732,147.16000366210938
good,0.1473328697760507,146.90235789254876,147.05700073242187,0.0483199467986639,0.0990129229773868,60.916709170632856,147.1300048828125
good,0.1567105096824548,146.9053075336541,147.09299926757814,0.0461580693640543,0.1105524403184004,61.82506620598849,147.1699981689453
good,0.1702494835683694,146.90763659691186,147.13900146484374,0.0477576345999752,0.1224918489683942,64.07361871610487,147.27000427246094
good,0.1789167766862078,146.90934501339976,147.20000305175782,0.0451399421742508,0.133776834511957,64.07361871610487,147.27000427246094
good,0.1836684533262484,146.91314848008665,147.2220031738281,0.0399132950514331,0.1437551582748153,64.07361871610487,147.27000427246094
good,0.1980607967897469,146.91594401271976,147.28200073242186,0.0434445108119453,0.1546162859778016,67.85658760460642,147.42999267578125
good,0.2166532235494003,146.91923505647836,147.35800170898438,0.0496295500572789,0.1670236734921213,70.37642084030769,147.5500030517578
good,0.2279524572451805,146.92232617950862,147.41199951171876,0.0487430270024473,0.1792094302427332,69.88432534188294,147.5399932861328
good,0.2397920142693408,146.92743185755367,147.47999877929686,0.048466067221286,0.1913259470480547,71.39103184841184,147.61000061035156
good,0.251121477987823,146.93165410222633,147.55999755859375,0.0478364247518145,0.2032850532360084,72.65375613244785,147.6699981689453
good,0.2559395227185348,146.93550348213327,147.60499877929686,0.042123575586021,0.2138159471325137,71.80054061633186,147.65499877929688
good,0.2420400143693371,146.93957706927532,147.58899841308593,0.0225792537894586,0.2194607605798784,62.112098121583216,147.47000122070312
good,0.2555140104019244,146.94472415134192,147.64299926757812,0.0288425998576367,0.2266714105442876,70.09793389004335,147.80999755859375
good,0.2603664044996208,146.9474632221993,147.67599792480468,0.0269559951642664,0.2334104093353543,68.49720927493011,147.77499389648438
good,0.2568141191349298,146.95042696415595,147.68599853515624,0.0187229678396603,0.2380911512952694,65.9492226789765,147.72000122070312
good,0.2598793104113213,146.9583083290947,147.72099914550782,0.0174305272928414,0.2424487831184798,68.4753189036273,147.8300018310547
good,0.2182366535714663,146.96001656681688,147.68999938964845,-0.0193697036376107,0.2376063572090771,49.83499105009361,147.31500244140625
good,0.1819270804791415,146.96122312704586,147.58800048828124,-0.0445434213839485,0.22647050186309,49.4130876439642,147.3000030517578
good,0.1681576212765207,146.96289620792496,147.53500061035157,-0.0466503044692554,0.2148079257457762,55.13918263338907,147.50999450683594
good,0.1538586920781313,146.9648806723905,147.48900146484374,-0.0487593869341159,0.2026180790122472,54.506705635613656,147.49000549316406
good,0.1353178220610402,146.96664631699775,147.40700073242186,-0.0538402055609655,0.1891580276220058,52.24634805837035,147.4199981689453
good,0.1280243934197074,146.96860930691187,147.45,-0.0489069073618387,0.1769313007815461,55.37758939343947,147.52999877929688
good,0.1096831587752831,146.9715859872549,147.46799926757814,-0.0537985136050104,0.1634816723802936,50.81108238123765,147.38999938964844
good,0.0940632950649842,146.9731619725371,147.44400024414062,-0.0555347018522475,0.1495979969172317,50.81108238123765,147.38999938964844
good,0.0751701510973816,146.97765160926494,147.41000061035157,-0.05954227665588,0.1347124277532617,48.49252975987437,147.32000732421875
good,0.0435558006918199,146.97911680093492,147.35,-0.0729253016491534,0.1164811023409733,42.52137670050962,147.1199951171875
good,0.0182903603376871,146.97936035021763,147.26799926757812,-0.0785525936026289,0.0968429539403161,42.52137670050962,147.1199951171875
good,-0.0128809799725502,146.97936269016304,147.18599853515624,-0.0877791471302931,0.0748981671577428,38.657234084705024,146.97999572753906
good,-0.0367569285385513,146.97937877905954,147.10499877929686,-0.0893240765570354,0.052567148018484,38.871101614453366,146.98500061035156
good,-0.0406858835802097,146.98103356293714,147.0739959716797,-0.074602425278955,0.0339165416987452,46.14331657697475,147.1649932861328
good,-0.010991655761785,146.9908245918601,147.16399841308595,-0.0359265579684242,0.0249349022066392,58.19501244774345,147.57000732421875
good,0.001229053972878,146.99329667564763,147.2259979248047,-0.0189646785870088,0.0201937325598869,53.719634776520486,147.42999267578125
good,-0.0043659948936181,146.99421298412096,147.2779998779297,-0.019647781962804,0.0152817870691859,48.29262898142236,147.24000549316406
good,-0.0118913900974177,146.99503389866786,147.3209991455078,-0.021738541733283,0.0098471516358652,47.21098720340447,147.1999969482422
good,-0.0120672107314021,146.99908188315794,147.34200134277344,-0.0175314898938138,0.0054642791624117,49.3487909161981,147.27000427246094
good,-0.0160562913030162,146.99981275196694,147.27200012207032,-0.0172164563723423,0.0011601650693261,47.85800063352546,147.22000122070312
good,-0.0229875090842028,147.00017953732058,147.22000122070312,-0.0193181393228232,-0.0036693697613796,46.35009101545382,147.1699981689453
good,-0.0289532670468872,147.00048038616472,147.2040008544922,-0.020227117828406,-0.0087261492184811,46.03785329556154,147.16000366210938
good,-0.0388819720317314,147.00083738059143,147.18200073242187,-0.0241246582506002,-0.0147573137811312,43.811521426003424,147.08999633789062
good,-0.0529977176866793,147.00085320944262,147.12900085449218,-0.0305923231244385,-0.0224053945622408,41.20624196173681,147.0050048828125
good,-0.0774134573834999,147.00011836564116,147.0510009765625,-0.0440064502570072,-0.0334070071264926,36.40569865337787,146.8300018310547
good,-0.0908742634987902,146.99986510652334,146.99500122070313,-0.045973805097838,-0.0449004584009521,39.028277117409566,146.88999938964844
good,-0.1135467325570118,146.99862283025072,146.9080017089844,-0.0549170193248477,-0.0586297132321641,34.78048459561266,146.72500610351562
good,-0.1160569429776785,146.99789073589048,146.87000122070313,-0.0459417837964115,-0.070115159181267,41.99157816601838,146.89999389648438
good,-0.1188944858685943,146.99771233818564,146.84349975585937,-0.0390234613498618,-0.0798710245187324,41.2203427794383,146.87249755859375
good,-0.1223553990629113,146.99701148331843,146.84549865722656,-0.0339874996353431,-0.0883678994275682,40.2786501760372,146.83999633789062
good,-0.1384302172190814,146.99467687127424,146.79849853515626,-0.0400498542332105,-0.0983803629858709,35.330944913768334,146.65499877929688
good,-0.1446607656049536,146.99424801669693,146.79649658203124,-0.0370243220952661,-0.1076364435096874,37.99126591368242,146.71499633789062
good,-0.15387635618751,146.99358063185184,146.74449768066407,-0.036991930142258,-0.116884426045252,35.997802742407856,146.63999938964844
good,-0.1756963939510001,146.99175661262288,146.65699768066406,-0.0470495743245985,-0.1286468196264016,31.18143747375106,146.43499755859375
good,-0.1780258021279053,146.99017799457283,146.60799865722657,-0.0395031860012029,-0.1385226161267023,38.13842553917245,146.59500122070312
good,-0.1885908455226115,146.98900158518754,146.56900024414062,-0.0400545835167273,-0.1485362620058842,34.93004641793047,146.4600067138672
good,-0.1939218351523948,146.9870969535081,146.52000122070314,-0.0363084585172084,-0.1576133766351863,35.36358736518169,146.47000122070312
good,-0.1899059384481063,146.9856866706703,146.5010009765625,-0.0258340494503359,-0.1640718889977703,38.66590246443751,146.5449981689453
good,-0.1881850079153082,146.9849421775902,146.51400146484374,-0.0192904951340302,-0.1688945127812779,37.43024011937514,146.5
good,-0.1643498721690832,146.98431917587266,146.54600219726564,0.0036357124897557,-0.167985584658839,47.64185151928587,146.7550048828125
good,-0.1501845999487159,146.98390791577805,146.58900146484376,0.0142407877680985,-0.1644253877168144,45.15216599626248,146.6750030517578
good,-0.1345826318590752,146.9831838563974,146.63700256347656,0.0238742046861913,-0.1584568365452666,46.47026844665771,146.7100067138672
good,-0.1164382823606047,146.98263115646577,146.68100280761718,0.0336148433477295,-0.1500531257083342,48.56174020958317,146.76499938964844
good,-0.0996991594213341,146.98171406300412,146.73700256347655,0.0402831730296001,-0.1399823324509342,49.145374525575065,146.77999877929688
good,-0.0671010516803676,146.98189538753172,146.78800048828126,0.0583050246164532,-0.1254060762968209,57.170135677888645,147.00999450683594
good,-0.0487730169705855,146.9813289559999,146.83500061035156,0.0613064474609882,-0.1100794644315738,53.236987746183466,146.91000366210938
good,-0.0290800183066437,146.9813167377139,146.88697814941406,0.064799556899944,-0.0938795752065878,55.22399992684951,146.9698944091797
good,-0.0192937764898886,146.98106577866122,146.91297912597656,0.0596686389733593,-0.0789624154632479,52.235108571957234,146.89500427246094
good,-0.0130024033369693,146.98096721842492,146.93197937011718,0.0527680097010229,-0.0657704130379922,51.43431958987127,146.875
good,-0.0282673591442517,146.97766628399168,146.8539794921875,0.0300024431149924,-0.0582698022592441,42.49160888887553,146.6199951171875
good,-0.0446910772384114,146.97667171081608,146.7839782714844,0.0108629800166661,-0.0555540572550776,40.698667319708434,146.55999755859375
good,-0.0482743851503641,146.9758007236457,146.7239990234375,0.0058237376837707,-0.0540981228341349,45.25924583676127,146.6699981689453
good,-0.0597059120557048,146.97546519517158,146.65599670410157,-0.0044862313772559,-0.0552196806784489,41.65258261427248,146.55499267578125
good,-0.0687791098966101,146.97440784467994,146.58999633789062,-0.010847543374529,-0.0579315665220811,41.344234919382,146.5449981689453
good,-0.0755031830744314,146.97359590767903,146.5739959716797,-0.0140572932418802,-0.0614458898325512,41.17983537678012,146.5399932861328
good,-0.075922049007147,146.97206795035672,146.57999572753906,-0.0115809273396766,-0.0643411216674704,43.59310113127732,146.58999633789062
good,-0.081614771067791,146.97129940974276,146.54837646484376,-0.0138189195202564,-0.0677958515475345,40.7790951093513,146.51190185546875
good,-0.0709373439343323,146.97037025114477,146.57537841796875,-0.0025131939094382,-0.0684241500248941,48.88312821505719,146.69000244140625
good,-0.0593703705503969,146.97009080980482,146.61037902832032,0.0072430235795977,-0.0666133941299946,50.12125356471462,146.72000122070312
good,-0.052822906433704,146.96962315466857,146.63837890625,0.0110323901570325,-0.0638552965907365,48.43623540500296,146.67999267578125
good,-0.0538711015458091,146.96852164423825,146.6393798828125,0.0079873560359419,-0.061858457581751,44.97699837671357,146.59500122070312
good,-0.0792068212296328,146.96573457205326,146.59299926757814,-0.0138786909183054,-0.0653281303113274,34.99997459310683,146.27999877929688
good,-0.1069290796854147,146.96051487284578,146.48899841308594,-0.0332807594992698,-0.0736483201861449,32.30504887011969,146.1699981689453
good,-0.1118740930143928,146.95867288116452,146.41799926757812,-0.0305806182625983,-0.0812934747517944,40.98090128130156,146.36500549316406
good,-0.1076935276332733,146.95770539555147,146.37200012207032,-0.021120042305183,-0.0865734853280902,44.32969576646953,146.4499969482422
good,-0.1039881618243327,146.95518115576695,146.34100036621095,-0.013931741196994,-0.0900564206273387,44.01343018762068,146.44000244140625
good,-0.0919150489475271,146.9525799751892,146.3930206298828,-0.0014869026561506,-0.0904281462913764,48.0137344110436,146.54010009765625
good,-0.0794220806799899,146.95146622865656,146.472021484375,0.0088048524891092,-0.0882269331690991,48.99021508310847,146.56500244140625
good,-0.0643421675228239,146.95057357193758,146.52301940917968,0.0191078125170201,-0.0834499800398441,51.17142946234485,146.6199951171875
good,-0.0537879917770851,146.94983726742268,146.55202026367186,0.0237295906102071,-0.0775175823872923,50.12239330297436,146.59500122070312
good,-0.0536810595624217,146.94578859311991,146.56101989746094,0.0190692182598964,-0.0727502778223182,45.68356163141785,146.48500061035156
good,-0.0470028682574081,146.94292729913468,146.56499938964845,0.020597927651928,-0.0676007959093362,48.99977272345986,146.55999755859375
good,-0.0428308042887408,146.94030375033643,146.55999755859375,0.0198159932964762,-0.0626467975852171,48.15523654962694,146.5399932861328
good,-0.0398712754650318,146.93537286679978,146.54199829101563,0.0182204176961482,-0.0580916931611801,47.71276831496268,146.52999877929688
good,-0.0283232053276378,146.93448221270705,146.55099792480468,0.0238147902668337,-0.0521379955944716,52.84796867359256,146.63999938964844
good,-0.0113743555020562,146.93345000524283,146.6009979248047,0.0326109120739323,-0.0439852675759885,56.7945332998107,146.73500061035156
good,0.0040280952831324,146.9330698480038,146.64099731445313,0.0384106902872968,-0.0343825950041643,57.795381596124045,146.75999450683594
good,0.0056800956026563,146.93157394739865,146.65899963378905,0.0320501524854566,-0.0263700568828002,51.1579225044076,146.6300048828125
good,0.0085042326062421,146.92958717246356,146.68299865722656,0.0278994315912338,-0.0193951989849917,52.06948856214733,146.64999389648438
good,0.0321587635876312,146.9294784785699,146.73899841308594,0.0412431700580984,-0.0090844064704671,62.30374284890252,146.9199981689453
good,0.0399542742622429,146.9290133829041,146.7499969482422,0.0392309445861681,0.0007233296760748,56.093219242755,146.7899932861328
good,0.0468030812383517,146.92886831913867,146.75899658203124,0.0368638012498215,0.0099392799885302,56.63037270084156,146.80499267578125
good,0.0576194669658605,146.92871491304098,146.80899658203126,0.0381441495818642,0.0194753173839962,59.31129187621561,146.8800048828125
good,0.03751649633557,146.9233301413469,146.78499755859374,0.014432943161259,0.023083553174311,45.25445197316314,146.52999877929688
good,0.0237318322661792,146.92142373146834,146.71299743652344,0.0005186232734945,0.0232132089926846,46.42641437101943,146.55999755859375
good,0.0118641509569101,146.91889446341446,146.66499938964844,-0.0090792464286196,0.0209433973855297,46.07253968848805,146.5500030517578
good,0.006419753479264,146.91601245583894,146.6240020751953,-0.0116189151250125,0.0180386686042766,48.19987045006904,146.60000610351562
good,0.0144456153027476,146.91583770887777,146.5990020751953,-0.0028744426412231,0.0173200579439708,54.22749488301034,146.7550048828125
good,0.0217655937939014,146.91478519948572,146.64700317382812,0.0035564286799444,0.0182091651139569,54.77591717476485,146.77000427246094
good,0.023263731288722,146.9142853355114,146.67900390625,0.004043652939812,0.0192200783489099,52.51691209910092,146.72000122070312
good,0.0169931769439131,146.9135104674642,146.69500427246095,-0.0017815211239975,0.0187746980679106,48.62966758238175,146.6300048828125
good,-0.0144382373641178,146.90924442946297,146.63500366210937,-0.0265703483456227,0.0121321109815049,37.63051876528146,146.3000030517578
good,-0.0396979508192885,146.90182153210574,146.54200134277343,-0.0414640494406347,0.0017660986213462,37.35452880611906,146.2899932861328
good,-0.055047078875333,146.90070375371886,146.45599975585938,-0.0454505419973433,-0.0095965368779896,39.73243125472056,146.33999633789062
good,-0.0636531169404293,146.898300867719,146.38699951171876,-0.0432452640499517,-0.0204078528904775,41.409058376304415,146.375
good,-0.0876195525489151,146.8956966053918,146.29099731445314,-0.0537693597267501,-0.033850192822165,34.72215579788261,146.14999389648438
good,-0.0782747288312464,146.8943215775496,146.32899780273436,-0.035539628807265,-0.0427351000239813,48.3067728604452,146.49000549316406
good,-0.0708597658677661,146.89256456624597,146.36699829101562,-0.0224997326750278,-0.0483600331927382,47.990145437841896,146.47999572753906
good,-0.0626470208326281,146.89217012668544,146.3989990234375,-0.0114295901119119,-0.0512174307207162,48.71362462629504,146.5
good,-0.0558978577293771,146.89167636847108,146.422998046875,-0.0037443416069287,-0.0521535161224484,48.53172910592995,146.4949951171875
good,-0.0463834417328428,146.89082136891804,146.5009979248047,0.0046160595116845,-0.0509995012445273,50.32758883699732,146.5399932861328
good,-0.0395970734826391,146.89007042085058,146.50799560546875,0.0091219422095105,-0.0487190156921497,49.705007062940126,146.52499389648438
good,-0.031435804585044,146.88931745009887,146.5229949951172,0.0138265688856845,-0.0452623734707285,51.010305121695374,146.55499267578125
good,-0.0234856555211706,146.88846296157885,146.53699645996093,0.0174213743596463,-0.040907029880817,51.68615894532117,146.57000732421875
good,-0.0249669583239722,146.88773900816273,146.53199768066406,0.0127520572454758,-0.037719015569448,47.03203609195536,146.47000122070312
good,-0.0250457168598075,146.88656910679333,146.5199981689453,0.0101386389677124,-0.0351843558275199,47.54043871764139,146.47999572753906
good,-0.0184400885418085,146.88618423441295,146.5269989013672,0.0133954138285691,-0.0318355023703776,51.54927249930689,146.55999755859375
good,-0.0090657478271509,146.88565189508776,146.53800048828126,0.0182158036345813,-0.0272815514617323,53.91950940690266,146.61000061035156
good,-0.0079997779744473,146.8830191858087,146.52999877929688,0.0154254187898279,-0.0234251967642753,49.7279100879561,146.52999877929688
good,-0.0074727007589387,146.8824753782602,146.54099731445314,0.0127619968042692,-0.020234697563208,49.46882400524979,146.52499389648438
good,0.0101773327006924,146.88211625273195,146.59299926757814,0.0243296242111203,-0.0141522915104279,59.28333617680599,146.74000549316406
good,0.01511474803047,146.88097698591045,146.60700073242188,0.0234136316327184,-0.0082988836022483,53.55263156702719,146.6300048828125
good,0.0243942581603846,146.88044151261693,146.625,0.0261545134101063,-0.0017602552497217,56.43812661911657,146.6999969482422
good,0.0309884997000722,146.88031752973492,146.6580017089844,0.0261990039598351,0.004789495740237,56.17022884213077,146.69500732421875
good,0.0417844454989051,146.8801090424641,146.70700378417968,0.0295959598069344,0.0121884856919706,59.297583713808926,146.77000427246094
good,0.0561485440237277,146.88005912448293,146.72900390625,0.0351680466654056,0.020980497358322,62.38115792141102,146.85000610351562
good,0.0699529455335721,146.8800684997464,146.7810028076172,0.0391779585402,0.030774986993372,63.855336985948895,146.88999938964844
good,0.0715954477044533,146.8799525037033,146.79800415039062,0.032656368568865,0.0389390791355883,57.48623897817415,146.78500366210938
good,0.0780490683794994,146.87990793621967,146.83100280761718,0.0312879913951288,0.0467610769843705,60.51567701641711,146.86000061035156
good,0.0838116582400232,146.87990808149223,146.8530029296875,0.0296404650045221,0.0541711932355011,61.30766990916244,146.8800048828125
good,0.1053193768469213,146.88051961696897,146.90400085449218,0.0409185468891362,0.0644008299577851,68.87065633791661,147.10499572753906
good,0.1277510950742453,146.88086059380535,146.96400146484376,0.0506802120931681,0.0770708829810772,71.16403609641439,147.19000244140625
good,0.1390838201215274,146.88110133553806,147.0330017089844,0.0496103497123601,0.0894734704091672,67.3903254353325,147.1300048828125
good,0.1451812024501748,146.88163559552032,147.08400268554686,0.044566185632806,0.1006150168173687,66.44174589025124,147.11500549316406
good,0.1518934647323817,146.88193377205613,147.14000244140624,0.0410227583320103,0.1108707064003713,67.90145875545177,147.16000366210938
good,0.1562186626243544,146.8822080208632,147.1530029296875,0.0362783649791864,0.119940297645168,68.23198757466685,147.1699981689453
good,0.1625413945072011,146.88285202995334,147.16082153320312,0.0340808774896265,0.1284605170175746,70.18687780752776,147.22909545898438
good,0.1657145945336537,146.88341397908957,147.18081970214843,0.0298032620128633,0.1359113325207904,70.21694485453006,147.22999572753906
good,0.1687052995178248,146.8843219313221,147.2098175048828,0.0262351735976275,0.1424701259201973,71.25717388357083,147.25999450683594
good,0.1874743316824094,146.88615161282195,147.27581787109375,0.0360033646097696,0.1514709670726398,77.69100216853164,147.49000549316406
good,0.2080194318843666,146.8874038416781,147.3598175048828,0.0452387718493814,0.1627806600349851,79.80709687263229,147.58999633789062
good,0.2265315585756013,146.888607090183,147.44399719238282,0.0510007188324929,0.1755308397431084,80.9733059015827,147.64999389648438
good,0.2360607403005872,146.8966539354457,147.5219970703125,0.048423920445983,0.1876368198546042,78.53114510389969,147.6199951171875
good,0.2416349723537507,146.89902346642742,147.59599914550782,0.0431985219993172,0.1984364503544335,78.7613236492161,147.6300048828125
good,0.2432485732802831,146.90035888002572,147.6239990234375,0.0358496983406796,0.2073988749396034,78.7613236492161,147.6300048828125
good,0.2457283572255733,146.9019493696089,147.64199829101562,0.0306635858287758,0.2150647713967974,80.00305873327704,147.67999267578125
good,0.2432763195425025,146.90316342915068,147.6440002441406,0.022569238516564,0.2207070810259384,78.0382463243808,147.66000366210938
good,0.236189762672609,146.90447609277322,147.64600219726563,0.0123861453173364,0.2238036173552726,75.05894877344268,147.6300048828125
good,0.2239571483161171,146.90542737867284,147.63600158691406,0.0001228247686755,0.2238343235474415,70.24502135069605,147.5800018310547
good,0.2186009181192503,146.90630202810115,147.64299926757812,-0.004186724342553,0.2227876424618033,73.37118905493654,147.6649932861328
good,0.2063298502883412,146.9076158220755,147.6260009765625,-0.0131662337387696,0.2194960840271109,67.11736372460584,147.59500122070312
good,0.1939651785692149,146.90823304179435,147.61199951171875,-0.0204247243663168,0.2143899029355317,66.67969693426343,147.58999633789062
good,0.1864554256659119,146.90965371130108,147.61499938964843,-0.0223475818156958,0.2088030074816077,69.06720055527437,147.64500427246094
good,0.1788449006562018,146.91062397842663,147.62899780273438,-0.0239664854603247,0.2028113861165266,69.28220739063678,147.64999389648438
good,0.1668564898772047,146.91255515331295,147.61600036621093,-0.0287639169914575,0.1956204068686622,64.44905572511881,147.60000610351562
good,0.1587527095011012,146.9134187735567,147.625,-0.0294941578940488,0.18824686739515,66.46472112460756,147.63999938964844
good,0.1370333386409754,146.91507055945735,147.6010009765625,-0.0409708230033397,0.1780041616443151,52.76892246285469,147.47000122070312
good,0.1136689740206691,146.9161867544877,147.5540008544922,-0.0514681500989168,0.1651371241195859,48.93625675868396,147.41000366210938
good,0.0892820571907861,146.91646823705378,147.49400329589844,-0.0606840535430398,0.149966110733826,45.38623090276649,147.35000610351562
good,0.0711518541839097,146.91734963514247,147.44900207519532,-0.063051405239933,0.1342032594238427,47.10761962811993,147.375
good,0.0617210616896102,146.91942335749764,147.41000366210938,-0.057985758187386,0.1197068198769962,51.69980956483577,147.44500732421875
good,0.0508365753028101,146.9212861045198,147.39800415039062,-0.0550961956593488,0.105932770962159,49.39079112927457,147.41000366210938
good,0.0397344772822236,146.9219036171582,147.39300231933595,-0.0529586349439483,0.0926931122261719,47.749894960650536,147.38499450683594
good,0.0325784701108773,146.92690746170575,147.40500183105468,-0.0480917136922357,0.080670183803113,49.55474098843213,147.41000366210938
good,0.0273979297656978,146.92844282745742,147.41400146484375,-0.0426178032299321,0.07001573299563,50.29368508998992,147.4199981689453
good,0.0202345598140141,146.93007401978505,147.4019989013672,-0.0398249385452927,0.0600594983593068,47.66046992474256,147.38499450683594
good,0.0068131946981679,146.93087732061664,147.37799682617188,-0.042597042928911,0.049410237627079,41.33501992791864,147.2899932861328
good,0.0018048667564869,146.93214019124235,147.372998046875,-0.0380842966964737,0.0398891634529606,46.92513771776851,147.36000061035156
good,-0.0041334202878147,146.9325480229561,147.35799865722657,-0.0352180669926203,0.0310846467048055,45.26671152335563,147.3350067138672
good,-0.0011615921466159,146.93435887610633,147.35999755859376,-0.0257969910811372,0.0246353989345212,52.18313858262882,147.42999267578125
good,-0.0040041619638486,146.93561037001714,147.3559997558594,-0.0229116487186959,0.0189074867548472,47.73835447057932,147.36500549316406
good,-0.0109729623587782,146.93722323005883,147.35899963378907,-0.0239043592909004,0.0129313969321221,44.01035108536996,147.30499267578125
good,-0.009526638344198,146.93824884764922,147.36499938964843,-0.0179664282210562,0.0084397898768581,49.970154200732345,147.38999938964844
good,0.0044789120730115,146.93926183560814,147.40799865722656,-0.0031687022430772,0.0076476143160888,58.84915852084611,147.5500030517578
neutral,0.0177939449412747,146.94042645176407,147.43800048828126,0.0081170645001487,0.009676880441126,60.272739145481935,147.5800018310547
neutral,0.030416235765557,146.94352827780253,147.48699951171875,0.0165914842595448,0.0138247515060122,61.69963078099494,147.61000061035156
good,0.0439477186226042,146.94425435981032,147.55800170898436,0.0240983736932736,0.0198493449293306,64.0194180700885,147.66000366210938
good,0.0584353591727051,146.94522317271733,147.6230010986328,0.0308688113946996,0.0275665477780055,66.4277620713511,147.71499633789062
good,0.0695193945953178,146.946364973314,147.65700073242186,0.0335622774538498,0.035957117141468,66.64657076570576,147.72000122070312
good,0.0925681140317919,146.95223586757638,147.7230010986328,0.0452887975122591,0.0472793165195328,73.66407662556273,147.91000366210938
good,0.1043859403267504,146.95408356037507,147.77000122070314,0.045685299045774,0.0587006412809763,68.36464803876538,147.84500122070312
good,0.1112588051690579,146.9552793010243,147.8040008544922,0.0420465311104652,0.0692122740585926,67.16393825188246,147.8300018310547
good,0.1225548167699059,146.95688669064523,147.84500122070312,0.0426740341690506,0.0798807826008553,70.51057590663868,147.9199981689453
good,0.1280145171163269,146.95781571894204,147.8800018310547,0.0385069876123772,0.0895075295039496,68.42481243309717,147.89500427246094
good,0.1256478252856254,146.95865680055184,147.86400146484374,0.0289122366253406,0.0967355886602848,63.18957241370418,147.8300018310547
good,0.127945108127335,146.96148852668887,147.875,0.0249676155736401,0.1029774925536948,66.189294617515,147.89999389648438
good,0.1199111821383667,146.96343897196888,147.8679992675781,0.0135469516677374,0.1063642304706292,58.48924236293298,147.7949981689453
good,0.1162391339152577,146.9641516196647,147.85299987792968,0.0078999227557027,0.1083392111595549,60.82650647430452,147.84500122070312
good,0.0988744357533732,146.9659182944957,147.80999755859375,-0.0075718203249453,0.1064462560783186,50.684635806707625,147.67999267578125
good,0.0945136009420082,146.96668201085734,147.80599670410157,-0.0095461241090483,0.1040597250510565,56.79660285868352,147.80999755859375
good,0.0914878881562231,146.96806923823618,147.79167785644532,-0.0100574695158667,0.1015453576720898,57.59769165140318,147.82839965820312
good,0.0785499301723859,146.96952577220878,147.77447814941405,-0.0183963419997631,0.0969462721721491,50.991081185175375,147.70899963378906
good,0.0763735118412967,146.97098607811137,147.76947937011718,-0.0164582082646819,0.0928317201059786,56.03964810765807,147.82000732421875
good,0.0745952699694783,146.97224883975863,147.7994812011719,-0.0145891601092002,0.0891844300786785,56.47438936220728,147.8300018310547
good,0.0767388520984013,146.9733289442803,147.81448059082032,-0.0099564623842217,0.0866953144826231,58.88380003273097,147.88499450683594
good,0.0747526822524662,146.97485249095843,147.8188018798828,-0.0095541057841255,0.0843067880365917,56.73201863202826,147.85000610351562
good,0.0771308138877771,146.97607136896644,147.85900268554687,-0.0057407793190517,0.0828715932068288,59.46729991173565,147.91000366210938
good,0.0781150387998934,146.9781376542992,147.877001953125,-0.0038052435255483,0.0819202823254417,59.46729991173565,147.91000366210938
good,0.0756028902965511,146.9793752619412,147.88700256347656,-0.0050539136231125,0.0806568039196636,57.36440661902018,147.8800048828125
good,0.0759634589920494,146.9803202620397,147.89400329589844,-0.0037546759420913,0.0797181349341408,59.42442858486019,147.9199981689453
good,0.0713914279552057,146.98197241007318,147.89800109863282,-0.006661365583148,0.0780527935383537,55.79460239024095,147.8699951171875
good,0.0614123622031286,146.98360864631255,147.8760009765625,-0.0133123450681801,0.0747247072713087,51.09028987442423,147.8000030517578
good,0.0564837473878299,146.98459055108484,147.86300048828124,-0.014592767906783,0.0710765152946129,53.78796582103557,147.84500122070312
good,0.0535743900235843,146.98500926572453,147.86000061035156,-0.0140017002168229,0.0675760902404072,54.97685966084214,147.86500549316406
good,0.0490886622054347,146.98594611927564,147.84500122070312,-0.014789942427978,0.0638786046334127,53.49473838296528,147.84500122070312
good,0.0478071030608475,146.98681618191836,147.8470031738281,-0.0128572012580521,0.0606643043188997,55.74307066757628,147.8800048828125
good,0.0458589723037334,146.98777150114094,147.86200256347655,-0.0118442656121329,0.0577032379158664,55.33116917512805,147.875
good,0.0414169846463323,146.9893924574547,147.86200256347655,-0.0130290026156272,0.0544459872619596,52.81215440249226,147.84500122070312
good,0.0378640563682211,146.99190795692823,147.85900268554687,-0.0132655447149908,0.0511296010832119,53.195003911189126,147.85000610351562
good,0.0274928561200624,146.9949951836116,147.8420623779297,-0.0189093959705195,0.046402252090582,45.99227403777217,147.7602996826172
good,0.0254115309204507,146.99643205440967,147.8340606689453,-0.016792576936105,0.0422041078565558,52.18638664872445,147.83999633789062
good,0.0274801203667038,146.9986973988613,147.837060546875,-0.0117791899918815,0.0392593103585854,55.62514200993919,147.88999938964844
good,0.0295849289355203,147.0002747489386,147.84805908203126,-0.007739505138452,0.0373244340739724,56.30163675539824,147.89999389648438
good,0.0364814751429491,147.0020446305619,147.87205810546874,-0.0006743671448185,0.0371558422877677,60.80860935765774,147.97000122070312
neutral,0.0502439862435437,147.00611448229552,147.93599853515624,0.0104705151646207,0.0397734710789229,66.63211758840063,148.0800018310547
neutral,0.0553964280901766,147.00866218587728,147.97131958007813,0.0124983656090029,0.0428980624811737,61.00554392255542,148.0166015625
good,0.0638595144576754,147.011290721517,148.0093200683594,0.0167691615812013,0.047090352876474,64.25602693911323,148.0800018310547
good,0.0741492740448848,147.01360690289755,148.0563201904297,0.0216471369347285,0.0525021371101562,66.8381791584955,148.13499450683594
good,0.078406970729759,147.0158722647034,148.08190002441407,0.0207238668956822,0.0576831038340767,63.50563334858997,148.097900390625
good,0.0933817983271296,147.01837297307122,148.1169006347656,0.0285589555944423,0.0648228427326873,70.2673046794776,148.2550048828125
good,0.1116357813818638,147.02521161010006,148.18359985351563,0.0374503509193411,0.0741854304625226,73.47127311367925,148.35009765625
good,0.1398135017558104,147.03291674193136,148.27559814453124,0.0525024570346302,0.0873110447211802,78.4624446356928,148.5399932861328
good,0.1483314219673275,147.03628308098823,148.32659912109375,0.0488163017969178,0.0995151201704096,67.6376880196195,148.38999938964844
good,0.1636853794859689,147.03998899065655,148.41101989746093,0.0513362074524474,0.1123491720335215,71.32967139057584,148.52000427246094
good,0.1937924928753887,147.0465602512012,148.51401977539064,0.0651546566734937,0.1286378362018949,76.80876888016056,148.77000427246094
good,0.2087903132202768,147.05379561699436,148.58200073242188,0.0641219816147055,0.1446683316055713,72.06272612381694,148.69000244140625
good,0.2145717679538847,147.05691415912958,148.6030029296875,0.0559227490786507,0.158649018875234,69.46284779062776,148.64500427246094
good,0.2250318629710364,147.06618589133814,148.6750030517578,0.0531062752766418,0.1719255876943945,72.00115360154433,148.75
good,0.2250779985827193,147.0716426851928,148.70700073242188,0.0425219287106599,0.1825560698720594,67.94574859636842,148.67999267578125
good,0.2448864554638987,147.07986354224627,148.74500122070313,0.0498643084734714,0.1950221469904273,74.20417569540213,148.9600067138672
good,0.2683839654692406,147.09289868376584,148.8260009765625,0.0586894547830506,0.20969451068619,76.57837690697892,149.09500122070312
good,0.2785498088601628,147.09824693060082,148.9029998779297,0.0550842385391782,0.2234655703209845,73.0899928988956,149.02999877929688
good,0.2777567315525573,147.1136377763472,148.94500122070312,0.0434329289852581,0.2343238025672991,69.4228775959458,148.9600067138672
good,0.2586926605883093,147.12445768975985,148.96270141601562,0.0194950864168081,0.2391975741715011,60.48115854405116,148.76849365234375
good,0.2345469510049156,147.13392999269027,148.90870056152343,-0.0037204985332684,0.238267449538184,57.22779401065171,148.69000244140625
good,0.2185398851718218,147.13596186620384,148.84169921875,-0.0157820514930897,0.2343219366649116,59.32873001389634,148.75999450683594
good,0.2162720786027705,147.14371809766934,148.8196990966797,-0.0144398864497129,0.2307119650524834,63.71634038645815,148.9199981689453
good,0.2112333854053076,147.1495767985979,148.80969848632813,-0.0155828637177406,0.2268162491230483,63.25728299442611,148.91000366210938
good,0.2080688208491778,147.1532851147023,148.84599914550782,-0.0149979426190963,0.2230667634682742,64.36370081489923,148.9499969482422
good,0.2068079040233499,147.15804206046212,148.90699768066406,-0.0130070875559394,0.2198149915792893,65.61819597401822,148.9949951171875
good,0.2166262958029108,147.1623318960582,148.98699951171875,-0.0025509566211028,0.2191772524240136,69.81453476169105,149.16000366210938
good,0.2246424071853425,147.17216516997576,149.04200134277343,0.0043721238090631,0.2202702833762794,70.63335386168065,149.19500732421875
good,0.223775086598664,147.20373787441014,149.0875,0.0028038425779076,0.2209712440207564,67.39847822717283,149.1374969482422
good,0.2227388585451137,147.22318570997808,149.13049926757813,0.0014140916194858,0.2213247669256279,68.1495419330243,149.1649932861328
good,0.2118114366576549,147.23185559336412,149.14550170898437,-0.0076106642143784,0.2194221008720333,62.7698290068335,149.07000732421875
good,0.2020327931946326,147.23758294334846,149.13050231933593,-0.0139114461419205,0.2159442393365532,63.26300131009974,149.0850067138672
good,0.1812990850390292,147.2448400774387,149.0815002441406,-0.0277161234380191,0.2090152084770484,56.06412112344415,148.9499969482422
good,0.1701678354036744,147.2484531719334,149.06199951171874,-0.0310778984586992,0.2012457338623736,59.38212359453942,149.0399932861328
good,0.1443518635956309,147.25986739279523,148.9990020751953,-0.0455150962133941,0.1898669598090251,50.6808055270828,148.85000610351562
good,0.1101160643879382,147.26540931225713,148.92400207519532,-0.0638007163368695,0.1739167807248077,44.90028348813874,148.69500732421875
good,0.0708690011517205,147.26935331069672,148.81799926757813,-0.0824382236584697,0.1533072248101903,40.4158726593063,148.55499267578125
good,0.0405100033217138,147.2722080953872,148.74200134277345,-0.0902377771907811,0.130747780512495,41.09528393989552,148.57000732421875
good,0.0294246688350767,147.28397366852332,148.68100280761718,-0.0810584893419345,0.1104831581770113,48.09878903835931,148.73500061035156
good,-0.0039268634359643,147.29311076227947,148.5970001220703,-0.0915280172903805,0.0876011538544162,38.89290819806951,148.42999267578125
good,-0.0264214159836058,147.2979923664942,148.5529998779297,-0.0912180558704176,0.0647966398868118,40.69685837664602,148.47500610351562
good,-0.0353685268542278,147.3019747549814,148.55800170898436,-0.0801321333928317,0.0447636065386038,44.79094881880088,148.5800018310547
good,-0.0523460713008034,147.30698391397695,148.53399963378905,-0.0776877422715258,0.0253416709707223,41.01524625310642,148.4499969482422
good,-0.0690398772461833,147.31177240232088,148.4669982910156,-0.0755052385735245,0.0064653613273412,39.63145968411423,148.39999389648438
good,-0.0937601614147638,147.3176163185635,148.42984008789062,-0.080180418193684,-0.0135797432210797,35.60128854392654,148.24420166015625
good,-0.1028218904610298,147.3237330954698,148.4068389892578,-0.07139371779196,-0.0314281726690697,40.44878542243263,148.36000061035156
good,-0.1187212862612341,147.3279151970568,148.33783874511718,-0.0698344908737314,-0.0488867953875026,37.19413121555499,148.23500061035156
good,-0.1276316886517747,147.33103116426034,148.3003387451172,-0.0629959146114176,-0.064635774040357,38.3688904853612,148.2624969482422
good,-0.1205940810252741,147.33544683107806,148.30433959960936,-0.0447666455879336,-0.0758274354373405,44.74445008629048,148.4199981689453
good,-0.102537951875604,147.33959220131405,148.36749877929688,-0.0213684131506107,-0.0811695387249932,49.723122201529776,148.55999755859375
good,-0.0959978657393492,147.34716616589017,148.385498046875,-0.0118626616114848,-0.0841352041278644,46.20071204290024,148.4499969482422
good,-0.0937687212914681,147.35307962556192,148.41849670410156,-0.007706813730883,-0.0860619075605851,44.65221410363786,148.39999389648438
good,-0.0989301288242643,147.3587362113933,148.42599792480468,-0.0102945770109433,-0.088635551813321,41.646233961011696,148.3000030517578
good,-0.1158069151645406,147.36315716771517,148.36699829101562,-0.0217370906809757,-0.0940698244835649,36.956923487281934,148.125
good,-0.1177382216685885,147.36815663849976,148.30499877929688,-0.0189347177480188,-0.0988035039205696,41.98202558186199,148.25
good,-0.107538847546607,147.37980838973718,148.29100036621094,-0.0069882749008298,-0.1005505726457771,46.73719364317173,148.3800048828125
neutral,-0.1015139358203498,147.38827429952858,148.27900085449218,-0.0007706905396581,-0.1007432452806916,45.50123408546258,148.33999633789062
neutral,-0.1131866643436581,147.3953208456494,148.2429992675781,-0.0099547352503731,-0.1032319290932849,39.3404257044696,148.1199951171875
neutral,-0.1098740454729352,147.4012699820432,148.2699981689453,-0.0053136931037202,-0.104560352369215,44.4910869081061,148.25999450683594
good,-0.1203849530243417,147.40690775024163,148.23599853515626,-0.0126596805241013,-0.1077252725002403,39.8107476531796,148.0800018310547
neutral,-0.1463938236030628,147.41166059651945,148.12799682617188,-0.0309348408822579,-0.1154589827208048,34.58610066866625,147.83999633789062
neutral,-0.189432738237258,147.41342517471858,147.9669982910156,-0.0591790044131625,-0.1302537338240955,29.320160987973168,147.53500366210938
neutral,-0.2405388952139162,147.411461295699,147.80099792480468,-0.0882281291118566,-0.1523107661020596,25.90759451244071,147.2899932861328
neutral,-0.2786354301971983,147.4087505072443,147.60499877929686,-0.1010597312761109,-0.1775756989210873,25.77580266567591,147.27999877929688
neutral,-0.298128615207645,147.4077027014268,147.46299743652344,-0.0964423330292461,-0.2016862821783989,29.265141111713103,147.3699951171875
good,0.0,146.32000732421875,147.15899963378905,0.0,0.0,50.0,146.32000732421875
neutral,0.0,146.07945539671283,146.797998046875,0.0,0.0,50.0,145.72999572753906
good,0.0,146.06801647305795,146.53699951171876,0.0,0.0,50.0,145.98500061035156
good,0.0,146.0784235196293,146.31199951171874,0.0,0.0,50.0,146.15499877929688
good,0.0,146.08120097377733,146.0709991455078,0.0,0.0,50.0,146.1649932861328
good,0.0,146.09347959782522,146.11699829101562,0.0,0.0,50.0,146.5500030517578
good,0.0,146.12538408297434,146.2769989013672,0.0,0.0,50.0,146.52999877929688
good,0.0,146.11723342252014,146.28799743652343,0.0,0.0,50.0,146.0399932861328
neutral,0.0,146.11316288650318,146.25499877929687,0.0,0.0,50.0,145.99000549316406
good,0.0,146.10439802141155,146.1936004638672,0.0,0.0,50.0,145.85800170898438
good,0.0,146.1028911023382,146.09259948730468,0.0,0.0,50.0,146.0449981689453
good,0.0,146.1039371051474,146.0186004638672,0.0,0.0,50.0,146.16000366210938
good,0.0,146.113044458957,146.1166015625,0.0,0.0,50.0,146.52999877929688
good,0.0,146.12942587541767,146.28059997558594,0.0,0.0,50.0,146.80999755859375
neutral,0.0,146.11390693057544,146.26699829101562,0.0,0.0,43.49519653926103,145.7899932861328
good,0.0,146.11635960500047,146.3039978027344,0.0,0.0,49.38251021579042,146.22999572753906
good,0.0,146.11829034701756,146.30999755859375,0.0,0.0,48.88395322044407,146.19000244140625
neutral,0.0,146.1200529508522,146.2769989013672,0.0,0.0,51.20538927292441,146.36500549316406
neutral,0.0,146.13375574662422,146.2489990234375,0.0,0.0,55.03782799919692,146.6699981689453
neutral,0.0,146.1525156999375,146.45899963378906,0.0,0.0,57.06216592922972,146.83999633789062
neutral,0.0,146.15688393573086,146.56799926757813,0.0,0.0,56.0234995548838,146.77499389648438
neutral,0.0,146.17097490437482,146.68999938964845,0.0,0.0,56.35268407148651,146.8000030517578
good,0.0,146.22206023907304,146.9009979248047,0.0,0.0,63.622529267881816,147.4199981689453
good,0.0,146.2387617589564,147.10299682617188,0.0,0.0,66.1673883077415,147.67999267578125
good,0.0,146.2967415303765,147.42499694824218,0.0,0.0,72.33916453271218,148.4499969482422
neutral,0.6175647052415059,146.33333864289835,147.5999969482422,0.6175647052415059,0.0,60.07702491385958,147.64999389648438
good,0.6583265929084803,146.34444500361326,147.88599548339843,0.6583265929084803,0.0,64.74317185652409,148.22999572753906
good,0.6592276299635103,146.35966607752016,147.98899536132814,0.6592276299635103,0.0,60.84774848669608,147.93499755859375
good,0.6408537127024658,146.371475032531,148.01099548339843,0.6408537127024658,0.0,58.96957857472021,147.7899932861328
good,0.663029904587404,146.40111845353823,147.98899536132814,0.663029904587404,0.0,63.56361685995428,148.33999633789062
good,0.6497151499956431,146.42364972584525,148.06899719238282,0.6497151499956431,0.0,59.764032813768736,148.0500030517578
good,0.6278903535229006,146.442266224595,148.022998046875,0.6278903535229006,0.0,59.10793813539417,148.0
good,0.5876815358736565,146.47630436460943,147.99599914550782,0.5876815358736565,0.0,56.43912343523902,147.8000030517578
good,0.5618462504698982,146.50377999418075,148.02900085449218,-0.0677243978929311,0.6295706483628294,58.02107617238081,147.9550018310547
good,0.5695035337575405,146.523917128064,148.03800048828126,-0.0480536916842311,0.6175572254417716,62.129842721491926,148.38499450683594
neutral,0.5618335659744389,146.5337894851805,148.08699951171874,-0.0445789275738661,0.6064124935483051,60.788771040557606,148.2949981689453
good,0.5222994552474063,146.5529971782745,148.0779998779297,-0.067290430640719,0.5895898858881253,55.88135632252361,147.9550018310547
neutral,0.4917552187762055,146.5738629682388,148.125,-0.0782677336895358,0.5700229524657414,56.76579404182269,148.03500366210938
good,0.448260143693858,146.59320796792397,148.1059997558594,-0.0974102470175067,0.5456703907113648,54.2058997084368,147.86000061035156
good,0.3975071355704074,146.60380109670152,147.9720001220703,-0.1185306041127659,0.5160377396831733,52.10904520172315,147.71499633789062
good,0.3193100095719785,146.61453263377055,147.7709991455078,-0.1573821840889558,0.4766921936609344,46.43883697182239,147.2899932861328
good,0.2711582668381709,146.62229184088065,147.67999877929688,-0.1644271414582108,0.4355854082963817,49.37050826234782,147.5
good,0.2100001499210577,146.63310216117208,147.5219970703125,-0.1804682067002592,0.3904683566213169,46.07281665204075,147.2449951171875
neutral,0.1521126372955166,146.64251129873054,147.37999572753907,-0.1906845754606403,0.3427972127561569,44.87036555861297,147.14999389648438
good,0.1353394754651162,146.64997697469937,147.3429962158203,-0.1659661898328325,0.3013056652979488,50.44198258282994,147.52999877929688
neutral,0.1086904540782995,146.65231453459367,147.36099853515626,-0.1540921689757194,0.262782623054019,48.36424979575072,147.3800048828125
neutral,0.0973733939419787,146.6603733134894,147.36407775878905,-0.1323273832896322,0.2297007772316109,50.35217227004809,147.51539611816406
good,0.1180772477303264,146.67182730486093,147.49507751464844,-0.0892988236010276,0.207376071331354,55.58330884204494,147.89999389648438
good,0.1333518560483639,146.67865959434826,147.64607849121094,-0.0592193722263921,0.1925712282747561,55.64879854516892,147.90499877929688
good,0.1521751900493768,146.68899927235287,147.74207763671876,-0.0323168305803034,0.1844920206296802,57.07855973256634,148.00999450683594
good,0.179548233519597,146.7010987556117,147.9040771484375,-0.0039550296880666,0.1835032632076636,59.48973040515354,148.19000244140625
good,0.2129085738884271,146.7227534979058,148.0739990234375,0.0235242485446107,0.1893843253438163,61.74001338992073,148.36500549316406
good,0.2298381218017766,146.73813377524624,148.15,0.0323630371663682,0.1974750846354084,59.99663684649395,148.27999877929688
good,0.2237313196558261,146.7495105504794,148.18300170898436,0.0210049880163341,0.2027263316394919,55.8045778625345,148.07000732421875
good,0.2279632185562548,146.75349517795254,148.2240020751953,0.0201895095334102,0.2077737090228445,57.98730369822647,148.21499633789062
good,0.2346635999641648,146.7667712020511,148.24400024414064,0.0215119127530562,0.2131516872111086,59.11219076528975,148.2899932861328
good,0.2420263047334856,146.77439405704516,148.24100036621093,0.0230996940179015,0.218926610715584,60.03433845547208,148.35000610351562
good,0.2322728461966505,146.78328817260936,148.2230010986328,0.0106769883848532,0.2215958578117973,56.38321066271927,148.19000244140625
good,0.2279669261635035,146.79560805648364,148.26199951171876,0.0050968546813649,0.2228700714821386,57.68232523176619,148.26499938964844
good,0.2327569176195538,146.80033586792354,148.29898071289062,0.0079094769099321,0.2248474407096216,59.99075500634403,148.39990234375
good,0.2362576278099197,146.8047984221556,148.3269805908203,0.0091281496802384,0.2271294781296813,60.50823271137013,148.42999267578125
good,0.2331176072383698,146.8091877643269,148.33497924804686,0.0047905032869507,0.228327103951419,59.408406701407,148.38999938964844
good,0.2152370413546123,146.82221903918938,148.34297790527344,-0.0104720500774453,0.2257090914320577,55.093813378418346,148.22999572753906
good,0.2007702395432602,146.83236705641204,148.34097900390626,-0.0199510815110379,0.2207213210542982,55.636157454549206,148.2550048828125
good,0.1831590232882263,146.8409492439284,148.3019989013672,-0.0300498382128575,0.2132088615010838,54.22602893362805,148.2050018310547
good,0.1297808046472823,146.86402163112095,148.16300048828126,-0.0667424454830412,0.1965232501303235,43.15435357256471,147.73500061035156
good,0.0884750945524501,146.88084292445328,148.03699951171876,-0.0864385244622987,0.1749136190147489,43.81136614305899,147.75999450683594
good,0.0543075251914899,146.9055449277639,147.94100036621094,-0.0964848750586071,0.1507924002500971,43.59438643279042,147.75
good,0.0269191728409907,146.9237884338567,147.83999938964843,-0.099098581927285,0.1260177547682758,43.59438643279042,147.75
good,0.0163223333036626,146.92763023204637,147.7769989013672,-0.0877563371716905,0.1040786704753532,47.79469419573949,147.88999938964844
good,0.0189946957754898,146.93196359694602,147.8359802246094,-0.0680671797598906,0.0870618755353805,51.66810196238004,148.0299072265625
good,0.0212785165503248,146.93636634832066,147.89098205566407,-0.0526266871880445,0.0739052037383694,51.80837020838211,148.03500366210938
good,0.0296052897385266,146.9450399870379,147.96498107910156,-0.0354399311998742,0.0650452209384008,54.19576666966981,148.1199951171875
good,0.0373875150852995,146.94809547106087,148.04298095703126,-0.022126164682481,0.0595136797677805,54.7637966516394,148.13999938964844
good,0.0590128041474145,146.96165002279406,148.1329803466797,-0.0004007004962928,0.0594135046437073,60.09232584782476,148.33999633789062
good,0.0768789662682252,146.96663541895694,148.1989990234375,0.0139723692996142,0.0629065969686109,60.592344125389815,148.36000061035156
good,0.0830209879679273,146.9780324660896,148.24649963378906,0.0160915127994531,0.0669294751684742,57.21570685211367,148.2725067138672
good,0.0667443602076502,146.98372161729418,148.22650146484375,-0.0001480919686591,0.0668924521763094,48.76907308559479,148.02000427246094
good,0.0568209945540161,146.9871071492242,148.2115020751953,-0.0080571660978346,0.0648781606518507,50.18057367099304,148.06500244140625
good,0.0495952776799129,146.9913099659975,148.1595031738281,-0.0122263063775503,0.0618215840574632,50.66848035940984,148.0800018310547
good,0.0529411752017381,146.9980248035143,148.12750244140625,-0.00710432708458,0.0600455022863182,54.50694726102646,148.1999969482422
good,0.0318259190933645,147.00428931960917,148.05500183105468,-0.0225756665543629,0.0544015856477274,45.327718053307926,147.91000366210938
good,0.0314717688843586,147.00953335762685,148.07449951171876,-0.018343853410695,0.0498156222950537,51.60724013734852,148.11749267578125
good,0.0461921630032975,147.0139744254357,148.12349853515624,-0.0028987674334049,0.0490909304367024,56.58907942721642,148.30999755859375
good,0.0619849589329817,147.02017970120414,148.1814971923828,0.0103152227970233,0.0516697361359583,58.03895950852566,148.3699951171875
good,0.0608892431266099,147.02347013311217,148.18349914550782,0.0073756055925212,0.0535136375340886,52.95950992027983,148.2100067138672
good,0.0742941467754292,147.1041335510025,148.28099975585937,0.0166244073930724,0.0576697393823567,57.63863285430253,148.3975067138672
good,0.0873398797880042,147.10982579902583,148.3455017089844,0.023736112324518,0.0636037674634862,58.64272419597657,148.44000244140625
good,0.1188213175014709,147.17866748516025,148.42730102539062,0.0441740400303877,0.0746472774710832,64.57877404295488,148.718994140625
good,0.1414152267663837,147.18412394342775,148.49530334472655,0.0534143594362404,0.0880008673301433,64.25880568680086,148.7100067138672
good,0.1164228656001,147.19224402044836,148.49230346679687,0.0227375986159653,0.0936852669841346,49.21200078887147,148.19500732421875
good,0.1086770571345425,147.1970527480488,148.48480224609375,0.0119934321203263,0.0966836250142162,53.00843429068079,148.36000061035156
good,0.1005726362001269,147.2019973070808,148.46680297851563,0.0031112089487285,0.0974614272513983,52.7512012053259,148.35000610351562
good,0.0771215020160127,147.2052193550189,148.3530029296875,-0.0162719401883085,0.0933934422043212,47.75665988143447,148.14999389648438
good,0.0542796312491304,147.2091455272805,148.23200073242188,-0.0312910487641526,0.0855706800132831,46.685707344940816,148.10499572753906
neutral,0.0265919972081292,147.21451780182264,148.19100036621094,-0.0471829462441231,0.0737749434522523,43.97199829855656,147.99000549316406
neutral,0.0018040488059511,147.22042052454873,148.11000061035156,-0.0575767157170409,0.0593807645229921,43.14976514792451,147.9550018310547
good,0.0306244999890452,147.2512718853183,148.1519989013672,-0.0230050116271574,0.0536295116162027,57.82781582320995,148.55999755859375
good,0.0632263882914685,147.2558698769418,148.26000061035157,0.0076775013402126,0.0555488869512559,60.205484729893385,148.69000244140625
good,0.0892451821380575,147.2639363509304,148.3800018310547,0.0269570361494412,0.0622881459886162,60.4823161450772,148.7050018310547
good,0.1281570079514722,147.27761222604582,148.5720001220703,0.0526950895702847,0.0754619183811874,64.79073252731024,148.9499969482422
good,0.1583746660502072,147.3004008418847,148.77398681640625,0.0663301981352158,0.0920444679149914,65.04100617660251,148.96493530273438
good,0.191417541285233,147.35376362632027,148.88298645019532,0.0794984586961932,0.1119190825890397,67.3820631622282,149.10499572753906
good,0.2155236872773684,147.38072577362064,148.96698608398438,0.0828836837506629,0.1326400035267055,67.46590387535096,149.11000061035156
good,0.2351445061105721,147.39139930157995,149.0559844970703,0.0820036020670933,0.1531409040434788,68.16996989775876,149.14999389648438
neutral,0.2454441680318666,147.39851333687108,149.08998413085936,0.0738426111907102,0.1716015568411564,66.99873919986317,149.1199951171875
good,0.2547054666228519,147.4079730772158,149.13099670410156,0.0664831278253563,0.1882223387974955,67.9860771930069,149.1699981689453
good,0.2678338208561399,147.4208485629216,149.16599731445314,0.0636891856469155,0.2041446352092244,70.10500914250464,149.27999877929688
good,0.2838423086640205,147.42980060078605,149.2219970703125,0.0637581387638368,0.2200841699001836,72.09411800637143,149.38999938964844
good,0.288363770977071,147.44044786486054,149.25799865722655,0.0546236808615098,0.2337400901155611,69.38247157807217,149.3300018310547
good,0.2910130954001317,147.44845233881546,149.30599975585938,0.0458184042276564,0.2451946911724752,69.99025688060895,149.36000061035156
good,0.3009404308556895,147.46450835965487,149.37200012207032,0.0445965917465713,0.2563438391091182,72.71263763033093,149.5
good,0.3084790848117507,147.46985617224075,149.4239990234375,0.041708196562106,0.2667708882496447,73.4535032399229,149.5399932861328
good,0.2925312895132492,147.47466710029713,149.40802001953125,0.0206083210108836,0.2719229685023656,62.88443574607992,149.3101043701172
good,0.2776194588678322,147.48131216323551,149.40633850097657,0.0045571922923732,0.2730622665754589,63.169676377517625,149.32159423828125
good,0.2506795124166388,147.49667736662246,149.36833801269532,-0.0179062033270561,0.2685857157436949,56.95078959749188,149.1699981689453
good,0.2239236552576358,147.50359963351076,149.2953369140625,-0.0357296483888472,0.2596533036464831,55.58993908297855,149.13499450683594
good,0.2039988501029768,147.50675266307604,149.22333679199218,-0.044523562834805,0.2485224129377818,57.012018237516855,149.17999267578125
good,0.1687131445808916,147.52095563719095,149.15381469726563,-0.0638474146855122,0.2325605592664038,48.86679610419444,148.96249389648438
good,0.1405411493462622,147.5318876525085,149.0854949951172,-0.0736155279361132,0.2141566772823755,49.49212281493225,148.97999572753906
good,0.1080924873042192,147.53837399983652,149.02549438476564,-0.084851351982525,0.1929438392867442,45.70858529375136,148.8699951171875
good,0.0774502929626237,147.55007835287935,148.96249694824218,-0.0923948370592964,0.1698451300219201,44.06018811987495,148.82000732421875
good,0.0477729040665906,147.55263217281552,148.8784973144531,-0.0976577807642636,0.1454306848308542,42.0973539186585,148.75999450683594
good,0.033550445276461,147.55628121716978,148.86199951171875,-0.0895041916435146,0.1230546369199756,47.16619443643692,148.8800048828125
good,0.0252154995879436,147.56007527477817,148.85,-0.0782713098656255,0.1034868094535692,48.775508654218974,148.9199981689453
good,0.0136117853334667,147.57280388460936,148.8480010986328,-0.071900019296082,0.0855118046295487,46.487808007422586,148.86000061035156
good,0.0027696537373742,147.5793738142627,148.85199890136718,-0.0661937207137395,0.0689633744511138,45.71786741381925,148.83999633789062
good,-0.0005710768737117,147.58114713903825,148.88099975585936,-0.0556275610598604,0.0550564841861487,48.69157604974912,148.90499877929688
good,-0.0003896354819517,147.59538826360136,148.89299926757812,-0.0443568957344803,0.0439672602525286,50.27142661816181,148.94000244140625
good,0.0264799248224392,147.6002726075139,148.96399841308593,-0.0139898683440715,0.0404697931665107,62.25092388732989,149.27499389648438
neutral,0.0436402115858243,147.60526779089074,149.03799743652343,0.0025363347354508,0.0411038768503734,60.154652013285855,149.22999572753906
neutral,0.0601771538765945,147.6109076249243,149.1249969482422,0.0152586216209768,0.0449185322556176,61.54907112066759,149.27499389648438
good,0.0648692232064149,147.61801070410755,149.17999572753905,0.0159605527606378,0.0489086704457771,57.01272167265695,149.17999267578125
good,0.0686045953157474,147.6241533780663,149.22999572753906,0.0157567398959762,0.0528478554197712,57.36924457550106,149.19000244140625
good,0.0683562851405099,147.62688517095324,149.20699768066407,0.0124067437765909,0.0559495413639189,55.87363321736456,149.16000366210938
good,0.0653877187974671,147.63323543385783,149.18799743652343,0.0075505419468385,0.0578371768506286,54.59578617803472,149.13499450683594
good,0.0563340972296373,147.74908115151865,149.1449981689453,-0.001202463696793,0.0575365609264303,50.84075778161728,149.05999755859375
good,0.0517903848015635,147.76381471067964,149.12900085449218,-0.0045969408998934,0.0563873257014569,52.70938599911667,149.10000610351562
good,0.044448727494597,147.7683198095161,149.10299987792968,-0.0095508785654879,0.053999606060085,50.63654279068234,149.05999755859375
good,0.0389886784008695,147.7711624400284,149.08500061035156,-0.0120087421273724,0.0509974205282419,51.15410481673575,149.07000732421875
good,0.0322715144064886,147.77731679695694,149.06700134277344,-0.0149807248974025,0.0472522393038912,49.750596703175184,149.0449981689453
good,0.0178660350733821,147.78023342981706,149.04200134277343,-0.0235089633844073,0.0413749984577894,44.02857123646563,148.93499755859375
good,0.0219322291509342,147.78919575700274,149.04800109863282,-0.0155542154454841,0.0374864445964184,54.10596534362031,149.1300048828125
neutral,0.046405638944492,147.7945262073313,149.11600036621093,0.0071353554784588,0.0392702834660331,63.8187766150983,149.39999389648438
neutral,0.0365972641580185,147.79694234993528,149.11065979003905,-0.0021384154464116,0.0387356796044302,49.04968479043102,149.04330444335938
good,0.0457740908755965,147.79856507087618,149.1536407470703,0.005630729016933,0.0401433618586635,55.746962173463295,149.25990295410156
good,0.0404842485930885,147.8012454278097,149.1886413574219,0.00027270938754,0.0402115392055485,50.77279764675969,149.11000061035156
good,0.030693046366764,147.80853200155337,149.17164001464843,-0.0076147942710275,0.0383078406377916,48.74181341671471,149.0449981689453
good,0.0326436081966505,147.81128036404908,149.12564086914062,-0.0045313859529128,0.0371749941495634,52.663197684288846,149.1699981689453
good,0.0330025366269239,147.81373490092577,149.14898071289062,-0.0033379660181115,0.0363405026450355,52.31855588245979,149.16000366210938
good,0.0265257386277255,147.81757708649525,149.11300048828124,-0.0078518112138479,0.0343775498415735,49.52468890992892,149.0800018310547
good,0.0131713417538605,147.826907509981,149.08699951171874,-0.0169649664701703,0.0301363082240309,46.20319652295729,148.97999572753906
good,0.0121318717254155,147.85761006343466,149.0980010986328,-0.0144035491988923,0.0265354209243078,50.49406993617212,149.10000610351562
good,0.0103807173601069,147.8622439891679,149.08200073242188,-0.0129237628513607,0.0233044802114676,50.134884231843536,149.08999633789062
good,0.0104862139669705,147.88273143346294,149.0720001220703,-0.0102546129955976,0.0207408269625682,50.88678506426333,149.11000061035156
good,-0.0134825003868854,147.89784587957377,149.01799926757812,-0.0273786618795629,0.0138961614926775,40.92125740524333,148.80999755859375
good,-0.0097716759579498,147.9219737602852,149.03999938964844,-0.0189342699605018,0.009162594002552,50.63767255400501,149.08999633789062
good,-0.0147294543926079,147.92393262059366,149.01799926757812,-0.019113638716128,0.00438418432352,47.62534798674716,148.99000549316406
good,-0.0164435610243458,147.9263533346086,149.00302124023438,-0.0166621962782927,0.0002186352539468,48.454302811188434,149.01510620117188
good,-0.014815336703009,147.92679497760892,148.99102172851562,-0.0120271775655647,-0.0027881591374443,49.647509327260856,149.0500030517578
good,-0.020949271587682,147.92812448128922,149.0200225830078,-0.0145288899601901,-0.0064203816274918,46.4922749104516,148.9550018310547
good,-0.0259155728004714,147.92920433301188,148.9920227050781,-0.0155961529383836,-0.0103194198620877,46.32524229762007,148.9499969482422
good,-0.0390834754316813,147.93182251770446,148.96002197265625,-0.0230112444556748,-0.0160722309760064,42.39276216960645,148.8300018310547
good,-0.0425729000822059,147.93465779858812,148.93900146484376,-0.0212005352849595,-0.0213723647972463,45.7021847724161,148.91000366210938
good,-0.035249358479092,147.9369283049452,148.93500061035155,-0.0111015949454765,-0.0241477635336155,50.31288889875497,149.02999877929688
good,-0.0317183527928648,147.94002499123624,148.9434600830078,-0.0060564714073994,-0.0256618813854653,49.08957607074471,148.99729919433594
neutral,-0.0092292464051695,147.942581825818,149.0014617919922,0.0131461079842366,-0.0223753543894062,57.373904680249765,149.24000549316406
neutral,-0.0090543544890806,147.95210114559126,149.03946228027343,0.0106567999202604,-0.0197111544093411,49.50946846762661,149.02000427246094
good,-0.0151960598299751,147.9540132798215,149.04546203613282,0.0036120756634927,-0.0188081354934679,46.98719469779613,148.94000244140625
good,-0.0118582851208088,147.95534181660815,149.0474609375,0.0055598802981272,-0.0174181654189361,50.38912814144373,149.0399932861328
good,-0.01269767983581,147.95760337748385,149.0470001220703,0.0037763884665008,-0.0164740683023109,48.86927980356849,148.9949951171875
good,-0.0072267426005225,147.95961927001846,149.01300048828125,0.0073978605614306,-0.0146246031619532,51.4957070328322,149.07000732421875
neutral,-0.0060410839824101,147.961611182342,149.01502075195313,0.0068668153436345,-0.0129078993260446,50.0237201144782,149.0301055908203
neutral,-0.0050518254830933,147.96400947200524,149.03302001953125,0.006284859074361,-0.0113366845574543,50.01959834066948,149.02999877929688
good,0.0045557827194215,147.96637769246774,149.0530212402344,0.0127139738215007,-0.0081581911020791,54.2045652168899,149.13999938964844
good,0.0224019532138868,147.96943015625794,149.10802307128907,0.0244481154527727,-0.0020461622388859,58.61502836331681,149.27000427246094
good,0.0592620702647366,147.98388134722228,149.20602111816407,0.049046586002898,0.0102154842618385,66.39064952364164,149.55999755859375
good,0.1058129656465496,147.99036506225312,149.35799865722657,0.0764779851077688,0.0293349805387807,71.03829567017442,149.7899932861328
good,0.145865966370593,148.067990990919,149.52200012207032,0.0932247886654498,0.0526411777051432,72.12159815689324,149.85000610351562
good,0.150853865079739,148.0718491913665,149.60199890136718,0.0785701498996766,0.0722837151800624,59.69898670351768,149.5399932861328
good,0.1777729977618491,148.0783118498815,149.71799926757814,0.0843914260654294,0.0933815716964197,66.00490699822339,149.85000610351562
good,0.1904556707732183,148.08258394046226,149.76000061035157,0.0776592792614388,0.1127963915117794,63.25430617809266,149.77000427246094
good,0.1894468254888579,148.08387788942247,149.73400268554687,0.0613203471816627,0.1281264783071951,59.57795661144304,149.66000366210938
good,0.1924801439949135,148.1080900056127,149.71100158691405,0.0514829325501746,0.1409972114447388,61.23231556040208,149.73500061035156
good,0.191865887076915,148.11017065935522,149.7480041503906,0.0406949405057409,0.151170946571174,60.874753723634704,149.72500610351562
good,0.1999669183893218,148.1291666441124,149.7500030517578,0.0390367774545181,0.1609301409348036,63.93785556026396,149.86000061035156
good,0.1992489249327036,148.13216993668178,149.7560028076172,0.03065502719832,0.1685938977343836,61.62851378823845,149.8000030517578
good,0.1920276540829206,148.13346962835104,149.77300109863282,0.0187470050788296,0.173280649004091,59.50639245842698,149.7449951171875
good,0.1865746789270588,148.13692998007673,149.78099975585937,0.0106352239383742,0.1759394549886846,60.30907291115597,149.77499389648438
good,0.1861600775404781,148.13997346109088,149.80599975585938,0.0081764980414348,0.1779835794990433,62.32036853219876,149.85000610351562
good,0.2108359800175776,148.19056272044085,149.87200012207032,0.0262819204148274,0.1845540596027502,69.79225067094006,150.19000244140625
good,0.1994475153168196,148.20017510851122,149.87900085449218,0.0119147645712555,0.187532750745564,57.06758378970333,149.8350067138672
good,0.2014138804385936,148.20236552957616,149.93000183105468,0.0111049037544236,0.19030897668417,60.65783852805099,150.0
good,0.2213994675558126,148.2063578344392,150.027001953125,0.024872392697314,0.1965270748584985,65.54714965442534,150.25999450683594
good,0.2313442726136259,148.22295222086407,150.1010009765625,0.0278537582041018,0.203490514409524,64.22493868093763,150.22000122070312
neutral,0.2237355596830923,148.22714618109765,150.075,0.0161960362188546,0.2075395234642377,59.0894213509434,150.05999755859375
good,0.2220057867305342,148.27415957732185,150.13699951171876,0.0115730106130372,0.210432776117497,60.879187758452616,150.14500427246094
good,0.239260123486332,148.28004640102614,150.21900024414063,0.023061877895068,0.216198245591264,65.8891011984852,150.41000366210938
good,0.2542391225643712,148.28433904842328,150.2595001220703,0.0304327015784857,0.2238064209858855,66.79614688985265,150.46249389648438
good,0.2768382261143927,148.29397841123728,150.34249877929688,0.0424254441028057,0.2344127820115869,69.65216239367481,150.63499450683594
good,0.3081418972257097,148.31004792838027,150.49949951171874,0.0589832921712982,0.2491586050544115,72.72770017256401,150.84500122070312
good,0.3191844669314321,148.31902304549104,150.6144989013672,0.0560206895016164,0.2631637774298156,68.2914007313792,150.72000122070312
good,0.303458320521031,148.3274941833688,150.62449951171874,0.0322356344729722,0.2712226860480587,60.08212030382541,150.4600067138672
good,0.2848867362360749,148.33209876334757,150.61700134277345,0.0109312401504129,0.273955496085662,59.05288614166179,150.4250030517578
good,0.2794543521819719,148.3426373261026,150.6060028076172,0.0043990848770478,0.275055267304924,62.14523824366733,150.5800018310547
good,0.2736093282654508,148.34831605558125,150.5570037841797,-0.0011567512315786,0.2747660794970294,62.53845363503578,150.60000610351562
good,0.2710960012659598,148.35432404697227,150.54600219726564,-0.0029360625848556,0.2740320638508154,63.85211233766218,150.6649932861328
good,0.2728186196658271,148.35609528265104,150.6040008544922,-0.0009707553479907,0.2737893750138178,65.55368245255556,150.75
good,0.269463422949002,148.35873069862694,150.66499938964844,-0.0034607616518526,0.2729241846008547,64.78088089049196,150.72999572753906
good,0.266156964348994,148.36403182993735,150.70099792480468,-0.0054137762014885,0.2715707405504826,65.43887837264572,150.75999450683594
neutral,0.271701348787019,148.4141747556292,150.76099548339843,0.0001044865892291,0.2715968621977899,68.40551444718952,150.89999389648438
neutral,0.2809266229287743,148.4401790877119,150.82799682617187,0.0074638085847875,0.2734628143439868,70.36256526620066,151.0
good,0.2817626112066875,148.44296644000684,150.8699981689453,0.0066398374901606,0.2751227737165269,68.5342800925355,150.9600067138672
good,0.279206617849411,148.45401027160145,150.91600036621094,0.0032670753063072,0.2759395425431037,68.5342800925355,150.9600067138672
good,0.2668418048816647,148.46297910005745,150.93800048828126,-0.0072781901291512,0.2741199950108159,64.18125453738534,150.8699951171875
good,0.244940330955302,148.4741639988465,150.90900268554688,-0.0233437312444111,0.2682840621997132,59.02355649038857,150.7550048828125
good,0.2241912138867121,148.47590335691413,150.85800170898438,-0.0352742786504008,0.259465492537113,58.58222874201969,150.7449951171875
good,0.2109645273588398,148.50195207906862,150.8290008544922,-0.0388007721426185,0.2497652995014583,60.7903989037226,150.81500244140625
good,0.2033829645519347,148.52346741408357,150.81300048828126,-0.0371058679596189,0.2404888325115536,62.7749052710581,150.8800048828125
good,0.2102821290227723,148.5312360123407,150.8530029296875,-0.024165362791025,0.2344474918137974,67.89061868141238,151.07000732421875
good,0.2204702748185809,148.56193350025518,150.9340026855469,-0.0111817735961731,0.2316520484147541,69.99404900402592,151.16000366210938
good,0.2247434260562215,148.5656044737211,151.01400451660157,-0.005526897886826,0.2302703239430476,69.18063032656421,151.14500427246094
good,0.2091767355051956,148.60280621302067,151.03900451660155,-0.0168748707502815,0.2260516062554772,59.07575141331817,150.94000244140625
good,0.2001802425948824,148.6050807802402,151.06500244140625,-0.0206970909284758,0.2208773335233582,61.16160411393984,151.00999450683594
good,0.1924462343561117,148.61012663187805,151.05700073242187,-0.0227448793337972,0.2151911136899089,61.76148166905394,151.02999877929688
good,0.1948833796331257,148.6182513662353,151.05780029296875,-0.0162461872454266,0.2111295668785523,65.59500612224504,151.16400146484375
good,0.1926572352661253,148.62418196540438,151.05679931640626,-0.0147778652899416,0.2074351005560669,64.35057858922724,151.13999938964844
good,0.1791453209548876,148.62600428190302,151.0727996826172,-0.0226318236809434,0.2017771446358311,58.38690637764159,151.02000427246094
good,0.1736967162298981,148.62964775954765,151.09280090332032,-0.0224643427247464,0.1961610589546445,61.28483925650298,151.11000061035156
good,0.1738059845585837,148.63816030584846,151.12474060058594,-0.0178840595168486,0.1916900440754324,63.69593010353118,151.189697265625
good,0.1693498565554136,148.6401771873684,151.1234588623047,-0.0178721500160149,0.1872220065714286,62.02030522494759,151.1575927734375
good,0.1649182794816965,148.64315295017255,151.12945861816405,-0.0178429816717856,0.1827612611534822,62.4315663862693,151.1699981689453
good,0.1571737705543512,148.64510864671254,151.15345764160156,-0.0204699924793048,0.177643763033656,60.71930266986514,151.13999938964844
good,0.1453261338407685,148.64710834977262,151.1494567871094,-0.02585410335431,0.1711802371950785,57.87025678832179,151.08999633789062
good,0.1280057466580615,148.6509651723479,151.11351623535157,-0.0345395924296136,0.1625453390876751,53.54160958890096,151.00999450683594
good,0.1321226251387486,148.65743802759883,151.13199768066406,-0.0243381711591412,0.1564607962978898,62.5836113502534,151.25
good,0.1350389612977096,148.66296100533793,151.1509979248047,-0.0171374680001442,0.1521764292978538,63.067390900290086,151.26499938964844
good,0.1433633794692639,148.67309165405493,151.19499816894532,-0.0070504398628719,0.1504138193321358,66.06055581501107,151.36000061035156
neutral,0.1534369687532262,148.68553700563737,151.26199951171876,0.0024185195368722,0.1510184492163539,67.97313843586046,151.4250030517578
neutral,0.1759342349857604,148.71220739027223,151.38600158691406,0.0199326286155251,0.1560016063702352,73.1181602678866,151.6300048828125
good,0.1995160034390721,148.72825880048532,151.48196105957032,0.0348115176550695,0.1647044857840026,75.20620858335863,151.72979736328125
good,0.2133408202191731,148.76366858865714,151.56896057128907,0.0389090675481363,0.1744317526710367,73.37334948613496,151.6999969482422
good,0.2225394947808467,148.7662591925543,151.6389617919922,0.038486193687848,0.1840533010929987,73.60603338224482,151.7100067138672
good,0.2162407361724945,148.78432232494407,151.6684600830078,0.0257499480635965,0.1904907881088979,65.17926125699788,151.57249450683594
good,0.206248839472579,148.79298290271052,151.65045776367188,0.0126064410909448,0.1936423983816341,63.33371100295304,151.5399932861328
good,0.1906862285807449,148.80714039312207,151.5989990234375,-0.0023649358407114,0.1930511644214563,59.56225053425678,151.47250366210938
good,0.1773171449374615,148.81023408817995,151.55599975585938,-0.0125872155871958,0.1899043605246574,60.03680543973895,151.48500061035156
good,0.1580409210914695,148.81273414776496,151.4939971923828,-0.0254907515465503,0.1835316726380198,55.28417280641668,151.39999389648438
good,0.1423339628810822,148.81855780133284,151.46249694824218,-0.03295816780555,0.1752921306866323,55.94684497405636,151.4149932861328
good,0.1208286742970869,148.82159018269758,151.4184997558594,-0.0435707651116362,0.1643994394087232,50.81149596968592,151.32000732421875
good,0.0990120217775825,148.82735801449766,151.37899780273438,-0.0523099341049125,0.151321955882495,48.53775297271381,151.27499389648438
good,0.0827858930530567,148.83261325346024,151.3419982910156,-0.0548288502635506,0.1376147433166074,49.87969790325449,151.3000030517578
good,0.0715227501722779,148.83998112629018,151.3279998779297,-0.0528735945154636,0.1243963446877415,51.5129781223998,151.3300018310547
good,0.0674666890301978,148.84459983440547,151.325,-0.0455437245260349,0.1130104135562328,55.18261776114223,151.39999389648438
good,0.0579365995651812,148.85933197980873,151.32699890136718,-0.0440590511928412,0.1019956507580225,51.02392837642983,151.3300018310547
good,0.0362486516118849,148.86208590575856,151.3040008544922,-0.05259759931691,0.088846250928795,42.62217530299646,151.16000366210938
good,0.025225491999123,148.87395352028025,151.29200134277343,-0.0508966071437375,0.0761220991428606,47.04165170821453,151.24000549316406
good,0.0278677185555409,148.90335788413265,151.3029998779297,-0.0386035044698557,0.0664712230253966,53.96248607095696,151.38499450683594
good,0.0268291605379715,148.9076875287317,151.29300231933593,-0.03171364998994,0.0585428105279116,52.189991309240064,151.35000610351562
good,0.0193278176134299,148.91652262181825,151.2810028076172,-0.0313719943315853,0.0506998119450153,48.284620136185815,151.27000427246094
good,0.0056519921023152,148.922967148891,151.28400268554688,-0.03603825587416,0.0416902479764753,44.06757556156208,151.1750030517578
good,-0.0093155685602255,148.93021205983518,151.2605010986328,-0.0408046532293606,0.0314890846691351,41.89001554468071,151.12249755859375
good,-0.0267191671339332,148.93401997903402,151.1935028076172,-0.0465666014424547,0.0198474343085214,39.02283626999445,151.0500030517578
good,-0.0328707781831951,148.9366598394701,151.15150146484376,-0.0421745699933733,0.0093037918101781,44.13482526107844,151.13999938964844
good,-0.0413046681405546,148.93840812665576,151.1154998779297,-0.0404867679605862,-0.0008179001799684,42.02666337230518,151.08999633789062
good,-0.0402625131684146,148.9407550052455,151.1164978027344,-0.0315556903907569,-0.0087068227776576,46.93923674039752,151.17999267578125
good,-0.0445705905530928,148.94380677467618,151.11399841308594,-0.0286910142203481,-0.0158795763327447,43.8286153202392,151.11000061035156
good,-0.0490337203179649,148.9453324030575,151.1219970703125,-0.0265233151881761,-0.0225104051297887,42.952506046517215,151.08999633789062
good,-0.0539655006759005,148.953711888194,151.10699768066405,-0.0251640764368894,-0.0288014242390111,41.82749125271691,151.06500244140625
good,-0.0623998196363118,148.95935790864772,151.08899841308593,-0.0268787163178405,-0.0355211033184712,38.968800671960864,151.0
good,-0.0718863927589268,148.9645402925958,151.04400024414062,-0.0290922315523644,-0.0427941612065623,37.07954975176936,150.9550018310547
good,-0.0733142949763134,148.97152695656226,151.0260009765625,-0.0244161070158008,-0.0488981879605125,41.49226022614936,151.02000427246094
good,-0.0680141186169009,148.97773647195686,151.0260009765625,-0.0152927445251107,-0.0527213740917902,45.89248652673368,151.08999633789062
good,-0.0614906867017737,148.9813055989693,151.03500061035157,-0.0070154500879867,-0.0544752366137869,47.11664963665421,151.11000061035156
good,-0.0552797372937448,148.98495157236124,151.05800170898436,-0.0006436005439662,-0.0546361367497785,47.43706780331276,151.11500549316406
neutral,-0.0445994776081022,148.99020502562112,151.10299987792968,0.008029327313341,-0.0526288049214432,51.542663577892654,151.17999267578125
neutral,-0.052874201645011,149.0025357073284,151.0919982910156,-0.0001963173788541,-0.0526778842661568,40.32183499013226,150.96499633789062
good,-0.0627435399720184,149.0090713678808,151.05699768066407,-0.0080525245646892,-0.0546910154073291,38.23690747002307,150.9149932861328
good,-0.0706373036972252,149.01290665385815,151.01579895019532,-0.0127570306319168,-0.0578802730653083,37.7747468104031,150.9040069580078
good,-0.0667635458765687,149.02249241646456,150.99679870605468,-0.0071066182490083,-0.0596569276275604,45.29324685421327,151.02000427246094
good,-0.06296771230339,149.0334497595271,150.9648010253906,-0.0026486277406636,-0.0603190845627263,45.29324685421327,151.02000427246094
good,-0.064549208019315,149.04117077707005,150.96258239746095,-0.0033840987652709,-0.0611651092540441,41.94387737417159,150.9539031982422
good,-0.069751157910133,149.04577042220018,150.95858459472657,-0.0068688389248711,-0.0628823189852619,39.1647496945832,150.89500427246094
good,-0.0766214722086999,149.0507306801299,150.94778442382812,-0.0109913225787504,-0.0656301496299495,37.140076779362936,150.85000610351562
good,-0.071558757855513,149.05482273607797,150.93778381347656,-0.0047428865804508,-0.0668158712750622,45.26595775385518,150.97000122070312
neutral,-0.0635864117293749,149.05739589982036,150.93578186035157,0.0025835676365498,-0.0661699793659247,47.692932101433634,151.00999450683594
neutral,-0.0532244503368133,149.06391095631076,150.95550231933595,0.0103564232232891,-0.0635808735601025,50.21969222733876,151.05250549316406
good,-0.0542726603151777,149.067627423801,150.9625,0.0074465705959398,-0.0617192309111175,43.6722164334389,150.92999267578125
good,-0.0552726981904072,149.06839296789707,150.97649841308595,0.0051572261765682,-0.0604299243669755,43.17765141344595,150.9199981689453
good,-0.045854055289169,149.0828904840224,150.99049682617186,0.0116606952622451,-0.0575147505514142,50.43503173823993,151.0399932861328
good,-0.0367556908186372,149.0894738892558,150.99949645996094,0.0166072477862215,-0.0533629386048588,51.27280559871765,151.05499267578125
good,-0.0056746396242601,149.11421682002546,151.05899658203126,0.0381506391844789,-0.0438252788087391,64.11888894855585,151.35000610351562
good,0.0255212247037661,149.11965190238038,151.15999755859374,0.0554772028100042,-0.029955978106238,66.83182218630625,151.43499755859375
good,0.0468792738556658,149.1227803260784,151.25599670410156,0.061468201569523,-0.0145889277138572,64.66334772984972,151.39999389648438
good,0.0586916712900915,149.12739089261663,151.31699829101564,0.058624479203159,6.719208693249136e-05,61.2982686944882,151.34500122070312
good,0.0668782977589046,149.12896643337788,151.3739990234375,0.0534488845375777,0.0134294132213269,60.987204833740535,151.33999633789062
good,0.0725301755021803,149.1309147979867,151.3719970703125,0.0472806098246827,0.0252495656774976,60.987204833740535,151.33999633789062
good,0.076530980049597,149.1330156157701,151.35399780273437,0.0410251314976795,0.0355058485519174,61.21546456935248,151.34500122070312
good,0.0684226057236401,149.14032962832206,151.31699829101564,0.0263334057373781,0.042089199986262,52.60545799896765,151.21499633789062
good,0.0636832110164675,149.1424857159612,151.2969970703125,0.0172752088241644,0.0464080021923031,54.20604429764113,151.2449951171875
good,0.0572504603324262,149.15064483875867,151.272998046875,0.0086739665120984,0.0485764938203277,52.61182095099583,151.22000122070312
good,0.063523454127619,149.15276379208942,151.27899780273438,0.011957568245833,0.051565885881786,60.18052147001804,151.3699951171875
good,0.0661270170077159,149.15576581400745,151.28001708984374,0.0116489049007439,0.054478112106972,58.83800991428279,151.35009765625
good,0.0717928380029206,149.15903004822374,151.318017578125,0.0138517807167589,0.0579410572861617,61.396904902213805,151.40499877929688
good,0.0770095019646817,149.16139481285043,151.35401916503906,0.0152547557428159,0.0617547462218657,62.31616293452244,151.4250030517578
good,0.0778259656721047,149.1715691253436,151.38901977539064,0.0128569755601912,0.0649689901119135,60.00839147803169,151.39500427246094
good,0.0907332938545266,149.23227668108777,151.427001953125,0.0206114429940904,0.0701218508604361,67.19926961785072,151.55990600585938
good,0.1002184285270288,149.24991428857402,151.46998291015626,0.0240772621332741,0.0761411663937547,67.39440283908421,151.56500244140625
good,0.1112938415226096,149.2572513794305,151.51398315429688,0.0281221401030839,0.0831717014195257,69.68112062855062,151.625
good,0.1023494310900616,149.27417196930745,151.5129821777344,0.0153421837364287,0.0870072473536329,55.38753221386366,151.4199981689453
good,0.0838045669530913,149.2796442485773,151.49197998046876,-0.0025621443204332,0.0863667112735246,48.58164195293486,151.2899932861328
good,0.0692378650989837,149.28646731618483,151.44029846191407,-0.0137030769396326,0.0829409420386164,49.17682581434433,151.30149841308594
good,0.056916883368359,149.29273132768444,151.38729858398438,-0.0208192469362058,0.0777361303045649,49.09727772215352,151.3000030517578
good,0.0478115996098154,149.29419942170622,151.32529907226564,-0.0239396245557996,0.071751224165615,49.971454523580505,151.31500244140625
good,0.0453183486905288,149.29714889818862,151.31730041503906,-0.0211463003800689,0.0664646490705978,53.68366996324291,151.3800048828125
good,0.0456395962558247,149.30984208223134,151.34230041503906,-0.0166600422518185,0.0622996385076432,55.59369505361747,151.4149932861328
good,0.0542581387797724,149.31278894234558,151.3872802734375,-0.0064331997822965,0.060691338562069,61.095084453346686,151.52639770507812
good,0.0806225168911112,149.3273746827893,151.4832794189453,0.0159449426632337,0.0646775742278775,70.15833769729986,151.77999877929688
good,0.0983657784622948,149.3388151352847,151.57127990722657,0.0269505633875339,0.0714152150747609,68.4654860698953,151.7550048828125
good,0.1115442493765215,149.3405356415824,151.64727783203125,0.0321032274414084,0.0794410219351131,68.62822715418662,151.75999450683594
good,0.1166104724556476,149.34237230160844,151.70628051757814,0.0297355604164275,0.08687491203922,65.00860897203381,151.7100067138672
good,0.1228404388015462,149.3461379415498,151.752001953125,0.028772421409861,0.0940680173916852,66.71069039670212,151.7550048828125
good,0.1279161407181277,149.35017545328225,151.7510009765625,0.0270784986611539,0.1008376420569737,67.46772335575213,151.77499389648438
good,0.129637813859972,149.35191455982454,151.75299987792968,0.0230401374423986,0.1065976764175734,66.65156387259464,151.76499938964844
good,0.1338974464142097,149.35558443807878,151.76500244140624,0.021839815997309,0.1120576304169007,68.8827166172355,151.82000732421875
good,0.1452811286022495,149.3610631533412,151.81100158691407,0.026578798548279,0.1187023300539704,73.10921098819992,151.94000244140625
good,0.1521450926152567,149.363862904886,151.8470001220703,0.026754210049029,0.1253908825662277,72.66588396653756,151.93499755859375
good,0.1446209525097117,149.37064955296674,151.8510009765625,0.0153840559547872,0.1292368965549245,61.44219241549662,151.7949981689453
good,0.119129881309135,149.37571353886162,151.81200256347657,-0.0080856121966315,0.1272154935057666,48.48205587634036,151.57000732421875
good,0.0997944539477657,149.3781346336714,151.76700134277343,-0.0219368316464007,0.1217312855941664,49.750092916930576,151.59500122070312
good,0.0874972035462349,149.38365705898664,151.70800170898437,-0.0273872656383452,0.1148844691845801,52.28064460225806,151.64500427246094
good,0.0788593016287109,149.38717808418906,151.65500183105468,-0.0288201340446954,0.1076794356734063,53.54009313060581,151.6699981689453
good,0.0687999681411213,149.38814328907034,151.6240020751953,-0.031103574025828,0.0999035421669493,51.77384949042841,151.63999938964844
good,0.0561458313010234,149.39228427653646,151.62799987792968,-0.0350061686927406,0.0911519999937641,48.87934342716082,151.58999633789062
good,0.0451937503070496,149.39741393419428,151.6260009765625,-0.0367665997493716,0.0819603500564212,48.58743677643271,151.5850067138672
good,0.0388891292768391,149.39853008562525,151.62099914550782,-0.0344569766236656,0.0733461059005048,50.80599970204237,151.6199951171875
good,0.027523767877426,149.40344074024702,151.59599914550782,-0.036657870418463,0.064181638295889,46.20361804205605,151.5449981689453
good,0.0131202413368782,149.40727600877648,151.56399841308593,-0.0408491175672086,0.0539693589040869,42.60145916457167,151.47999572753906
good,0.0096636035432595,149.41044521916558,151.56199951171874,-0.0354446042886618,0.0451082078319214,49.16758422361431,151.5800018310547
good,0.0044522199884511,149.41382688204095,151.55499877929688,-0.0325247902747762,0.0369770102632273,47.41536221708687,151.5500030517578
good,-0.0056641729126454,149.42292982843148,151.5260009765625,-0.0341129465406982,0.0284487736280528,43.26425298514364,151.47500610351562
good,-0.009138692668472,149.4294706388691,151.52300109863282,-0.0300699730372198,0.0209312803687478,46.93298264769955,151.52999877929688
good,-0.0017852401390427,149.43152005015244,151.55800170898436,-0.0181732164062325,0.0163879762671897,54.184965901120606,151.65499877929688
good,0.0071879212967189,149.43326054834773,151.58100280761718,-0.0073600439763766,0.0145479652730955,56.24596431537779,151.69500732421875
neutral,0.0185231424691778,149.4365619623529,151.62100219726562,0.0031801417568658,0.015343000712312,58.97762777186939,151.75
neutral,0.0295859888305756,149.44243548763902,151.68200073242187,0.0113943904946108,0.0181915983359647,60.42897004447185,151.77999877929688
good,0.0419051462188519,149.44566046170604,151.74200134277345,0.0189708383063097,0.0229343079125422,62.79196820126891,151.8300018310547
good,0.0439001611361504,149.4495812478967,151.75900268554688,0.0167726825788866,0.0271274785572638,56.27810673921648,151.74000549316406
good,0.0493498003942249,149.4529685942833,151.77900085449218,0.0177778574695689,0.031571942924656,59.07205920788698,151.7949981689453
good,0.0502647549678272,149.45645050098113,151.78099975585937,0.0149542496345369,0.0353105053332903,56.59305913882461,151.75999450683594
good,0.0579872269551913,149.4633995243998,151.7959991455078,0.0181413772975208,0.0398458496576705,61.33555144720528,151.85499572753906
good,0.0585906436163554,149.4673712311142,151.78899841308595,0.0149958351669479,0.0435948084494075,57.09307021468664,151.7949981689453
good,0.0675699336902937,149.47175738305964,151.822998046875,0.0191801001927089,0.0483898334975847,62.45400974078137,151.91000366210938
good,0.0690488322514113,149.486508188325,151.83399963378906,0.0165271990030612,0.05252163324835,58.357536729891805,151.85000610351562
good,0.0662290673439542,149.49069478027073,151.84400024414063,0.0109659472764833,0.0552631200674709,55.73234544886535,151.80999755859375
good,0.0640636024395746,149.49624816289966,151.83700256347657,0.0070403858976829,0.0570232165418916,56.26246538348978,151.82000732421875
good,0.0656245737918936,149.51070180014855,151.852001953125,0.0068810858000016,0.058743487991892,58.90889404225312,151.8699951171875
good,0.0645051334611821,149.51491883622387,151.84000244140626,0.004609316375432,0.0598958170857501,57.41290806418299,151.85000610351562
good,0.0620944780130514,149.51946647438723,151.83800048828124,0.001758928741841,0.0603355492712103,56.637257528875416,151.83999633789062
good,0.0587008758714659,149.5256050495505,151.84200134277344,-0.0013077387197955,0.0600086145912615,55.82626423657814,151.8300018310547
good,0.0545758323277709,149.53197348957448,151.84200134277344,-0.0043462258107924,0.0589220581385633,54.97846630990084,151.82000732421875
neutral,0.0658776864858055,149.53958798675262,151.87000122070313,0.0055645026777936,0.0603131838080118,65.655649751814,152.00999450683594
neutral,0.0755774550796104,149.5452906774655,151.90599975585937,0.0122114170172788,0.0633660380623315,66.55504416912473,152.02999877929688
good,0.0847087723539345,149.55211882251135,151.95,0.0170741874332824,0.0676345849206521,67.91211189681758,152.05999755859375
good,0.0932906611896271,149.55841925605156,152.0019989013672,0.0205248610151799,0.0727658001744471,69.25556376938383,152.08999633789062
good,0.0965581568156608,149.56717004913517,152.04999694824218,0.0190338853129709,0.0775242715026899,66.2676554507481,152.05999755859375
good,0.0988162824777703,149.57549545409145,152.06199951171874,0.0170336087800643,0.0817826736977059,66.78262659691293,152.07000732421875
good,0.1010539229620519,149.57960416547644,152.0739990234375,0.0154169994114767,0.0856369235505751,67.83853049291926,152.08999633789062
good,0.1024539482578461,149.58711412776788,152.08200073242188,0.0134536197658167,0.0890003284920293,68.3805692955598,152.10000610351562
good,0.0991917029743945,149.59220236527986,152.0760009765625,0.008153099585892,0.0910386033885024,63.75542615975007,152.05999755859375
good,0.0827415981199237,149.60104329200252,152.04400024414062,-0.0066376042148629,0.0893792023347866,49.37270049381845,151.89999389648438
good,0.0673158499425028,149.60836091917645,152.00599975585936,-0.017650681913827,0.0849665318563299,47.91834043785761,151.8800048828125
good,0.0536572144364697,149.61682062174293,151.96198120117188,-0.0250474539358881,0.0787046683723579,47.16228906039565,151.86990356445312
good,0.0399587643918835,149.6212266259146,151.90997924804688,-0.0309967231843795,0.070955487576263,44.90331764592632,151.83999633789062
good,0.0263779249612809,149.62552341077085,151.85997924804687,-0.0356620500919856,0.0620399750532666,42.69430629982849,151.80999755859375
good,0.01862862785174,149.6329985946032,151.84998168945313,-0.0347290777612212,0.0533577056129613,46.47612676373001,151.85000610351562
good,0.0107491667536123,149.6396201420487,151.83998107910156,-0.0340868310874791,0.0448359978410915,44.88126548154204,151.8300018310547
good,-0.0138939353549289,149.65096803861942,151.78600158691407,-0.0469839465568164,0.0330900112018874,31.49809594085046,151.60000610351562
good,-0.0374309709856675,149.65869333623232,151.727001953125,-0.0564167857500439,0.0189858147643764,29.251464879406484,151.5449981689453
good,-0.0526527897191329,149.6706067533699,151.68100280761718,-0.0573108835868074,0.0046580938676745,32.548415492134566,151.5800018310547
good,-0.0432383817459935,149.69201466675094,151.6790008544922,-0.0383171804909345,-0.004921201255059,50.8642881230808,151.83999633789062
good,-0.0385600236038783,149.70345024848754,151.67300109863282,-0.0269110578790554,-0.0116489657248229,48.67477760450956,151.8000030517578
good,-0.0192983229119363,149.7258534638989,151.7510009765625,-0.0061194857496907,-0.0131788371622456,57.93832631474915,151.99000549316406
neutral,-0.0095719528156337,149.73636137969888,151.8260009765625,0.0028855074772895,-0.0124574602929232,54.06626771961131,151.9199981689453
neutral,0.0002316566758508,149.75077002100917,151.89920043945312,0.0101512935750193,-0.0099196368991684,55.26213261602899,151.9459991455078
neutral,0.0034426903492885,149.7696224076695,151.9092010498047,0.0106898617987655,-0.007247171449477,52.11514187948616,151.88999938964844
neutral,0.003126909607829,149.78946124873346,151.92019958496093,0.0082992648458448,-0.0051723552380158,50.1911339220084,151.85499572753906
neutral,0.0096250311062249,149.81778938827418,151.9101989746094,0.0118379090753925,-0.0022128779691676,54.57688778703451,151.94000244140625
neutral,0.0130106825556026,149.8591606856332,151.9101989746094,0.0121788484198162,0.0008318341357864,53.385601998672826,151.9199981689453
neutral,0.0187065534279042,149.9240201283507,151.91300048828126,0.0142997754336942,0.0044067779942099,55.4787006777209,151.9600067138672
good,0.0,152.94500732421875,152.1240020751953,0.0,0.0,50.0,152.94500732421875
good,0.0,152.94639291207528,152.3530029296875,0.0,0.0,50.0,153.0
good,0.0,152.91051381962845,152.41500244140624,0.0,0.0,50.0,152.25
good,0.0,152.8785732412656,152.49600219726562,0.0,0.0,50.0,152.3249969482422
neutral,0.0,152.89734464630016,152.74200134277345,0.0,0.0,50.0,153.19000244140625
neutral,0.0,152.8981892897654,152.73500061035156,0.0,0.0,50.0,152.91000366210938
neutral,0.0,152.89168409838916,152.68300170898436,0.0,0.0,50.0,152.74000549316406
neutral,0.0,152.89576100397443,152.83100280761718,0.0,0.0,50.0,152.99000549316406
neutral,0.0,152.89430889266976,152.92000427246094,0.0,0.0,50.0,152.77000427246094
good,0.0,152.77352561749635,152.66200256347656,0.0,0.0,50.0,151.89999389648438
good,0.0,152.7053254375051,152.402001953125,0.0,0.0,50.0,151.61000061035156
good,0.0,152.6859589570114,152.21800231933594,0.0,0.0,50.0,151.82000732421875
good,0.0,152.64401676615094,151.94703979492186,0.0,0.0,50.0,151.63519287109375
good,0.0,152.63201882896738,151.74703979492188,0.0,0.0,50.0,151.77000427246094
good,0.0,152.61872578208823,151.73304138183593,0.0,0.0,37.37146451815829,151.8300018310547
neutral,0.0,152.60792285341796,151.82004089355468,0.0,0.0,40.492463964433945,152.0449981689453
good,0.0,152.58734073971135,151.7380401611328,0.0,0.0,34.95232019636238,151.41000366210938
good,0.0,152.4671996768935,151.65500183105468,0.0,0.0,33.4764110673314,151.22000122070312
good,0.0,152.39938947230092,151.56500244140625,0.0,0.0,35.0314413435665,151.32000732421875
good,0.0,152.3837406043104,151.4615020751953,0.0,0.0,34.9653652140545,151.3125
good,0.0,152.33831351356855,151.29150390625,0.0,0.0,33.88804836221685,151.19500732421875
good,0.0,152.31365574176397,151.27450256347657,0.0,0.0,36.22909747257612,151.3249969482422
good,0.0,152.30320052042038,151.38050231933593,0.0,0.0,43.2986509307892,151.75
good,0.0,152.291881773562,151.4904998779297,0.0,0.0,45.14758482103085,151.8699951171875
good,0.0,152.2790077991142,151.49599914550782,0.0,0.0,39.0852869185125,151.33999633789062
good,-0.3702294768982312,152.27119748458549,151.5939971923828,-0.3702294768982312,0.0,44.32594748608434,151.68499755859375
good,-0.3352938389032545,152.2634417826147,151.67499694824218,-0.3352938389032545,0.0,44.99069826464106,151.72999572753906
good,-0.3184599902355387,152.24030188345034,151.63499755859374,-0.3184599902355387,0.0,42.78984345915147,151.5500030517578
good,-0.2793058188256623,152.23608234137618,151.6269989013672,-0.2793058188256623,0.0,47.12315746715776,151.8300018310547
good,-0.2542214788736032,152.22648638655508,151.7029998779297,-0.2542214788736032,0.0,45.65994938708965,151.72000122070312
good,-0.2344637100324007,152.21512406465112,151.7029998779297,-0.2344637100324007,0.0,45.17920593992469,151.68499755859375
good,-0.2115258954680712,152.2088978106963,151.70599975585938,-0.2115258954680712,0.0,46.22433167754287,151.7449951171875
good,-0.2039067293880236,152.18655299847168,151.71300048828124,-0.2039067293880236,0.0,43.82502898119216,151.5850067138672
good,-0.1688906087847499,152.1825977362202,151.7309997558594,0.0951424520385317,-0.2640330608232817,49.71099017363554,151.9199981689453
good,-0.1538900370492228,152.17708416272828,151.73500061035156,0.088114419019247,-0.2420044560684699,46.86934894287355,151.74000549316406
good,-0.1363960895318712,152.17115209089914,151.75599975585936,0.084486693229279,-0.2208827827611502,47.762435525058976,151.7899932861328
good,-0.1139552216332333,152.16827195194023,151.7830017089844,0.0855420489023335,-0.1994972705355668,49.41143300051507,151.8800048828125
good,-0.0855024500095567,152.16678532875682,151.86600036621093,0.0911958564208081,-0.1766983064303648,51.604692969675895,152.0
good,-0.0582471581412562,152.15353446850088,151.89200134277343,0.0947609186312868,-0.1530080767725431,52.52830606824087,152.0500030517578
good,-0.0170849915918438,152.15493954277153,152.0019989013672,0.1087384681445594,-0.1258234597364032,56.790630519605294,152.2899932861328
neutral,0.00618625970435,152.15523991550523,152.0790008544922,0.1056077755526026,-0.0994215158482526,54.27601382994091,152.1750030517578
good,0.0371120477576027,152.15632920077536,152.1700012207031,0.1092268508846843,-0.0721148031270815,57.12108133138344,152.3350067138672
good,0.0501487146696035,152.15676834080864,152.21000061035156,0.0978108142373481,-0.0476620995677445,54.064202428902725,152.1999969482422
good,0.0542077195416936,152.15659236272705,152.2260009765625,0.0814958552875505,-0.0272881357458568,52.495739768803766,152.1300048828125
good,0.079106184732467,152.16212248661702,152.2500030517578,0.0851154563826591,-0.0060092716501921,57.77341168993463,152.41000366210938
good,0.1407884217701962,152.17625870810332,152.40500183105468,0.1174381547363106,0.0233502670338855,65.69013912197636,152.9499969482422
good,0.1914993817346442,152.18555749057242,152.53800048828126,0.1345192917606069,0.0569800899740372,66.31982915389551,153.0
good,0.2246609815677231,152.19003518302492,152.68700256347657,0.1341447132749487,0.0905162682927744,64.90890023023056,152.94500732421875
good,0.2357162606600695,152.20802868518936,152.81900024414062,0.116159993893836,0.1195562667662335,60.97124521813804,152.7899932861328
good,0.2157658964349593,152.21301440481008,152.8299987792969,0.0769677037349806,0.1387981926999786,53.62606761887419,152.46499633789062
good,0.2112375060726208,152.2170438126017,152.76699829101562,0.0579514506981136,0.1532860553745071,56.57310509174458,152.63499450683594
good,0.2072773891886186,152.21896318118417,152.6989990234375,0.0431930670512891,0.1640843221373294,57.005976879810085,152.66000366210938
good,0.2026098806175298,152.22328884062748,152.6439971923828,0.0308204467841602,0.1717894338333695,57.18962924387325,152.6699981689453
good,0.1730396224137962,152.22563900876276,152.56081848144532,0.0010001508643413,0.1720394715494548,50.334436996832686,152.3740997314453
good,0.1499657110901751,152.22683085675584,152.54781799316407,-0.0176590083674238,0.1676247194575989,50.889219956398456,152.39999389648438
good,0.1349661966410735,152.2281833544564,152.5128204345703,-0.0261268182532203,0.1610930148942938,52.2212956567009,152.4600067138672
good,0.1174878916021668,152.22923727990587,152.46231994628906,-0.0348840986337016,0.1523719902358685,50.91997108075462,152.40750122070312
good,0.0910875020817911,152.22965728495603,152.38132019042968,-0.0490275905232618,0.140115092605053,47.46301622104137,152.26499938964844
good,0.0897076718604807,152.23372233057296,152.4105010986328,-0.0403259365956578,0.1300336084561386,53.54135416297579,152.52000427246094
neutral,0.1306806861437053,152.25588995299577,152.5425018310547,0.0005176621500533,0.1301630239936519,63.24015294859216,153.05999755859375
good,0.1509220521396344,152.26156565412657,152.6364990234375,0.0166072225167859,0.1343148296228484,59.992962945374295,152.92999267578125
good,0.1570842851538145,152.26370590334645,152.72099914550782,0.0182155644247729,0.1388687207290416,57.54552546645502,152.8300018310547
good,0.1525436662324466,152.2670644213445,152.81499938964845,0.0109399564027239,0.1416037098297226,55.23975195169732,152.73500061035156
good,0.1388720843538067,152.27705873389203,152.83699951171874,-0.0021853003807327,0.1410573847345395,52.725256179863365,152.6300048828125
good,0.1429315655945515,152.28119875792277,152.79200134277343,0.0014993446880096,0.1414322209065419,56.85480341734372,152.8350067138672
good,0.1823742286462959,152.2928397172693,152.86800231933594,0.0327536061918032,0.1496206224544927,64.57597701993966,153.30999755859375
good,0.2123546252665278,152.303942330128,152.96690063476564,0.050187202249628,0.1621674230168997,64.78310797615796,153.32449340820312
good,0.2292764575402941,152.32584828028217,153.07440185546875,0.0536872276187155,0.1755892299215786,63.35242443694779,153.2725067138672
good,0.2141941914651397,152.3430176561052,153.13840026855468,0.0308839692348488,0.1833102222302908,55.2070395593324,152.9499969482422
good,0.1959477943547654,152.34761851382407,153.15139770507812,0.0101100576995796,0.1858377366551857,54.04677643172624,152.89999389648438
good,0.1702461506360464,152.3500937724766,153.04639892578126,-0.0124732688153114,0.1827194194513579,51.37287710188302,152.78500366210938
good,0.1557478530704941,152.35184055256593,152.95750122070314,-0.021577253104691,0.1773251061751851,53.42308944925248,152.8800048828125
good,0.1561749912119978,152.35460193856267,152.91300048828126,-0.0169200919705498,0.1730950831825476,56.92306347734218,153.0500030517578
good,0.158319469145141,152.35916118604342,152.94200134277344,-0.0118204912299252,0.1701399603750663,57.82644180821661,153.09500122070312
good,0.1721557626045466,152.36297044886496,153.01600341796876,0.0016126417835842,0.1705431208209624,61.231606541146654,153.27000427246094
good,0.1738538621597456,152.36770874405929,153.09500122070312,0.0026485930710265,0.171205269088719,58.61034886114109,153.17999267578125
good,0.1787876712969875,152.37211119467077,153.16900024414062,0.0060659217666148,0.1727217495303727,60.04305153565959,153.25
good,0.2021545272982905,152.38357048540885,153.26300048828125,0.0235462222143341,0.1786083050839563,65.06565358310262,153.52000427246094
good,0.1954228029453304,152.38597672810195,153.29100036621094,0.0134515982890992,0.1819712046562311,56.93082475861209,153.23500061035156
good,0.1923084995636372,152.3907575717826,153.2949981689453,0.0082698359259248,0.1840386636377124,58.02141966253912,153.2899932861328
good,0.1900712506695754,152.39227484407593,153.3230010986328,0.0048260696254904,0.185245181044085,58.63703975013795,153.32000732421875
good,0.2108815161740835,152.40607161780804,153.3990020751953,0.0205090681039988,0.1903724480700847,64.4378834488611,153.6300048828125
good,0.2351521897401767,152.420377393755,153.4470001220703,0.0358237933360735,0.1993283964041031,66.55592207169245,153.75999450683594
good,0.2542801926198876,152.42955154685953,153.55899963378906,0.0439614369726276,0.21031875564726,67.12375164261569,153.7949981689453
good,0.2687618047046385,152.4336051056087,153.66600036621094,0.0467544392459027,0.2220073654587357,67.6309795258588,153.8249969482422
good,0.270663072040719,152.44623750298268,153.7509979248047,0.0389245652655866,0.2317385067751324,64.76140089754368,153.7449951171875
good,0.275849351862746,152.45766115820624,153.79099731445314,0.0352886760700908,0.2405606757926552,66.39309575342925,153.8300018310547
good,0.2807579415858754,152.46520430274242,153.81499938964845,0.0321578126345761,0.2486001289512992,67.35077730616497,153.8800048828125
good,0.2710334221806931,152.4750601209122,153.80599975585938,0.017946634583515,0.253086787597178,62.374044169060085,153.75
good,0.2587300143343896,152.4835579596845,153.78699951171876,0.0045145813897692,0.2542154329446203,61.61952913645806,153.72999572753906
good,0.2282574101448062,152.4924788114023,153.73916015625,-0.0207664182398512,0.2490238283846575,53.7691657242408,153.50579833984375
good,0.2132844181027167,152.49867567180985,153.70315856933593,-0.0285915282255526,0.2418759463282694,57.517889843151245,153.64999389648438
good,0.1743936997989692,152.5074528656294,153.59515686035155,-0.0539857972234401,0.2283794970224093,48.42657702817274,153.33999633789062
good,0.1403418060224623,152.52591644161728,153.5091583251953,-0.0704301527999576,0.21077195882242,47.9008208471502,153.32000732421875
good,0.0905248326847925,152.5306020421344,153.37315979003907,-0.096197700910102,0.1867225335948945,41.36763175806209,153.0500030517578
good,0.0357051784419866,152.53408405325266,153.24500122070313,-0.1208138841223263,0.1565190625643129,37.58513605638161,152.86500549316406
good,0.0039144854284813,152.5390711009855,153.11700134277345,-0.1220836617086652,0.1259981471371466,42.05684668860467,153.00999450683594
good,-0.0158519822667813,152.54008698967846,153.06400146484376,-0.1134801035231423,0.097628121256361,43.994152986310695,153.0749969482422
good,-0.0307586317493644,152.5424069601628,153.01600036621093,-0.1027094024045804,0.0719507706552159,44.14899047526209,153.0800018310547
good,-0.0556482124079877,152.54475260216674,152.98800048828124,-0.102079186450563,0.0464309740425752,40.094277170880936,152.91000366210938
good,-0.0860817208421735,152.5484436034336,152.96799926757814,-0.106010155907799,0.0199284350656254,36.97490177632741,152.76499938964844
good,-0.0933885096111453,152.5535834433719,152.95800170898437,-0.0906535557414166,-0.0027349538697286,43.35730145870561,152.9600067138672
good,-0.1152008673890634,152.55483669991182,152.89200134277343,-0.0899727308154677,-0.0252281365735956,38.70341869441281,152.7449951171875
good,-0.1202074812975411,152.55760526992776,152.852001953125,-0.0759834757791563,-0.0442240055183847,42.85148889237036,152.8800048828125
good,-0.1347266985263218,152.5589564837626,152.81600036621094,-0.0724021544063496,-0.0623245441199721,39.64154335394517,152.72999572753906
neutral,-0.1349933293424214,152.56044975755356,152.83300170898437,-0.0581350281779594,-0.076858301164462,43.3008120539028,152.85000610351562
good,-0.1340630925213588,152.5613958594928,152.81000061035155,-0.0457638330855174,-0.0882992594358413,43.18323268495998,152.84500122070312
good,-0.1351575113253886,152.56232194596788,152.82160034179688,-0.0374866015116378,-0.0976709098137508,42.14871836112612,152.80299377441406
good,-0.1339159989857137,152.56284969230975,152.80759887695314,-0.0289960713375702,-0.1049199276481434,42.39649560657512,152.80999755859375
good,-0.1242380008367831,152.564533275624,152.8415985107422,-0.0154544585509117,-0.1087835422858713,45.619552550446606,152.89999389648438
neutral,-0.1048689460987191,152.5660763853122,152.87759704589843,0.0031316769497218,-0.1080006230484409,49.97401206744264,153.02999877929688
neutral,-0.0996667155368982,152.5671949881761,152.8865966796875,0.0066671260092341,-0.1063338415461323,45.72760970794579,152.88999938964844
good,-0.1113428751893934,152.56750800454432,152.86165771484374,-0.0040072269146088,-0.1073356482747846,40.16920165263502,152.6782989501953
good,-0.1234737669533672,152.567735808161,152.824658203125,-0.012910494942866,-0.1105632720105011,38.88756689793449,152.625
good,-0.132767450934665,152.56778195143457,152.76665954589845,-0.0177633431393311,-0.1150041077953339,38.51513903836619,152.61000061035156
good,-0.1409288729045386,152.5678504824694,152.67666015625,-0.0207398120873637,-0.1201890608171748,37.73672567399367,152.5800018310547
good,-0.1425267747233078,152.56810118529026,152.6226593017578,-0.0178701711249064,-0.1246566035984014,39.492450967868095,152.6199951171875
good,-0.1513274655032717,152.5677847751015,152.58800048828124,-0.0213366895238961,-0.1299907759793755,36.32111445393475,152.5050048828125
good,-0.1568973139968079,152.5674480402522,152.56300048828126,-0.0215252304139459,-0.135372083582862,36.18491560361261,152.5
good,-0.1634619992644843,152.5666824202632,152.53099975585937,-0.0224719325452978,-0.1409900667191864,34.78161317204312,152.4499969482422
good,-0.1519848163896142,152.56694336734049,152.54199829101563,-0.0087957997363422,-0.143189016653272,43.51026935701592,152.63499450683594
neutral,-0.1376625827449515,152.5673112201199,152.55401916503905,0.0044211471266563,-0.1420837298716079,45.4280118718673,152.6800994873047
neutral,-0.1073312208067989,152.568685838453,152.63301696777344,0.0278020072518472,-0.1351332280586461,53.68330867091683,152.89999389648438
good,-0.0943095105086513,152.56972384384494,152.68301696777343,0.0326589740399958,-0.1269684845486471,48.314427001417855,152.75
good,-0.0850263786782932,152.57043575289143,152.73801879882814,0.0335536846962831,-0.1185800633745764,47.46261976304002,152.72500610351562
good,-0.0751897429207986,152.5710812718846,152.76001892089843,0.0347122563630222,-0.1099019992838208,48.24845214047108,152.7449951171875
good,-0.0638337989206263,152.57204222722055,152.77999877929688,0.0368545602905556,-0.1006883592111819,49.668198557482526,152.77999877929688
good,-0.0458335135450909,152.5738108911683,152.7769989013672,0.0438838765328728,-0.0897173900779637,53.76548712092809,152.88499450683594
good,-0.0264210593594214,152.58067931090687,152.81600036621094,0.0506370645748338,-0.0770581239342552,55.9716789578254,152.94500732421875
good,-0.0057266141976413,152.58514360663827,152.872998046875,0.0570652077892911,-0.0627918219869324,58.292590458570665,153.00999450683594
good,0.0037722978653107,152.58599498793836,152.90899963378905,0.0532512958817945,-0.0494789980164838,54.263849930315104,152.9250030517578
good,0.0147610738092396,152.58662411726323,152.9470001220703,0.0513920574605787,-0.0366309836513391,55.9977923409366,152.97000122070312
good,0.0347695886760561,152.58835002911212,152.99300231933594,0.0571204578619162,-0.02235086918586,61.11390436080544,153.11500549316406
good,0.0472572259826051,152.59149104205187,153.02000122070314,0.0556864761347722,-0.008429250152167,59.32086260239339,153.0800018310547
good,0.062085856146183,152.59281682532452,153.04800109863282,0.05641208503868,0.0056737711075029,61.73819219997824,153.14999389648438
good,0.0753892626723597,152.59372017928104,153.0989990234375,0.0557723932518854,0.0196168694204743,62.75964294021878,153.17999267578125
good,0.094127250001776,152.596871433596,153.16399841308595,0.0596083044650413,0.0345189455367346,66.45670965967439,153.2949981689453
good,0.1105276490178255,152.59904146350232,153.20699768066407,0.0608069627848726,0.0497206862329528,67.5138232033332,153.3300018310547
good,0.1237131725569895,152.60121310535715,153.26099853515626,0.0591939890592293,0.0645191834977602,68.13193304438485,153.35000610351562
good,0.131038091799553,152.60447813459902,153.2970001220703,0.0532151266414342,0.0778229651581187,66.76390972873111,153.3300018310547
good,0.1328906120394322,152.60815774252376,153.3210021972656,0.0440541175050507,0.0888364945343814,64.66694728072974,153.3000030517578
good,0.1396075389909583,152.6112243325551,153.33900146484376,0.0406168355652614,0.0989907034256968,67.75683645769499,153.38499450683594
good,0.1456721845067079,152.6156318744107,153.3559997558594,0.0373451848648088,0.108326999641899,68.79415164663554,153.4149932861328
good,0.143579442813035,152.61791455595878,153.3559997558594,0.0282019545369087,0.1153774882761262,63.99126232974341,153.35000610351562
good,0.151471639887518,152.62117810436845,153.38800048828125,0.0288753212891133,0.1225963185984046,69.01060924640252,153.49000549316406
good,0.1459573026679663,152.62432915256647,153.4010009765625,0.0186887872556493,0.1272685154123169,60.854209610184846,153.36500549316406
good,0.1445601269847429,152.6262897275933,153.40850219726562,0.0138332892579407,0.1307268377268022,63.01924049154752,153.42250061035156
good,0.1332427123087143,152.62799410053128,153.3885040283203,0.0020126996655296,0.1312300126431846,56.70455451135621,153.31500244140625
good,0.11846925916592,152.6312345884445,153.37050170898436,-0.0102086027818117,0.1286778619477317,53.73724436898387,153.25999450683594
good,0.1047472567661316,152.63760215972906,153.32250061035157,-0.01914448414528,0.1238917409114117,53.19259514205348,153.25
good,0.087617319312045,152.64277025203484,153.2864990234375,-0.0290195372794933,0.1166368565915383,49.66677281393972,153.18499755859375
good,0.0676145275481019,152.646429273351,153.225,-0.0392178632347491,0.1068323907828511,46.12175142477474,153.11500549316406
good,0.0563564513885239,152.64965850442397,153.197998046875,-0.0403807515154617,0.0967372029039856,49.710891731128,153.17999267578125
good,0.0484895650052408,152.65158109007362,153.18599853515624,-0.0385981103189959,0.0870876753242367,50.79742868340339,153.1999969482422
good,0.0629130148478225,152.6566468803869,153.22899780273437,-0.0193397283811313,0.0822527432289538,62.39001875627872,153.46499633789062
good,0.0770860786021785,152.65997537481977,153.29399719238282,-0.0041333317014202,0.0812194103035988,63.94351675060281,153.50999450683594
good,0.0793353793591506,152.6627288087765,153.35299682617188,-0.0015072247555585,0.0808426041147092,58.19153532927565,153.41000366210938
neutral,0.0861847282599228,152.66523423775195,153.4140197753906,0.0042736993161709,0.0819110289437519,61.027284104352255,153.485107421875
neutral,0.1029249195200918,152.67661761033654,153.50202026367188,0.0168111124610719,0.0861138070590199,66.12968595169247,153.63999938964844
good,0.1160640529350018,152.68167175797916,153.54002075195314,0.0239601967007855,0.0921038562342163,66.58590463707203,153.65499877929688
good,0.1294236758561169,152.68359895610752,153.58002319335938,0.0298558556975204,0.0995678201585964,68.27366279435958,153.7100067138672
good,0.1340276058616041,152.6846049715704,153.62902221679687,0.0275678285624061,0.1064597772991979,64.75145692890052,153.65499877929688
good,0.1404953907505444,152.6861514194387,153.67400207519532,0.0272284907610771,0.1132668999894672,66.60671917226043,153.7100067138672
good,0.1395735591650861,152.68966604115917,153.677001953125,0.0210453273404951,0.118528231824591,63.03380687847827,153.65499877929688
good,0.1424461245118209,152.69219928723535,153.69000244140625,0.0191343141497838,0.123311810362037,65.39602153450464,153.72000122070312
good,0.1510510871065093,152.69629531488073,153.71200256347657,0.0221914213955778,0.1288596657109315,68.7089791857018,153.82000732421875
good,0.1648452472457222,152.70005651819935,153.76700134277343,0.0287884652278325,0.1360567820178896,71.89577665619264,153.92999267578125
good,0.1757690916815022,152.70220259556226,153.81600036621094,0.03176984773089,0.1439992439506122,72.5796206702653,153.9550018310547
good,0.1859141902102123,152.70575315010854,153.88500061035157,0.0335319570076801,0.1523822332025322,73.8142347737317,154.0
good,0.1886327210333718,152.71226110252812,153.93320007324218,0.0290003902646716,0.1596323307687001,70.83716043405342,153.96099853515625
good,0.1913249415152051,152.71816596637566,153.96819763183595,0.025354088597204,0.1659708529180011,71.90100779795173,153.9949951171875
good,0.1932245776753802,152.72136051143792,153.98613891601562,0.0218029798059032,0.171421597869477,72.6808959296225,154.0196990966797
good,0.1889456540992,152.72384447082,153.99013977050782,0.0140192449837784,0.1749264091154216,68.95228200012554,153.97500610351562
good,0.1822434617629937,152.72700487592272,153.98214111328124,0.0058536421180577,0.176389819644936,67.69707350484674,153.9600067138672
good,0.1749156078042517,152.72833441197918,153.98194274902343,-0.0011793694725474,0.1760949772767991,67.69707350484674,153.9600067138672
good,0.1647867891823864,152.731190180305,153.96894226074218,-0.0090465504755302,0.1738333396579166,64.95305511191154,153.92999267578125
good,0.1621536052202543,152.73457405661577,153.96900329589843,-0.0093437875501298,0.1714973927703842,69.00998604913612,154.02000427246094
good,0.1646245774682597,152.7383620738435,153.99400329589844,-0.0054982522416995,0.1701228297099593,72.10113626016285,154.10000610351562
good,0.1553106084950002,152.74218650422006,153.99850158691407,-0.0118497769719672,0.1671603854669675,62.275366585599656,153.9824981689453
good,0.1516284227887183,152.7446960861262,154.0165008544922,-0.0124255701425993,0.1640539929313177,65.2086151382695,154.0500030517578
good,0.1442232452974678,152.746198682607,154.03350219726562,-0.0158645981070798,0.1600878434045477,62.49509680246723,154.01499938964844
good,0.1284021707607792,152.7498915670977,154.01150207519532,-0.0253485381150148,0.153750708875794,55.08980996163417,153.91000366210938
good,0.1085608068536316,152.7560627454335,153.95850219726563,-0.0361519216177299,0.1447127284713615,50.487882736345945,153.8350067138672
good,0.0857945387660095,152.75891703830064,153.91400146484375,-0.0471345517642816,0.1329290905302911,46.320047837070746,153.75999450683594
good,0.0673792534086885,152.76031548775185,153.85700073242188,-0.052439869697282,0.1198191231059706,46.63657696499594,153.76499938964844
good,0.0454023061859629,152.76287428308578,153.78999938964844,-0.0595334535360061,0.1049357597219691,42.09623263582951,153.67999267578125
good,0.0312573097916129,152.76897191013447,153.75299987792968,-0.0589427599442849,0.0902000697358978,45.14185984706214,153.72500610351562
good,0.0194195890896651,152.77836107711764,153.72999877929686,-0.0566243845169862,0.0760439736066513,44.85933330821136,153.72000122070312
good,0.0210917582086835,152.78375569785007,153.75,-0.0439617723183742,0.0650535305270577,53.60627035702065,153.86000061035156
good,0.0181726528687136,152.78993976418056,153.75899963378907,-0.0375047021266753,0.0556773549953889,50.523558241896296,153.80999755859375
good,0.0156785087662569,152.79314982215476,153.78500061035157,-0.0319990769833055,0.0476775857495625,50.523558241896296,153.80999755859375
good,0.013146484885965,152.79673505881416,153.80099792480468,-0.027624880690878,0.040771365576843,50.18852448004275,153.80499267578125
good,0.0118113878229166,152.79798306873516,153.81999816894532,-0.023167982203141,0.0349793700260577,50.88994703366862,153.81500244140625
good,0.0102315189842272,152.79880217221847,153.80999755859375,-0.0197982808334644,0.0300297998176916,50.506984360549296,153.80999755859375
good,0.009276381412036,152.79978195936698,153.81099853515624,-0.0166027347245245,0.0258791161365605,50.90486025773696,153.81500244140625
good,0.0112146554321839,152.80271462046977,153.81900024414062,-0.0117315685635013,0.0229462239956852,53.70781233612309,153.85000610351562
good,0.0106104115181153,152.80605993093644,153.8230010986328,-0.0098686499820558,0.0204790615001712,51.4477830803059,153.8249969482422
neutral,0.0239764420787196,152.80836506596123,153.86000061035156,0.0027979044628386,0.0211785376158809,63.13726850462195,154.0
neutral,0.0297882874176877,152.8136112745033,153.88700256347656,0.0068877998414454,0.0229004875762423,58.38064142342081,153.94500732421875
good,0.0479614000150547,152.82667987652553,153.9480010986328,0.0200487299510499,0.0279126700640048,66.92064313358746,154.1199951171875
good,0.0568668949540267,152.83020241291825,153.98999938964843,0.0231633799120175,0.0337035150420091,62.20744751788647,154.05999755859375
good,0.0548203512426539,152.83941705643147,154.01600036621093,0.0168934689605158,0.0379268822821381,54.91802681604354,153.9550018310547
good,0.0509964180389204,152.8411484598587,154.00299987792968,0.0104556286054258,0.0405407894334945,53.628639972317295,153.93499755859375
good,0.0390435756620775,152.8428546902498,153.97999877929686,-0.0011977710171336,0.0402413466792111,47.34545105779211,153.8300018310547
good,0.027638089664407,152.84354776417737,153.91799926757812,-0.0100826056118432,0.0377206952762503,46.23402429950704,153.80999755859375
good,0.0155948886755936,152.84916729771317,153.86099853515626,-0.0177006452805253,0.033295533956119,44.27544599288763,153.77499389648438
good,0.0039877977120852,152.85124964110355,153.81999816894532,-0.023446188995227,0.0274339867073122,42.87867325708229,153.75
good,-0.0091403693962774,152.85220012848765,153.772998046875,-0.0292594848828718,0.0201191154865943,40.14974085194111,153.6999969482422
good,-0.0017718517254081,152.8562814270578,153.79099731445314,-0.0175127737696019,0.0157409220441938,54.016297723668565,153.9199981689453
good,0.0059993866470335,152.85880152690643,153.81795654296874,-0.0077932283177281,0.0137926149647617,55.27405025753583,153.94479370117188
neutral,0.0172207985115164,152.8608939066592,153.86495666503907,0.0027425468374037,0.0144782516741127,58.48930564868431,154.00999450683594
neutral,0.0298051019813101,152.86361458200892,153.9269561767578,0.0122614802457579,0.0175436217355522,60.81576519810135,154.05999755859375
good,0.0373311246158039,152.86487449063333,153.99395751953125,0.0158300023042013,0.0215011223116025,59.034758955938464,154.03500366210938
good,0.061548642609722,152.86947436020446,154.06395874023437,0.0320380162384955,0.0295106263712264,68.40394452110438,154.27000427246094
good,0.0770287575351744,152.87214721197594,154.12200012207032,0.0380145049311584,0.039014252604016,65.98320043947078,154.23500061035156
good,0.0751173745227617,152.89362703184332,154.13400268554688,0.0288824975349965,0.0462348769877652,55.93498905228447,154.07000732421875
good,0.0671791839112927,152.8966220270446,154.12200317382812,0.016755445538822,0.0504237383724707,52.29596083997375,154.0
good,0.0597949791461758,152.89861722507823,154.11400146484374,0.007496992618964,0.0522979865272117,52.03532433168507,153.9949951171875
good,0.0601093716284708,152.9003653706177,154.0760009765625,0.0062491080810072,0.0538602635474635,56.04254822760229,154.0800018310547
good,0.0669935110760775,152.9071742715691,154.06336059570313,0.0105065980228911,0.0564869130531863,59.935190796752735,154.1717987060547
good,0.0818507361002502,152.9102108618685,154.10935974121094,0.0202910584376511,0.0615596776625991,64.64422565976038,154.3000030517578
good,0.1077151301076924,152.91457859938623,154.20736083984374,0.0369243619560746,0.0707907681516178,70.22897550839612,154.49000549316406
good,0.1243586686014737,152.91868358754337,154.30036315917968,0.0428543203598847,0.0815043482415889,68.3921054698776,154.4600067138672
good,0.1383743501732226,152.91973546890677,154.38236389160156,0.0454960015453069,0.0928783486279157,69.2580269602596,154.49000549316406
good,0.154957576647547,152.92558675645742,154.46400451660156,0.049663382415705,0.105294194231842,71.7577303751404,154.5800018310547
good,0.1709703647229332,152.92835028674276,154.5320037841797,0.0525409363928729,0.1184294283300602,73.31552036450992,154.63999938964844
good,0.1815676161811836,152.93078350201702,154.56200256347657,0.0505105502808987,0.1310570659002849,73.31552036450991,154.63999938964844
good,0.1941830718957931,152.93515912174834,154.61400146484374,0.0505008047964065,0.1436822670993865,75.41279004687144,154.72000122070312
good,0.2142186384320723,152.94395854605258,154.69100036621094,0.0564290970661486,0.1577895413659237,78.87672568356375,154.875
good,0.225480966472503,152.94767594717982,154.74500122070313,0.0541531400852634,0.1713278263872396,76.99306554210077,154.85000610351562
good,0.2361220242135573,152.9510895209836,154.79800109863282,0.0518353582610541,0.1842866659525031,78.22521426882635,154.90499877929688
good,0.2469450453493209,152.95890402216045,154.86398010253907,0.0501267035174542,0.1968183418318667,79.61279227983587,154.9698944091797
good,0.2685731248489844,153.01825712431156,154.9539794921875,0.0574038264136941,0.2111692984352902,83.17340162735654,155.1699981689453
good,0.2924290489601162,153.02854037391674,155.03797912597656,0.0650078004198607,0.2274212485402554,84.94252521161444,155.2949981689453
good,0.2930294230173729,153.04220021533146,155.08997802734376,0.0524865395816939,0.2405428834356789,72.75139821980136,155.11000061035156
good,0.2773966100105838,153.0521372434441,155.0989776611328,0.0294829812599238,0.2479136287506599,64.1727658946389,154.9499969482422
good,0.267572094515458,153.0574780040794,155.10899963378907,0.0157267726118385,0.2518453219036195,66.05860500061155,155.02000427246094
good,0.2632074823510777,153.06194499710756,155.09500122070312,0.0090897283579665,0.2541177539931112,68.12352297626381,155.10000610351562
good,0.2631690941711326,153.065297785385,155.0720001220703,0.0072410721424171,0.2559280220287155,70.08322370123575,155.17999267578125
good,0.2625342222059714,153.07186176352275,155.09200134277344,0.0052849601418047,0.2572492620641667,70.80844197317244,155.2100067138672
good,0.2630326026159082,153.08000178410413,155.15400085449218,0.0046266724413931,0.258405930174515,72.02477298462449,155.25999450683594
good,0.2652128963166831,153.08880213307427,155.21400146484376,0.0054455729137344,0.2597673234029486,73.45480312784704,155.32000732421875
good,0.2694821470702209,153.09230199512197,155.27200012207032,0.0077718589338177,0.2617102881364031,75.05628554835623,155.38999938964844
good,0.2689586974335611,153.09420768498276,155.31200256347657,0.0057987274377264,0.2631599699958347,74.36634777676583,155.3800048828125
good,0.2662808135349621,153.10092679943975,155.3480010986328,0.0024966748313018,0.2637841387036602,74.61761736261138,155.38999938964844
good,0.2615474670748483,153.10552992029093,155.3750030517578,-0.0017893373030495,0.2633368043778978,74.7510890997732,155.39500427246094
good,0.2516668419960979,153.10851994409398,155.3820007324219,-0.00933596990544,0.2610028119015379,71.51373707411605,155.35499572753906
good,0.239861080814336,153.1169287806828,155.37200012207032,-0.0169133848697615,0.2567744656840975,70.2847730697506,155.33999633789062
good,0.2286765930344358,153.11965140996347,155.36600036621093,-0.0224782981197293,0.2511548911541652,70.64729379651715,155.35000610351562
good,0.2085328391841301,153.12620366894257,155.33600158691405,-0.0340976415760281,0.2426304807601582,61.734074318183126,155.24000549316406
good,0.1895757534204278,153.13177845528216,155.3029998779297,-0.0424437818717843,0.2320195352922121,60.98012718660676,155.22999572753906
good,0.1741587107714508,153.13400190875925,155.28200073242186,-0.046288659616609,0.2204473703880599,61.97947708837332,155.25
good,0.1602947415059645,153.14032427568412,155.264501953125,-0.0481221031056763,0.2084168446116408,62.1102084487456,155.25250244140625
good,0.134642486769593,153.14406570023118,155.2125,-0.0590194862736383,0.1936619730432313,50.07009557646528,155.08999633789062
good,0.1138159822524471,153.1485227486158,155.18451843261718,-0.0638767926326273,0.1776927748850745,50.70971546846312,155.10009765625
good,0.0957953188149929,153.15185209941706,155.15751953125,-0.0655179648560652,0.1613132836710582,50.35919517351782,155.09500122070312
good,0.0765960334310023,153.15847421417604,155.11651916503905,-0.0677738001920447,0.144369833623047,46.9315081289093,155.0449981689453
good,0.0650605457700237,153.16106344668526,155.08599853515625,-0.0634474302824186,0.1285079760524423,50.88436885220818,155.0998992919922
good,0.0509017630487278,153.16410870649457,155.07699890136718,-0.0620849704029716,0.1129867334516994,47.10574769697972,155.0449981689453
good,0.0392286225913096,153.16675797194893,155.06597900390625,-0.0590064886883118,0.0982351112796215,47.10574769697972,155.0449981689453
good,0.0189547975519701,153.1708866011094,155.02919921875,-0.0634242509821211,0.0823790485340912,38.92904756540097,154.91110229492188
good,-0.0084009451970814,153.17268140393438,154.9742004394531,-0.0726239949849381,0.0642230497878567,32.522469773990096,154.77000427246094
good,-0.0161766624185872,153.20154584011357,154.94222106933594,-0.0643197697651552,0.0481431073465679,44.3956958151182,154.94000244140625
good,-0.0280670616693328,153.20417510678476,154.90622253417968,-0.0609681352127206,0.0329010735433877,40.970649579908304,154.86500549316406
good,-0.0314796363566642,153.2111396019383,154.88422241210938,-0.0515045679200416,0.0200249315633773,45.21832006611556,154.93499755859375
good,-0.0310022487627179,153.2147526955367,154.89600219726563,-0.0408217442608762,0.0098194954981583,47.26219456580239,154.97000122070312
good,-0.0326679901784814,153.21692125486126,154.93000183105468,-0.0339899885413117,0.0013219983628303,45.68891988483183,154.94000244140625
good,-0.0399826858996732,153.21917024222927,154.91400146484375,-0.0330437474100028,-0.0069389384896703,41.70207480397069,154.86000061035156
good,-0.0364829522526406,153.22378874132977,154.93500061035155,-0.0236352110103762,-0.0128477412422644,48.37285226126368,154.97000122070312
good,-0.0317294531334084,153.22536813251094,154.9460021972656,-0.0151053695129152,-0.0166240836204932,49.50444169029872,154.99000549316406
good,-0.0211825803814349,153.23594195551013,154.96620178222656,-0.0036467974087533,-0.0175357829726815,53.90934644126506,155.0709991455078
neutral,-0.0095667360966729,153.23942498412245,155.0002014160156,0.0063752375008069,-0.0159419735974798,55.90413042930052,155.11000061035156
neutral,0.0004403018352547,153.24210796132024,155.0522003173828,0.0131058203461877,-0.0126655185109329,56.42459310738122,155.1199951171875
good,0.007478273437897,153.24834687655144,155.0802001953125,0.016115033559064,-0.0086367601211669,55.716387575246266,155.11000061035156
good,0.0017390887849728,153.26627622181675,155.07619934082032,0.0083006791249118,-0.0065615903399389,46.84651082842557,154.97000122070312
good,0.0012116053505337,153.26851528617232,155.06600036621094,0.0062185565523781,-0.0050069512018444,49.91348754338808,155.02000427246094
good,-0.0095862324973836,153.27240149664405,155.02200012207032,-0.0036634250364313,-0.0059228074609522,42.97118044153328,154.88999938964844
good,-0.0183360820612961,153.27542555619286,154.975,-0.009930619680275,-0.008405462381021,42.7248120440419,154.88499450683594
good,-0.0229873867740479,153.282380184773,154.93500061035155,-0.0116655395144215,-0.0113218472596264,44.43903492788621,154.91000366210938
good,-0.0283646391859235,153.28635208124768,154.91799926757812,-0.0136342335410377,-0.0147304056448858,43.0514077235697,154.88499450683594
good,-0.0338489076740415,153.29177615895924,154.88699951171876,-0.0152948016233245,-0.018554106050717,41.92458907290722,154.86500549316406
good,-0.0397549890164725,153.29690966103956,154.8769989013672,-0.0169607063726044,-0.0227942826438681,40.49643264566412,154.83999633789062
good,-0.048715342445945,153.3008532938621,154.8559997558594,-0.0207368478416615,-0.0279784946042834,37.22068411891227,154.77999877929688
good,-0.0535846193531028,153.30315877428242,154.83399963378906,-0.0204848997990555,-0.0330997195540473,38.9926280266264,154.8000030517578
good,-0.0671596888425654,153.30468615898067,154.79100036621094,-0.0272479754308144,-0.0399117134117509,32.560606820790525,154.6699981689453
good,-0.0802204220788667,153.3068670640514,154.74400024414064,-0.0322469669336925,-0.0479734551451741,30.873425020308005,154.6300048828125
good,-0.0959209098885764,153.31005016041408,154.68600158691407,-0.0383579637947218,-0.0575629460938546,27.77320246082229,154.5500030517578
good,-0.1051349309898626,153.31246027514487,154.64500122070314,-0.0380575879168063,-0.0670773430730562,30.133652555371285,154.5749969482422
good,-0.0944031021881812,153.3169161273793,154.64200134277343,-0.0218606072921,-0.0725424948960812,46.079122145761154,154.78500366210938
good,-0.0968856976823246,153.32191461268772,154.63500061035157,-0.0194745622289947,-0.0774111354533299,39.197417913031735,154.63499450683594
good,-0.0977266406172532,153.32319313147568,154.63599853515626,-0.0162524041311386,-0.0814742364861145,39.197417913031735,154.63499450683594
good,-0.1032544676697568,153.32788292444587,154.63799743652345,-0.0174241849469138,-0.085830282722843,36.07366107439439,154.55999755859375
good,-0.1032171323732598,153.33029565223055,154.64299926757812,-0.0139094797203334,-0.0893076526529264,38.87232954137152,154.60000610351562
good,-0.1091920297265574,153.3324602681042,154.58799743652344,-0.0159075016589047,-0.0932845280676526,35.1444741021548,154.50999450683594
good,-0.1226003734680034,153.3342639351426,154.53799743652343,-0.0234526763202806,-0.0991476971477227,30.736232770105616,154.38499450683594
good,-0.1384882759672052,153.33644924836324,154.47099914550782,-0.0314724630555859,-0.1070158129116193,28.15071417584784,154.3000030517578
good,-0.1437744362275452,153.3391200578793,154.43299865722656,-0.0294068986527407,-0.1143675375748044,33.13875197709864,154.3699951171875
good,-0.1514629396066311,153.33995743633653,154.37399597167968,-0.0296763216254613,-0.1217866179811698,30.98718463971923,154.30499267578125
good,-0.1521698076814175,153.34229433775016,154.3419982910156,-0.0243065517601981,-0.1278632559212193,34.17439517665879,154.35000610351562
good,-0.1481983951369159,153.34295550306038,154.3419982910156,-0.0162681113725572,-0.1319302837643586,36.62441561292277,154.38499450683594
good,-0.1437960516678913,153.34620688492018,154.35799865722657,-0.0094926143228261,-0.1343034373450652,36.41625502214805,154.3800048828125
good,-0.1375116882182681,153.3511429195489,154.36300048828124,-0.0025666006985622,-0.1349450875197058,37.56505908198203,154.39500427246094
good,-0.1382013691456336,153.356107290391,154.36300048828124,-0.0026050253007422,-0.1355963438448913,33.637415749336725,154.30499267578125
neutral,-0.1291890782054849,153.36326946311203,154.3739990234375,0.0051258125115251,-0.13431489071701,41.016330279099314,154.40499877929688
neutral,-0.1162678289481391,153.36531709395226,154.38900146484374,0.0144376494150967,-0.1307054783632359,44.66120341037828,154.4600067138672
good,-0.1096067008146803,153.36934951151324,154.39299926757812,0.0168790220388444,-0.1264857228535248,41.63815264096341,154.39999389648438
good,-0.0951610941526155,153.3724636539394,154.41399841308595,0.0250597029607274,-0.1202207971133429,47.95968169087742,154.5
good,-0.0771742243896085,153.38237187112946,154.46700134277344,0.0344372581789875,-0.111611482568596,51.888347081017926,154.57000732421875
good,-0.0653940340062035,153.38341527076673,154.49200134277345,0.036973958849914,-0.1023679928561175,49.58454386308053,154.52999877929688
good,-0.0546220263627219,153.38413705672636,154.50799865722655,0.0381967731947165,-0.0928187995574384,50.17962452382181,154.5399932861328
good,-0.0359864687138724,153.38825618556567,154.56000061035155,0.0454658646748528,-0.0814523333887252,56.77697299759102,154.66000366210938
good,-0.0445084758426048,153.3927666359424,154.5330017089844,0.0295550860368963,-0.0740635618795012,42.0399483703613,154.36500549316406
good,-0.0510772928675749,153.39460454314693,154.49100036621093,0.018389015209541,-0.0694663080771159,41.84151975539746,154.36000061035156
good,-0.058975704722826,153.39556471177525,154.44864196777343,0.0083924826834318,-0.0673681874062579,40.13779847865553,154.31820678710938
good,-0.0701324535539811,153.39650958765333,154.39014282226563,-0.0022114129181785,-0.0679210406358026,37.36567477354835,154.24749755859375
good,-0.0730885108598045,153.39760954642384,154.3201416015625,-0.0041339761792015,-0.0689545346806029,41.22941295094471,154.30999755859375
good,-0.0765654077749502,153.39818576810092,154.30414123535155,-0.0060886984754777,-0.0704767092994724,40.162438566329065,154.28500366210938
good,-0.0708384870937379,153.39979035230598,154.30814208984376,-0.0002894222354124,-0.0705490648583255,45.89399070221188,154.3800048828125
neutral,-0.0551747645627358,153.40219767656765,154.34649963378905,0.0122994402364717,-0.0674742047992076,52.58617021924072,154.50999450683594
neutral,-0.0462614752432557,153.40477520315517,154.38900146484374,0.0169701836447615,-0.0632316588880172,50.02381774179072,154.4600067138672
good,-0.0331675199843743,153.40637226724593,154.43300170898436,0.0240513111229142,-0.0572188311072886,53.44446418530068,154.52999877929688
good,-0.0201376806782889,153.4083955944401,154.48800048828124,0.0296649203431998,-0.0498026010214887,54.87022837906567,154.55999755859375
good,-0.0096996278808774,153.40945611039115,154.5239990234375,0.032082378512489,-0.0417820063933664,54.87022837906566,154.55999755859375
good,-0.0133764542932794,153.4126974804865,154.50400085449218,0.0227244416800695,-0.036100895973349,46.59540332415234,154.41000366210938
good,-0.0105213078950043,153.41464715911317,154.50799865722655,0.0204636704626757,-0.0309849783576801,50.35754550818302,154.47999572753906
good,-0.0041756214553458,153.41668356502126,154.50799865722655,0.0214474855218674,-0.0256231069772132,52.90977496008527,154.52999877929688
good,-0.0123182019539171,153.4206985946942,154.46900024414063,0.0106439240186368,-0.022962125972554,44.73670990160392,154.36500549316406
good,-0.0149677406969601,153.42143322827664,154.43900146484376,0.0063955082204751,-0.0213632489174352,47.13515223188676,154.41000366210938
good,-0.0252499623742892,153.4228733932215,154.41799926757812,-0.0031093707654831,-0.022140591608806,42.49959532140093,154.30499267578125
good,-0.0270342054366494,153.42393772049374,154.39800109863282,-0.0039148910622747,-0.0231193143743747,46.5438333162915,154.3800048828125
good,-0.0313155993916893,153.42564265616423,154.36000061035156,-0.0065570280138516,-0.0247585713778376,44.73651980142809,154.33999633789062
good,-0.0438853550080011,153.42690824005737,154.33099975585938,-0.0153014269041307,-0.0285839281038703,39.75095449203153,154.22000122070312
good,-0.058019466162051,153.42805328586584,154.28099975585937,-0.0235484304465444,-0.0344710357155065,37.50062844357788,154.16000366210938
good,-0.0633269664057252,153.42874417400114,154.26480102539062,-0.0230847445521749,-0.0402422218535502,41.316662912229845,154.2239990234375
good,-0.0515275799268692,153.43284070408032,154.27179870605468,-0.0090282864586552,-0.042499293468214,50.94361275908708,154.4149932861328
neutral,-0.0141743725733647,153.43999520126246,154.35579833984374,0.0226599367158794,-0.0368343092892441,62.81137882075515,154.75999450683594
neutral,0.018044807060761,153.44406518887195,154.47079772949218,0.0439032930800042,-0.0258584860192431,63.7690806229276,154.7949981689453
good,0.0410883001364652,153.44858049738266,154.5927978515625,0.0535574289245667,-0.0124691287881014,62.53079915204149,154.77000427246094
good,0.0558817612652831,153.44934370196657,154.69499816894532,0.0546807120427076,0.0012010492225754,60.75157382761421,154.73500061035156
good,0.0608525880874424,153.45236640893168,154.74400024414064,0.0477212310918935,0.0131313569955488,57.008799353605234,154.66000366210938
good,0.0720301113811388,153.45470464392224,154.74400024414064,0.0471190035084719,0.0249111078726668,60.50265796205333,154.75999450683594
good,0.0779727591266805,153.45626033285805,154.73200073242188,0.0424493210032109,0.0355234381234695,59.20738866430664,154.73500061035156
good,0.0933073936634798,153.45957596725597,154.75400085449218,0.0462271644320082,0.0470802292314716,64.0199755819592,154.8800048828125
good,0.0986737464977807,153.46154454713235,154.7690002441406,0.0412748138130472,0.0573989326847334,60.319944476927226,154.80999755859375
good,0.0997598517453184,153.46507071255766,154.79400024414062,0.0338887352484679,0.0658711164968504,59.008707627693965,154.78500366210938
good,0.0914962296303656,153.46660587203232,154.77900085449218,0.0205000905068121,0.0709961391235534,53.95479763144816,154.68499755859375
good,0.0835799398329868,153.46907314866587,154.76799926757812,0.0100670405675466,0.0735128992654401,53.70688795515407,154.67999267578125
good,0.0756279579383658,153.47108187128728,154.7259979248047,0.0016920469383405,0.0739359110000253,53.18138496310028,154.6699981689453
good,0.0781081756832975,153.4737586024667,154.7219970703125,0.0033378117466177,0.0747703639366797,58.43931486408615,154.7899932861328
good,0.0707855170110178,153.47870818864482,154.70199584960938,-0.0031878775405295,0.0739733945515473,52.84679402045487,154.68499755859375
good,0.0698263485642769,153.48002702712694,154.71599731445312,-0.0033176367898163,0.0731439853540933,55.87864513572711,154.7550048828125
neutral,0.0925773736535404,153.48537296897476,154.7919189453125,0.0155467106395577,0.0770306630139827,66.09373012688415,155.05960083007812
neutral,0.1048167253458416,153.4879686961899,154.85848083496094,0.0222288498654871,0.0825878754803545,63.157597000545394,155.0028076171875
good,0.1097971513316906,153.4911226114878,154.89248352050782,0.0217674206810689,0.0880297306506217,60.959738369300034,154.9600067138672
good,0.1212229223590952,153.49748071869357,154.9694854736328,0.0265545533667788,0.0946683689923164,64.38960902158975,155.07000732421875
good,0.1208155845945953,153.51295184534567,155.01248474121093,0.020917772481823,0.0998978121127722,59.28972225509073,154.97000122070312
good,0.1135349996893637,153.51780111601292,154.98056335449218,0.0109097500612732,0.1026252496280905,55.94901190902823,154.89999389648438
good,0.1193008164739239,153.5228808866382,154.99200134277345,0.0133404534766667,0.1059603629972572,61.314169232237454,155.05999755859375
good,0.1184697933987877,153.52941933511127,155.0019989013672,0.0100075443212243,0.1084622490775633,58.89986295966671,155.00999450683594
good,0.119660188665307,153.54236627138937,154.997998046875,0.0089583516701949,0.1107018369951121,60.248592754494446,155.0500030517578
good,0.1020784806388235,153.56574789960462,154.97099914550782,-0.0068986850850308,0.1089771657238543,50.63295777462941,154.8350067138672
good,0.0971191639628159,153.57001192902348,154.98302001953124,-0.0094864014088307,0.1066055653716467,55.12098968999559,154.96009826660156
good,0.1008945624571993,153.5730557277281,154.98502197265626,-0.0045688023315579,0.1054633647887572,58.675777666507535,155.07000732421875
good,0.0987138527332831,153.57774801212153,154.98702392578124,-0.0053996096443792,0.1041134623776624,56.4837712214738,155.02000427246094
good,0.0950818754611759,153.5853806858756,154.97902221679686,-0.0072252695331891,0.1023071449943651,56.03250266446913,155.00999450683594
good,0.0807832124288836,153.59943296206933,154.98802185058594,-0.0172191460523851,0.0980023584812688,50.40105003054772,154.8800048828125
good,0.0543003424814116,153.6056821119734,154.93600158691407,-0.0349616127998857,0.0892619552812974,43.831516198455134,154.6999969482422
good,0.0353259128940521,153.61115288540603,154.8679992675781,-0.0431488339097961,0.0784747468038483,45.11544728986586,154.72999572753906
good,0.0495738295300327,153.62235629204744,154.88399963378907,-0.0231207338190524,0.0726945633490852,57.898658229390016,155.10000610351562
good,0.0713398257321387,153.62626672611685,154.93000183105468,-0.0010837900935572,0.0724236158256959,61.547932038551096,155.24000549316406
neutral,0.0796022723253599,153.6305537378206,154.98200073242188,0.0057429251997312,0.0738593471256287,57.70046528361404,155.13999938964844
neutral,0.081179703307157,153.633428854105,155.06000061035155,0.0058562849452226,0.0753234183619344,55.82150483679545,155.08999633789062
good,0.0826869899650546,153.635512309331,155.13500061035157,0.0058908572824961,0.0767961326825584,56.28140784555595,155.10499572753906
good,0.0833248605913468,153.63986131226352,155.13699951171876,0.0052229823270306,0.0781018782643161,56.44433930490329,155.11000061035156
good,0.0764931332703326,153.6444743083979,155.09499816894532,-0.0012869959951867,0.0777801292655194,53.041471774600815,155.02999877929688
good,0.0766508361853368,153.65008708500514,155.08899841308593,-0.000903434464146,0.0775542706494829,55.9043636538142,155.11000061035156
good,0.0671259013335827,153.6555427345194,155.0709991455078,-0.0083426954527201,0.0754685967863028,51.2754429433496,155.0
good,0.0513199330451072,153.66552815979844,155.03099975585937,-0.0193189309929564,0.0706388640380637,47.60902401687817,154.90499877929688
good,0.0303738022475386,153.66993264507184,154.96999816894532,-0.0322120494324201,0.0625858516799587,44.03914461907192,154.80499267578125
good,0.0124203433060188,153.67504774340625,154.9219970703125,-0.0401324066991519,0.0525527500051707,43.51214952976496,154.7899932861328
good,-0.0277129818589969,153.68422678534276,154.79299621582032,-0.0642125854913341,0.0364996036323372,34.0143970143038,154.46499633789062
good,-0.0624302503017872,153.69278823186667,154.67699584960937,-0.0791438831472996,0.0167136328455123,32.94222735499393,154.4199981689453
good,-0.0849300861175663,153.6988772046833,154.58999633789062,-0.0813149751704629,-0.0036151109471034,35.37978820526088,154.47000122070312
good,-0.0960068857552869,153.70924650358626,154.53699645996093,-0.0739134198465468,-0.0220934659087401,38.7367277065381,154.5399932861328
good,-0.1059842594807776,153.7145200903922,154.48099670410156,-0.0671126348576299,-0.0388716246231476,37.82964505570157,154.50999450683594
neutral,-0.1022227324661173,153.72668004010586,154.51599731445313,-0.0506808862743757,-0.0515418461917415,43.95462249270472,154.63999938964844
neutral,-0.0993072682246634,153.73712823647983,154.55699768066407,-0.0382123376263374,-0.0610949305983259,43.42307711166959,154.625
neutral,-0.0927010182217884,153.7525008724514,154.59599609375,-0.02528487009877,-0.0674161481230184,45.32174340025968,154.6649932861328
neutral,-0.083676444538753,153.77424711429686,154.62799682617188,-0.0130082371325876,-0.0706682074061653,46.99826995950901,154.6999969482422
neutral,-0.0971911342479074,153.79868830301038,154.61199645996095,-0.0212183414733937,-0.0759727927745137,37.45762292018583,154.42999267578125
neutral,0.0,153.9499969482422,154.4739959716797,0.0,0.0,50.0,153.9499969482422
good,0.0,153.94841933358845,154.33499450683593,0.0,0.0,50.0,153.92999267578125
good,0.0,154.03450570088333,154.30199584960937,0.0,0.0,50.0,154.5
good,0.0,154.04640805695377,154.2519958496094,0.0,0.0,50.0,154.4499969482422
good,0.0,154.05852966822377,154.2259979248047,0.0,0.0,50.0,154.3000030517578
neutral,0.0,154.09042115321571,154.40799865722656,0.0,0.0,50.0,154.86000061035156
good,0.0,154.1065651179222,154.53800048828126,0.0,0.0,50.0,154.5800018310547
neutral,0.0,154.12076887962817,154.51600036621093,0.0,0.0,50.0,154.38999938964844
neutral,0.0,154.1295782442994,154.49200134277345,0.0,0.0,50.0,154.3300018310547
neutral,0.0,154.14230365928466,154.5,0.0,0.0,50.0,154.33999633789062
good,0.0,154.13567305690256,154.31399841308593,0.0,0.0,50.0,153.92999267578125
neutral,0.0,154.12362876530477,154.1789978027344,0.0,0.0,50.0,153.90499877929688
good,0.0,154.03297583878646,153.87099914550782,0.0,0.0,50.0,152.85000610351562
good,0.0,153.97351522647028,153.53399963378905,0.0,0.0,50.0,152.64500427246094
good,0.0,153.94026654488042,153.34299926757814,0.0,0.0,43.468152214562416,153.38499450683594
good,0.0,153.93134348771497,153.20599975585938,0.0,0.0,42.00389909147078,153.2449951171875
neutral,0.0,153.9194551495171,153.0518798828125,0.0,0.0,40.833698029947975,153.1343994140625
neutral,0.0,153.90144321663658,153.0498779296875,0.0,0.0,37.81368603367215,152.83999633789062
neutral,0.0,153.89340327930483,153.13287658691405,0.0,0.0,41.30704611155551,153.05999755859375
good,0.0,153.8675744510715,152.9998779296875,0.0,0.0,37.77529393083671,152.72000122070312
good,0.0,153.8450341972132,152.87887878417968,0.0,0.0,36.97421480778553,152.63999938964844
good,0.0,153.68160962760015,152.6259979248047,0.0,0.0,30.311479159130386,151.8699951171875
good,0.0,153.65235143849517,152.460498046875,0.0,0.0,32.72751346243693,152.0124969482422
good,0.0,153.5661525671879,152.2884979248047,0.0,0.0,35.87756297406946,152.1999969482422
good,0.0,153.5447501956634,152.26949768066407,0.0,0.0,42.45508501625036,152.625
good,-0.7421351288467974,153.4961457942741,152.22649841308595,-0.7421351288467974,0.0,40.357164908573,152.4250030517578
neutral,-0.7434366483824704,153.3940848167816,152.24849853515624,-0.7434366483824704,0.0,36.08441588422969,151.97999572753906
good,-0.6952996051952596,153.31286992667256,152.34400024414063,-0.6952996051952596,0.0,43.47115653123517,152.49000549316406
good,-0.6217422577604736,153.30656344423676,152.4720001220703,-0.6217422577604736,0.0,47.919365964528026,152.83999633789062
good,-0.5390772706549285,153.30192052838743,152.56000061035155,-0.5390772706549285,0.0,50.61012819975941,153.06500244140625
good,-0.4964866718926828,153.2795698504911,152.61700134277345,-0.4964866718926828,0.0,46.52592286715296,152.7100067138672
good,-0.4550669363727309,153.27163912886294,152.76900329589844,-0.4550669363727309,0.0,46.91577574618066,152.74000549316406
good,-0.4046670209697538,153.26357642411836,152.8510009765625,-0.4046670209697538,0.0,49.04920392139114,152.89999389648438
good,-0.4043226997909528,153.25764231959124,152.75330200195313,0.1625922157497193,-0.5669149155406722,42.71159851897728,152.35150146484375
good,-0.3572854495731121,153.23369344164664,152.71630249023437,0.167703572774048,-0.5249890223471602,49.48456840196972,152.8800048828125
good,-0.3273309088001213,153.21211640489295,152.7227996826172,0.1581264908376311,-0.4854573996377524,47.89782617611444,152.74249267578125
good,-0.2836264091447731,153.20644590194954,152.76467895507812,0.1614647923943835,-0.4450912015391566,50.47128285409315,152.94940185546875
good,-0.2644525479813637,153.20099009936416,152.7286804199219,0.1445109228462343,-0.4089634708275981,47.660549769916805,152.72000122070312
good,-0.2591804127312116,153.1908455227161,152.77037963867187,0.1198264464771092,-0.3790068592083208,45.74692340887909,152.55999755859375
good,-0.2564830796176807,153.16143496965884,152.69537963867188,0.0980190236725121,-0.3545021032901928,45.07701890666728,152.5050048828125
good,-0.2618176602275923,153.15338603299577,152.62188110351562,0.0741475544500804,-0.3359652146776727,43.45689153842217,152.375
good,-0.2550358030434552,153.1454532832598,152.527001953125,0.064743529307374,-0.3197793323508293,45.091760747658206,152.47500610351562
good,-0.2751359559761397,153.1384545585401,152.40700073242186,0.0357147010997517,-0.3108506570758914,40.6036051930269,152.1199951171875
good,-0.2745854117447379,153.12254990911626,152.352001953125,0.0290121962649227,-0.3035976080096607,43.42240673709535,152.28500366210938
good,-0.2778060575500376,153.10744558175833,152.29100036621094,0.0206332403676984,-0.2984392979177361,42.308463289282464,152.1999969482422
good,-0.2847419195042846,153.09674356391446,152.23699951171875,0.0109579027307611,-0.2956998222350458,41.04130447273179,152.10499572753906
good,-0.2831418547452244,153.0857898415813,152.17249755859376,0.010046373991857,-0.2931882287370815,41.977051126954464,152.15249633789062
good,-0.247750117484486,153.07469637570972,152.25649719238282,0.0363504890020763,-0.2841006064865624,49.07732938089754,152.5399932861328
good,-0.2112143054801833,153.06706242503014,152.32249755859374,0.0583090408051032,-0.2695233462852866,50.3440908639529,152.61500549316406
good,-0.1805816308239229,153.06435741628525,152.4044982910156,0.0711533723690909,-0.2517350031930139,50.25426461736892,152.61000061035156
good,-0.1425584366491818,153.06151504298995,152.535498046875,0.0873412532350656,-0.2298996898842475,52.96295365782811,152.75999450683594
good,-0.1036126140660371,153.05981030991887,152.67587890625,0.1010296606545683,-0.2046422747206054,54.637181675989865,152.85440063476562
good,-0.0802469904387237,153.05744258201378,152.71788024902344,0.0995162274255054,-0.1797632178642291,52.4153031972565,152.75
good,-0.0474649870491532,153.05646919260826,152.77887878417968,0.1058385846520607,-0.1533035717012139,55.58275093853458,152.9199981689453
good,-0.0080770949177235,153.0567587978684,152.8738800048828,0.1161811814267923,-0.1242582763445158,58.47228029345008,153.0850067138672
good,0.0272612915144634,153.0571012314572,152.94988098144532,0.1212156542871834,-0.09395436277272,59.4197669247624,153.13999938964844
good,0.0642096515829564,153.05923840044298,153.03099975585937,0.1265312114845412,-0.0623215599015847,61.48472579746336,153.25999450683594
good,0.0876399329843309,153.05984305472674,153.12099914550782,0.1199691943087325,-0.0323292613244016,59.844969869559954,153.1999969482422
good,0.1089870928209393,153.06204894111448,153.18699951171874,0.1130530833162727,-0.0040659904953334,60.783669271465214,153.25
good,0.1388284475379464,153.06690596866542,153.25599670410156,0.1143155504266238,0.0245128971113225,64.04220607186186,153.42999267578125
good,0.1534471406891953,153.068510035648,153.29599609375,0.1031473948622982,0.0502997458268971,61.29957238359157,153.33999633789062
good,0.1711295422626051,153.07071525833103,153.33199768066407,0.0966638371485664,0.0744657051140387,63.18625097705958,153.44000244140625
good,0.1662804091439511,153.07361465544386,153.33799743652344,0.0734517632239299,0.0928286459200212,56.91179862647664,153.22999572753906
good,0.1709570572195957,153.0776245743194,153.35999755859376,0.0625027290396596,0.1084543281799361,59.58716765288736,153.36000061035156
good,0.1726728691623975,153.07928824702964,153.34599914550782,0.0513748327859691,0.1212980363764284,59.58716765288736,153.36000061035156
good,0.2027611967949383,153.09011273341576,153.4269989013672,0.0651705283348079,0.1375906684601304,66.69043992251298,153.7449951171875
good,0.2371870787595753,153.09788909364818,153.5209991455078,0.0796771282395559,0.1575099505200194,69.19002063495051,153.91000366210938
good,0.2518824596652109,153.10251940472813,153.63299865722655,0.0754980073161532,0.1763844523490577,65.34910342194235,153.7899932861328
good,0.2501559366957906,153.10578103250057,153.69299926757813,0.0590171874773862,0.1911387492184043,61.374841853231466,153.66000366210938
good,0.2355817079718178,153.10934983080733,153.72699890136718,0.0355543670027308,0.200027340969087,57.601825230099095,153.52999877929688
good,0.2497972083710067,153.11541770241908,153.75499877929687,0.0398158939215357,0.209981314449471,64.09302908074993,153.88499450683594
good,0.2513080717160392,153.11704676284054,153.73299865722657,0.0330614058132545,0.2182466659027846,61.659077514472784,153.8000030517578
good,0.2504251695064283,153.11958621737284,153.73699951171875,0.0257428028829149,0.2246823666235133,61.84258377374878,153.80999755859375
good,0.2580476313995632,153.12689346086577,153.7949981689453,0.0266922118208398,0.2313554195787233,64.4120380753971,153.9499969482422
good,0.2574893344324209,153.1293945928033,153.8699981689453,0.020907131882958,0.2365822025494628,62.94488388495556,153.90499877929688
good,0.2421522458134859,153.13095819868292,153.84400024414063,0.0044560346112184,0.2376962112022675,58.18715926469294,153.7550048828125
good,0.2333591010765019,153.1330770409815,153.85,-0.0034696881006124,0.2368287891771144,59.82238496950732,153.8300018310547
good,0.2174286096904438,153.13795911929094,153.83800048828124,-0.0155201435893364,0.2329487532797803,57.25029146805832,153.75
good,0.1813300841061504,153.1400558692546,153.74500122070313,-0.0412949353389038,0.2226250194450543,49.63721692563569,153.48500061035156
good,0.17092434372978,153.14433036076787,153.71100158691405,-0.0413605405722194,0.2122848843019995,55.63149631159041,153.73500061035156
neutral,0.15803152744067,153.147512773487,153.7,-0.0434026854890635,0.2014342129297336,54.65069484788224,153.6999969482422
good,0.1206029564397965,153.14862604768018,153.61000061035156,-0.0646650051919496,0.1852679616317462,46.56796546757895,153.3800048828125
good,0.0707584474381235,153.14840837288918,153.48800048828124,-0.0916076113548981,0.1623660587930216,41.59853067049418,153.13999938964844
good,0.0069682502459613,153.14659943636627,153.35899963378907,-0.1243182468376482,0.1312864970836096,36.37344576858482,152.83999633789062
good,-0.0247407799865868,153.14628001504937,153.2260009765625,-0.1248218216561572,0.1000810416695703,42.35213749423485,153.07000732421875
good,-0.0828074357432058,153.1366949065739,153.01600036621093,-0.1463107819302209,0.0635033461870151,35.746681990047634,152.64999389648438
neutral,-0.1098076249466544,153.134044573061,152.91399841308595,-0.1386487769069356,0.0288411519602812,40.94244682418713,152.8699951171875
good,-0.1416755754672465,153.13169691263928,152.8299987792969,-0.1364133819420221,-0.0052621935252243,38.64781978806493,152.72000122070312
good,-0.1690176539302399,153.1282749631972,152.7959991455078,-0.1310043683240124,-0.0380132856062274,37.88553140240123,152.6699981689453
good,-0.1972883606295283,153.12651989105726,152.69399719238282,-0.1274200600186407,-0.0698683006108876,36.19424523983822,152.55999755859375
good,-0.2347394292320075,153.11901436412214,152.63199768066406,-0.1318969028968959,-0.1028425263351116,33.019366596570194,152.33999633789062
good,-0.2885285563251329,153.09534224658853,152.45799865722657,-0.148548823992017,-0.1399797323331159,28.812976368327668,152.0
good,-0.3070406902469642,153.08792086670124,152.36499938964843,-0.1336487663310786,-0.1733919239158855,35.45447239869978,152.2550048828125
good,-0.3383877295240722,153.07630808585307,152.2309997558594,-0.1319966444865493,-0.2063910850375229,32.21748234636111,152.0
good,-0.3467265302727753,153.06562946023504,152.15,-0.1122683561882019,-0.2344581740845734,36.03994815812413,152.15499877929688
good,-0.3281689267817285,153.0556921839319,152.16600036621094,-0.074968602157724,-0.2532003246240044,42.05630239038603,152.4199981689453
good,-0.3210577194968209,153.05264179926775,152.2220001220703,-0.0542859158982532,-0.2667718035985677,39.91991431980801,152.27999877929688
good,-0.3225962759357514,153.0496398592288,152.2,-0.0446595778697469,-0.2779366980660045,37.91964725582796,152.14500427246094
good,-0.2965927693445849,153.0469121968611,152.28800048828126,-0.0149248570228642,-0.2816679123217206,44.46796681717268,152.44000244140625
good,-0.2728396770655195,153.04394138080434,152.34500122070312,0.0070625882049609,-0.2799022652704804,44.46796681717268,152.44000244140625
good,-0.2447385079642856,153.04273907256297,152.36500244140626,0.0281310058449558,-0.2728695138092414,46.251145547277744,152.52000427246094
good,-0.2091640870921765,153.04139781357975,152.44000244140625,0.0509643413736519,-0.2601284284658284,49.21455341407506,152.65499877929688
good,-0.1770257059092159,153.03952224115037,152.54672241210938,0.06648217804529,-0.2435078839545059,49.73641418878537,152.67860412597656
good,-0.1584916683031281,153.03843951072355,152.57272338867188,0.0680129725211023,-0.2265046408242304,47.32697768630521,152.57000732421875
good,-0.1459147970779497,153.0368687612124,152.58932189941407,0.0644718749970245,-0.2103866720749743,46.281704580961865,152.5229949951172
good,-0.1386256999507225,153.03418407343852,152.5793212890625,0.0574087776994014,-0.1960344776501239,45.07323017683172,152.47000122070312
good,-0.1257516761848478,153.03201393572604,152.5563201904297,0.0562262411722209,-0.1819779173570687,47.04013619972533,152.5399932861328
good,-0.1114398078674412,153.02907763226216,152.5355987548828,0.056430487591702,-0.1678702954591432,48.04220970664561,152.5749969482422
good,-0.0945687389593672,153.02764075147937,152.54759826660157,0.0586412451998208,-0.153209984159188,49.65438013942393,152.6300048828125
good,-0.0874533708723959,153.02642792448495,152.55099792480468,0.0526052906294337,-0.1400586615018296,47.08010190983285,152.5399932861328
good,-0.0768931852409764,153.02398237170658,152.5749969482422,0.0505323810086826,-0.127425566249659,48.67207013999209,152.58999633789062
good,-0.0661474774959742,153.02317514707926,152.58899841308593,0.0490224710029478,-0.115169948498922,49.32880113061481,152.61000061035156
good,-0.049795463248671,153.02162114528656,152.61399841308594,0.0522995882002008,-0.1020950514488718,52.286550288192544,152.6999969482422
good,-0.0232535115996199,153.01944060180952,152.66099853515624,0.0630732318794015,-0.0863267434790215,57.21752062197892,152.86500549316406
good,-0.0181160626037524,153.01604324413373,152.6860809326172,0.0545685447002152,-0.0726846073039676,50.42850332877521,152.6654052734375
good,-0.0055404651766082,153.0143259620662,152.72208251953126,0.0537153137018875,-0.0592557788784957,53.53959003184453,152.77000427246094
good,-0.0012092797776119,153.0132792965987,152.74008178710938,0.046437199280707,-0.047646479058319,51.22250725344037,152.6999969482422
good,0.0014005974657891,153.01291940900444,152.7380828857422,0.0392376612192865,-0.0378370637534974,50.8839362334932,152.69000244140625
good,0.0110078568155529,153.01002790247324,152.72208251953126,0.0390759364552402,-0.0280680796396873,53.99659442315234,152.78500366210938
good,0.0108310212435469,153.00845803199203,152.727001953125,0.0311192807065874,-0.0202882594630404,50.54685196347443,152.69000244140625
good,0.0001982845311943,153.00686956537362,152.68500061035155,0.0163892351953878,-0.0161909506641935,46.19723101478032,152.55999755859375
good,-0.0089317494443719,153.00494712005604,152.65500183105468,0.0058073609758572,-0.0147391104202292,45.87043515385723,152.5500030517578
good,-0.0299434810532659,153.00253139054342,152.59200134277344,-0.0121634965064293,-0.0177799845468365,40.47182105955686,152.375
good,-0.0361014382922633,153.0004947588489,152.53497924804688,-0.0146571629963414,-0.0214442752959219,45.40972378419797,152.49989318847656
good,-0.0464887782229936,152.99827508327746,152.4819793701172,-0.0200356023416574,-0.0264531758813362,43.100970450227095,152.4250030517578
good,-0.0552937533745705,152.99443055612335,152.4519805908203,-0.0230724619945874,-0.0322212913799831,42.63343702141077,152.41000366210938
good,-0.0854939773130922,152.99092282318435,152.36398010253907,-0.0426181487464873,-0.0428758285666049,34.55882963318969,152.11000061035156
good,-0.0898335935602006,152.9886967570866,152.3569793701172,-0.0375662119948765,-0.052267381565324,43.40804113125041,152.33999633789062
good,-0.0818390732609373,152.9865994532386,152.3510009765625,-0.0236573533564905,-0.0581817199044467,47.71211001156016,152.47000122070312
good,-0.0778344860315485,152.9825491262322,152.35199890136718,-0.0157222129016814,-0.0621122731298671,46.53905119740194,152.42999267578125
good,-0.0694218888800151,152.97976476820944,152.36699829101562,-0.0058476926001184,-0.0635741962798967,48.41688016591229,152.48500061035156
good,-0.0552585277390846,152.97917700367444,152.45899963378906,0.0066525348326496,-0.0619110625717343,51.265710493145605,152.57000732421875
good,-0.0371514552372218,152.97883398088118,152.5209991455078,0.0198076858676099,-0.0569591411048318,53.8485243727493,152.64999389648438
good,-0.0209458415965855,152.97822693943348,152.56099853515624,0.028810639606597,-0.0497564812031825,54.49802426832921,152.6699981689453
good,-0.0056173716881176,152.97721565911957,152.61499938964843,0.0353112876120519,-0.0409286593001695,55.50920586507897,152.6999969482422
good,0.0060580962290543,152.97654984324274,152.65700073242186,0.0375894044233791,-0.0315313081943247,55.28912234631693,152.69500732421875
good,0.0059622770943406,152.97531831737726,152.65899963378905,0.0299948682309323,-0.0240325911365916,50.33540190994401,152.5800018310547
good,0.0098081063786423,152.9733321136023,152.65500183105468,0.0270725580121872,-0.0172644516335448,52.33504989416862,152.6300048828125
good,0.0071248173459821,152.97090597300948,152.63300170898438,0.0195114151836216,-0.0123865978376394,49.33978310204249,152.55999755859375
good,-0.0197878191040956,152.96903529286254,152.54300231933593,-0.0059209770131649,-0.0138668420909307,38.76096923977807,152.25
good,-0.0486254106875776,152.96298679878996,152.43399963378906,-0.0278068548773175,-0.0208185558102601,36.07386029306398,152.14999389648438
good,-0.0594967871336109,152.95986369793573,152.3759979248047,-0.0309425850586806,-0.0285542020749302,42.12284063952232,152.2899932861328
good,-0.0617515913957049,152.95861776580256,152.3219970703125,-0.0265579114566197,-0.0351936799390852,44.92910049559651,152.36000061035156
good,-0.0747797791679261,152.95598016840916,152.2519989013672,-0.0316688793830727,-0.0431108997848534,40.40838701099106,152.2100067138672
good,-0.0562153599894372,152.95197754832216,152.31399841308593,-0.0104835681636671,-0.0457317918257701,52.43480559129049,152.55999755859375
good,-0.0510014662172295,152.94613578255243,152.37099914550782,-0.0042157395131675,-0.046785726704062,48.65784819402886,152.43499755859375
good,-0.0658790634509216,152.94312117933333,152.3510009765625,-0.0152746693974876,-0.0506043940534339,42.23629174841221,152.19000244140625
good,-0.0763852921309933,152.94135050495203,152.31800231933593,-0.0206247184620474,-0.0557605736689458,42.4035180288903,152.19500732421875
good,-0.0729773876498143,152.939983387578,152.34200134277344,-0.0137734511846947,-0.0592039364651195,46.87123878650712,152.3300018310547
good,-0.079846485757514,152.93742943828664,152.27000122070314,-0.0165140394339156,-0.0633324463235984,43.38127718647085,152.1999969482422
good,-0.0791329463763759,152.9346220830906,152.23600158691406,-0.0126404000422219,-0.0664925463341539,45.563789917590654,152.26499938964844
good,-0.0752790405768735,152.9336346170778,152.2570007324219,-0.0070291953941756,-0.0682498451826978,46.58708663711477,152.2949981689453
good,-0.0702051853992884,152.93195938221504,152.27999877929688,-0.0015642721732724,-0.0686409132260159,47.12231707645832,152.30999755859375
good,-0.0646313838239791,152.93080124720015,152.2779998779297,0.0032076235216294,-0.0678390073456086,47.50039868142895,152.32000732421875
good,-0.0635167527149178,152.92972376678227,152.29200134277343,0.0034578037045526,-0.0669745564194704,45.74095392797736,152.27000427246094
good,-0.0611223459991094,152.92891595376366,152.2950012207031,0.0046817683362888,-0.0658041143353982,46.170145443619326,152.27999877929688
good,-0.0545609879362416,152.92821945326727,152.302001953125,0.0089945011193253,-0.0635554890555669,48.37051968547519,152.3300018310547
good,-0.0480012625503434,152.9259897671759,152.30800170898436,0.0124433812041788,-0.0604446437545222,48.82083434940808,152.33999633789062
good,-0.0439094188224089,152.92520612337202,152.30800170898436,0.0132281799456906,-0.0571375987680995,47.9206006468501,152.32000732421875
good,-0.0493773934894079,152.9196104884966,152.2950012207031,0.0062081642229533,-0.0555855577123612,43.006987142838845,152.2050018310547
good,-0.05549177890191,152.91869151088417,152.2740020751953,7.502304836098928e-05,-0.055566801950271,41.802908317844825,152.1750030517578
good,-0.0744075068604672,152.91656354462086,152.20600280761718,-0.0150725639281569,-0.0593349429323102,35.248879921607255,151.99000549316406
good,-0.1019406803409026,152.91379556237786,152.1020050048828,-0.0340845899268738,-0.0678560904140287,30.51442541659213,151.82000732421875
good,-0.1103779094224535,152.9126244174521,152.03202209472656,-0.0340174552067397,-0.0763604542157137,38.38313077279438,151.9700927734375
good,-0.1069627320619019,152.9112883939192,152.00702209472655,-0.0244818222769506,-0.0824809097849513,43.434828076859695,152.0800018310547
good,-0.1098492371499162,152.9073262652622,151.9710205078125,-0.0218946618919718,-0.0879545752579443,40.65836423980558,151.9949951171875
good,-0.1056735208856309,152.90190722671224,151.98501892089843,-0.0141751565021493,-0.0914983643834816,43.62589155375412,152.05999755859375
good,-0.0700866292435193,152.89886300743993,152.11101684570312,0.0171293881119698,-0.0872160173554892,57.392817352161785,152.4499969482422
good,-0.0430022358256962,152.8981674876321,152.20299682617187,0.0353710252238343,-0.0783732610495306,56.62891292507673,152.42999267578125
good,-0.0304652256527617,152.89740189651835,152.2499969482422,0.038326428317415,-0.0687916539701768,52.31812612306497,152.31500244140625
good,-0.0229844504986829,152.89662621865722,152.30725708007813,0.0366457627771951,-0.059630213275878,51.090412048804126,152.2812957763672
good,-0.0097857823723757,152.89583523510808,152.36925659179687,0.0398755447228019,-0.0496613270951776,54.14017930215847,152.3699951171875
good,0.0150261806822697,152.8940645018969,152.3892578125,0.0517500062219579,-0.0367238255396881,59.64034839542312,152.5500030517578
neutral,0.0366875793649512,152.8936598035665,152.41925964355468,0.0587291239237115,-0.0220415445587602,60.49077879372011,152.5800018310547
good,0.0420726261174309,152.89297771281016,152.4442596435547,0.0512913365409529,-0.009218710423522,54.69820368442495,152.44000244140625
good,0.0059261798281227,152.8887888325795,152.3760009765625,0.0121159122013157,-0.006189732373193,39.97506948644469,151.94000244140625
good,-0.0224612203111291,152.886247635898,152.29000244140624,-0.0130171903503488,-0.0094440299607802,39.97506948644469,151.94000244140625
good,-0.0448453424643844,152.88513013410818,152.16700134277343,-0.0283210500028833,-0.0165242924615011,39.8505450034659,151.93499755859375
good,-0.0718432120435181,152.86802234124,152.01300048828125,-0.0442551356656136,-0.0275880763779045,36.769788100347725,151.80999755859375
good,-0.094729184535538,152.86001720194108,151.88059997558594,-0.0537128865261067,-0.0410162980094312,36.00251637938939,151.7779998779297
good,-0.1273749708878426,152.85576687144027,151.80859985351563,-0.0690869383027291,-0.0582880325851135,31.60736847899311,151.5800018310547
good,-0.1411298274250896,152.85151135988113,151.76260070800782,-0.0662734358719808,-0.0748563915531087,37.04205642802003,151.7100067138672
good,-0.1542869547392342,152.8506770467878,151.70760192871094,-0.0635444505489004,-0.0907425041903338,35.8616880748708,151.66000366210938
good,-0.1760000642840964,152.84530244591312,151.64460144042968,-0.06820604807501,-0.1077940162090863,32.21366774159532,151.4949951171875
good,-0.1690680087856719,152.84124542258076,151.64300231933595,-0.0490191940612684,-0.1200488147244035,42.67925796863239,151.77000427246094
good,-0.1517387002465966,152.83350499412285,151.70600280761718,-0.0253519084177545,-0.1263867918288421,46.70680734127343,151.89500427246094
neutral,-0.140421238138316,152.8301329749064,151.73300170898438,-0.0112275570475791,-0.1291936810907369,45.33456841148089,151.84500122070312
good,-0.1299540386159776,152.82724396690705,151.77000122070314,-0.0006082860201925,-0.129345752595785,45.33456841148089,151.84500122070312
good,-0.1262549461022502,152.82229299651087,151.82500305175782,0.0024726451948279,-0.1287275912970781,43.13037724182228,151.77000427246094
neutral,-0.125109558729406,152.81817867494703,151.81700134277344,0.0028944260541377,-0.1280039847835437,41.95836492167254,151.72999572753906
good,-0.1550940204326991,152.81290326800243,151.7029998779297,-0.0216720285193243,-0.1334219919133747,32.369442914142866,151.3249969482422
good,-0.2155081742119762,152.7969084825596,151.5019989013672,-0.0656689458388811,-0.149839228373095,25.000919518008445,150.83999633789062
good,-0.2352568671836934,152.78525026459877,151.36399841308594,-0.0683341110484786,-0.1669227561352147,35.302197144945254,151.15499877929688
good,-0.2588172925110257,152.7749687053379,151.21399841308593,-0.0735156291006487,-0.1853016634103769,33.19778353379017,151.02000427246094
good,-0.285494872867531,152.76310310244253,151.04400024414062,-0.0801545675657232,-0.2053403053018077,31.1255391193706,150.8800048828125
good,-0.2975591955870129,152.75148821226432,150.96900024414063,-0.0737751122281641,-0.2237840833588488,33.36499082569806,150.9499969482422
good,-0.3159848872844861,152.7448704136029,150.96000061035156,-0.0737606431405098,-0.2422242441439763,30.96392714965883,150.7949981689453
good,-0.3371907630292696,152.7401720126565,150.86199951171875,-0.0759732151082346,-0.261217547921035,29.0740471541466,150.6649932861328
good,-0.3344062835408579,152.73528437105583,150.8299987792969,-0.0585509884958582,-0.2758552950449996,35.4393894436631,150.86000061035156
good,-0.3172457709949299,152.7299615090214,150.85399780273437,-0.0331123807599442,-0.2841333902349857,39.62837940763929,151.0
good,-0.291410611097632,152.72734072838796,150.88599853515626,-0.005821776690117,-0.285588834407515,42.77044807929219,151.11000061035156
good,-0.2957691851212303,152.72041135640686,150.87899780273438,-0.0081442805709722,-0.287624904550258,36.29721368570266,150.75999450683594
good,-0.2958134333149758,152.7149506948511,150.897998046875,-0.0065508230117741,-0.2892626103032016,36.29721368570266,150.75999450683594
good,-0.2773201175333497,152.6947850768973,150.91599731445314,0.0095539942158814,-0.2868741117492312,41.83914624165124,150.9499969482422
good,-0.2720352842291618,152.6883604611922,150.8749969482422,0.0118710620160555,-0.2839063462452174,38.86847819561567,150.7949981689453
neutral,-0.2723730730727993,152.67671237653653,150.79299621582032,0.0092266185379344,-0.2815996916107338,37.12842154235849,150.6999969482422
good,-0.2785959984507826,152.67034788569288,150.7582763671875,0.0024029545279609,-0.2809989529787435,35.104609099483355,150.58639526367188
good,-0.2572740265646303,152.6653304111642,150.78127746582032,0.0189799411312906,-0.2762539676959209,43.52653771160205,150.875
good,-0.2268680876291569,152.66134419572472,150.79327697753905,0.0395087040534112,-0.2663767916825681,46.99181478318226,151.00999450683594
good,-0.1721404147660052,152.6568936172896,150.90727844238282,0.0753891015332502,-0.2475295162992555,54.83982479884524,151.36500549316406
good,-0.1197224493069768,152.65382484115003,151.0592803955078,0.1022456535938229,-0.2219681029007998,56.68781140025469,151.4600067138672
good,-0.0892564266551119,152.65175875344434,151.2040008544922,0.1061693409965503,-0.1954257676516622,52.9998123935751,151.30999755859375
good,-0.0468199135053168,152.64917712663114,151.33500061035156,0.1188846833170763,-0.1657045968223932,57.37921212551736,151.52999877929688
good,-0.0018703303703944,152.64705720020592,151.46700134277344,0.131067413161599,-0.1329377435319934,59.93744111664319,151.6699981689453
good,0.0469290012935914,152.6448224427935,151.56199951171874,0.1438933958604679,-0.0969643945668764,62.85314103185544,151.83999633789062
good,0.0922057374249618,152.6437675905127,151.65699768066406,0.1513361055934706,-0.0591303681685088,64.4118986300648,151.93499755859375
good,0.1202462736554537,152.64209637399546,151.76599731445313,0.14350131345917,-0.0232550398037163,62.05056343285464,151.85499572753906
good,0.145233124187456,152.63839701198185,151.8419982910156,0.1347905311929378,0.0104425929945181,63.05350330908935,151.91000366210938
good,0.1575700082940443,152.6368418904914,151.8759979248047,0.1177019322396209,0.0398680760544234,60.84941594787876,151.83999633789062
good,0.1722211509847113,152.63617583607402,151.89299926757812,0.1058824599442303,0.0663386910404809,62.56077397975064,151.9250030517578
good,0.1805407997762813,152.63441091436223,151.88800048828125,0.0913616869886402,0.089179112787641,62.04540614864733,151.91000366210938
good,0.1810127506861363,152.63287893067073,151.88900146484374,0.0734669103187961,0.1075458403673401,60.26313203235392,151.86000061035156
good,0.1721404943799029,152.6310125429333,151.86100158691406,0.0516757232100502,0.1204647711698527,57.08480625801656,151.77000427246094
good,0.1771879387887054,152.6276205386117,151.8820037841797,0.0453785340950821,0.1318094046936232,61.35321100587736,151.94500732421875
good,0.1775274710632572,152.6254861173144,151.8820037841797,0.0365744530957072,0.14095301796755,60.61110062027292,151.9250030517578
good,0.1961114339233631,152.62424258449755,151.93600158691407,0.0441267327646504,0.1519847011587127,66.21997385439664,152.17999267578125
good,0.1924824581400628,152.62155219173314,151.96000061035156,0.03239820558508,0.1600842525549827,59.11028820111715,151.97999572753906
good,0.1918338085531843,152.62119167448355,152.01300048828125,0.0253996447985612,0.166434163754623,60.37056496289328,152.03500366210938
good,0.1875436846229377,152.62029099431803,152.0269989013672,0.0168876166946517,0.1706560679282859,59.65053867153343,152.01499938964844
good,0.1768598465069999,152.61947101746682,152.03199768066406,0.0049630228629711,0.1718968236440287,57.26068534757003,151.9499969482422
good,0.1696653860793731,152.61911681108845,151.99400024414064,-0.0017851500517245,0.1714505361310976,58.36631456144037,151.99000549316406
good,0.1712682020354634,152.61766912507903,152.0190002441406,-0.0001458672765073,0.1714140693119708,61.4528226505295,152.10499572753906
good,0.1677810974395015,152.61687924870753,152.0260009765625,-0.0029063774979754,0.1706874749374769,59.99539066399126,152.07000732421875
good,0.1567550876868324,152.61574706955133,152.02100219726563,-0.0111459098005156,0.167900997487348,56.68502988795993,151.99000549316406
good,0.1439370282764969,152.61377549477797,152.02300415039062,-0.0191711753686809,0.1631082036451778,55.44952738415813,151.9600067138672
good,0.1410290585867244,152.61319071190113,152.03900451660155,-0.0176633160467627,0.1586923746334871,58.980106693386446,152.07000732421875
good,0.1546923036994201,152.6123583001336,152.0760040283203,-0.0032000567472536,0.1578923604466737,64.96057488178997,152.2899932861328
good,0.1628369675164549,152.61181087999222,152.11800231933594,0.0039556856558249,0.15888128186063,64.50047233410652,152.27999877929688
good,0.1713512698778174,152.61063684024512,152.18600158691407,0.0099759904137499,0.1613752794640675,65.80538753237971,152.3300018310547
good,0.168091603699537,152.61009185658293,152.23999938964843,0.0053730593883756,0.1627185443111614,60.97763531118463,152.22999572753906
good,0.1668137251924122,152.60869023694465,152.27999877929688,0.0032761447050006,0.1635375804874115,62.17325598358026,152.27000427246094
good,0.1583268973623433,152.6081291128455,152.26199951171876,-0.0041685465000546,0.1624954438623979,58.7794962163079,152.1999969482422
good,0.144289965525445,152.6079142449343,152.23200073242188,-0.0145643826695623,0.1588543481950073,55.51669153881328,152.1300048828125
good,0.1396245169074461,152.6072304196702,152.21199951171874,-0.0153838650300489,0.1550083819374951,59.0166937539555,152.22999572753906
good,0.1395634682516231,152.60683843605074,152.225,-0.0123559309486975,0.1519193992003207,61.15635644193513,152.2949981689453
good,0.1363293888149712,152.60647934440811,152.2259979248047,-0.0124720083082795,0.1488013971232508,60.11617891557954,152.27499389648438
good,0.1462023120311357,152.60626102035891,152.2759979248047,-0.002079268073692,0.1482815801048278,65.6245348028636,152.4499969482422
good,0.1468875973977219,152.60599903817027,152.32649841308594,-0.0011151861656847,0.1480027835634066,62.06457504716807,152.38250732421875
good,0.1441060977212771,152.60573873414927,152.35287780761718,-0.0031173486737036,0.1472234463949807,60.97648625139142,152.3618927001953
good,0.1389371569016759,152.60555192536037,152.36287841796874,-0.0066290315946438,0.1455661884963198,60.047535490229954,152.34500122070312
good,0.1225352949517741,152.60466004473727,152.34988098144532,-0.0184247148356365,0.1409600097874107,53.08687358774596,152.2100067138672
neutral,0.1425813091488805,152.60473817976415,152.3878601074219,0.0012970394891758,0.1412842696597046,66.43155757430443,152.639892578125
neutral,0.1447052131053112,152.60446501632015,152.40935974121095,0.0027367547564852,0.141968458348826,60.02077232502794,152.49000549316406
good,0.1503035907908554,152.60436332811312,152.44898071289063,0.0066681059536235,0.1436354848372318,61.87114756217277,152.55999755859375
good,0.1545727051192784,152.60434047189847,152.49598083496093,0.0087497762256372,0.1458229288936412,62.4066908722491,152.5800018310547
good,0.1649309179673537,152.60446308432506,152.59197998046875,0.0152863912589699,0.1496445267083837,65.29344250322309,152.69000244140625
good,0.1711667722732102,152.6045253513386,152.602001953125,0.0172177964518611,0.153948975821349,65.29344250322308,152.69000244140625
good,0.1669225995782426,152.60451149076505,152.6240020751953,0.0103788990055148,0.1565437005727277,60.85915458404894,152.60000610351562
good,0.1672785538306698,152.60468436009432,152.64600219726563,0.0085878826063536,0.1586906712243161,62.96568297608026,152.6699981689453
good,0.166448409658301,152.60477120655187,152.66600036621094,0.0062061907471878,0.1602422189111131,63.26967287610657,152.67999267578125
good,0.1790580537419259,152.60528725253434,152.70199890136718,0.0150526678646502,0.1640053858772757,68.55413568924759,152.8699951171875
good,0.1900884217357656,152.60560751840407,152.74599914550782,0.0208664286867919,0.1692219930489737,69.54765220231545,152.91000366210938
good,0.1957656982994535,152.60613286833154,152.80599670410157,0.0212349642003839,0.1745307340990696,68.96061112601662,152.89999389648438
good,0.2003758238896011,152.606598434266,152.85799560546874,0.0206760718324252,0.1796997520571759,69.78378289333563,152.92999267578125
good,0.1993111954605808,152.60735395515,152.90199584960936,0.0156891547227238,0.1836220407378569,67.84608190600265,152.89999389648438
good,0.1962057322132295,152.6079661674766,152.90799560546876,0.010066953180298,0.1861387790329315,67.84608190600265,152.89999389648438
good,0.1995144090695362,152.60864429678614,152.92599487304688,0.0107005040292837,0.1888139050402524,70.96332989196621,153.0
good,0.199833008782349,152.60904436940268,152.94599609375,0.0088152829936772,0.1910177257886717,70.96332989196621,153.0
good,0.1946149770848535,152.60989774044978,152.95199890136718,0.0028778010369454,0.1917371760479081,67.90981562246381,152.9600067138672
good,0.1875104412938242,152.6103221727407,152.96199951171874,-0.0033813878032671,0.1908918290970913,67.13121990840946,152.9499969482422
good,0.1718308607808865,152.61080435071634,152.952001953125,-0.0152487746529638,0.1870796354338504,59.76042772609767,152.85000610351562
good,0.1683568952743712,152.61288315337634,152.94900207519532,-0.0149781921275833,0.1833350874019545,65.29981754327729,152.98500061035156
good,0.1728907577051757,152.61396973692123,152.96900329589843,-0.008355463757423,0.1812462214625987,69.19093437843627,153.10000610351562
good,0.1808533593036827,152.615958956511,153.01300048828125,-0.0003142897271328,0.1811676490308156,71.578081001028,153.17999267578125
good,0.1762570976473796,152.6166640846367,153.03700256347656,-0.0039284411067487,0.1801855387541284,64.21074128466148,153.07000732421875
good,0.1666585626180392,152.61743487407554,153.0710021972656,-0.0108215809088713,0.1774801435269106,61.13016099985664,153.02000427246094
good,0.1739905550927858,152.61817956121635,153.12000122070313,-0.0027916707472998,0.1767822258400856,68.0603462944504,153.22999572753906
good,0.1653876203061486,152.61839474625086,153.11499938964843,-0.0091156844271496,0.1745033047332982,59.61190750055947,153.0749969482422
good,0.1571619199391705,152.61955606291187,153.09500122070312,-0.0138731078353022,0.1710350277744727,59.78549376882734,153.0800018310547
good,0.1489262638688728,152.6208413911025,153.0970001220703,-0.0176870111244799,0.1666132749933528,59.78549376882734,153.0800018310547
good,0.1391808789580011,152.62166042824435,153.10499877929686,-0.0219459168282813,0.1611267957862824,58.61763973082138,153.05999755859375
good,0.1419260412980065,152.6225173283181,153.1010009765625,-0.0153606035906207,0.1572866448886272,64.25625527060126,153.2100067138672
good,0.1432567013256687,152.62303785340802,153.1300018310547,-0.0112239548503668,0.1544806561760355,64.602322346933,153.22000122070312
good,0.1438632187400799,152.62372545057147,153.16100158691407,-0.0084939499487645,0.1523571686888444,65.14768916932171,153.23500061035156
good,0.1415024110587524,152.62481599091998,153.18900146484376,-0.0086838061040736,0.150186217162826,64.08440106065956,153.22000122070312
good,0.1380402123219823,152.62576440010528,153.22100219726562,-0.0097168038726749,0.1477570161946573,64.08440106065956,153.22000122070312
good,0.1560906405795776,152.6277645792346,153.27900085449218,0.0066668995079362,0.1494237410716413,73.46168718752895,153.5
good,0.1612747082365331,152.6289686522921,153.31700134277344,0.0094807737319133,0.1517939345046197,67.37287577628291,153.41000366210938
good,0.1654922263968501,152.63009311163935,153.35700073242188,0.0109586335137842,0.1545335928830658,68.16211674830913,153.43499755859375
good,0.1653148160253295,152.63131329161266,153.3959991455078,0.0086249785138109,0.1566898375115185,66.76996853132574,153.4149932861328
good,0.1593042595598035,152.6333610276265,153.425,0.0020915376386279,0.1572127219211755,63.29130562535223,153.36500549316406
good,0.1607561786084943,152.6346514391846,153.41799926757812,0.0028347653498549,0.1579214132586393,66.99543499294258,153.46499633789062
good,0.1572694278531798,152.6357262717896,153.4219970703125,-0.0005215883243675,0.1577910161775474,64.54024150717287,153.42999267578125
good,0.1506006478352333,152.63682162514144,153.41561889648438,-0.0057522946738513,0.1563529425090846,62.64135576139127,153.40310668945312
good,0.1438105094288175,152.6372906501255,153.4136199951172,-0.0100339464642136,0.1538444558930312,62.72447326707757,153.40499877929688
good,0.1332621366939292,152.638445897852,153.4126190185547,-0.0164658553592815,0.1497279920532108,59.34298007581071,153.36000061035156
good,0.1290624978994685,152.63973531608826,153.4056182861328,-0.0165323953229938,0.1455948932224624,62.71040421615032,153.42999267578125
good,0.1282902323414987,152.64051348068588,153.41561889648438,-0.0138437287047709,0.1421339610462696,64.94425356979397,153.47999572753906
good,0.127021683850586,152.64131038333207,153.43299865722656,-0.0120898217565469,0.1391115056071329,65.39120950566526,153.49000549316406
good,0.1150067889851982,152.64278233927945,153.42599792480468,-0.0192837732975477,0.134290562282746,56.14806293999858,153.3699951171875
good,0.1162493334402938,152.6454783553364,153.45799865722657,-0.0144329830739617,0.1306823165142556,63.15817902235865,153.52000427246094
good,0.1115099608574894,152.6463681116903,153.46499938964843,-0.0153378845254129,0.1268478453829023,59.40782442628101,153.46499633789062
good,0.1061279757396391,152.64694377587008,153.46100158691405,-0.0165758957146105,0.1227038714542497,59.0652131326492,153.4600067138672
good,0.1070825803352875,152.64886783653395,153.47099914550782,-0.0124970328951697,0.1195796132304573,62.77172105698573,153.5399932861328
good,0.1121948054651511,152.6494026969588,153.5190002441406,-0.0059078462122449,0.118102651677396,65.69916239282642,153.61000061035156
good,0.1077496450790533,152.65090185700356,153.5190185546875,-0.0082824052786741,0.1160320503577275,59.25502970737266,153.5200958251953
good,0.1130032599990897,152.6522633876051,153.55502014160157,-0.0024230322869102,0.1154262922859999,64.4693895233591,153.64500427246094
good,0.1104465487291861,152.654769636561,153.57851867675782,-0.003983794845451,0.1144303435746372,60.00040132860022,153.57749938964844
good,0.0945572815761863,152.657286841665,153.55436096191406,-0.0158984495987606,0.110455731174947,51.06183484033432,153.41920471191406
good,0.0874760578525979,152.65828350830336,153.53236083984376,-0.0183837386578793,0.1058597965104772,54.76594304097328,153.5
good,0.0641785400643755,152.66066483269574,153.48634033203126,-0.0333450051568813,0.0975235452212569,45.19129902040281,153.2899932861328
good,0.0392114571504009,152.66337936334392,153.40033874511718,-0.0466496704566847,0.0858611276070857,42.34420908045244,153.21499633789062
good,0.0172096829865608,152.66380585771267,153.32283935546874,-0.0549211556964198,0.0721308386829807,41.40793079965855,153.19000244140625
good,-0.0002242960077296,152.6649749029337,153.2769989013672,-0.0578841077525683,0.0576598117448386,41.407930799658544,153.19000244140625
good,-0.0074989278307384,152.66600356884985,153.2309997558594,-0.0521269916604617,0.0446280638297232,45.852452600495,153.27000427246094
good,-0.0123156852341423,152.66644612561797,153.2290008544922,-0.0455549992510925,0.0332393140169501,46.39947034204473,153.27999877929688
good,-0.0119603008916442,152.6674665450967,153.252001953125,-0.0361596919268754,0.0241993910352312,49.16637097043995,153.3300018310547
good,-0.0067594361099452,152.66892916548525,153.29200134277343,-0.0247670617161411,0.0180076256061959,52.34510196488106,153.38999938964844
good,-0.0018103712928052,152.66972361423217,153.33399963378906,-0.0158543975192009,0.0140440262263957,52.87376371812013,153.39999389648438
good,-0.0034956804726959,152.67037438979014,153.34599914550782,-0.0140317653592733,0.0105360848865773,48.79162504722004,153.3300018310547
good,0.0091841148168612,152.6727463760133,153.39100036621093,-0.0010815760557729,0.0102656908726341,57.60502379612511,153.5050048828125
neutral,0.0162214501624475,152.67404755583962,153.41900024414062,0.0047646074318507,0.0114568427305968,55.545787895651465,153.47000122070312
neutral,0.0247405197667092,152.67594395080516,153.44299926757813,0.0106269416288899,0.0141135781378193,57.41872293152398,153.50999450683594
good,0.0255496486273614,152.67924612980244,153.4510009765625,0.0091488563916336,0.0164007922357277,53.19471535626244,153.44000244140625
good,0.0314758300353048,152.6802706947986,153.48699951171875,0.0120600302396616,0.0194157997956431,56.63060500124303,153.50999450683594
good,0.0381532157542778,152.68094585425584,153.4939971923828,0.0149899327669077,0.0231632829873701,58.05193747688258,153.5399932861328
good,0.0493319037292963,152.68303948966283,153.52399597167968,0.0209348965935409,0.0283970071357553,61.66054217385336,153.6199951171875
good,0.0535403179033266,152.6842878516865,153.53599853515624,0.020114648614057,0.0334256692892696,58.28654705272051,153.57000732421875
good,0.0602149926308754,152.68559007057522,153.5719970703125,0.0214314586732847,0.0387835339575907,60.6078482671603,153.6199951171875
good,0.066354010318804,152.68641648008526,153.597998046875,0.0220563810889706,0.0442976292298334,61.53045348431304,153.63999938964844
good,0.0720033933723982,152.69096501916778,153.62200012207032,0.0221646113140518,0.0498387820583464,62.47688622465324,153.66000366210938
good,0.073215931679897,152.69289245630205,153.6240020751953,0.0187017196972405,0.0545142119826565,60.0894254474005,153.6300048828125
good,0.074128839085148,152.69533377622275,153.63800048828125,0.0156917016819931,0.0584371374031548,60.62922595904886,153.63999938964844
good,0.072802774327215,152.6968443429258,153.63900146484374,0.0114925095392481,0.0613102647879668,59.33224677026786,153.625
good,0.0787122433679883,152.6986489354616,153.65550231933594,0.0139215828640171,0.0647906605039711,64.62921858297592,153.72250366210938
good,0.0886274511255464,152.69986320034087,153.68350219726562,0.0190694324972602,0.0695580186282862,68.17717481276476,153.8000030517578
good,0.1169245792102628,152.71167110078284,153.77150268554686,0.0378932484655813,0.0790313307446815,76.87880923377614,154.07000732421875
good,0.1361664375508269,152.71397337704033,153.85350341796874,0.0457080854449162,0.0904583521059106,75.23734150138827,154.0500030517578
good,0.1632513208098487,152.71736293294208,153.97250366210938,0.0582343749631504,0.1050169458466982,79.28510090151794,154.22000122070312
good,0.1718424644610934,152.72076850508031,154.04500427246094,0.0534604148915161,0.1183820495695772,69.56119019183014,154.0850067138672
good,0.182198511407762,152.72285804342036,154.11600341796876,0.0510531694705477,0.1311453419372142,71.51205803934025,154.15499877929688
good,0.1870393545831348,152.7300686346967,154.1300018310547,0.0447152101167364,0.1423241444663983,70.46971147673007,154.13999938964844
good,0.199071295248757,152.73579189430865,154.17400207519532,0.0453977206258869,0.15367357462287,74.0062081868977,154.27000427246094
good,0.2012436556534567,152.74033002733188,154.17150268554687,0.0380560648244693,0.1631875908289874,69.68551789794584,154.20750427246094
good,0.1960645501302167,152.7473896642612,154.18450012207032,0.0263015674409834,0.1697629826892333,65.87439879589711,154.14999389648438
good,0.1937613399587405,152.74971002084513,154.19349975585936,0.0191986858156058,0.1745626541431347,67.5368016716499,154.1999969482422
good,0.1865583765151086,152.75239194053785,154.19750061035157,0.0095965778975791,0.1769617986175295,64.81710263719467,154.16000366210938
good,0.1835751377332144,152.75465869646197,154.1875,0.0052906712925479,0.1782844664406665,66.96626492014785,154.22000122070312
good,0.1791458180296672,152.75680227484094,154.18999938964845,0.0006890812712005,0.1784567367584666,66.96626492014785,154.22000122070312
good,0.1768243531325879,152.75911193416258,154.21199951171874,-0.0013059069007029,0.1781302600332909,68.45589586380031,154.25999450683594
good,0.1658112542147307,152.76140006094525,154.20599975585938,-0.0098552046548481,0.1756664588695789,61.71196919857762,154.1699981689453
good,0.1552931709689744,152.76416869927905,154.20799865722657,-0.0162986303204835,0.171591801289458,61.71196919857762,154.1699981689453
good,0.1317216772170297,152.77397701823136,154.16399841308595,-0.0318960992579426,0.1636177764749724,50.75750750595335,154.0
good,0.1229209234264487,152.7797510346411,154.147998046875,-0.0325574824388189,0.1554784058652676,57.45532658895687,154.13999938964844
good,0.1038561451429131,152.7873450956321,154.0970001220703,-0.0412978085778835,0.1451539537207967,50.34450047140192,154.0050048828125
good,0.0929211871680877,152.79123326781885,154.077001953125,-0.0417862132421672,0.1347074004102549,53.33911539420257,154.07000732421875
good,0.0844915140011437,152.79334820495174,154.06000366210938,-0.0401727091272889,0.1246642231284327,54.028076814906775,154.0850067138672
good,0.0793172679709641,152.79574335164207,154.0830047607422,-0.0362775641259748,0.115594832096939,55.44502136300848,154.11500549316406
good,0.0731629385112739,152.7979557583217,154.07500610351562,-0.033945514868532,0.107108453379806,54.539854093502015,154.10000610351562
good,0.0738880999585376,152.80210973558354,154.11000366210936,-0.0265762827370147,0.1004643826955523,58.43662828253362,154.17999267578125
good,0.0600531092681535,152.8057899685033,154.0980010986328,-0.032329018741919,0.0923821280100726,48.85212306511016,154.00999450683594
good,0.0469347979868643,152.80903411056445,154.0790008544922,-0.0363578640185665,0.0832926620054309,47.858155282973925,153.99000549316406
good,0.045295059434693,152.81253070815177,154.07699890136718,-0.0303980820565903,0.0756931414912834,53.69491516053657,154.10499572753906
good,0.0247476935388988,152.81502581292187,154.03099670410157,-0.0407563583619076,0.0655040519008064,43.08122915867892,153.8699951171875
good,0.0175415323226388,152.81750663559825,153.99199829101562,-0.038370015662534,0.0559115479851729,48.45135660739008,153.98500061035156
good,0.0128923085232202,152.8198341851952,153.98999938964843,-0.0344153915695622,0.0473077000927824,49.12552548875117,154.0
good,0.0091028333695248,152.82344119622718,153.99199829101562,-0.030563893378606,0.0396667267481309,49.12552548875117,154.0
good,-0.0003517770870757,152.82605818155702,153.9549987792969,-0.0320148030681653,0.0316630259810895,45.44873433692364,153.9199981689453
good,-0.0217155839715132,152.82846710779748,153.92999877929688,-0.0427028879620823,0.0209873039905689,38.63649560021683,153.7449951171875
good,-0.0457845832222858,152.83112291256785,153.86299743652344,-0.0534175097702838,0.007632926547998,35.52367427978673,153.64999389648438
good,-0.0633217998136785,152.8318861151555,153.7949981689453,-0.0567637810893412,-0.0065580187243372,36.10776985717364,153.66000366210938
good,-0.0779359507888273,152.83379951630013,153.722998046875,-0.057102345651592,-0.0208336051372352,35.41724089516063,153.63999938964844
good,-0.0813184301451883,152.83654571380188,153.68499755859375,-0.0483878600063624,-0.0329305701388259,40.893722128134016,153.72999572753906
good,-0.0862321626640891,152.84071177442416,153.6739990234375,-0.0426412740202106,-0.0435908886438785,39.29889969522525,153.69000244140625
good,-0.0930880978243635,152.84200698148294,153.6720001220703,-0.0395977673443879,-0.0534903304799755,37.33823391050628,153.63999938964844
good,-0.1129536465702756,152.84355508597298,153.62900085449218,-0.04757065287224,-0.0653829936980355,30.870256071608537,153.44500732421875
good,-0.1148660269079755,152.84657969544185,153.62100219726562,-0.0395864265679519,-0.0752796003400235,39.79764137808744,153.60000610351562
good,-0.1046857733825561,152.85079589982533,153.62100219726562,-0.023524938434026,-0.08116083494853,46.08585317930775,153.72999572753906
good,-0.1090778985035001,152.85313583678558,153.59500122070312,-0.022333650843976,-0.086744247659524,40.17571649578313,153.55999755859375
good,-0.1056913393471177,152.85615605306737,153.59300231933594,-0.0151576733500748,-0.0905336659970428,43.39506580286616,153.6300048828125
neutral,-0.0850821374452266,152.86756425830558,153.6720001220703,0.0043612228414529,-0.0894433602866796,51.77771362762784,153.83999633789062
neutral,-0.0655726648152494,152.87291140117242,153.7259979248047,0.019096556377144,-0.0846692211923935,52.85189548224781,153.8699951171875
good,-0.0479444162072582,152.87891288886982,153.75799865722655,0.0293798439881083,-0.0773242601953665,53.59424043685201,153.88999938964844
good,-0.0411651801606751,152.88350989636308,153.80499877929688,0.028927264027753,-0.0700924441884282,49.600169344219175,153.7949981689453
good,-0.0190312716052005,152.89047109676022,153.87899780273438,0.0408489380665821,-0.0598802096717827,57.04017713546744,154.0
neutral,0.0088977502122702,152.90663734470684,153.93699951171874,0.0550223679072423,-0.0461246176949721,60.97457735531857,154.1300048828125
neutral,0.016318456283443,152.92007863540323,153.9529998779297,0.0499544591827321,-0.033636002899289,53.64822088370284,153.9499969482422
neutral,0.0291256295181483,152.93619214314052,153.98299865722657,0.0502093059339499,-0.0210836764158016,56.46465203600624,154.0399932861328
neutral,0.0420193884334878,152.95924800758877,154.03999938964844,0.0504824518794315,-0.0084630634459437,57.69530031857861,154.0800018310547
neutral,0.0675966553815214,153.02414847319994,154.09599914550782,0.0608477750619721,0.0067488803195493,63.28279183922548,154.27999877929688
good,0.0,154.97500610351562,154.26499938964844,0.0,0.0,50.0,154.97500610351562
good,0.0,154.7901394555183,154.2510009765625,0.0,0.0,50.0,153.8800048828125
good,0.0,154.72543756489637,154.15500183105468,0.0,0.0,50.0,153.55999755859375
good,0.0,154.7146412207304,154.2530029296875,0.0,0.0,50.0,154.57000732421875
neutral,0.0,154.7663961445456,154.49898376464844,0.0,0.0,50.0,155.50990295410156
good,0.0,154.8228425497717,154.5039825439453,0.0,0.0,50.0,155.0
good,0.0,154.81164942888802,154.5519805908203,0.0,0.0,50.0,154.1199951171875
good,0.0,154.77412441923366,154.6809814453125,0.0,0.0,50.0,154.2050018310547
good,0.0,154.75563756456074,154.57098083496095,0.0,0.0,50.0,154.02000427246094
good,0.0,154.74932446784425,154.32699890136718,0.0,0.0,50.0,154.2899932861328
good,0.0,154.75764994340366,154.32699890136718,0.0,0.0,50.0,155.0
good,0.0,154.73275129279307,154.35299987792968,0.0,0.0,50.0,154.25
good,0.0,154.72997777363966,154.3989990234375,0.0,0.0,50.0,154.43499755859375
good,0.0,154.72125494648913,154.43099670410157,0.0,0.0,50.0,154.17999267578125
good,0.0,154.71981919024114,154.4969970703125,0.0,0.0,47.67505536058327,154.6199951171875
good,0.0,154.714400444791,154.41599731445314,0.0,0.0,47.5075679120529,154.59500122070312
good,0.0,154.7177890368065,154.55199584960937,0.0,0.0,50.040888832621306,154.92999267578125
good,0.0,154.71681286731936,154.6009948730469,0.0,0.0,48.17243207856848,154.67999267578125
neutral,0.0,154.7181677855973,154.73999633789063,0.0,0.0,49.74859758792009,154.875
neutral,0.0,154.71867831838236,154.772998046875,0.0,0.0,49.00785841407424,154.78500366210938
neutral,0.0,154.7184394718631,154.7959991455078,0.0,0.0,48.36162590601193,154.7100067138672
good,0.0,154.7137944649033,154.71700134277344,0.0,0.0,46.81047919221451,154.53500366210938
good,0.0,154.6741278951557,154.58200378417968,0.0,0.0,42.37744867572978,154.0050048828125
good,0.0,154.61732257089582,154.35700378417968,0.0,0.0,40.39525407669724,153.75
neutral,0.0,154.57864402076274,154.1280029296875,0.0,0.0,39.53616672823826,153.63999938964844
neutral,-0.1998015689529211,154.55057205585126,153.9510009765625,-0.1998015689529211,0.0,41.778727684621295,153.8249969482422
neutral,-0.1850935832937068,154.54376621559223,153.88800048828125,-0.1850935832937068,0.0,46.353897653628216,154.22000122070312
neutral,-0.1650789916726296,154.52272114145006,153.9470001220703,-0.1650789916726296,0.0,47.25789226132847,154.3000030517578
neutral,-0.1307653466450347,154.52249724452312,154.0989990234375,-0.1307653466450347,0.0,49.65596349210124,154.50999450683594
good,-0.0575194384707913,154.5333112477737,154.385498046875,-0.0575194384707913,0.0,55.49354774107501,155.07249450683594
neutral,0.0106935839257289,154.54866760339615,154.660498046875,0.0106935839257289,0.0,56.71863420686926,155.1999969482422
good,0.0783745782029541,154.5595196441821,154.8924987792969,0.0783745782029541,0.0,58.45722394220628,155.3800048828125
good,0.1336981882461145,154.58139276464854,155.1164978027344,0.1336981882461145,0.0,58.8526976781918,155.4199981689453
good,0.2177983757936772,154.5906096767128,155.4044982910156,0.2508755094455226,-0.0330771336518454,63.77434850879343,155.9499969482422
good,0.2724318258864571,154.6046039940781,155.55799865722656,0.244407167630642,0.028024658255815,62.11375950840976,155.83999633789062
good,0.3129296746313628,154.62826491555134,155.68800048828126,0.2279240131004381,0.0850056615309246,62.21018777442509,155.85000610351562
good,0.3367045109229423,154.64091492496564,155.7709991455078,0.2013590795136141,0.1353454314093281,61.28702664338421,155.7949981689453
good,0.3598701585229378,154.6501365368812,155.86699829101562,0.1796197816908877,0.18025037683205,62.4329461386561,155.89999389648438
good,0.3491896480251455,154.66242003853586,155.7949981689453,0.1351514169544763,0.2140382310706692,57.06239445197788,155.58999633789062
good,0.3168993375437026,154.6682428327312,155.69499816894532,0.0822888851784267,0.2346104523652759,53.09568222142766,155.33999633789062
good,0.279214295314631,154.6811763477883,155.57099609375,0.0356830743594841,0.2435312209551469,51.40249616770792,155.22999572753906
good,0.2449124828443132,154.68809871353454,155.45399780273436,0.001105009511333,0.2438074733329802,51.08370314816554,155.2100067138672
good,0.2415705331654862,154.69477516773765,155.38199768066406,-0.0017895521339951,0.2433600852994814,55.941545723358594,155.5399932861328
good,0.2130658884188676,154.69892761221357,155.31399841308593,-0.024235357504491,0.2373012459233587,51.135491582214826,155.25
good,0.1851147406390509,154.70388178867245,155.28800048828126,-0.0417492042274462,0.2268639448664972,50.49124209487338,155.2100067138672
good,0.1599095910317487,154.71027658042058,155.2810028076172,-0.0535634830677987,0.2134730740995475,50.23561051084103,155.19500732421875
good,0.1100196704524876,154.7112409944942,155.20700073242188,-0.0827627229176479,0.1927823933701355,44.49377671780349,154.83999633789062
good,0.070476840242776,154.7123999240961,155.06900329589843,-0.0978444425018876,0.1683212827446636,44.68575086754799,154.85000610351562
good,0.0674108328957743,154.7149759266862,155.06100463867188,-0.0807283598791114,0.1481391927748857,51.22014851664571,155.2100067138672
good,0.049880868451396,154.71612589253672,155.0250030517578,-0.0786066594587917,0.1284875279101878,48.15678113395908,155.02999877929688
good,0.0200232002803488,154.71741146819392,154.9530029296875,-0.0867714621038711,0.10679466238422,45.016017217153134,154.8350067138672
good,0.0398778931074446,154.7234674686439,155.06100463867188,-0.0535334154214203,0.0934113085288649,54.038652150769664,155.3800048828125
good,0.0470014203341691,154.7261354798141,155.14700317382812,-0.0371279105557567,0.0841293308899258,52.34135342313643,155.27999877929688
good,0.0524461525984918,154.73366638708185,155.16200256347656,-0.0253465426331471,0.077792695231639,52.42189368178504,155.28500366210938
good,0.0589066064484598,154.73731645740747,155.22000427246093,-0.0151088710265433,0.0740154774750031,53.01987788231688,155.32000732421875
good,0.0593080677980992,154.7401249139325,155.3070037841797,-0.0117659277415231,0.0710739955396223,52.014169802162506,155.27000427246094
good,0.0585474777160754,154.74725844412342,155.28400268554688,-0.0100212142588375,0.068568691974913,51.90803693251751,155.26499938964844
good,0.0672558760539345,154.75300566026507,155.30600280761718,-0.0010502527367827,0.0683061287907173,54.41009675759386,155.38999938964844
good,0.0964456140893048,154.7654291376409,155.38500061035157,0.02251158823887,0.0739340258504348,59.65435918658935,155.67999267578125
good,0.106250646573045,154.7744079590495,155.4269989013672,0.0258532965780881,0.0803973499949569,56.062195062793926,155.52999877929688
good,0.1258848933096885,154.79543854449074,155.51199951171876,0.0363900346517853,0.0894948586579032,58.98798174709504,155.69500732421875
good,0.1410297969834459,154.80012696034515,155.6010009765625,0.0412279506604341,0.0998018463230118,59.25359238445269,155.7100067138672
neutral,0.1382371950038816,154.80479325811922,155.6322814941406,0.0307482789446958,0.1074889160591857,55.06456227773925,155.54640197753906
good,0.1562999738717394,154.81326460160471,155.66028442382813,0.0390488462500429,0.1172511276216965,60.139750981487744,155.82000732421875
neutral,0.1734566574438361,154.82083132757586,155.73028564453125,0.0449644238577116,0.1284922335861244,61.17528687169992,155.8800048828125
neutral,0.1705621821862166,154.8272380584053,155.73128356933594,0.0336559588800737,0.1369062233061428,56.43790105540846,155.6999969482422
neutral,0.1811083423458797,154.84412526881368,155.7662811279297,0.0353616952317894,0.1457466471140902,59.87678483932454,155.88499450683594
good,0.2283896630999891,154.8702935002129,155.93699951171874,0.066114412788719,0.16227525031127,67.55530885619683,156.39999389648438
good,0.2728022116896227,154.8894457965245,156.07799682617187,0.0884215691026821,0.1843806425869405,69.10097189458959,156.52499389648438
good,0.3176525856873695,154.92890751028543,156.23999633789063,0.1066175544803431,0.2110350312070263,71.06088800571604,156.69000244140625
good,0.349171795107992,154.95803472210346,156.43799743652343,0.1105094111207725,0.2386623839872195,71.06088800571604,156.69000244140625
good,0.3722802316622449,154.97945811475697,156.60499877929686,0.1068942781400202,0.2653859535222246,71.44280998281111,156.72000122070312
good,0.3925245347827513,155.0245162644451,156.68500061035155,0.1017108650084213,0.29081366977433,72.48567786997707,156.8000030517578
good,0.4166760668570077,155.05702748344757,156.77200317382812,0.1006899176661422,0.3159861491908655,74.49201818958844,156.9600067138672
good,0.433640859865477,155.17865370560386,156.83300170898437,0.0941237685396892,0.3395170913257878,74.9226501966576,156.9949951171875
good,0.4495690331348498,155.22470332153486,156.91300048828126,0.0880415534472496,0.3615274796876002,76.10235942651784,157.08999633789062
good,0.468093119820594,155.24716542058346,157.01499938964844,0.085252512106395,0.382840607714199,77.76255718638956,157.22999572753906
good,0.4908330061162189,155.2793829445045,157.13499755859374,0.0863939187216159,0.404439087394603,79.6145053918884,157.39999389648438
good,0.4982694877863594,155.29668961006044,157.21099548339845,0.0750643203134051,0.4232051674729543,77.171769744328,157.33999633789062
good,0.4984175063280815,155.30233804517314,157.27999572753907,0.0601698710841018,0.4382476352439797,77.171769744328,157.33999633789062
good,0.4968423511226092,155.3125627381365,157.33999633789062,0.0468757727029035,0.4499665784197056,77.8292709334454,157.38999938964844
good,0.4939350815021441,155.32043932500773,157.38199768066406,0.0351748024659507,0.4587602790361934,78.4962663562199,157.44000244140625
good,0.4740618740397622,155.33193837030026,157.35999755859376,0.0122412760028549,0.4618205980369072,71.54260456509911,157.2899932861328
good,0.4625824231475803,155.34912104783922,157.37379760742186,0.0006094600885385,0.4619729630590418,73.54477880039254,157.40899658203125
good,0.4739237262424183,155.40261362612895,157.45179748535156,0.009560610546701,0.4643631156957172,78.03413958970512,157.72999572753906
good,0.4574655024421474,155.4659873922078,157.46979675292968,-0.0055180906028558,0.4629835930450033,68.31143018617504,157.47999572753906
good,0.4545144904892311,155.50478254883024,157.5157958984375,-0.0067752820446178,0.4612897725338489,71.24391807840465,157.6699981689453
good,0.450214356611184,155.51699995088208,157.59979858398438,-0.0088603327381319,0.4590746893493159,71.83496524409527,157.7100067138672
good,0.444505755614216,155.53341149346076,157.66699829101563,-0.0116551469880799,0.4561609026022959,72.36981556597901,157.7449951171875
good,0.4230022872432926,155.5444211481511,157.63999938964844,-0.0265268922872027,0.4495291795304953,66.53649262294411,157.59500122070312
good,0.4200807890634621,155.5586469215433,157.71000061035156,-0.0235587123736266,0.4436395014370887,70.54268499675327,157.8300018310547
good,0.3942581330931887,155.5804306779598,157.69500122070312,-0.03950509467512,0.4337632277683088,62.48647052035238,157.59500122070312
good,0.385887159718095,155.5929439602947,157.71300048828124,-0.038300854440171,0.424188014158266,66.12126343709605,157.8000030517578
good,0.3853006729819981,155.61660948128284,157.75,-0.0311098729410144,0.4164105459230125,68.22373543240448,157.92999267578125
good,0.3836418488038191,155.67076905069032,157.825,-0.0262149576953547,0.4098568064991739,68.86419521276052,157.97000122070312
good,0.3939243858595773,155.68205029861346,157.89299926757812,-0.0127459365116772,0.4066703223712546,71.91186062465613,158.1699981689453
good,0.4046705328904352,155.71779401390967,158.0259979248047,-0.0015998315846555,0.4062703644750907,73.18386757495766,158.25999450683594
good,0.4056871511495501,155.73656998318992,158.11099853515626,-0.0004665706604325,0.4061537218099826,71.82208278877118,158.22500610351562
good,0.4066465615691754,155.75119919378278,158.18200073242187,0.0003942718073541,0.4062522897618212,72.75818505594839,158.28500366210938
good,0.3828210676065282,155.8412872359919,158.19500122070312,-0.0187449777242344,0.4015660453307627,63.31890412715302,158.03500366210938
good,0.3745493768101653,155.87247970576252,158.2050018310547,-0.0216133348164779,0.3961627116266432,66.75592363803825,158.22000122070312
good,0.370979533461707,155.88169340133126,158.21500244140626,-0.020146542531949,0.391126075993656,68.31147803370585,158.30999755859375
good,0.3876214729093021,155.9145042025127,158.2913360595703,-0.0028036824674831,0.3904251553767853,72.82560710676728,158.60667419433594
good,0.3925191984240541,155.94773258741006,158.3463348388672,0.001675234437815,0.3908439639862391,71.10928349749764,158.55999755859375
good,0.4086359668318948,156.00147003856495,158.4933349609375,0.0142336022765245,0.3944023645553702,74.07023907353894,158.77000427246094
neutral,0.4150104620339334,156.0845110887887,158.59933471679688,0.0164864779828505,0.3985239840510829,73.29960276810033,158.75
good,0.4246478958068564,156.10968221534375,158.71083374023436,0.0208991294046188,0.4037487664022376,74.94820999123756,158.86749267578125
good,0.4167901319102611,156.1438152967202,158.7364990234375,0.0104330924064187,0.4063570395038424,69.72036292823749,158.73500061035156
good,0.3911263790902524,156.1675531516885,158.7345001220703,-0.012184528330872,0.4033109074211244,63.10179359139861,158.5500030517578
good,0.3466191496262354,156.17981852957786,158.6404998779297,-0.0453534062359112,0.3919725558621466,55.44223243612591,158.3000030517578
good,0.3086045405463267,156.18943788218257,158.55252075195312,-0.0666944122526559,0.3752989527989827,55.6763427277159,158.3101043701172
good,0.2800817635058763,156.1986729702306,158.45302124023436,-0.0761737514344851,0.3562555149403614,57.11503687935468,158.3699951171875
good,0.2585318908821534,156.2102945270146,158.39002075195313,-0.0781788992465664,0.3367107901287198,58.33112794646933,158.4199981689453
good,0.2442864850219734,156.2416730388011,158.37802124023438,-0.0739394440853971,0.3182259291073706,60.03965529319037,158.49000549316406
good,0.2315381954451254,156.26187170845304,158.4190216064453,-0.0693501869297961,0.3008883823749215,60.41416646377476,158.5050048828125
good,0.2081415975735581,156.26931001140974,158.43099975585938,-0.0741974278410907,0.2823390254146489,55.38279163553605,158.3699951171875
good,0.1958158904858464,156.27491016181685,158.452001953125,-0.0692185079430419,0.2650343984288884,58.29229219346331,158.47500610351562
good,0.1791401300933159,156.28815708970123,158.4510009765625,-0.0687154146684579,0.2478555447617739,56.043072140086096,158.4149932861328
good,0.1676244074387227,156.29938289792167,158.44500122070312,-0.0641849098584409,0.2318093172971637,57.37169473474336,158.4600067138672
good,0.1375461306058127,156.3261292872278,158.38800048828125,-0.0754105493530807,0.2129566799588935,48.887079125028976,158.22000122070312
good,0.1339518541882398,156.3501844087069,158.41200256347656,-0.0632038606165229,0.1971557148047628,56.65352646260554,158.49000549316406
good,0.1240246789468528,156.35650234160502,158.4010009765625,-0.0585048286863279,0.1825295076331808,54.34768075690377,158.4199981689453
neutral,0.0878623118458108,156.3620299952015,158.33438110351562,-0.0757337566298959,0.1635960684757068,44.85288711061024,158.08189392089844
good,0.0847026894917917,156.38005874832953,158.32438049316406,-0.063114703187132,0.1478173926789238,53.36719307148442,158.41000366210938
good,0.0684981041801222,156.38983083117614,158.33038024902345,-0.0634554307990412,0.1319535349791634,49.36463293647244,158.25
good,0.0653923587138081,156.40234174573212,158.30838012695312,-0.0532489410122843,0.1186412997260924,52.48299803287651,158.3800048828125
good,0.0917291502897796,156.42678534910726,158.37438049316407,-0.0215297195490501,0.1132588698388298,60.02786162499927,158.75
neutral,0.1336541272200975,156.47574609192958,158.56400146484376,0.016316205905014,0.1173379213150834,64.60775438209228,159.02999877929688
neutral,0.1562032299468967,156.50171998880313,158.66600036621094,0.0310922469054506,0.125110983041446,61.62066677426562,158.9199981689453
good,0.1593259871862642,156.5112583262454,158.76799926757812,0.0273720033158545,0.1319539838704097,57.45923601969301,158.75999450683594
good,0.1583623459021339,156.52139997919645,158.83999938964843,0.0211266896253793,0.1372356562767545,56.94187445166903,158.74000549316406
good,0.149420744744674,156.52993646359934,158.8220001220703,0.0097480707743355,0.1396726739703384,54.8145986452764,158.66000366210938
good,0.1127917014520392,156.54467511462806,158.6779998779297,-0.0215047780146394,0.1342964794666786,46.61041480710549,158.30999755859375
good,0.0852014225603738,156.55308807831867,158.56199951171874,-0.0392760455250438,0.1244774680854177,47.33794264400647,158.33999633789062
good,0.0642099332254702,156.55726791896691,158.48200073242188,-0.048214027887958,0.1124239611134282,47.84828955073585,158.36000061035156
good,0.0566041326022457,156.5673499598041,158.42999877929688,-0.0446558628089459,0.1012599954111917,50.92078181098275,158.47999572753906
good,0.0440174481219912,156.57944882063703,158.37899780273438,-0.0457940378313603,0.0898114859533516,48.97858526281038,158.40499877929688
good,0.0408336573424321,156.59253348576996,158.41599731445314,-0.0391822628887355,0.0800159202311677,51.37532436655829,158.4949951171875
good,0.0183301235105091,156.603091824622,158.397998046875,-0.0493486373765268,0.067678760887036,45.15653119838768,158.25
good,-0.0098805004682844,156.60993196107978,158.3499969482422,-0.0620474090842563,0.0521669086159719,42.23499732801869,158.1199951171875
good,-0.0226960155215749,156.61471457149608,158.30099792480468,-0.0598903393100375,0.0371943237884625,45.58868910097271,158.23500061035156
good,-0.0153273121501626,156.6187747413984,158.30999755859375,-0.0420173087509001,0.0266899966007374,51.28293978055761,158.4499969482422
good,-0.0049913439344493,156.62328087436296,158.31199951171874,-0.0253450724281494,0.0203537284937001,52.6483448669642,158.5050048828125
good,-0.0012245790709641,156.6291181200433,158.35199890136718,-0.0172626460517314,0.0160380669807672,51.105808576405,158.4499969482422
good,0.0073251751508678,156.6363262442242,158.43200073242187,-0.0069703134639195,0.0142954886147873,52.99341811610761,158.52000427246094
good,0.0135409728478919,156.64287431964686,158.48800048828124,-0.0006036126135163,0.0141445854614082,52.83637351363028,158.51499938964844
neutral,0.0210489016637325,156.64818367348866,158.50800170898438,0.0055234529618593,0.0155254487018731,53.86610839869135,158.5500030517578
neutral,0.0330732210005635,156.65085297812783,158.5330017089844,0.0140382178389523,0.0190350031616112,56.21886180063471,158.6300048828125
good,0.0329428538353795,156.67735753194063,158.54600219726564,0.0111262805390146,0.0218165732963648,52.10509339142178,158.51499938964844
good,0.0244876023134281,156.68313321315898,158.525,0.0021368232136506,0.0223507790997775,48.76356004438299,158.4149932861328
good,0.0215729039414327,156.6877102833348,158.51499938964844,-0.0006223001266758,0.0221952040681085,50.4737934043403,158.46499633789062
good,0.0218357782178202,156.6967798616326,158.50499877929687,-0.0002875406802306,0.0221233188980509,51.6894749948088,158.5
good,0.0209956104734487,156.7046468099415,158.47699890136718,-0.0009021667396817,0.0218977772131304,51.30225851746146,158.49000549316406
neutral,0.0224911581905757,156.7064702927233,158.47799987792968,0.0004747047819562,0.0220164534086195,52.45357953305919,158.52000427246094
neutral,0.0178219442627494,156.71458668672128,158.48500061035156,-0.0033556073166961,0.0211775515794455,49.5117310443558,158.4499969482422
good,0.0090953794652364,156.718626068483,158.4698028564453,-0.0096657376913672,0.0187611171566037,47.03671739042765,158.38900756835938
good,-0.0153161590554873,156.72671340162373,158.40380249023437,-0.0272618209696728,0.0119456619141855,39.416891022635525,158.1699981689453
good,-0.0238967053182364,156.7335117996903,158.3658020019531,-0.0286738937859375,0.0047771884677011,45.10208768300195,158.3000030517578
good,-0.033538593235022,156.74391709195865,158.3138000488281,-0.0306526253621785,-0.0028859678728435,43.74168578783814,158.25999450683594
good,-0.0391147903155513,156.74709779864202,158.27980041503906,-0.0289830579541662,-0.010131732361385,44.6408004358846,158.27999877929688
good,-0.0358586580505004,156.74970371352072,158.2759979248047,-0.0205815405512923,-0.0152771174992081,48.619264464463335,158.3699951171875
good,-0.0305058465820877,156.75881190204436,158.3219970703125,-0.0121829832663036,-0.018322863315784,49.91145767657723,158.39999389648438
good,-0.029554000970478,156.7675881389381,158.33299560546874,-0.0089849101237551,-0.0205690908467228,47.96292048157488,158.35499572753906
good,-0.0248818577296106,156.7700106882009,158.36099548339843,-0.0034502135063101,-0.0214316442233004,50.06244246790668,158.39999389648438
neutral,-0.0081739678115866,156.77473519340322,158.4169952392578,0.010606141129371,-0.0187801089409576,56.74527838132742,158.55999755859375
neutral,0.0018190623507337,156.7805480506667,158.4469970703125,0.016479337033353,-0.0146602746826193,54.772238594032906,158.52000427246094
good,0.0092283795201808,156.78488997778493,158.46999816894532,0.0191109233622401,-0.0098825438420593,54.51677572761371,158.51499938964844
good,0.0340739707227726,156.79395714224458,158.55,0.0351652116518655,-0.0010912409290929,63.34564069129192,158.7550048828125
good,0.0524248988705267,156.7967118040699,158.61918029785156,0.0428129118396957,0.0096119870308309,62.84699046766118,158.7458953857422
good,0.074510100417001,156.80983608437273,158.67718200683595,0.051918490708936,0.0225916097080649,66.12867751113237,158.85000610351562
good,0.0941545506601073,156.81661554818555,158.75118103027344,0.0572503527616339,0.0369041978984734,67.32273489332096,158.88999938964844
good,0.1124613628066413,156.8208745147984,158.836181640625,0.0604457319265342,0.052015630880107,68.80352229209898,158.94000244140625
good,0.1215338483902712,156.83030192255103,158.8631805419922,0.0556145740081313,0.0659192743821398,65.60205453169708,158.88999938964844
good,0.1136958125255205,156.8393270639427,158.85800170898438,0.0382212305147044,0.075474582010816,56.0528240592602,158.72000122070312
good,0.1062592224602383,156.84307103033763,158.83200073242188,0.0246277123595378,0.0816315101007005,56.05282405926022,158.72000122070312
good,0.105603815371154,156.8526077402412,158.81400146484376,0.0191778442163628,0.0864259711547912,59.28731355481815,158.8000030517578
good,0.097105695145359,156.8603939760929,158.7690002441406,0.0085437791924542,0.0885619159529047,54.68202012180682,158.71499633789062
good,0.0873471910306875,156.86332274574573,158.7290008544922,-0.0009717799377737,0.0883189709684613,53.36935805108816,158.69000244140625
good,0.0858854248349132,156.86802798937464,158.74100036621093,-0.0019468369068384,0.0878322617417517,57.34036858466437,158.77999877929688
neutral,0.0885475451695469,156.8736909044826,158.76499938964844,0.0005722267422362,0.0879753184273107,59.79828787735324,158.83999633789062
neutral,0.0928157279876416,156.8766524823715,158.78099975585937,0.0038723276482646,0.0889434003393769,61.39560494617747,158.8800048828125
good,0.0990896469795075,156.90815316052846,158.8239990234375,0.0081169973121044,0.090972649667403,63.354722461990974,158.92999267578125
good,0.0911345282175091,156.93536466165216,158.84255981445312,0.0001295028400848,0.0910050253774242,54.572827471911125,158.78280639648438
good,0.0385679259011624,156.95655730430235,158.72955932617188,-0.0419496795810094,0.0805176054821719,34.63013274516479,158.21499633789062
good,0.0109041028487695,156.95858931675536,158.63955993652343,-0.0556908021067219,0.0665949049554914,41.70133441934812,158.38999938964844
good,-0.0061079658411813,156.9649307187656,158.55355834960938,-0.0581622966373382,0.0520543307961568,43.940258420104456,158.4499969482422
good,-0.0141815232970259,156.96812979645972,158.4705596923828,-0.0529886832745462,0.0388071599775203,46.3444875676001,158.51499938964844
good,-0.0119696196961172,156.97213306321513,158.43799743652343,-0.04062142373891,0.0286518040427928,50.06941696853254,158.6199951171875
good,-0.0049148609257088,156.9744823757967,158.53199768066406,-0.0268533319748013,0.0219384710490924,52.27824949768465,158.68499755859375
good,0.0078475765857319,156.97852998824038,158.60899658203124,-0.0112727155706884,0.0191202921564203,55.231169962242646,158.77499389648438
neutral,0.0281279661242876,156.98104692273816,158.6999969482422,0.0072061391742938,0.0209218269499938,59.16228974529372,158.90499877929688
neutral,0.0337251036132215,156.98443746305836,158.75299682617188,0.0102426213305821,0.0234824822826393,54.231388669463406,158.77999877929688
good,0.0425121236577581,156.98848329069935,158.7969970703125,0.0152237131000949,0.0272884105576631,56.12172512158859,158.83999633789062
good,0.0425301599770762,156.99034971514007,158.81199645996094,0.0121933995355304,0.0303367604415457,52.97954805503733,158.75999450683594
good,0.0604080715585269,157.00380122939671,158.85499877929686,0.0240570488935849,0.0363510226649419,59.926444914994406,158.99000549316406
good,0.0777142014781588,157.01522940433256,158.88199768066406,0.0330905430505735,0.0446236584275853,61.2658088747653,159.0399932861328
good,0.102753295462179,157.02669831438195,158.96499938964843,0.0465037096276749,0.0562495858345041,65.15511012584818,159.19500732421875
good,0.1231936566169622,157.0331888160629,159.04100036621094,0.0535552566259665,0.0696383999909957,65.7522238981785,159.22000122070312
good,0.1441861807213058,157.0410411818598,159.1490020751953,0.059638224584248,0.0845479561370577,67.66241251316782,159.3000030517578
good,0.1556391462760586,157.04953390316126,159.20260009765624,0.0568729521112007,0.0987661941648579,65.59362195146333,159.25799560546875
good,0.1803094372334612,157.06345996080933,159.29000244140624,0.0652345944548826,0.1150748427785786,70.63471213603007,159.4770050048828
good,0.1994175629532151,157.0795584502059,159.3510009765625,0.0674741761397091,0.1319433868135059,71.11327507926265,159.5
good,0.2017449920197691,157.09046529845384,159.38099975585936,0.0558412841650105,0.1459037078547586,64.69408272808732,159.3699951171875
good,0.1893040630273503,157.09583907497796,159.36499938964843,0.0347202841380734,0.1545837788892769,58.16989302055556,159.22000122070312
good,0.1773995851782785,157.10062265594934,159.3574005126953,0.0182526450312012,0.1591469401470773,58.16989302055556,159.22000122070312
good,0.1656518174632992,157.1052408286989,159.30499877929688,0.0052039018529775,0.1604479156103217,57.943762902757776,159.21499633789062
good,0.140599598543929,157.1125336544733,159.21299743652344,-0.0158786536531141,0.1564782521970431,50.54476776783874,159.0399932861328
good,0.1265499293417349,157.11492015990552,159.16499938964844,-0.0239426582842466,0.1504925876259815,53.81166786311913,159.1300048828125
good,0.1073190269593169,157.11984528570008,159.12999877929687,-0.0345388485333316,0.1418578754926486,50.42400348262731,159.0449981689453
good,0.0874394742712922,157.14692667936913,159.08599853515625,-0.043534720977085,0.1309741952483773,48.67707666933804,159.0
good,0.0732609299237765,157.1553295044029,159.0489990234375,-0.0461706122596806,0.1194315421834571,49.92265797247912,159.02999877929688
good,0.0457625787919084,157.16535180592277,159.00800170898438,-0.0589351707132389,0.1046977495051474,42.67308000488156,158.8350067138672
good,0.0129267659316951,157.17268058556533,158.9220001220703,-0.0734167868587618,0.086343552790457,38.50388244441606,158.6999969482422
good,-0.0017785693678149,157.17531607645182,158.88099975585936,-0.0704976977266175,0.0687191283588026,44.55337872741772,158.83999633789062
good,-0.0092907274324147,157.1772855568431,158.85899963378907,-0.0624078846329739,0.0531171572005591,46.57487127694219,158.88999938964844
good,-0.0298280841237783,157.18283533339883,158.79400024414062,-0.0663561930594699,0.0365281089356916,40.66744731173544,158.7050018310547
good,-0.0395960220236304,157.19200891452988,158.78299865722656,-0.0608993047674576,0.0213032827438272,43.78056291279571,158.77999877929688
good,-0.0260574255648009,157.19625932623867,158.8509979248047,-0.0378885666469025,0.0118311410821015,52.98937309568748,159.0399932861328
good,-0.0191409425866879,157.20174876845198,158.88099975585936,-0.0247776669350316,0.0056367243483436,51.25115154622322,158.99000549316406
good,0.0040460396612047,157.21112654011458,158.94500122070312,-0.0012725477497111,0.0053185874109158,57.81057627794602,159.2100067138672
neutral,0.0157844575814181,157.21575891320362,159.03000183105468,0.0083726961364017,0.0074117614450163,54.91679251542857,159.1300048828125
neutral,0.0311832563485836,157.22498329164986,159.11600341796876,0.0190171959228538,0.0121660604257297,57.222775322440015,159.2100067138672
good,0.0357120652617766,157.23297707071222,159.1320037841797,0.0188368038688374,0.0168752613929391,53.8832969076768,159.1199951171875
good,0.0404490846891008,157.23866705459187,159.16200256347656,0.0188590586369293,0.0215900260521714,54.51855896768436,159.13999938964844
good,0.0301383589719819,157.26005515940312,159.11400146484374,0.0068386663358483,0.0232996926361335,48.4150296518078,158.97000122070312
good,0.0241097629953799,157.2647580669706,159.08800048828124,0.000648056287397,0.0234617067079828,49.4896645555115,159.0
good,0.0167186838903603,157.2727621087781,159.03999938964844,-0.0053944182540979,0.0221131021444583,48.4037358277815,158.97000122070312
good,0.0055520461444587,157.27621815825313,158.99700012207032,-0.0132488447999997,0.0188008909444584,46.04602919280861,158.90499877929688
good,-0.0092426778312812,157.28446314272537,158.93500061035155,-0.0224348550205917,0.0131921771893104,43.41829030517619,158.8300018310547
good,-0.0207286561275736,157.28574796750124,158.90700073242186,-0.0271366666535073,0.0064080105259336,43.41829030517619,158.8300018310547
good,-0.0255025705371281,157.292397503637,158.88300170898438,-0.0255284648504494,2.589431332129105e-05,45.80959389223968,158.8800048828125
good,-0.0309472216144399,157.29588302535686,158.86000061035156,-0.024778492742209,-0.0061687288722309,44.790000730015066,158.85499572753906
good,-0.0512137214130916,157.30079186031253,158.80899963378906,-0.0360359940326885,-0.0151777273804031,37.4348727441488,158.64999389648438
good,-0.0513515111555591,157.31577029797418,158.81099853515624,-0.0289390270201248,-0.0224124841354343,46.24555730501025,158.83999633789062
good,-0.0373131561814545,157.31982999987224,158.8469970703125,-0.0119205376368162,-0.0253926185446383,52.66802193107484,159.00999450683594
good,-0.0266865064629655,157.32521091325702,158.87099609375,-0.0010351103346617,-0.0256513961283038,52.27259772652162,159.0
neutral,-0.0188539466138308,157.32720022848503,158.897998046875,0.0054379596115783,-0.0242919062254092,51.853343269444586,158.99000549316406
neutral,-0.0093121182472373,157.33026865904893,158.9739990234375,0.0119838303825375,-0.0212959486297748,53.46185086621526,159.02999877929688
good,-0.0081121182350614,157.33204468779198,158.99599914550782,0.0105470643157707,-0.0186591825508321,49.87250210843122,158.9499969482422
good,0.0012962260594804,157.3358048046641,159.00499877929687,0.01596432688825,-0.0146681008287696,54.21693337783533,159.05499267578125
good,0.0026700016320546,157.33932745116516,159.0009979248047,0.0138704819686594,-0.0112004803366047,50.82833985549984,158.97999572753906
good,0.0100978066049037,157.3411739669987,159.01499633789064,0.0170386295532068,-0.006940822948303,54.12236257804128,159.05999755859375
good,0.0277687795073973,157.34644772060506,159.05099792480468,0.0277676819645603,1.0975428370082335e-06,59.58892869258543,159.2100067138672
good,0.0412971055192201,157.35274105645928,159.10299987792968,0.0330368063811065,0.0082602991381136,59.58892869258543,159.2100067138672
good,0.0522228816519145,157.35724352079754,159.13600158691406,0.0351700660110407,0.0170528156408738,59.95760613324621,159.22000122070312
good,0.0530086350677265,157.36064982901664,159.16600341796874,0.0287646555414821,0.0242439795262443,55.0843155391118,159.1300048828125
good,0.0586035794583494,157.36483951848743,159.19400329589843,0.027487679945684,0.0311158995126654,57.94706283911562,159.1999969482422
good,0.0655108006759803,157.37474891579316,159.20000305175782,0.0275159209306519,0.0379948797453284,59.534718049210895,159.24000549316406
good,0.0709731619966476,157.37775031904823,159.20800170898437,0.0263826258010553,0.0445905361955922,59.94157990105118,159.25
good,0.0744439788490751,157.3863717413074,159.21400146484376,0.0238827541227863,0.0505612247262888,59.94157990105117,159.25
good,0.0862864253420241,157.38970478265523,159.26300048828125,0.0285801604925882,0.0577062648494359,65.04018664830292,159.375
good,0.0806210168946108,157.39993922084642,159.26300048828125,0.0183318016361399,0.0622892152584708,54.56843182635433,159.1999969482422
good,0.0728704835301812,157.40346498159076,159.2489990234375,0.0084650146173682,0.0644054689128129,52.99335498511518,159.1699981689453
good,0.0587885004239581,157.4083237897209,159.21499938964843,-0.0044935747910838,0.0632820752150419,48.4730612324705,159.0800018310547
good,0.0470856532561185,157.40960942962334,159.18099975585938,-0.0129571375671387,0.0600427908232573,48.4730612324705,159.0800018310547
good,0.0333913198276434,157.41482943315413,159.11199951171875,-0.0213211767964911,0.0547124966241345,45.94755365109523,159.02999877929688
good,0.0214843307577439,157.4198192015948,159.0760009765625,-0.0265825326931125,0.0480668634508564,45.43796860157964,159.02000427246094
good,0.0206856349531392,157.42602746095355,159.06800231933593,-0.0219049827981737,0.0425906177513129,51.777051797142086,159.1300048828125
good,0.0138402626370179,157.43423327934323,159.06300048828126,-0.023000284091436,0.0368405467284539,47.70665783922095,159.05499267578125
good,0.0083193554077354,157.43556743495446,159.05799865722656,-0.0228169530565748,0.0311363084643102,47.70665783922095,159.05499267578125
good,-0.0012851118941341,157.43931540564964,159.05,-0.0259371362867555,0.0246520243926213,44.21423831541068,158.99000549316406
good,-0.0038095793028105,157.44417018629397,159.05650024414064,-0.0227692829563455,0.018959703653535,48.14582735346883,159.05250549316406
good,-0.0035505843148939,157.44679153564525,159.04649963378907,-0.0180082303747431,0.0144576460598492,49.82132364673644,159.0800018310547
good,0.0030747069343419,157.44949596758147,159.0675018310547,-0.0091063513004057,0.0121810582347477,54.43455401159584,159.16000366210938
good,0.0018485103424836,157.4589965672863,159.07250366210937,-0.0082660383138112,0.0101145486562949,49.530622352732514,159.0800018310547
good,-0.0095356583792352,157.46635541882122,159.06442260742188,-0.0157201656284241,0.0061845072491889,42.76744521974439,158.94960021972656
good,-0.0270895400212793,157.46830208636848,159.02192077636718,-0.0266192378163746,-0.0004703022049047,38.06300734990685,158.83999633789062
good,-0.0381408034718901,157.47034214541586,158.97991943359375,-0.0301364010135883,-0.0080044024583018,40.008139406923625,158.8699951171875
good,-0.0738860126306235,157.47568649550965,158.85291748046876,-0.0527052881378573,-0.0211807244927661,28.804464195875383,158.52499389648438
good,-0.0840972152530525,157.47708290036869,158.78441772460937,-0.0503331926082291,-0.0337640226448234,39.95792282115626,158.7375030517578
good,-0.078176839776745,157.48255013341574,158.77449645996094,-0.0355302537055372,-0.0426465860712077,46.81839731052116,158.89999389648438
good,-0.0724478398495023,157.4846414217591,158.78699645996093,-0.0238410030226356,-0.0486068368268666,46.91898789803938,158.90249633789062
good,-0.0649402506747947,157.48932585623646,158.7989959716797,-0.0130667310783424,-0.0518735195964522,48.08101887819229,158.92999267578125
good,-0.0726765666181563,157.5005484409441,158.8439971923828,-0.0166424376173632,-0.0560341290007931,41.65284209164869,158.75
good,-0.0751172449055843,157.50295309881375,158.85349731445314,-0.015266492723833,-0.0598507521817513,43.24206233970226,158.78500366210938
good,-0.0789657351861592,157.5054230181945,158.82349853515626,-0.0152919864035263,-0.0636737487826329,42.0098096345285,158.75
good,-0.0816799145723621,157.50679279706884,158.79149780273437,-0.0144049326317833,-0.0672749819405787,41.73511425088768,158.74249267578125
good,-0.0990293806210047,157.52724110724765,158.7134979248047,-0.0254035189443407,-0.0736258616766639,35.07319702718131,158.5399932861328
good,-0.1067063799205811,157.52954174315897,158.68349914550782,-0.0264644145951337,-0.0802419653254474,38.22055822155182,158.60000610351562
good,-0.1123035956619276,157.53154912224372,158.64449768066407,-0.0256493042691841,-0.0866542913927434,37.89063037362298,158.58999633789062
good,-0.1178021306093057,157.53367371600146,158.60649719238282,-0.0249182713732498,-0.0928838592360559,36.86359824404064,158.55999755859375
good,-0.1127899302949515,157.5343878739115,158.58999938964843,-0.0159248568471164,-0.096865073447835,42.4625933738231,158.66000366210938
neutral,-0.0932192473049156,157.53588348849797,158.65,0.0029166609143355,-0.0961359082192511,50.90191977363665,158.83999633789062
neutral,-0.0760252636896154,157.53768051488703,158.7,0.0160885156237085,-0.092113779313324,51.32946043103046,158.85000610351562
good,-0.0680697215829297,157.54255830700257,158.73600158691406,0.0192352461843153,-0.0873049677672451,47.75054110769015,158.77000427246094
good,-0.0658471537053344,157.54688247187576,158.76600341796876,0.0171662512495285,-0.083013404954863,45.20494504845252,158.7100067138672
good,-0.0593678004737512,157.5487647659801,158.78600158691407,0.0189164835848894,-0.0782842840586406,47.70630168696644,158.75999450683594
good,-0.0599967404422443,157.55114778653422,158.75400085449218,0.014630034893117,-0.0746267753353614,44.2266264582716,158.67999267578125
good,-0.0578107438095116,157.55300327995238,158.725,0.0134528252206797,-0.0712635690301914,45.56333959027443,158.7050018310547
good,-0.0446704639216193,157.55503670082413,158.73899841308594,0.0212744840868577,-0.065944948008477,52.22003768117079,158.83999633789062
good,-0.0294782103808017,157.55850670812592,158.7759979248047,0.0291733901021402,-0.0586516004829419,54.65339607956128,158.89500427246094
good,-0.0383790660643228,157.56042469789503,158.75,0.0162180275348953,-0.0545970935992181,43.23094672849584,158.6300048828125
good,-0.0546482364755149,157.5616050147744,158.7156005859375,-4.091430103744104e-05,-0.0546073221744775,39.171685412492494,158.50799560546875
good,-0.0626236616313065,157.56372436425187,158.6865997314453,-0.0064130715654631,-0.0562105900658433,41.68498433078579,158.55999755859375
neutral,-0.049580043803445,157.56492377700923,158.67717895507812,0.0053044370099186,-0.0548844808133636,51.37497204662157,158.7928924560547
neutral,-0.0462061382218621,157.56591329770302,158.63817749023437,0.0069426740732012,-0.0531488122950633,47.95225286669664,158.6999969482422
good,-0.0382500691949587,157.566584007838,158.66417541503907,0.0119189944800836,-0.0501690636750424,50.25726329191626,158.75999450683594
good,-0.0435461086319719,157.5688235780047,158.68457641601563,0.0052983640344564,-0.0488444726664283,44.90331630351196,158.61000061035156
good,-0.0479964579255636,157.57031245952555,158.692578125,0.0006784117926917,-0.0486748697182554,44.56265815244095,158.60000610351562
good,-0.0325889931191341,157.5713873337125,158.7,0.012868701279297,-0.0454576943984311,53.33600616405256,158.8300018310547
good,-0.0153601029912806,157.57281891846003,158.73800048828124,0.0240780731257204,-0.039438176117001,55.32233838056633,158.88999938964844
good,0.0086841189912263,157.5757022700635,158.79000244140624,0.0384978360865819,-0.0298137170953555,59.35919268920161,159.02000427246094
good,0.0306135679398096,157.57809406457565,158.8800018310547,0.0483418280281321,-0.0177282600883225,60.54037703371966,159.05999755859375
good,0.0466486049702723,157.58103606419735,158.97000122070312,0.0515014920468759,-0.0048528870766035,60.07050928967255,159.0500030517578
good,0.0586800601369361,157.58877649895192,159.01400146484374,0.0508263577708317,0.0078537023661043,60.07050928967255,159.0500030517578
good,0.0703736427819876,157.5897631996625,159.05336303710936,0.0500159523327066,0.020357690449281,61.35156436330176,159.08680725097656
good,0.0761953879409418,157.59235920631147,159.06036071777345,0.0446701579933286,0.0315252299476132,59.57233438384716,159.05499267578125
good,0.082680575707343,157.59544871349198,159.0663604736328,0.0409242766077838,0.0417562990995591,60.91536090944029,159.08999633789062
good,0.0884151169091751,157.60021445614717,159.07835998535157,0.0373270542476927,0.0510880626614823,61.69845894581602,159.11000061035156
good,0.095889258823945,157.60734665979123,159.10036010742186,0.0358409569299701,0.0600483018939749,63.65852630542329,159.16000366210938
good,0.1054384429603771,157.6119068561798,159.1269989013672,0.0363121128531218,0.0691263301072553,65.91261103052389,159.22000122070312
good,0.1009496272175738,157.61622045195517,159.13300170898438,0.0254586376882547,0.075490989529319,57.30078109251782,159.0850067138672
good,0.0978768908776146,157.61914574447772,159.13600158691406,0.0179087210786364,0.0799681697989781,58.17224899286052,159.10499572753906
good,0.0899111977175266,157.62203870393256,159.12386169433594,0.0079544223348387,0.0819567753826878,54.81533809733583,159.04930114746094
good,0.0795100685226657,157.624079482823,159.09385986328124,-0.0019573654880177,0.0814674340106834,52.51219049412257,159.00999450683594
good,0.0672645904189721,157.62782540866144,159.04385986328126,-0.011362274873369,0.0786268652923412,50.20098908234738,158.97000122070312
good,0.0628866693665202,157.6311266652234,159.03585815429688,-0.0125921567406568,0.075478826107177,54.26596832362263,159.0449981689453
good,0.0539538870089302,157.63635548824115,159.01185913085936,-0.0172199512785974,0.0711738382875276,50.7004390566161,158.98500061035156
good,0.0343750841658163,157.6388168103928,158.96900024414063,-0.029439003297369,0.0638140874631854,43.07974890628903,158.8350067138672
good,0.0170480449993419,157.64097056398666,158.93000183105468,-0.0374128339710747,0.0544608789704167,42.1693877134377,158.81500244140625
good,0.00607076462407,157.64291821941094,158.9060028076172,-0.0387120914770773,0.0447828561011473,44.384088390155554,158.85000610351562
good,-0.0053911661472909,157.64438708041814,158.86000366210936,-0.0401392177987506,0.0347480516514597,42.62609405945365,158.81500244140625
good,-0.0067314285913084,157.64617052738635,158.84500427246093,-0.0331835841942145,0.026452155602906,48.579025181820825,158.91000366210938
good,-0.0005255852773586,157.64795917409515,158.8780029296875,-0.0215821927042118,0.0210566074268531,53.50101026355048,159.0
good,-0.0052297278095636,157.64968592463987,158.89100341796876,-0.0210290681891334,0.0157993403795697,47.03620192964579,158.8800048828125
good,-0.0098453157278868,157.650321592771,158.89452209472657,-0.0205157248859652,0.0106704091580784,46.411814795801625,158.8675994873047
good,-0.0131582153800593,157.65273334533734,158.9055206298828,-0.0190628996305102,0.0059046842504508,46.5593471404586,158.8699951171875
good,-0.0124122760211378,157.65889670770358,158.9055206298828,-0.0146535682172709,0.0022412921961331,49.08061541606337,158.91000366210938
good,-0.0041079552021301,157.66196468301752,158.90652160644532,-0.0050793979186106,0.0009714427164804,54.56242067234001,159.0050048828125
neutral,0.0124166033335768,157.66358400903343,158.9565216064453,0.009156128493677,0.0032604748398997,60.57640380056819,159.1300048828125
neutral,0.0276220633930392,157.6669859000466,159.01502075195313,0.0194892708425116,0.0081327925505276,61.88423970604677,159.16009521484375
good,0.0575603259494528,157.67089153292085,159.1190216064453,0.0395420267191401,0.0180182992303127,70.05741584399533,159.38999938964844
good,0.0839498690539812,157.67334844696654,159.2240203857422,0.0527452558589348,0.0312046131950464,71.35223662184585,159.43499755859375
good,0.1020729609303998,157.67526524373153,159.30601806640624,0.0566946781882827,0.0453782827421171,69.90499451544886,159.4149932861328
good,0.1163052724188844,157.67894173323214,159.366015625,0.0567415917414138,0.0595636806774705,70.38995700213457,159.42999267578125
good,0.1260757524628672,157.68515607094108,159.41985778808595,0.0532096574283173,0.0728660950345499,70.3340812712039,159.42930603027344
good,0.1275625713683439,157.68776907582583,159.41585693359374,0.0437571810670352,0.0838053903013087,65.49765077510108,159.3699951171875
good,0.1284702859657898,157.69058063706598,159.40585632324218,0.0357319165315848,0.0927383694342049,66.13191961271502,159.38499450683594
good,0.1352958544846672,157.6927117404943,159.41885681152343,0.0340459880403698,0.1012498664442973,69.90548854124839,159.47999572753906
good,0.1327197765792789,157.69653632722375,159.41285705566406,0.0251759281079852,0.1075438484712937,63.49009762370583,159.39999389648438
good,0.1303855383452514,157.70026158177455,159.40999450683594,0.0182733518991662,0.1121121864460852,64.1543102617747,159.4149932861328
good,0.131858191390819,157.70334551731085,159.43099670410157,0.0157968039557869,0.116061387435032,66.75994373760639,159.47500610351562
good,0.1254937943157301,157.70627629701622,159.4339172363281,0.0075459255045585,0.1179478688111716,60.78121011631753,159.39959716796875
good,0.1223005273167245,157.7094259684051,159.42591857910156,0.0034821268044423,0.1188184005122822,62.70831424185971,159.44000244140625
good,0.1152133769127203,157.71192730039456,159.42591857910156,-0.0028840188796494,0.1180973957923698,59.58615025919908,159.39999389648438
neutral,0.1227074005571751,157.71687935380103,159.45892028808595,0.0036880038118441,0.1190193967453309,67.4408154567567,159.5800018310547
neutral,0.1211977491304594,157.71907363319525,159.4649200439453,0.0017426819081028,0.1194550672223566,62.03145353466543,159.5050048828125
good,0.1262122478222522,157.72664950864004,159.5050018310547,0.0054057444799164,0.1208065033423357,65.77619466823708,159.60000610351562
good,0.1263096048839145,157.7297865311008,159.5310028076172,0.004402481233263,0.1219071236506515,63.64168284323818,159.57000732421875
good,0.1257437386839512,157.73339732621005,159.56700439453124,0.0030692920266398,0.1226744466573114,64.06013778210202,159.5800018310547
good,0.1206758543035277,157.73505285331487,159.5590026855469,-0.0015988738830269,0.1222747281865547,61.03198030355106,159.5399932861328
neutral,0.1264981086862064,157.74001218631807,159.59400024414063,0.0033787043997214,0.123119404286485,66.92397064221353,159.67999267578125
neutral,0.120045870051598,157.74524545980796,159.58599853515625,-0.0024588273879096,0.1225046974395076,58.727658475128806,159.55999755859375
good,0.1064434581836053,157.75097307562527,159.5659973144531,-0.0128489914047218,0.1192924495883272,53.44126520062726,159.47000122070312
good,0.1041455270861888,157.7522338953072,159.5679962158203,-0.0121175380017106,0.1162630650878995,58.7703197957035,159.58999633789062
good,0.096372180075491,157.7551266295694,159.5659973144531,-0.0159127080099267,0.1122848880854178,55.35848581946582,159.52999877929688
good,0.0975594200266414,157.76044255448795,159.55699768066407,-0.0117803744470211,0.1093397944736625,59.760990713499645,159.63499450683594
good,0.0945867078143862,157.76435907684888,159.56499938964845,-0.011802469327421,0.1063891771418073,57.71825899055144,159.60000610351562
good,0.0776174238650924,157.7723370380936,159.55699768066407,-0.0230174026213719,0.1006348264864643,48.960667934614285,159.42999267578125
good,0.05546139413903,157.7801771681942,159.50499877929687,-0.0361387458779474,0.0916001400169775,44.66797881487064,159.3300018310547
good,0.0332821703218542,157.79216969118733,159.45449829101562,-0.0466543757560986,0.0799365460779528,42.55793330957842,159.27749633789062
good,0.0229048215734053,157.79504655931245,159.40149841308593,-0.045625379603638,0.0685302011770433,47.2825427881873,159.3699951171875
good,0.0189014938693219,157.80000161988363,159.3664978027344,-0.0397029658461771,0.058604459715499,49.92051221947313,159.4250030517578
good,0.0143530494127332,157.80411149368712,159.3625,-0.0354011282422126,0.0497541776549459,49.1975891925654,159.41000366210938
good,0.0201981458743603,157.81204775978827,159.40249938964843,-0.0236448254244684,0.0438429712988288,54.83280804422282,159.52999877929688
good,0.04010359892726,157.81987004962895,159.49200134277345,-0.002991497897255,0.043095096824515,62.17573198414129,159.72500610351562
neutral,0.0524497033568707,157.824731424876,159.55600280761718,0.0074836852258845,0.0449660181309861,60.28131364484533,159.69000244140625
neutral,0.0551429473317455,157.83644061297326,159.59300231933594,0.0081415433606074,0.047001403971138,56.0759572609406,159.61000061035156
good,0.0566246291088532,157.84205752700916,159.63300170898438,0.0076985801101721,0.048926048998681,56.075957260940605,159.61000061035156
good,0.0671117059528967,157.85207145118264,159.67400207519532,0.0145485255633725,0.0525631803895242,61.00546242011724,159.73500061035156
good,0.0781528684565273,157.85841525468695,159.68500061035155,0.0204717504536025,0.0576811180029248,62.631304894497696,159.77999877929688
good,0.0843169385014448,157.86300441459056,159.6989990234375,0.0213086563988159,0.0630082821026288,61.40557412234521,159.75999450683594
good,0.0889839611392062,157.87218770670208,159.7309997558594,0.0207805432292619,0.0682034179099443,61.80834488745776,159.77000427246094
good,0.1027944406006611,157.879287574957,159.79100036621094,0.0276728181525734,0.0751216224480877,66.99616263384573,159.91000366210938
good,0.1068585403481847,157.88804981028056,159.81199951171874,0.0253895343200776,0.0814690060281071,62.42941006891412,159.83999633789062
good,0.1207914452394618,157.89757776907476,159.8540008544922,0.0314579513690837,0.089333493870378,67.53587369594695,159.99000549316406
good,0.1351171281590097,157.9655514849813,159.91200256347656,0.0366269074309053,0.0984902207281044,69.33130198622854,160.0500030517578
good,0.1344303975934337,157.97886616352687,159.94200134277344,0.0287521414922634,0.1056782561011702,61.406483213349205,159.9199981689453
good,0.1389577518162923,157.98471307371875,159.96054077148438,0.0266235965720976,0.1123341552441947,64.20917935113062,160.00270080566406
good,0.1379134962788555,157.999220655429,159.98554077148438,0.0204634728277286,0.1174500234511268,61.998621742477305,159.96499633789062
neutral,0.1091987511864545,158.0135733478644,159.91453857421874,-0.0066010178117378,0.1157997689981923,46.80912304052157,159.63499450683594
neutral,0.0774805359229162,158.01990285760252,159.81153869628906,-0.0306553864602208,0.1081359223831371,43.34399774979769,159.53500366210938
neutral,0.0677012858078569,158.02650770522848,159.7745391845703,-0.0323477092602241,0.1000489950680811,51.13563169753072,159.73500061035156
neutral,0.068442182912463,158.03631589776947,159.74400024414064,-0.0252854497244944,0.0937276326369575,54.97057473515326,159.85000610351562
neutral,0.1053364149154845,158.05183345346867,159.81400146484376,0.0092870258228215,0.0960493890926629,66.43926302682105,160.31500244140625
neutral,0.1477993772568027,158.07954626317965,159.98700256347655,0.0413999905313118,0.1063993867254908,69.74120969795234,160.5
neutral,0.1869622015147172,158.1146656830401,160.19900207519532,0.064450251831381,0.1225119496833361,71.30265970976579,160.59500122070312
neutral,0.2254862125257091,158.1424972754395,160.39600219726563,0.0823794102738983,0.1431068022518107,73.25805693327219,160.72000122070312
neutral,0.2530991987875666,158.19906048587578,160.57000122070312,0.0879939172286046,0.1651052815589619,73.25805693327219,160.72000122070312
neutral,0.2945843183485976,158.31311643451997,160.70800170898437,0.1035832294317085,0.191001088916889,77.34076545746068,161.0050048828125
neutral,0.0,162.23500061035156,161.05500183105468,0.0,0.0,50.0,162.23500061035156
neutral,0.0,162.730274476162,161.49200134277345,0.0,0.0,50.0,162.77999877929688
neutral,0.0,162.74941929621087,161.9480010986328,0.0,0.0,50.0,163.0
neutral,0.0,162.7534279780531,162.40599975585937,0.0,0.0,50.0,163.00999450683594
good,0.0,162.8365251720203,163.0190002441406,0.0,0.0,50.0,164.07000732421875
good,0.0,162.85685456779277,163.2989990234375,0.0,0.0,50.0,163.63499450683594
good,0.0,162.866998721812,163.46300048828124,0.0,0.0,50.0,163.60000610351562
good,0.0,162.88249109681573,163.6300018310547,0.0,0.0,50.0,163.8350067138672
good,0.0,162.9278466128964,163.81322326660157,0.0,0.0,50.0,163.9261016845703
neutral,0.0,162.9439249148643,163.7062225341797,0.0,0.0,50.0,163.53500366210938
neutral,0.0,162.96147466577028,163.69222412109374,0.0,0.0,50.0,163.56500244140625
neutral,0.0,162.97197258450748,163.6322235107422,0.0,0.0,50.0,163.3000030517578
neutral,0.0,162.97627598857414,163.53822326660156,0.0,0.0,50.0,163.36500549316406
neutral,0.0,162.9817445948523,163.45000305175782,0.0,0.0,50.0,163.48500061035156
good,0.0,162.95707469439037,163.252001953125,0.0,0.0,53.489234827770986,162.5449981689453
good,0.0,162.9165028874767,162.91000061035157,0.0,0.0,45.823927969627576,161.85499572753906
good,0.0,162.89580324999253,162.65799865722656,0.0,0.0,47.97652421233214,162.0399932861328
good,0.0,162.88208925833533,162.4469970703125,0.0,0.0,51.0345035642351,162.30999755859375
good,0.0,162.8700586631977,162.18999633789062,0.0,0.0,49.7514347903742,162.1999969482422
good,0.0,162.8596992892928,162.14599609375,0.0,0.0,51.25128810510458,162.3249969482422
good,0.0,162.83521992090732,162.15699768066406,0.0,0.0,46.30922408325876,161.91000366210938
good,0.0,162.78296625239966,162.1789978027344,0.0,0.0,49.35089708111484,162.14999389648438
neutral,0.0,162.77711577318095,162.2169982910156,0.0,0.0,53.48929717822483,162.5
good,0.0,162.77265299122013,162.22099914550782,0.0,0.0,49.971670176270926,162.22000122070312
good,0.0,162.75175702685902,162.1179992675781,0.0,0.0,45.27629737656501,161.80999755859375
good,-0.5329804771200486,162.74322077177823,162.122998046875,-0.5329804771200486,0.0,46.91399317203898,161.93499755859375
good,-0.5310045766265432,162.73000484971382,162.05499877929688,-0.5310045766265432,0.0,45.44922489991696,161.80999755859375
good,-0.544943974594247,162.71040813924782,161.86299743652344,-0.544943974594247,0.0,42.371791537572,161.5399932861328
good,-0.5543924086103118,162.6924902661516,161.71511840820312,-0.5543924086103118,0.0,41.70293080219248,161.48060607910156
good,-0.5866369170829273,162.64792122319895,161.5711181640625,-0.5866369170829273,0.0,37.50893092611737,161.08999633789062
good,-0.5808832703412179,162.6289168576804,161.46311950683594,-0.5808832703412179,0.0,42.381691694995936,161.39500427246094
good,-0.5924910099529939,162.6037385614499,161.3231201171875,-0.5924910099529939,0.0,39.2981275981647,161.11000061035156
good,-0.6235513559452102,162.5832053644743,161.16512145996094,-0.6235513559452102,0.0,35.75899023446968,160.75
good,-0.6208373665551221,162.54846041714842,161.06900024414062,-0.0466461046852751,-0.5741912618698469,39.81269322968137,161.0
neutral,-0.595282529466715,162.53737380723135,161.09200134277344,-0.0168730140774944,-0.5784095153892206,42.98954179640391,161.2050018310547
neutral,-0.5712694018937441,162.52942739531662,161.0470001220703,0.0057120907963812,-0.5769814926901253,42.57630404655745,161.1699981689453
neutral,-0.5467427879372337,162.51936272522798,161.05700073242187,0.0241909638023133,-0.5709337517395471,42.4508294171409,161.16000366210938
neutral,-0.5077349853154374,162.50977199397127,161.17300109863282,0.0505590131392877,-0.5582939984547252,45.39837859693909,161.3300018310547
neutral,-0.4610164030333408,162.5032564929724,161.26500244140624,0.0778220763371075,-0.5388384793704484,47.60833787772855,161.4600067138672
good,-0.3708980095552761,162.47232501333664,161.43700256347657,0.1343523758521378,-0.505250385407414,56.443407162004,162.06500244140625
good,-0.2884872277194574,162.47023786954455,161.63500366210937,0.1734105261503652,-0.4618977538698227,57.65108644823256,162.16000366210938
good,-0.2206327721190746,162.4673618496775,161.8350036621094,0.1930119854005984,-0.413644757519673,57.65108644823256,162.16000366210938
good,-0.1394369865519991,162.46746273033568,162.0649841308594,0.2193662167741391,-0.3588032033261382,61.78865462813371,162.4799041748047
good,-0.0758202911932812,162.46741352585397,162.26498413085938,0.2263863297062855,-0.3022066208995668,61.386913682677566,162.4600067138672
good,-0.0227210370373427,162.46760676836487,162.34998474121093,0.2235884670897793,-0.246309504127122,61.79028201168722,162.49000549316406
good,0.011561426955069,162.46716990565116,162.39698486328126,0.2062967448657528,-0.1947353179106838,59.66461889343296,162.39500427246094
good,0.0143572857610081,162.4648553292607,162.383984375,0.1672740829373536,-0.1529167971763454,53.415449235683454,162.09500122070312
good,0.007887924775872,162.46293300131848,162.28570251464845,0.128643777561774,-0.1207558527859019,51.35882464819599,161.98849487304688
good,0.0124222115978227,162.46045484193124,162.2157012939453,0.1065424515069797,-0.094120239909157,53.55580201352116,162.11000061035156
good,0.0178269669573865,162.45369228549418,162.1446990966797,0.0895577654932348,-0.0717307985358483,54.01590078175867,162.13499450683594
good,0.0358186629838144,162.4527431031144,162.12769775390626,0.0860395692157302,-0.0502209062319157,57.21212104204814,162.30999755859375
good,0.0526980960696903,162.45226666656322,162.17869873046874,0.0823352018412849,-0.0296371057715945,57.93202154566738,162.35000610351562
good,0.0366041776209442,162.44532566730666,162.1790008544922,0.052993026714031,-0.0163888490930867,49.81097619647369,161.99000549316406
good,0.0227793408079151,162.43857724113866,162.1529998779297,0.0313345519208015,-0.0085552111128864,49.60276480265839,161.97999572753906
good,0.0076994748932861,162.43553900022053,162.11199951171875,0.013003748804938,-0.0053042739116519,48.51186541382502,161.92999267578125
good,-0.0041944575951902,162.43337244394127,162.03601989746093,0.0008878530531693,-0.0050823106483595,48.51447018922936,161.9300994873047
good,-0.003900308875103,162.43076494039153,161.97601928710938,0.0009456014186051,-0.0048459102937082,51.4818042065354,162.0500030517578
good,-0.0112038474682094,162.42899428744047,161.9690185546875,-0.0050863497396009,-0.0061174977286085,49.06874501595411,161.9550018310547
good,-0.0251740414691141,162.42554136962357,161.94302062988282,-0.0152452349924045,-0.0099288064767096,46.47594189188639,161.85000610351562
good,-0.0406198137514479,162.42434720830963,161.91502075195314,-0.0245528058197906,-0.0160670079316573,45.0119146780037,161.7899932861328
good,-0.0155626061570046,162.42367177589944,161.9790008544922,0.0004035214197221,-0.0159661275767267,56.35974984612448,162.25
good,0.005842243250413,162.42332697136823,162.02300109863282,0.0174466966617118,-0.0116044534112988,56.77748186060791,162.27000427246094
good,0.0305223237814402,162.42301751834196,162.1059997558594,0.0337014217541912,-0.0031790979727509,58.895464673817344,162.3699951171875
good,0.0542968664923648,162.42303936559767,162.2219970703125,0.0459807715720926,0.0083160949202721,60.157064778282674,162.42999267578125
good,0.0579464871694597,162.42052458628828,162.31399841308593,0.03970431379935,0.0182421733701096,54.73001871217287,162.25
good,0.0693197451356013,162.42019288161376,162.33699951171874,0.0408620574123933,0.028457687723208,57.375958351187215,162.36500549316406
good,0.0626815914986309,162.41984245701676,162.31899719238282,0.0273791230203383,0.0353024684782926,52.10028793400446,162.17999267578125
good,0.0507837762081919,162.41899990295167,162.26599731445313,0.0123850461839194,0.0383987300242724,50.089702133365286,162.10499572753906
good,0.019743841108891,162.41619098991472,162.147998046875,-0.0149239111323051,0.0346677522411962,43.675967497881786,161.83999633789062
good,0.0279066474402895,162.4134970992487,162.147998046875,-0.0054088838407252,0.0333155312810148,53.57968355344544,162.25
good,0.0395686139060842,162.4128860077532,162.13899841308594,0.0050024661000554,0.0345661478060287,55.03357903900975,162.32000732421875
good,0.061416415427999,162.4131260171906,162.2,0.0214802140975762,0.0399362013304228,58.3448962679377,162.48500061035156
good,0.0622775968487587,162.4125481827181,162.23699951171875,0.0178731164146687,0.04440448043409,53.34484709183626,162.2899932861328
good,0.0742091377347264,162.41264328402454,162.35700073242188,0.0238437258405091,0.0503654118942173,56.43753020917841,162.44000244140625
good,0.0747338280317819,162.41245078098788,162.375,0.0194947329100517,0.0552390951217302,53.87360547330328,162.33999633789062
good,0.0894501325301746,162.4129022387024,162.41699829101563,0.0273688299267555,0.0620813026034191,57.79647081025525,162.52999877929688
good,0.1031521908342938,162.41356385247914,162.43399963378906,0.0328567105846997,0.070295480249594,58.59498943346743,162.57000732421875
good,0.1047342032897518,162.41392420613232,162.47000122070312,0.0275509784321261,0.0771832248576256,55.75523763043248,162.47000122070312
good,0.1023943579004083,162.4139685154823,162.47001953125,0.0201689064342261,0.0822254514661821,54.89837012761386,162.44009399414062
good,0.1057372196692085,162.41497443013256,162.50594177246094,0.0188094145624211,0.0869278051067874,56.79930995636876,162.5196075439453
good,0.1067836863000479,162.41522247008362,162.50294189453126,0.0158847049546084,0.0908989813454395,56.65028849682836,162.51499938964844
good,0.1115720393988226,162.41638114375192,162.50494079589845,0.0165384464427064,0.0950335929561161,58.31181061022949,162.5800018310547
good,0.110860557024921,162.41708798753157,162.51893920898436,0.0126615712550438,0.0981989857698771,56.8670743548865,162.5399932861328
good,0.1018605645979278,162.41717644656984,162.5209197998047,0.0029292630624405,0.0989313015354872,53.647221376252034,162.4499969482422
good,0.0816831592493088,162.4162587645271,162.47699890136718,-0.0137985138289427,0.0954816730782515,48.69817756808237,162.3000030517578
good,0.0836902760070756,162.4167870964947,162.4809997558594,-0.0094331176569407,0.0931233936640164,55.60788953616232,162.53500366210938
good,0.067158363025328,162.41629123740935,162.4290008544922,-0.0207720245109506,0.0879303875362787,49.09317981627852,162.32000732421875
good,0.0462602598084913,162.41587383397143,162.36700134277345,-0.0333361021822299,0.0795963619907212,46.63010751800197,162.22999572753906
good,0.0189903769124555,162.41195104784083,162.29700317382813,-0.0484847880626126,0.0674751649750681,43.25500283629989,162.10000610351562
good,-0.0153551554041371,162.4087284710373,162.22500305175782,-0.0662642563033642,0.050909100899227,39.4681890556843,161.94000244140625
good,-0.02453910579095,162.4072200993261,162.1500030517578,-0.0603585653521417,0.0358194595611916,46.4146489899913,162.16000366210938
good,-0.0198887854216991,162.40680065407236,162.14700012207032,-0.0445665959863126,0.0246778105646134,50.45031703896525,162.30499267578125
good,-0.0196083167243728,162.4051380664682,162.1529998779297,-0.035428901831189,0.0158205851068162,49.21157451399489,162.25999450683594
good,-0.0151762722574346,162.4039416279945,162.19499816894532,-0.0247974858914007,0.009621213633966,50.66131760130136,162.30999755859375
good,-0.007142826430055,162.40379599290551,162.27999877929688,-0.0134112320512168,0.0062684056211618,52.27524328007407,162.36500549316406
bad,0.0115971585515808,162.40410325949685,162.35199890136718,0.0042630023443351,0.0073341562072456,56.5847351142451,162.52000427246094
good,0.0428987767223247,162.40488129500932,162.43699951171874,0.0284516964120633,0.0144470803102614,61.63871504713,162.72999572753906
good,0.0613505489674253,162.4070827193815,162.51700134277343,0.037522774925731,0.0238277740416942,59.1664313583145,162.66000366210938
good,0.0583552417971873,162.4075718362274,162.5450012207031,0.0276219742043944,0.0307332675927928,52.378093258591065,162.4499969482422
good,0.0395889266108326,162.40630141291467,162.52250061035156,0.0070845272144318,0.0325043993964008,46.92549527161963,162.25250244140625
bad,-0.0347880643521421,162.40265563076733,162.32052001953124,-0.0538339709988343,0.0190459066466922,33.01295403631768,161.51010131835938
good,-0.053583953729543,162.34553872108938,162.17452087402344,-0.0581038883009882,0.0045199345714451,44.6704898580939,162.0
good,-0.0597217396709481,162.34459874748543,162.0625213623047,-0.0513933393939146,-0.0083284002770334,46.70927961220642,162.10000610351562
good,-0.0658449890237875,162.34424796789972,161.98752136230468,-0.0460132709974032,-0.0198317180263843,46.25030630328494,162.0749969482422
good,-0.0607178089877606,162.34370299059225,161.9750213623047,-0.0327088727691011,-0.0280089362186595,48.74449344574612,162.19000244140625
good,-0.0288866317604004,162.34391839873368,162.1790008544922,-0.0007021564333926,-0.0281844753270077,55.34216967918818,162.52999877929688
neutral,-0.0100003953073439,162.3440686352853,162.2690002441406,0.014547264015731,-0.0245476593230749,53.59402561308793,162.4499969482422
neutral,0.0049031748614822,162.34420817525034,162.33898010253907,0.0235606673476458,-0.0186574924861635,53.59193931390567,162.4499053955078
good,-0.0022152995439057,162.34368577427213,162.36697998046876,0.0131537543538062,-0.0153690538977119,48.387147584200456,162.21499633789062
good,-0.0209290638601942,162.34242315985114,162.33898010253907,-0.0044480079699857,-0.0164810558902084,45.0758443979604,162.0500030517578
neutral,-0.0074328395844247,162.34262819825537,162.31297912597657,0.0072385730446269,-0.0146714126290516,52.50133901357644,162.39999389648438
neutral,3.5482416905097125e-05,162.34266694039135,162.29497985839845,0.0117655160367654,-0.0117300336198603,51.6421642286576,162.36000061035156
good,0.0062855774010586,162.34270989269504,162.2779998779297,0.0144124888167351,-0.0081269114156765,51.74858165046364,162.36500549316406
good,0.0298572323893324,162.34386751110986,162.3550018310547,0.0303873150440072,-0.0005300826546747,56.58020835146918,162.60000610351562
good,0.0487820824851041,162.34491386152945,162.46700134277344,0.0394497321118231,0.009332350373281,56.77843445523515,162.61000061035156
good,0.0704163191446127,162.34594253207405,162.5274627685547,0.0488671750170653,0.0215491441275473,58.65565870021781,162.70230102539062
good,0.0740153784731774,162.3471104126834,162.56446228027343,0.041972987476504,0.0320423909966733,54.32519323675514,162.5449981689453
good,0.0823735866526362,162.3479903107377,162.61646118164063,0.0402649565247703,0.0421086301278659,56.10033825695571,162.625
good,0.0935679398745037,162.34974720754946,162.63546142578124,0.0411674477973102,0.0524004920771935,57.65138389753698,162.69500732421875
good,0.1184228482433127,162.35302508081654,162.69546203613282,0.0528178849328953,0.0656049633104173,62.08215502840712,162.91000366210938
good,0.1532979740285895,162.35674299198962,162.77900085449218,0.0701544085745377,0.0831435654540518,65.8413592459311,163.1199951171875
good,0.1812678700831327,162.3609882024362,162.9,0.0784994437032647,0.102768426379868,66.35453421059023,163.14999389648438
good,0.1979255279832728,162.3624421545001,162.99700012207032,0.0761256812827238,0.1217998467005489,64.95354140287719,163.11000061035156
good,0.2047319905513234,162.36594690208952,163.06999816894532,0.0663457150806195,0.1383862754707038,63.1580307545949,163.05999755859375
good,0.2025461811058733,162.37074459271457,163.08699645996094,0.0513279245081355,0.1512182565977377,60.80492342122618,162.9949951171875
good,0.1985254337499498,162.37556178201163,163.06199645996094,0.0378457417217696,0.1606796920281801,60.80492342122618,162.9949951171875
good,0.1915183122664814,162.377982673094,163.0269989013672,0.024670896190641,0.1668474160758404,60.007571089659,162.97500610351562
good,0.1930188675527802,162.37907187124057,163.022998046875,0.0209371611815518,0.1720817063712283,63.01241409964823,163.08999633789062
good,0.203162913546123,162.3826651941106,163.05699768066407,0.0248649657399157,0.1782979478062073,66.32940766160523,163.22999572753906
good,0.208795281050385,162.38428653607957,163.10399780273437,0.0243978665953421,0.1843974144550428,66.32940766160523,163.22999572753906
good,0.2068398237576332,162.387333929716,163.14099731445313,0.0179539274420722,0.1888858963155609,63.95369444032043,163.17999267578125
good,0.1850026337209271,162.38922350318643,163.13699645996093,-0.003106610075707,0.1881092437966342,54.49562399629546,162.9550018310547
good,0.1478362271870139,162.39489485921874,163.06499633789062,-0.0322184132876962,0.1800546404747101,47.00831543832088,162.72999572753906
good,0.1246109493354765,162.39562669109446,162.98399658203124,-0.0443549529113869,0.1689659022468634,50.12414724024301,162.8249969482422
good,0.1010055913419307,162.3982169061202,162.89299621582032,-0.0543682487239461,0.1553738400658769,48.50745707461024,162.77499389648438
good,0.0658053815253367,162.3988962014819,162.772998046875,-0.0716547668324321,0.1374601483577689,42.72084057704463,162.5800018310547
good,0.0451929421025738,162.39962348316536,162.71734313964845,-0.073813765004156,0.1190067071067299,46.15239692107637,162.67672729492188
good,0.0220091167812199,162.39975488965058,162.69034423828126,-0.0775980722604079,0.0996071890416279,43.76655658299194,162.59500122070312
good,0.0235373548709674,162.402755487901,162.69434509277343,-0.0608558673365284,0.0843932222074958,51.94949248778581,162.84500122070312
good,0.0344379704128812,162.40339117392716,162.73334655761718,-0.0399642014356916,0.0744021718485729,55.44093748086196,162.97000122070312
good,0.0413966540561148,162.40429968613324,162.80836486816406,-0.0264044142339664,0.0678010682900813,54.92832066337004,162.95509338378906
good,0.0244315018095164,162.4048737587092,162.80901794433595,-0.0346956531844518,0.0591271549939683,46.40201524280228,162.67999267578125
good,0.0140528590253552,162.40530669050955,162.83401794433593,-0.0360594367748904,0.0501122958002457,47.67413132461518,162.72000122070312
good,0.012143209645842,162.40594586744885,162.82501831054688,-0.0303752689235229,0.0425184785693649,50.2184892654378,162.8000030517578
good,0.0065198140129041,162.4064083277953,162.78101806640626,-0.0287989316451686,0.0353187456580728,48.62694041633968,162.75
good,-0.0202890617673574,162.4067013566495,162.68401794433595,-0.0444862459403442,0.0241971841729867,40.82677687601946,162.4700927734375
good,-0.0358838757550472,162.40677446652117,162.65502014160157,-0.0480648479424272,0.0121809721873799,43.10597233177874,162.53500366210938
good,-0.0504854167313055,162.40694462780178,162.61101989746095,-0.0501331111349484,-0.0003523055963571,42.16285236416261,162.5
good,-0.0649238116965591,162.40699317706927,162.54205932617188,-0.0516572048801615,-0.0132666068163975,40.92860072638437,162.4552001953125
good,-0.091068035759207,162.40516347293973,162.44405822753907,-0.0622411431542476,-0.0288268926049594,35.98547156321332,162.25999450683594
good,-0.1005420798452121,162.4051012607998,162.42703857421876,-0.0573721497922021,-0.0431699300530099,40.90713942954223,162.38499450683594
good,-0.1052548507107644,162.40510085294264,162.4009582519531,-0.0496679365262035,-0.0555869141845608,41.66477868582163,162.40460205078125
neutral,-0.1017333966821638,162.40527533514992,162.39695739746094,-0.0369171859980823,-0.0648162106840815,44.60573561554151,162.47999572753906
neutral,-0.1033984804070371,162.40528060430648,162.3879180908203,-0.0308658157783645,-0.0725326646286726,42.46535437127017,162.41000366210938
good,-0.0779982703520261,162.40644402451755,162.48191833496094,-0.0043724845786827,-0.0736257857733433,53.46042302897014,162.72999572753906
neutral,-0.0416528118772134,162.40782875958126,162.5899200439453,0.0255783791169038,-0.0672311909941173,58.646905494639824,162.9250030517578
neutral,-0.0095120017923022,162.4084772631125,162.70199890136718,0.046175351361452,-0.0556873531537543,59.640294439015264,162.96499633789062
good,0.042381620445667,162.41031353663388,162.8656982421875,0.0784551788795371,-0.03607355843387,66.80193369182464,163.29849243164062
good,0.0806023886883622,162.4136008757909,163.0384979248047,0.0933407576977858,-0.0127383690094236,65.87746886082294,163.2740020751953
good,0.1208760514183495,162.41595591219158,163.17549743652344,0.1068915363422185,0.013984515076131,68.57380926740815,163.4149932861328
good,0.1550408334533699,162.4185106417951,163.28349609375,0.1128450547017911,0.0421957787515788,69.49447327029534,163.46499633789062
good,0.1784467005274734,162.4191705555641,163.37949829101564,0.1090007374207157,0.0694459631067577,68.62891543075074,163.44500732421875
good,0.1947510499385032,162.42115429944414,163.40880126953124,0.1002440694653963,0.0945069804731068,68.62891543075074,163.44500732421875
good,0.2264452801334471,162.42490618238463,163.49600219726562,0.1055506397282722,0.1208946404051749,73.6709312172692,163.7100067138672
good,0.2367298266730984,162.4318138507482,163.5250030517578,0.0926681490143387,0.1440616776587596,67.09685951993077,163.55999755859375
good,0.2464778413730641,162.43382378913398,163.5550048828125,0.0819329309714436,0.1645449104016205,68.21688273201615,163.61500549316406
good,0.2588847554946767,162.44312009826257,163.60800476074218,0.0754718760744449,0.1834128794202317,70.10928928714777,163.7100067138672
good,0.2720357138562121,162.466063608158,163.677001953125,0.0708982675487843,0.2011374463074278,71.64034662572232,163.7899932861328
good,0.2824306140038288,162.47075285003783,163.7010009765625,0.0650345341571208,0.217396079846708,72.40182219883138,163.8300018310547
good,0.2965304114202354,162.48036124407898,163.7780029296875,0.0633074652588218,0.2332229461614135,74.51974145849779,163.94500732421875
good,0.3189556373019115,162.5234699398249,163.8810028076172,0.0685861529123984,0.2503694843895131,77.50964633851245,164.1300048828125
good,0.3392723490904927,162.53192395050976,163.9810028076172,0.0711222917607837,0.268150057329709,78.67500877745375,164.2100067138672
good,0.3561170826023954,162.540752902776,164.0770233154297,0.070373620218149,0.2857434623842463,79.53284190374777,164.2700958251953
good,0.3827988606322776,162.5480558123381,164.20902404785156,0.077644318598425,0.3051545420338526,82.33370930745048,164.49000549316406
good,0.3754091400239474,162.55963248289302,164.25802307128907,0.0562036783920758,0.3192054616318716,68.55152221592869,164.19000244140625
good,0.3629482410276523,162.5658226901809,164.26402282714844,0.0349942235166245,0.3279540175110277,67.33768284190973,164.16000366210938
good,0.3566666623000003,162.56816553057547,164.2731201171875,0.022970115831178,0.3336965464688223,69.20679653118438,164.2554931640625
good,0.3336813115207349,162.5712125519695,164.23510131835937,-1.2187958469966896e-05,0.3336934994792048,62.16593323357973,164.0800018310547
good,0.306684829840492,162.57320972703903,164.14010009765624,-0.0216069357109702,0.3282917655514623,59.74149067294487,164.01499938964844
good,0.2984323472456367,162.57669183905216,164.14620056152344,-0.0238875346446604,0.3223198818902972,64.46048188470732,164.2205047607422
good,0.2901214025312129,162.5795257299298,164.16220092773438,-0.0257587834872674,0.3158801860184803,64.88115440139359,164.24000549316406
good,0.2707302745143067,162.58373341629948,164.13510131835938,-0.0361199292033388,0.3068502037176456,60.16156430156986,164.1199951171875
good,0.255644114842255,162.58680072464296,164.1511016845703,-0.0409648711003124,0.2966089859425674,61.175499577382375,164.16000366210938
good,0.2403609649745703,162.5919484031818,164.17872314453126,-0.0449984167743976,0.285359381748968,60.88780695913864,164.15310668945312
good,0.2134427123946807,162.59388512895103,164.1346435546875,-0.0575333354834298,0.2709760478781106,54.73805220348167,164.00010681152344
good,0.2122480821628016,162.59614726250678,164.14264221191405,-0.0469823725722471,0.2592304547350488,62.249652252081205,164.27999877929688
good,0.2021133916083499,162.59971245949035,164.15764465332032,-0.045693650501359,0.247807042109709,59.04520334252705,164.19500732421875
good,0.191071320649911,162.60066759509868,164.1626434326172,-0.0453885771678383,0.2364598978177494,58.66219515315773,164.18499755859375
good,0.1670808169237432,162.60389869484234,164.13602294921876,-0.055503264715205,0.2225840816389482,52.60492566750382,164.02000427246094
good,0.1455822835052629,162.60808321679562,164.13800048828125,-0.0616014385069482,0.2071837220122111,52.25241902426151,164.00999450683594
good,0.1278781456516924,162.61161929795998,164.08600158691405,-0.063444461088415,0.1913226067401074,52.594519854198005,164.02000427246094
good,0.1021793216884532,162.61325425388088,164.025,-0.0713146280413233,0.1734939497297766,47.80395201672759,163.88999938964844
good,0.0928385004586971,162.61479111543755,163.99598083496093,-0.0645243594168635,0.1573628598755607,53.107684610138094,164.03990173339844
good,0.0752964978206591,162.615673440793,163.97698059082032,-0.0656530896439212,0.1409495874645804,48.99795492511657,163.9250030517578
good,0.0586996514833231,162.61694074127465,163.95498046875,-0.0657999487850058,0.1244996002683289,48.124993142240655,163.89999389648438
good,0.0689593497754117,162.62205463217313,163.99097900390626,-0.0444322003943337,0.1133915501697454,57.83066061745248,164.1999969482422
good,0.064828222033185,162.62447477384643,164.0244384765625,-0.0388506625092483,0.1036788845424334,52.77286270780948,164.0572967529297
good,0.0634613142316595,162.6251003168427,164.03445739746093,-0.032174056248619,0.0956353704802786,53.77061737755862,164.08999633789062
good,0.0504991267316086,162.63146911435422,164.03945617675782,-0.036108994998936,0.0866081217305446,48.997774999925184,163.9499969482422
good,0.0325888830553537,162.63262809676849,164.03145751953124,-0.0432153909401527,0.0758042739955064,46.16121066348365,163.86000061035156
good,0.0165894751576161,162.6330948137335,163.95945739746094,-0.0473718390703123,0.0639613142279284,45.53025481976029,163.83999633789062
good,-0.0005216074474674,162.6413654509717,163.90499877929688,-0.0515863373403166,0.0510647298928492,43.759490324505805,163.78500366210938
good,-0.0143210319641582,162.64213385470785,163.84299926757814,-0.0523086094856059,0.0379875775214477,43.59331963907131,163.77999877929688
good,-0.0281596918671311,162.64461177761893,163.8010009765625,-0.0529178155108631,0.0247581236437319,42.21384128617487,163.74000549316406
good,-0.0490517984899554,162.6483468386728,163.7510009765625,-0.0590479377069499,0.0099961392169944,38.00386218763944,163.61000061035156
good,-0.0648612632401466,162.64947023312112,163.7050018310547,-0.0598859219657128,-0.0049753412744337,38.00386218763944,163.61000061035156
good,-0.0796987839382836,162.65146606053762,163.66200256347656,-0.0597787541310799,-0.0199200298072037,36.69809607679498,163.57000732421875
good,-0.0956007537833159,162.65252333670833,163.60700378417968,-0.0605445791808897,-0.0350561746024261,34.616266629634765,163.5050048828125
good,-0.1105596923096072,162.65409730969824,163.5510040283203,-0.0604028141657448,-0.0501568781438623,33.21169928310793,163.4600067138672
good,-0.1214189687889302,162.65468255538678,163.52000427246094,-0.0570096725160542,-0.0644092962728759,33.0510674610975,163.4550018310547
good,-0.1257509420584313,162.65590134225917,163.49600524902343,-0.0490733166284442,-0.076677625429987,35.404213768803416,163.49000549316406
good,-0.1205326839956058,162.6565448780288,163.4980041503906,-0.035084046852495,-0.0854486371431107,41.13312740637341,163.5800018310547
good,-0.1182622781680891,162.6579084626979,163.5050018310547,-0.0262509128199826,-0.0920113653481064,39.45774869848727,163.5399932861328
good,-0.1143372520919001,162.65815789569106,163.52300109863282,-0.0178607093950349,-0.0964765426968651,40.11494565630184,163.5500030517578
good,-0.1147452306141758,162.65911902356282,163.53000183105468,-0.0146149503338485,-0.1001302802803273,37.48815536606767,163.49000549316406
good,-0.1137572339508494,162.66081555077562,163.53000183105468,-0.0109015629364176,-0.1028556710144317,37.48815536606767,163.49000549316406
neutral,-0.0949353286505072,162.66342951992004,163.5540008544922,0.0063362738911396,-0.1012716025416468,50.61479269204544,163.6999969482422
neutral,-0.1205887598662229,162.66447411340027,163.48200073242188,-0.0154537258596608,-0.1051350340065621,32.445564514761614,163.17999267578125
good,-0.127746078715063,162.66615885640567,163.43699951171874,-0.0180888357668007,-0.1096572429482622,39.01926949134291,163.3249969482422
good,-0.1310993691169812,162.66709049366875,163.40599975585937,-0.0171537009349751,-0.113945668182006,39.45724148330467,163.3350067138672
good,-0.1382164608005496,162.66808919774795,163.35999755859376,-0.0194166340948348,-0.1187998267057148,37.29550418101613,163.25999450683594
good,-0.1342397185536583,162.66890122095742,163.29199829101563,-0.0123519134783548,-0.1218878050753035,41.86816975249332,163.36000061035156
neutral,-0.1176289148680211,162.66995788224568,163.35799865722657,0.0034071121658258,-0.121036027033847,47.99388665130885,163.50999450683594
neutral,-0.1048688171750882,162.67176333224643,163.39100036621093,0.012933767887007,-0.1178025850620952,47.27887597050937,163.49000549316406
good,-0.0976653508359675,162.67284294898064,163.41199951171876,0.0161097873809022,-0.1137751382168697,45.45458489746479,163.44000244140625
good,-0.0805378540685524,162.6744133023445,163.4740020751953,0.0265898273186538,-0.1071276813872062,50.77295541123867,163.57000732421875
good,-0.0685953470574247,162.67572940189604,163.51000061035157,0.0308258674638252,-0.0994212145212499,49.57124556725963,163.5399932861328
good,-0.0760057063660042,162.6769900274945,163.4720031738281,0.0187324065241966,-0.0947381128902008,41.7681392372724,163.32000732421875
good,-0.0841369463722969,162.67747540297674,163.43000183105468,0.0084809332143231,-0.09261787958662,40.51892177670637,163.27999877929688
good,-0.1110875527687369,162.67836582347906,163.34400024414063,-0.0147757385456934,-0.0963118142230434,33.284038942241324,163.00999450683594
good,-0.1277451803759675,162.679690241676,163.23999938964843,-0.0251466929223392,-0.1025984874536282,35.13232322319401,163.0500030517578
good,-0.1130153102931785,162.6817844767575,163.20800170898437,-0.0083334582716402,-0.1046818520215383,47.942866547999024,163.3800048828125
neutral,-0.087424282353254,162.6833179304776,163.2519989013672,0.0138060557346274,-0.1012303380878815,52.80870756557398,163.5399932861328
neutral,-0.1022752360224501,162.68689249783523,163.21399841308593,-0.0008359183476549,-0.1014393176747952,41.15621488018323,163.08999633789062
good,-0.1163346663512641,162.68716321959965,163.22099914550782,-0.011916278941175,-0.104418387410089,40.200959105972046,163.0449981689453
good,-0.1168499109849676,162.68953688794085,163.2429992675781,-0.0099452188599029,-0.1069046921250647,43.79177036552518,163.16000366210938
neutral,-0.0951816672211975,162.6906892161531,163.2509979248047,0.0093784199230937,-0.1045600871442913,50.96096752368161,163.4199981689453
neutral,-0.1018410609934221,162.692619367022,163.16502075195314,0.0021752209206953,-0.1040162819141174,43.79146230955848,163.110107421875
good,-0.0572454560823132,162.69640925546324,163.29102172851563,0.0374166606654434,-0.0946621167477566,56.70212178995776,163.72000122070312
good,-0.012878532251193,162.69838599964154,163.4480224609375,0.0654268675972508,-0.0783053998484439,58.55131568078283,163.8300018310547
good,0.0323994019406086,162.6994761618083,163.60802307128907,0.088563841431242,-0.0561644394906334,60.688232693213344,163.9600067138672
good,0.0587293654880056,162.70121614403482,163.69402465820312,0.0919150439829112,-0.0331856784949056,57.96513110391625,163.85000610351562
good,0.0699139963248853,162.7040020515618,163.82000427246095,0.0824797398558327,-0.0125657435309474,55.29325571993146,163.74000549316406
good,0.0806712407345742,162.70555986586984,163.83100280761718,0.0745895874124173,0.0060816533221569,55.98817201542533,163.77499389648438
good,0.0893764833553518,162.7076123812683,163.8230010986328,0.0666358640265559,0.0227406193287959,56.30175865933638,163.7899932861328
good,0.1055490545976454,162.71111013377214,163.81499938964845,0.0662467482150796,0.0393023063825658,59.02671586353894,163.9199981689453
good,0.1441161220004687,162.71748944402276,163.89693908691407,0.0838510524943223,0.0602650695061464,65.14332176561348,164.25970458984375
good,0.1671298510361509,162.72061286106387,163.9869384765625,0.0854918252240036,0.0816380258121473,63.06308842708556,164.19000244140625
good,0.1800643718989931,162.7214719917325,164.0619384765625,0.0787410768694766,0.1013232950295164,61.84235883121406,164.14999389648438
good,0.1757816651450525,162.72338447752426,164.10293884277343,0.0595666960924288,0.1162149690526237,57.22109654127832,163.9949951171875
good,0.162446580614386,162.72418223987,164.09794006347656,0.0369852892494098,0.1254612913649761,54.397082679735625,163.89500427246094
good,0.1609164142982422,162.7257453775776,164.0519989013672,0.0283640983466128,0.1325523159516293,57.45023424576889,164.02999877929688
good,0.1515018483048607,162.72687799447385,164.00399780273438,0.015159625882585,0.1363422224222756,55.09602781861557,163.9499969482422
good,0.1527700069298134,162.7287877040001,163.98999938964843,0.0131422276060302,0.1396277793237832,58.10074408488439,164.0800018310547
good,0.1719656297051415,162.73298539589388,164.05700073242187,0.0258702803050866,0.1460953494000549,63.20025520019469,164.3300018310547
good,0.1970105380981692,162.7427360042282,164.1739990234375,0.0407321509584914,0.1562783871396778,65.88318308385041,164.47999572753906
good,0.2259547753761808,162.7462060345275,164.29299926757812,0.0557411105892024,0.1702136647869783,68.29004776914267,164.625
good,0.2408715212183096,162.7500967824248,164.41499938964844,0.056526285145065,0.1843452360732446,66.04084131862867,164.55999755859375
good,0.2490161731565194,162.7535624714039,164.50899963378907,0.0517367496666198,0.1972794234898996,65.68263039560192,164.5500030517578
good,0.2549525845829805,162.7561110533316,164.55899963378906,0.0461385288744647,0.2088140557085158,66.27394508415613,164.5800018310547
good,0.2606870240506964,162.75904690483367,164.58900146484376,0.0414983746737444,0.2191886493769519,67.28580077926824,164.6300048828125
good,0.2518382663261036,162.76332567241408,164.56400146484376,0.0261196935593213,0.2257185727667822,62.071532832700925,164.5
good,0.2595854821099124,162.7659264506398,164.59600219726562,0.027093527474504,0.2324919546354083,66.76520765677564,164.72000122070312
good,0.2599046840274184,162.7689497387517,164.6230010986328,0.021930183513608,0.2379745005138103,65.37890384438508,164.68499755859375
good,0.2631755567966252,162.77290554097428,164.65899963378905,0.0201608450262518,0.2430147117703733,66.96175464256197,164.75999450683594
good,0.2842778571192639,162.81160708883976,164.73899841308594,0.0330105162791124,0.2512673408401514,71.93632361983248,165.02999877929688
good,0.2951782996831866,162.82135009865198,164.83899841308593,0.0351287670744281,0.2600495326087585,70.66326093634623,165.0
good,0.2951692972528974,162.8261299651473,164.88199768066406,0.0280958117153111,0.2670734855375863,67.8608512757381,164.93499755859375
good,0.2730520039560815,162.82973919576455,164.88499755859374,0.0047828147347961,0.2682691892212853,58.78425588089437,164.6999969482422
good,0.2573980665434874,162.83222252748772,164.88499755859374,-0.0086968981422383,0.2660949646857257,60.24620266454127,164.75999450683594
good,0.250177969232368,162.83634060166008,164.8509979248047,-0.0127335963626862,0.2629115655950542,62.62587449658216,164.86000061035156
good,0.240872884249768,162.84654801917728,164.8209991455078,-0.0176309450762289,0.258503829325997,62.22498672454272,164.85000610351562
good,0.2156806954560579,162.85156396290373,164.76600036621093,-0.0342585070959512,0.2499392025520092,55.01502709846389,164.66000366210938
good,0.1939636954980983,162.85790001081585,164.7592010498047,-0.0447804056431287,0.238744101141227,55.19149535408441,164.66600036621094
good,0.1674790075392138,162.87566512612432,164.72220153808593,-0.0570120748816105,0.2244910824208244,51.86632158577891,164.5749969482422
good,0.1508029657498752,162.8798919406468,164.6802001953125,-0.0589504933367593,0.2097534590866346,54.30941180225065,164.64999389648438
good,0.1200649660181056,162.88476506169593,164.6001983642578,-0.0717507944548231,0.1918157604729288,47.40010862116403,164.4499969482422
good,0.0958107583823277,162.8891928678234,164.56119689941406,-0.0768040016724808,0.1726147600548086,47.93509062043187,164.46499633789062
good,0.0657448035863978,162.89242915875707,164.49599609375,-0.0854959651747286,0.1512407687611265,43.92556673657404,164.33999633789062
good,0.0342604325204263,162.89638147228123,164.43099670410157,-0.0935842689925601,0.1278447015129864,41.25030704758526,164.25
good,0.0127923554755113,162.89969359553965,164.35999755859376,-0.09204187682998,0.1048342323054914,43.11580541422666,164.2949981689453
good,0.0069948976433522,162.90667530978905,164.35699768066405,-0.0782714677297113,0.0852663653730636,48.58581641399606,164.43499755859375
good,-0.002812364048367,162.9112545062821,164.33799743652344,-0.0704629835371445,0.0676506194887774,46.356873560165305,164.3699951171875
good,-0.0072725015162404,162.9135443094652,164.35199890136718,-0.0599384968040143,0.0526659952877738,47.93994963286579,164.41000366210938
good,-0.0023083061501552,162.91933354931294,164.40499877929688,-0.0439794411503432,0.041671135000188,51.94774066710264,164.51499938964844
good,-0.0091614663813004,162.92599314212137,164.4220001220703,-0.0406660811051908,0.0315046147238903,46.94384447408512,164.3800048828125
good,-0.0132298147798337,162.92958097394694,164.41400146484375,-0.0357875436029793,0.0225577288231455,47.548408734853,164.39500427246094
good,-0.0062949901372917,162.9321119383296,164.44400329589843,-0.0230821751683498,0.016787185031058,52.4147255533725,164.52000427246094
good,-0.0264210991368543,162.93458143655965,164.40174255371093,-0.0345666273343299,0.0081455281974756,41.70416150929754,164.19869995117188
good,-0.0577390313623595,162.93671421605177,164.29874267578126,-0.0527076476478681,-0.0050313837144914,36.70851480464053,164.0
good,-0.0736401833228228,162.9400990406137,164.24274291992188,-0.0548870396866651,-0.0187531436361577,40.56730508654849,164.10000610351562
good,-0.0948326237307242,162.94119637193464,164.1597412109375,-0.0608635840756532,-0.033969039655071,37.60437605344074,163.97999572753906
good,-0.0978949381339475,162.94337590947492,164.08298034667968,-0.0511407187831012,-0.0467542193508463,43.39903144994104,164.13619995117188
good,-0.0901005089064881,162.94455248403133,164.0932403564453,-0.0346770316445134,-0.0554234772619746,47.24306688255553,164.25
good,-0.0646197384100162,162.94788068936364,164.18923950195312,-0.0073570089184332,-0.057262729491583,54.03717204033401,164.47999572753906
neutral,-0.0415266994912713,162.95041751449656,164.2712371826172,0.0125888240002493,-0.0541155234915206,54.85383357293122,164.50999450683594
neutral,-0.0213648415723923,162.95829822567558,164.38123779296876,0.0262005455353026,-0.047565387107695,55.42262586398865,164.52999877929688
good,-0.0085153877767538,162.96099318467805,164.45199890136718,0.0312399994647529,-0.0397553872415067,53.95894863909381,164.49000549316406
good,0.0008503897372236,162.9632479771353,164.497998046875,0.0324846215829843,-0.0316342318457607,53.57756444883243,164.47999572753906
good,0.0265270133115507,162.9659480487429,164.54400024414062,0.0465289961258491,-0.0200019828142984,60.48843548103039,164.7100067138672
good,0.0439474416969574,162.9725300840002,164.5779998779297,0.0511595396090046,-0.0072120979120472,59.24893710373215,164.67999267578125
good,0.0483213396897213,162.9739972684455,164.58600158691405,0.0444267500814148,0.0038945896083064,54.81614652232752,164.57000732421875
good,0.0587747400396949,162.9768097647373,164.62099914550782,0.0439041203451108,0.0148706196945841,57.75565357947838,164.6649932861328
good,0.0627053309388827,162.980836168395,164.6489990234375,0.0382677689954388,0.0244375619434438,55.90030499162012,164.6199951171875
good,0.0690591104908264,162.99120643859763,164.64099731445313,0.035697238837906,0.0333618716529204,57.53286925877613,164.6699981689453
good,0.0852166867941832,162.99296144769704,164.66900024414062,0.0414838521130102,0.0437328346811729,62.06946058133455,164.82000732421875
good,0.1072741688708163,162.99734601248863,164.7449981689453,0.0508330673517146,0.0564411015191016,65.50797634239245,164.9499969482422
good,0.114160164121813,163.00594633411595,164.77900085449218,0.0461752500821691,0.0679849140396439,60.30036133522765,164.8350067138672
good,0.1210453018155419,163.0084687972579,164.8290008544922,0.0424483102207184,0.0785969915948235,61.30824626059312,164.8699951171875
good,0.1230663917213519,163.01328366076936,164.86400146484374,0.0355755201012226,0.0874908716201292,60.13378827309187,164.84500122070312
good,0.1076912608925795,163.03102872420968,164.8299987792969,0.0161603114179602,0.0915309494746192,51.7965689714682,164.64999389648438
good,0.0928234021908736,163.03752151083165,164.76600036621093,0.0010339621730034,0.0917894400178701,51.01578239553557,164.6300048828125
good,0.0829080760975387,163.044263551211,164.73199768066405,-0.0071050911362651,0.0900131672338038,52.36921467316857,164.6649932861328
good,0.0885544441542265,163.05074883619724,164.72699890136718,-0.0011669784636618,0.0897214226178883,58.69273605897366,164.84500122070312
neutral,0.1003447968894875,163.05784240488046,164.747998046875,0.0084986994172792,0.0918460974722082,61.87236052307384,164.9499969482422
neutral,0.100462244645314,163.06244568169532,164.78800048828126,0.0068929177384846,0.0935693269068293,57.34525921017637,164.85000610351562
good,0.0974143609034854,163.06698795570605,164.82699890136718,0.0030760271973248,0.0943383337061606,56.236930444291545,164.8249969482422
good,0.1022920101868862,163.07905510467484,164.87999877929687,0.0063629411845805,0.0959290690023057,59.75377761051792,164.92999267578125
good,0.0778255943785097,163.08690192918732,164.82899780273436,-0.0144827796990367,0.0923083740775465,46.6738194056566,164.58999633789062
good,0.0681406086061997,163.08977766890098,164.78299865722656,-0.0193342123770774,0.0874748209832772,51.08312130769517,164.72000122070312
good,0.050601898263153,163.093968671153,164.73399658203124,-0.0294983381760992,0.0801002364392523,47.353019879120254,164.60499572753906
good,0.031098703685501,163.0984471006649,164.67699584960937,-0.039201226203001,0.0702999298885021,45.33790224143843,164.5399932861328
good,0.0385986066320072,163.10572158245296,164.65699768066406,-0.0253610586051959,0.0639596652372031,54.61710614331551,164.8300018310547
good,0.0567985537055335,163.11126566604668,164.73699951171875,-0.0057288892253356,0.0625274429308692,58.775134812652176,164.99000549316406
neutral,0.0799827545934022,163.1168827454867,164.81499938964845,0.0139642493300263,0.0660185052633758,61.6154715958052,165.11000061035156
neutral,0.0944432152393801,163.12088391265937,164.90899963378905,0.0227397679808034,0.0717034472585766,60.310096833714375,165.0749969482422
good,0.1098817399575011,163.12426781770515,165.02900085449218,0.0305426341591395,0.0793391057983615,61.92335894387565,165.13999938964844
good,0.1247140840796703,163.13250726092838,165.1010009765625,0.0362999826250469,0.0884141014546233,63.16373122755797,165.19000244140625
good,0.1301274933578895,163.14202722322466,165.12900085449218,0.0333707135226129,0.0967567798352765,60.61234469476963,165.1300048828125
good,0.1316893015285529,163.14536391904343,165.1300018310547,0.0279460173546211,0.1037432841739318,59.96027088073101,165.11500549316406
good,0.1401871850917189,163.14800612110454,165.16000366210938,0.0291551207342296,0.1110320643574892,63.09584540856592,165.22500610351562
good,0.1380670840446214,163.15394230670813,165.15900268554688,0.0216280157497057,0.1164390682949157,59.02267184486051,165.13499450683594
good,0.1328388070483299,163.16461855286872,165.14300231933595,0.0131197910027313,0.1197190160455985,57.90486341925562,165.11000061035156
good,0.1240383984617778,163.1698981444885,165.1310028076172,0.0034555059329434,0.1205828925288344,56.07484932025047,165.07000732421875
good,0.1101453185948742,163.17446094347125,165.10800170898438,-0.0083500591471681,0.1184953777420423,52.9219075127533,165.0
good,0.0932190796250722,163.1794070688616,165.0510009765625,-0.0202210384935761,0.1134401181186483,50.31103380553584,164.94000244140625
good,0.0521712732903836,163.18853793864534,164.94500122070312,-0.0490150758626117,0.1011863491529954,38.80056442029024,164.60499572753906
good,0.0253994291752235,163.1907739145564,164.85899963378907,-0.0606295359822175,0.086028965157441,41.99971501481526,164.67999267578125
good,-0.0189984821070936,163.19536844267165,164.722998046875,-0.0840219578116277,0.0650234757045341,34.49161807853102,164.38999938964844
good,-0.0523701310075352,163.198680733867,164.60399780273437,-0.0939148853696555,0.0415447543621202,35.13749176847929,164.40499877929688
good,-0.0667511566868199,163.20224180173548,164.52499694824218,-0.0866367288391521,0.0198855721523321,40.98597435110817,164.5449981689453
good,-0.0900214700033927,163.20457439707607,164.48099670410156,-0.0879256337245799,-0.0020958362788127,36.89178779612196,164.38499450683594
good,-0.1079771220711904,163.20650798043303,164.4201171875,-0.0847050286339021,-0.0232720934372883,36.66011145434717,164.37559509277344
good,-0.1244515014400633,163.20921442950709,164.40811767578126,-0.08094352640222,-0.0435079750378433,35.49568487652681,164.3300018310547
good,-0.1327501803829704,163.21158230104334,164.40111694335937,-0.0713937642761017,-0.0613564161068687,37.37473773612584,164.3699951171875
good,-0.1241780643069034,163.2131108175462,164.40011596679688,-0.0502573185600277,-0.0739207457468757,44.74321396105507,164.5399932861328
good,-0.1176414495053848,163.21640866003855,164.42711791992187,-0.0349765630068072,-0.0826648864985775,44.08636692486663,164.52000427246094
good,-0.1123760593108613,163.21899242735947,164.4529998779297,-0.023768938249827,-0.0886071210610343,43.569490816846766,164.5050048828125
good,-0.1089651470798571,163.2214065075887,164.48299865722657,-0.0162864208150582,-0.0926787262647988,42.67117941330024,164.47999572753906
good,-0.1082413595011644,163.22405428672369,164.49700012207032,-0.0124501065890924,-0.0957912529120719,41.20799631078274,164.44000244140625
good,-0.1040477046793171,163.22635917120658,164.48300170898438,-0.0066051614137961,-0.097442543265521,42.79258847443073,164.47000122070312
good,-0.0979805664353818,163.22816134517493,164.477001953125,-0.0004304185358886,-0.0975501478994931,43.87883838923516,164.49000549316406
neutral,-0.0881228926862149,163.22991226376803,164.48399963378907,0.0075418041706225,-0.0956646968568375,46.60710502249641,164.5399932861328
neutral,-0.086774214533932,163.23082172366605,164.47749938964844,0.0071123858583243,-0.0938866003922564,42.49076335080496,164.44749450683594
good,-0.0917082480141289,163.2332473889667,164.4614990234375,0.001742681902502,-0.0934509299166309,38.98351349284242,164.36000061035156
good,-0.0941295856102897,163.23468576139766,164.44049987792968,-0.0005429245549269,-0.0935866610553627,39.29219990063908,164.36500549316406
good,-0.0969489754797052,163.23557883096606,164.410498046875,-0.002689851539474,-0.0942591239402312,38.25083946230399,164.33999633789062
neutral,-0.0940642201034904,163.2378279030045,164.38049926757813,0.0001559230693926,-0.0942201431728831,41.584381094187705,164.38999938964844
neutral,-0.0915294097972889,163.24033328130542,164.36700134277345,0.0021525867004753,-0.0936819964977642,41.106701165605,164.3800048828125
good,-0.0972753545735258,163.24771624428226,164.3490020751953,-0.0028746864606092,-0.0944006681129166,36.18062397940829,164.27000427246094
good,-0.1086463069769649,163.24977291195424,164.31000061035155,-0.0113965110912386,-0.0972497958857263,32.381357679686815,164.1699981689453
good,-0.1167162881786509,163.25265720473865,164.275,-0.0155731938343397,-0.1011430943443112,32.19912767806031,164.1649932861328
neutral,-0.0925915755551614,163.25874037152366,164.3029998779297,0.0068412150313198,-0.0994327905864812,52.98112318042108,164.52999877929688
neutral,-0.0770221529004118,163.26187057607046,164.3220001220703,0.0179285101488555,-0.0949506630492673,50.47106070273166,164.47500610351562
good,-0.0591600119252575,163.26574307859107,164.375,0.0286325208992078,-0.0877925328244654,53.08268061755044,164.53500366210938
good,-0.0424974537559705,163.2695777205857,164.4529998779297,0.0362360632547958,-0.0787335170107664,54.16689532142325,164.55999755859375
good,-0.021101251913393,163.27342991137812,164.55169982910155,0.0461058120778987,-0.0672070639912918,58.26041825163318,164.6584930419922
good,0.0028030746388481,163.27905103176894,164.59469909667968,0.0560081109041119,-0.0532050362652638,61.51161003441093,164.7449951171875
good,0.0231038947381989,163.29311308000774,164.65271911621093,0.0610471448027702,-0.0379432500645712,62.24786734937388,164.76510620117188
good,0.052298390339871,163.29687178757996,164.73271789550782,0.0721933123235538,-0.0198949219836828,67.84393840688227,164.93499755859375
good,0.0693901976609936,163.30194986405684,164.79471740722656,0.0714280957157411,-0.0020378980547475,63.9386911378878,164.8699951171875
good,0.0875750731618154,163.30571494486466,164.85101928710938,0.0716903769732503,0.015884696188565,66.19557656710893,164.94000244140625
good,0.1012237261214465,163.30985565058523,164.89102172851562,0.0682712239463052,0.0329525021751413,66.3576788374254,164.94500732421875
good,0.1071727537079141,163.3148063548078,164.91799926757812,0.0593762012262181,0.0477965524816959,63.41242466846673,164.89999389648438
good,0.110214298148918,163.31958330618352,164.91000061035157,0.0499341965337776,0.0602801016151403,63.0782131637749,164.89500427246094
good,0.1157281512844008,163.32510732100982,164.9260009765625,0.0443584397354083,0.0713697115489924,65.25191336208162,164.9499969482422
good,0.1143424022394867,163.3281433356482,164.91700134277343,0.0343781525523954,0.0799642496870913,61.36148452458775,164.89500427246094
good,0.09081410165129,163.333835772141,164.8540008544922,0.0086798815713589,0.082134220079931,46.862071720330434,164.6300048828125
good,0.0645641670169823,163.3386717691705,164.7830017089844,-0.014056042450359,0.0786202094673413,43.32543444174243,164.5449981689453
good,0.0197295874643543,163.34755843614948,164.65400085449218,-0.0471124976023895,0.0668420850667439,33.793980373133124,164.25
good,0.0154890039410702,163.35349681625348,164.59200134277344,-0.0410824649005389,0.0565714688416092,49.58486493183072,164.63999938964844
good,0.017574726429558,163.36007038485997,164.55500183105468,-0.0311973939296409,0.0487721203591989,51.80693506361369,164.7100067138672
good,0.0301766001867633,163.3666123730154,164.5990020751953,-0.0148764161379484,0.0450530163247118,55.98490945258483,164.85000610351562
good,0.0413005354155302,163.37421588855094,164.66400146484375,-0.0030019847273452,0.0443025201428755,56.563913792389904,164.8699951171875
neutral,0.0160410804747073,163.39212667354465,164.7040008544922,-0.0226091517345345,0.0386502322092418,43.589152884924864,164.4499969482422
neutral,-0.0007403302740272,163.40667031844737,164.67400207519532,-0.0315124499866152,0.030772119712588,44.88606741425093,164.49000549316406
neutral,-0.0154755048145034,163.41568803787158,164.6260009765625,-0.0369980996216732,0.0215225948071697,44.33719471081366,164.47000122070312
neutral,-0.0352195257560197,163.4306066839697,164.52900085449218,-0.0453936964505515,0.0101741706945318,41.47079972466428,164.36500549316406
neutral,-0.0594613532901462,163.46725909764302,164.40500183105468,-0.0557084191877424,-0.0037529341024037,38.53230789775007,164.25
good,0.0,127.73999786376952,157.06300201416016,0.0,0.0,50.0,127.73999786376952
neutral,0.0,127.74768458710795,149.74600067138672,0.0,0.0,50.0,127.90499877929688
neutral,0.0,127.7507509600118,142.4520004272461,0.0,0.0,50.0,128.0
neutral,0.0,127.75343206399752,135.16299896240236,0.0,0.0,50.0,127.91999816894533
neutral,0.0,127.75953723189367,127.87999877929687,0.0,0.0,50.0,127.83499908447266
neutral,0.0,127.7691037900104,127.91999969482421,0.0,0.0,50.0,127.94000244140624
good,0.0,127.66770838752603,127.69499969482422,0.0,0.0,50.0,126.77999877929688
good,0.0,127.6357886231063,127.50599975585938,0.0,0.0,50.0,127.05500030517578
good,0.0,127.61634554088246,127.35500030517578,0.0,0.0,50.0,127.16500091552734
good,0.0,127.58404289906557,127.18600006103516,0.0,0.0,50.0,126.98999786376952
good,0.0,127.5502710035002,126.98499908447266,0.0,0.0,50.0,126.93499755859376
good,0.0,127.54414226496448,127.0489990234375,0.0,0.0,50.0,127.0999984741211
good,0.0,127.50661231575496,127.05599822998047,0.0,0.0,50.0,127.08999633789062
good,0.0,127.50212696138524,127.06499786376953,0.0,0.0,50.0,127.20999908447266
good,0.0,127.47819433069547,127.03699798583985,0.0,0.0,34.96633812400768,126.8499984741211
good,0.0,127.4316816638364,126.9739990234375,0.0,0.0,32.26636432229023,126.62000274658205
good,0.0,127.41142581333774,126.93799896240235,0.0,0.0,38.89419506745384,126.91999816894533
good,0.0,127.4006484262938,126.91900024414062,0.0,0.0,40.46279886336231,126.99500274658205
good,0.0,127.39171846879847,126.84300079345704,0.0,0.0,38.14310787164863,126.83000183105467
good,0.0,127.3745044570026,126.82300109863282,0.0,0.0,37.03449752160624,126.75
good,0.0,127.35035597545902,126.90900115966797,0.0,0.0,43.648696393117234,127.0500030517578
good,0.0,127.34524068748291,126.9010009765625,0.0,0.0,41.01913213696959,126.87999725341795
good,0.0,127.3274053077415,126.84600067138672,0.0,0.0,38.65870819473811,126.72000122070312
good,0.0,127.3202205299402,126.84100036621093,0.0,0.0,40.613850740295725,126.80500030517578
good,0.0,127.30395719819208,126.86200103759765,0.0,0.0,41.78927715781212,126.8550033569336
good,-0.2576098891340166,127.29604066139896,126.77799987792969,-0.2576098891340166,0.0,38.13181200901773,126.62999725341795
good,-0.2496718054898821,127.29211644514244,126.75,-0.2496718054898821,0.0,40.85704619188079,126.73999786376952
good,-0.2402079965359007,127.2863946073576,126.75500030517578,-0.2402079965359007,0.0,40.98442189621799,126.74500274658205
good,-0.2591731656530101,127.26436847299556,126.66999969482421,-0.2591731656530101,0.0,35.05486714182524,126.37999725341795
neutral,-0.2591124423481261,127.24653480132974,126.60499877929688,-0.2591124423481261,0.0,38.96306842392182,126.52999877929688
neutral,-0.2561120187634031,127.2135017843882,126.58499908447266,-0.2561120187634031,0.0,38.96306842392181,126.52999877929688
good,-0.2691898415846054,127.19742848378957,126.49700012207032,-0.2691898415846054,0.0,35.196677140649626,126.3000030517578
good,-0.2795592647876077,127.1808314045434,126.4,-0.2795592647876077,0.0,34.570761113374374,126.26000213623048
good,-0.3189992397903864,127.13860784183956,126.2895004272461,-0.0534841660029488,-0.2655150737874376,28.64021934048424,125.82749938964844
good,-0.3580304948668527,127.1010406945048,126.11950073242187,-0.074012336863532,-0.2840181580033206,26.942711212128188,125.68000030517578
good,-0.4116447214420304,127.07509633910452,125.88152160644532,-0.1021012507509678,-0.3095434706910626,23.48791192204496,125.34010314941406
good,-0.4138676723984105,127.05159876842872,125.77752075195312,-0.0834593613658782,-0.3304083110325322,35.088725829487714,125.77999877929688
good,-0.4148810987504987,127.03124221514824,125.67152099609375,-0.0675782301743731,-0.3473028685761256,34.44942443227558,125.7300033569336
good,-0.4133407776541418,127.02335278875702,125.6460205078125,-0.0528303272624129,-0.3605104503917288,34.0484616963183,125.6999969482422
good,-0.3870812673098101,127.01546840842192,125.70102081298828,-0.0212566535344649,-0.3658246137753451,40.39747002598149,125.95500183105467
neutral,-0.3904157504443049,127.00380144115113,125.75299987792968,-0.0196729093351678,-0.370742841109137,35.30236218916403,125.5999984741211
good,-0.3626527637958077,126.99063103286632,125.78200073242188,0.0064720618506634,-0.3691248256464711,42.457670534791845,125.9250030517578
good,-0.331982211020474,126.98386210990026,125.83300018310547,0.0297140917007977,-0.3616963027212717,43.69564225005562,125.98500061035156
good,-0.2989839226538748,126.94776553300372,125.90300140380859,0.0501699040539175,-0.3491538267077924,45.074371816020026,126.0500030517578
good,-0.2410138618031112,126.93494159117851,125.99398040771484,0.0865119719237449,-0.3275258337268562,52.072068925306894,126.40989685058594
good,-0.1872565844273168,126.927627549595,126.16998138427735,0.1122153994396314,-0.2994719838669483,53.319689390261146,126.4800033569336
good,-0.1517800587116227,126.9167574460936,126.25898132324218,0.1181535401242605,-0.2699335988358832,51.073180385744166,126.37000274658205
good,-0.1398053275806461,126.90770288672768,126.29198150634765,0.1041026170041897,-0.2439079445848358,46.82401278305509,126.1500015258789
good,-0.1483745712642701,126.87555631093764,126.26298065185547,0.0764266986564525,-0.2248012699207227,42.5758172516112,125.90499877929688
good,-0.1210898929384285,126.84670110835876,126.24300079345703,0.0829691015858353,-0.2040589945242638,50.56081211127198,126.30999755859376
good,-0.0967372839917857,126.8420284421518,126.21300048828125,0.0858573684259825,-0.1825946524177682,50.9238102390362,126.33000183105467
good,-0.0701732729780388,126.83604550414886,126.22100067138672,0.0899371035517835,-0.1601103765298223,52.42814668483465,126.41000366210938
good,-0.0517601864073355,126.83367825412488,126.26498107910156,0.0866801520979894,-0.138440338505325,51.574768350314095,126.36990356445312
good,-0.0523081710944239,126.8307221992448,126.31894073486328,0.0689057339287208,-0.1212139050231448,47.521733079847046,126.17479705810548
good,-0.0465409455309497,126.82576031609216,126.30594177246094,0.059738367593756,-0.1062793131247058,49.07261837686268,126.24500274658205
good,-0.0650253088968639,126.81648964063108,126.22994079589844,0.0330032033822735,-0.0980285122791374,43.28405176642244,125.9499969482422
good,-0.0644073321023483,126.80477541195198,126.17393951416015,0.0268969441414312,-0.0913042762437796,47.36389016395291,126.12999725341795
good,-0.0651829906626204,126.80155845541272,126.12095947265625,0.0208970284649273,-0.0860800191275478,46.85982827217717,126.1050033569336
good,-0.0542869936530081,126.7914215826504,126.13397979736328,0.0254344203796317,-0.0797214140326399,49.95540312089614,126.23989868164062
good,-0.0558924692642364,126.78928136837384,126.1059799194336,0.0190631558147228,-0.0749556250789592,47.006497125317686,126.1050033569336
good,-0.0393626642930087,126.7846773456522,126.17998046875,0.0284743686287604,-0.0678370329217691,51.88185178464507,126.31999969482422
good,-0.0311487649628361,126.78182030228804,126.20498046875,0.0293506143671463,-0.0604993793299825,50.372938904562126,126.25499725341795
good,-0.0271501083826848,126.7725274813104,126.22798004150391,0.0266794167578381,-0.0538295251405229,49.537609875018575,126.22000122070312
good,-0.0165286597957532,126.77136063708008,126.24199981689453,0.0298406922758158,-0.046369352071569,51.75334674638714,126.30999755859376
good,-0.0223776499505703,126.76759112248337,126.2469985961914,0.0191933616967989,-0.0415710116473693,47.28161486294343,126.12999725341795
good,-0.0235142199163931,126.76068811246355,126.21699829101563,0.0144454333847809,-0.037959653301174,48.34966546377803,126.16999816894533
good,0.0001937820322979,126.75705639601588,126.26099853515625,0.0305227482667775,-0.0303289662344796,55.71658404788281,126.4749984741211
good,0.0391084889454163,126.75672406395908,126.36299896240234,0.0555499641439167,-0.0164414751985004,60.75639795239874,126.7300033569336
good,0.0356468025973271,126.7415553866712,126.36299896240234,0.041670622236662,-0.0060238196393349,50.55169081926804,126.30999755859376
good,0.0389103362537781,126.73799866265357,126.41499938964844,0.0359473247144905,0.0029630115392876,52.1986323239301,126.38999938964844
good,0.0665508543893338,126.73768531598355,126.5229995727539,0.0508702742800369,0.0156805801092968,58.196219961372414,126.70999908447266
good,0.0794710304415531,126.73731715669742,126.55,0.0510323602658049,0.0284386701757481,55.83846720881641,126.61000061035156
good,0.0823061102793474,126.73636132680468,126.50999908447265,0.0430939520828794,0.039212158196468,53.955132607778,126.52999877929688
good,0.0792018765738049,126.73478398739556,126.54299926757812,0.0319917747018695,0.0472101018719353,52.64061972648948,126.4749984741211
good,0.0603116679401978,126.72678388758474,126.52099914550782,0.0104812528546099,0.0498304150855878,48.16062302443766,126.27999877929688
good,0.0432291606699237,126.72316093843452,126.43099975585938,-0.0052810035325312,0.048510164202455,47.712193774581074,126.26000213623048
good,0.0293527898949861,126.72100371070314,126.36100006103516,-0.0153258994459751,0.0446786893409612,47.71219377458107,126.26000213623048
good,0.0203478367264864,126.7191395399568,126.31251983642578,-0.0194646820915798,0.0398125188180663,48.47995978933224,126.28759765625
good,0.0096629052765138,126.71865131273844,126.26652069091797,-0.024119690833242,0.0337825961097558,47.32485455092816,126.24500274658205
good,0.0007821517477282,126.7156918123762,126.2585205078125,-0.026400355489622,0.0271825072373503,47.18260133978192,126.23999786376952
good,0.0153541853702421,126.71410144707156,126.3085205078125,-0.0094626574936865,0.0248168428639286,55.03509935957063,126.51000213623048
good,0.018618958103346,126.71219284323531,126.33852081298828,-0.0049583078084661,0.0235772659118121,51.9543245737768,126.41000366210938
good,0.0321326890986313,126.7072797132333,126.39100189208985,0.0068443385494553,0.0252883505491759,55.6937322604628,126.5500030517578
good,0.0591062493053016,126.70818528328653,126.49400177001954,0.0270543190049005,0.0320519303004011,60.64204338912276,126.76000213623048
good,0.0640102738196475,126.7062361128418,126.55900268554687,0.0255666748153971,0.0384435990042503,54.54968691339402,126.56500244140624
good,0.077094506429816,126.7061109881804,126.59500274658203,0.0309207259404525,0.0461737804893635,57.49741607750708,126.69000244140624
good,0.0908546046833578,126.70620925601636,126.66200256347656,0.0357446593551954,0.0551099453281623,58.76465952261237,126.74500274658205
good,0.1069812321690477,126.7070017784909,126.71700134277344,0.0414970294727082,0.0654842026963394,60.60445653209827,126.8249969482422
good,0.1116163411851545,126.7074967689676,126.71300048828125,0.036905710791052,0.0747106303941024,57.66057895753121,126.73999786376952
good,0.1012126394719814,126.70667689390989,126.71600036621093,0.0212016072623031,0.0800110322096782,52.49181799583848,126.58000183105467
good,0.0943012357435009,126.70628013530838,126.7,0.011432162827058,0.0828690729164428,53.33644377915473,126.61000061035156
good,0.0929970402764439,126.70611774080022,126.68600006103516,0.0081023738880009,0.084894666388443,55.19523616412776,126.6750030517578
good,0.0761571907658407,126.7052379647378,126.61900024414062,-0.0069899804980818,0.0831471712639225,49.189523019445765,126.48999786376952
good,0.0569109169344983,126.70353022694243,126.55600128173828,-0.0209890034635393,0.0778999203980377,47.24463347716042,126.4250030517578
good,0.0543452275908009,126.70306410322831,126.55800018310546,-0.0188437542457894,0.0731889818365903,52.390817560949486,126.58999633789062
good,0.0596934481564943,126.70301468850424,126.57400054931641,-0.0107964269440768,0.0704898751005711,55.24082296058302,126.69000244140624
good,0.0440661654698999,126.70259636090184,126.52902069091797,-0.0211389677045369,0.0652051331744369,47.84218164936324,126.45010375976562
good,0.0516541386761559,126.70260706946851,126.572021484375,-0.0108407955986247,0.0624949342747807,54.77339396827042,126.70500183105467
good,0.0542181658498179,126.70248317067852,126.6210205078125,-0.0066214147399702,0.0608395805897882,53.71769816149309,126.66999816894533
neutral,0.0623897019597592,126.70260168540136,126.65402069091797,0.0012400970959768,0.0611496048637824,55.93851977572757,126.75499725341795
good,0.0644913113384717,126.7027154675216,126.65802001953125,0.0026733651797514,0.0618179461587202,54.44897450408212,126.70999908447266
neutral,0.0546335264932622,126.70050439761962,126.68299865722656,-0.0057475357323664,0.0603810622256286,50.135579248503866,126.5749969482422
good,0.0438945214826702,126.69801606402076,126.65099792480468,-0.0131892325943667,0.057083754077037,49.202825042025005,126.54499816894533
good,0.0385701461739245,126.6972585032246,126.63499755859375,-0.0148108863224899,0.0533810324964145,50.68492276266766,126.58999633789062
good,0.0343583311430109,126.6950416196951,126.60299835205078,-0.0152181610827228,0.0495764922257337,50.856668366659726,126.59500122070312
good,0.0258807980982851,126.69477463786768,126.56799926757813,-0.0189565553019589,0.044837353400244,48.66851211854279,126.53500366210938
good,0.0138540906318809,126.6898264573885,126.5472396850586,-0.0247866102146905,0.0386407008465714,46.382954830873146,126.47119903564452
good,0.0121551092678942,126.68907153892398,126.55223999023437,-0.0211884732629417,0.0333435825308359,50.27693959778279,126.56999969482422
good,0.010685478748897,126.68862355856136,126.5482406616211,-0.0181264830255511,0.0288119617744481,50.27693959778279,126.56999969482422
good,0.007417863272181,126.68645297773465,126.53824005126953,-0.0171152788018136,0.0245331420739947,49.227694595707874,126.54499816894533
good,0.006767655338919,126.68564845836164,126.5452392578125,-0.0142123893880605,0.0209800447269796,50.34370205363098,126.56999969482422
good,0.0081755326084476,126.68512848110134,126.56999969482422,-0.0102436096948256,0.0184191423032732,51.49195784058647,126.59500122070312
good,-0.0043757056017597,126.68308166928192,126.54100036621094,-0.0182358783240263,0.0138601727222666,44.03554284859865,126.4250030517578
good,-0.0205413436499952,126.68117114378413,126.49600067138672,-0.0275212130978095,0.0069798694478142,41.024775187011706,126.34500122070312
good,-0.0377587702291606,126.67446619986823,126.44400177001953,-0.0357909117415799,-0.0019678584875807,38.87795516232326,126.28500366210938
good,-0.0440373538847751,126.66995072326334,126.4040023803711,-0.0336555963177555,-0.0103817575670196,43.3970730410467,126.37000274658205
good,-0.0484546219467461,126.66615838017168,126.35900268554687,-0.0304582915037811,-0.0179963304429649,43.3970730410467,126.37000274658205
good,-0.0553521025122307,126.662170730274,126.33800201416015,-0.0298846176554126,-0.025467484856818,41.313085784082816,126.31999969482422
good,-0.0569343620868352,126.66114666423404,126.34100189208985,-0.0251735017840137,-0.0317608603028215,43.64454944244037,126.36000061035156
good,-0.0647050031656277,126.65908784566666,126.33800048828125,-0.026355314290245,-0.0383496888753827,39.81208041885318,126.2699966430664
good,-0.0724487983346335,126.65315006659688,126.31199951171875,-0.0272792875674006,-0.0451695107672329,38.59557847696561,126.23999786376952
good,-0.0864652244542298,126.65160633532471,126.26399841308594,-0.0330365709495975,-0.0534286535046323,34.439950615818304,126.12999725341795
good,-0.0988544612217054,126.64554643600354,126.21999816894531,-0.0363406461736585,-0.0625138150480469,33.38426622289815,126.0999984741211
good,-0.107434581638131,126.6447912210956,126.16799774169922,-0.0359366132720672,-0.0714979683660637,33.38426622289815,126.0999984741211
good,-0.098573573783554,126.6431356543565,126.16999816894531,-0.0216604843339922,-0.0769130894495618,45.09585331792853,126.27999877929688
good,-0.104866841845606,126.64211722662048,126.14199829101562,-0.0223630019168353,-0.0825038399287706,37.91696513336421,126.0999984741211
good,-0.1058100863203037,126.64019927028166,126.14299926757812,-0.0186449971132264,-0.0871650892070772,39.919941618423536,126.13500213623048
good,-0.1009557938426439,126.63878579278024,126.16100006103515,-0.0110325637084533,-0.0899232301341906,43.03011468899336,126.19000244140624
good,-0.0880249936086983,126.63721523166085,126.19900054931641,0.0015185892203938,-0.0895435828290921,48.27315457549587,126.29000091552734
good,-0.081677020964392,126.63659508541816,126.18900146484376,0.0062932494917601,-0.0879702704561521,45.56370109189367,126.2300033569336
good,-0.0701887246221701,126.63475823190574,126.2290023803711,0.0142252366671855,-0.0844139612893557,49.14975119311889,126.3000030517578
good,-0.0560005624070214,126.6330107943423,126.27300262451172,0.0227307191058674,-0.0787312815128889,51.834580886824696,126.3550033569336
good,-0.044246297852041,126.6323646843784,126.30600280761719,0.0275879869286782,-0.0718342847807193,51.834580886824696,126.3550033569336
good,-0.03812309104147,126.63106331852082,126.31000213623047,0.0269689549913994,-0.0650920460328694,49.36124823422755,126.30999755859376
good,-0.0392725594443561,126.63042438065638,126.31000213623047,0.0206555892708106,-0.0599281487151668,45.23014854068309,126.2300033569336
good,-0.0309512207156359,126.63004458678176,126.31800079345703,0.0231815423996246,-0.0541327631152606,51.26926804825917,126.33999633789062
good,-0.0268706391850059,126.62885690540848,126.30800018310546,0.0218096991442037,-0.0486803383292097,49.40279341432866,126.30500030517578
good,-0.0213729605460599,126.62828451346128,126.3029998779297,0.0218459022265197,-0.0432188627725797,50.78135759465044,126.33000183105467
good,-0.0232040084139697,126.62538636235313,126.29100036621094,0.016011883486888,-0.0392158919008577,46.4227349800416,126.25
good,-0.0171949618871423,126.62345343995116,126.31299896240235,0.0176167440109723,-0.0348117058981146,51.46903936057686,126.33999633789062
good,-0.0031168380950674,126.62216358290536,126.33600006103515,0.0253558942424377,-0.0284727323375052,57.03779198755014,126.45500183105467
good,0.0131333218238154,126.6214645172888,126.37899932861328,0.0332848433290565,-0.020151521505241,59.8422757037479,126.5199966430664
good,0.0261145110236782,126.62050824680428,126.41799926757812,0.0370128260231354,-0.0108983149994572,60.05849312291554,126.5250015258789
good,0.0292068033901387,126.61906396619592,126.45599975585938,0.0320840947116767,-0.002877291321538,54.6744218199573,126.44000244140624
good,0.0312966985104168,126.61869698981688,126.4760009765625,0.0273391918655639,0.0039575066448529,54.6744218199573,126.44000244140624
good,0.0397566182396929,126.61800269842396,126.49100036621094,0.0286392892758719,0.0111173289638209,59.16916226805567,126.52999877929688
good,0.0387524985577982,126.61647605284278,126.47500152587891,0.0221081356751818,0.0166443628826163,53.4599701122345,126.44000244140624
good,0.0339339650527676,126.61596496194784,126.44900054931641,0.013831681736121,0.0201022833166466,50.81917234955486,126.3949966430664
good,0.0337608963209135,126.61543142893704,126.45,0.0109268904034134,0.0228340059175,53.56375461947407,126.44499969482422
good,0.0292517141677564,126.61489775868878,126.44099884033203,0.0051341666002051,0.0241175475675513,50.52713906580067,126.3949966430664
good,0.0074369300532737,126.61077830506476,126.36899871826172,-0.013344494011422,0.0207814240646957,39.6379068660469,126.16999816894533
good,-0.012132241376932,126.60576327500742,126.30899810791016,-0.0263309323533022,0.0141986909763702,38.448154061129344,126.13999938964844
good,-0.0209440416853965,126.6036070798028,126.2739990234375,-0.0281141861294134,0.0071701444440168,43.33306629522912,126.22000122070312
good,-0.0395672170218261,126.60285244795614,126.19901885986329,-0.0373898891726744,-0.0021773278491517,37.351476379292805,126.07009887695312
good,-0.0429456262371701,126.60216610440182,126.16101989746093,-0.0326146387104147,-0.0103309875267554,44.74372460722739,126.20500183105467
good,-0.0441457714694735,126.60186287526447,126.17042083740235,-0.0270518271541744,-0.017093944315299,45.36138169467337,126.21700286865234
good,-0.0515235893599879,126.60024699323291,126.16842041015624,-0.027543716035751,-0.0239798733242368,41.72033091705183,126.12999725341795
good,-0.0626994301384229,126.598602882084,126.13542022705079,-0.0309756454513489,-0.031723784687074,38.82726546819418,126.05500030517578
good,-0.0645823557286888,126.5981336133322,126.14784088134766,-0.0262868568332918,-0.038295498895397,43.19415588000764,126.1322021484375
good,-0.0694857289512782,126.59687861719271,126.12284088134766,-0.0249521840447049,-0.0445335449065732,41.05982545732891,126.08000183105467
good,-0.068547304148538,126.59538810614512,126.10543975830078,-0.0192110073935718,-0.0493362967549662,43.91808260661006,126.12999725341795
good,-0.0662330139724503,126.59486647593648,126.10744018554688,-0.0135173737739872,-0.052715640198463,44.49797302395936,126.13999938964844
good,-0.0536935215100271,126.59427616045872,126.14944000244141,-0.0007823050492512,-0.0529112164607758,51.27825621459372,126.26499938964844
good,-0.0508356858019993,126.59353194931248,126.15699920654296,0.0016604245270211,-0.0524961103290205,46.61715424836927,126.16999816894533
good,-0.0384444480036734,126.59247267387688,126.1989990234375,0.0112413298602777,-0.0496857778639511,52.49166676541795,126.29000091552734
good,-0.0290959911031052,126.59219023448642,126.22899932861328,0.0164718294086767,-0.0455678205117819,51.97824065614428,126.27999877929688
good,-0.01824916703805,126.5919367714696,126.26499938964844,0.0218549227789855,-0.0401040898170355,53.91942734199521,126.31999969482422
good,-0.0159248877887279,126.5912966455342,126.25999908447265,0.0193433616226461,-0.035268249411374,49.60092013209847,126.23999786376952
good,-0.0171133473045159,126.59047980058128,126.26599884033203,0.0145239216854864,-0.0316372689900024,47.55024970905926,126.1999969482422
good,-0.0126640727126527,126.58959573346937,126.26099853515625,0.0151785570218797,-0.0278426297345325,51.0890545509571,126.26499938964844
good,-0.0034498326593848,126.58510742809231,126.27199859619141,0.0195142376601181,-0.0229640703195029,54.638433682963445,126.33499908447266
good,-0.0029719381293205,126.583996616752,126.25799865722657,0.0159937057521459,-0.0189656438814664,49.9028405159931,126.25
good,0.0014251963364984,126.58342112438096,126.26999969482422,0.0163126721743719,-0.0148874758378735,52.51044199108169,126.3000030517578
good,0.0048540031534685,126.58300399713718,126.29000091552734,0.0157931831930736,-0.0109391800396051,52.51044199108169,126.3000030517578
good,0.0042941177611197,126.58230001219798,126.28900146484375,0.0121866382405798,-0.0078925204794601,50.09144959414586,126.26000213623048
good,0.0024103678366884,126.58158109947011,126.27050170898437,0.0082423106529188,-0.0058319428162304,49.02724636993142,126.24250030517578
good,0.0022952723077906,126.57915509132714,126.2724822998047,0.0065017720992168,-0.0042064997914261,50.16107186718724,126.25990295410156
good,-0.0041950596853723,126.57577193584032,126.24848175048828,9.152084843055444e-06,-0.0042042117702154,45.19071225602836,126.18000030517578
good,-0.0080357381731772,126.57418075717624,126.22748107910157,-0.0030652211223694,-0.0049705170508077,46.267074810515865,126.19499969482422
good,-0.0129476651135149,126.573150153516,126.20948028564453,-0.0063817184501657,-0.0065659466633492,44.69161235967556,126.16999816894533
good,-0.0166484891823017,126.57273831354176,126.19497985839844,-0.008066034015162,-0.0085824551671397,44.69161235967556,126.16999816894533
good,-0.0177624864281114,126.5697603745742,126.18099975585938,-0.0073440250087773,-0.010418461419334,46.385724174460144,126.19000244140624
good,-0.0256126584533831,126.55776121911244,126.16499938964844,-0.0121553576272392,-0.0134573008261438,40.39111960692443,126.0999984741211
good,-0.0203031535046136,126.55562036544772,126.1739990234375,-0.0054766821427758,-0.0148264713618378,50.9990341422055,126.23999786376952
good,-0.013917486269463,126.55540998714416,126.19299926757813,0.0007271880738997,-0.0146446743433628,52.62059663697816,126.26499938964844
good,-0.0039697367669901,126.55517637703794,126.2239990234375,0.0085399500610981,-0.0125096868280883,56.3533691446885,126.3249969482422
good,0.011847018101065,126.55479656903908,126.27099914550782,0.0194853639433227,-0.0076383458422576,61.761207659725976,126.4250030517578
good,0.0372659113433115,126.554888191624,126.36899871826172,0.0359234057484554,0.0013425055948561,68.66030410662455,126.58999633789062
good,0.0501358272759091,126.55477786694374,126.42239990234376,0.0390346573448423,0.0111011699310667,62.54730683289474,126.50700378417967
good,0.0495161711819776,126.55418107439333,126.44539947509766,0.0307320010007286,0.0187841701812489,54.5440384969892,126.37999725341795
good,0.0432816274586542,126.55380865900744,126.44340057373047,0.0195979658219242,0.02368366163673,50.951101025737536,126.31500244140624
good,0.0438864380484886,126.55314869948796,126.4363998413086,0.0161622211294069,0.0277242169190817,54.66227785683343,126.38999938964844
good,0.0390740321208227,126.55076502214914,126.3844009399414,0.0090798521613927,0.0299941799594299,51.31710037558664,126.33000183105467
good,0.0316673842764885,126.55027232043638,126.34100036621093,0.0013385634536468,0.0303288208228416,49.15717192589346,126.29000091552734
good,0.0294918120026324,126.55005589809645,126.33300018310547,-0.0006696070561674,0.0301614190587998,51.88313265065008,126.33999633789062
good,0.0298448884129811,126.54930508479224,126.34400024414063,-0.0002532245166549,0.030098112929636,53.49474428226369,126.37000274658205
good,0.0321744675568851,126.54901884019792,126.34600067138672,0.0016610837017992,0.0305133838550858,55.11339827031576,126.4000015258789
good,0.0352281496087556,126.54883457379654,126.36399993896484,0.0037718126029357,0.0314563370058198,56.20757918023656,126.41999816894533
good,0.03682053385414,126.54849412846892,126.38899993896484,0.0042913574786561,0.0325291763754838,55.84123744146003,126.41500091552734
good,0.0344575649005634,126.54688907727189,126.39600067138672,0.0015427108200636,0.0329148540804997,52.87073372546527,126.375
good,0.0286239596233457,126.54623497100968,126.38800048828125,-0.0034327155657232,0.0320566751890689,49.66979730522025,126.33000183105467
good,0.0241259134865146,126.54590458015042,126.375,-0.0063446093620435,0.0304705228485581,50.031605435516106,126.33499908447266
good,0.0247222647769973,126.54464187177136,126.3690200805664,-0.0045986064572486,0.0293208712342459,53.9614231002958,126.39009857177734
good,0.0304759536705461,126.54338303988472,126.37799987792968,0.0009240659490401,0.0295518877215059,58.42246747379864,126.45989990234376
good,0.0178923735150391,126.54183152232687,126.35299987792969,-0.0093276113651734,0.0272199848802126,44.46843531546722,126.25
good,0.0074309002030048,126.54093641992414,126.33600006103515,-0.0158312677417662,0.023262167944771,44.1977753297674,126.24500274658205
good,-0.0008500934198423,126.54067561525878,126.31800079345703,-0.0192898090916907,0.0184397156718483,44.1977753297674,126.24500274658205
good,-0.0073283637121619,126.54047502508564,126.28898162841797,-0.0206144635072082,0.0132860997950463,44.1977753297674,126.24500274658205
good,-0.012320417488624,126.53877789514792,126.24600219726562,-0.0204852138269362,0.0081647963383122,44.1977753297674,126.24500274658205
good,-0.0164904170251816,126.53860514578552,126.24400177001954,-0.019724170690795,0.0032337536656134,43.83833440401002,126.23999786376952
good,-0.0251536069383604,126.53772943654477,126.22900085449218,-0.0227098884831791,-0.0024437184551813,39.05441192247088,126.16999816894533
good,-0.0428223981307525,126.53501441076656,126.18600006103516,-0.0323029437404569,-0.0105194543902955,31.621939991034026,126.02999877929688
good,-0.0426163561219539,126.53267812931718,126.17699890136718,-0.0256775213853266,-0.0169388347366272,45.24789072726528,126.1999969482422
good,-0.031598510835181,126.53207072577791,126.19399871826172,-0.011727740878843,-0.0198707699563379,52.96678068441963,126.33000183105467
good,-0.0210110250714876,126.53025077079168,126.21599884033203,-0.0009122040921197,-0.0200988209793679,54.040066767163545,126.3499984741211
good,-0.0284307169959134,126.52964573406156,126.21199951171874,-0.0066655168132364,-0.021765200182677,43.37819951107808,126.1500015258789
good,-0.0386980872302444,126.5292820460102,126.2240203857422,-0.0135463096380539,-0.0251517775921905,40.78298776108145,126.09010314941406
neutral,-0.0371356125282034,126.52852311711956,126.22502136230469,-0.0095870679488103,-0.0275485445793931,47.29663586809512,126.20500183105467
good,-0.0414715247238035,126.52785511445929,126.18502044677734,-0.0111383841155283,-0.0303331406082751,43.90180904418568,126.12999725341795
good,-0.0575584631558712,126.52214008198432,126.10802001953125,-0.0217802580380768,-0.0357782051177944,37.52138551211544,125.96499633789062
good,-0.0690674432111393,126.5208772319305,126.072119140625,-0.0266313904746759,-0.0424360527364633,37.84569672327256,125.97049713134766
good,-0.1036618492223482,126.51753759786216,125.98209838867187,-0.0489806371887078,-0.0546812120336403,28.33058395728776,125.63999938964844
good,-0.1391572656340116,126.50791794906196,125.84509735107422,-0.067580842880297,-0.0715764227537146,25.7946685636536,125.5199966430664
good,-0.1613844676335531,126.5018052207582,125.73311767578124,-0.0718464359038708,-0.0895380317296823,28.66563820990163,125.57009887695312
good,-0.1669962048955113,126.50103499383876,125.67911834716797,-0.0619665385326632,-0.1050296663628481,35.37787966859106,125.69499969482422
good,-0.1702876656986802,126.50023214294586,125.62201843261718,-0.0522063994686657,-0.1180812662300145,35.093104090610225,125.68499755859376
good,-0.1721223778588836,126.49705847446457,125.62801818847656,-0.0432328893030952,-0.1288894885557883,34.642755430917234,125.66999816894533
good,-0.162424094451552,126.49554762549168,125.68101959228515,-0.0268276847166109,-0.1355964097349411,40.90470643508112,125.78500366210938
good,-0.1449976511745774,126.48883144757538,125.74400024414062,-0.007520993151709,-0.1374766580228684,45.770061242402285,125.88500213623048
good,-0.1444503086042345,126.48439654109345,125.74499969482422,-0.0055789204650929,-0.1388713881391416,39.32017210489492,125.6999969482422
good,-0.1391843653676971,126.48336785065248,125.75599975585938,-0.0002503817828444,-0.1389339835848527,41.24798220244193,125.73999786376952
good,-0.1215065460624771,126.47633715677624,125.8,0.0139419500179005,-0.1354484960803776,47.92877679316262,125.88999938964844
good,-0.0902292914021813,126.47581554397269,125.86121978759766,0.036175363742557,-0.1264046551447384,55.272088486994846,126.09110260009766
good,-0.0759523570852707,126.47555631297884,125.87421875,0.0403618384475741,-0.1163141955328448,49.94936125808844,125.9499969482422
good,-0.0471484985275054,126.4735850255922,125.96622009277344,0.0553325576042715,-0.1024810561317769,56.64164820103702,126.16000366210938
good,-0.0252412091705451,126.47328494288368,126.0472198486328,0.0617918775689854,-0.0870330867395306,56.06474793243765,126.1449966430664
good,-0.0049974144443325,126.47258658389588,126.10522003173828,0.0656285378361584,-0.070625952280491,57.16074772884702,126.18000030517578
good,0.0196950365452153,126.47226279879254,126.14499969482422,0.072256791060565,-0.0525617545153497,60.4958302561916,126.29000091552734
good,0.0396144202785535,126.47195016790212,126.21500091552734,0.0737409398351226,-0.0341265195565691,60.79470675269495,126.3000030517578
good,0.0506131127527567,126.47163639345996,126.23258056640626,0.0677917058474606,-0.0171785930947039,58.319553359823566,126.2479019165039
good,0.0691910541003011,126.471288832019,126.27958068847656,0.069095717756004,9.533634429707492e-05,62.489359067032346,126.37999725341795
good,0.0821606366152991,126.47115583011104,126.31758117675781,0.0656522402168016,0.0165083963984974,61.984090531362575,126.37000274658205
good,0.0794197531980955,126.47046808902016,126.30358123779297,0.0503290854396784,0.0290906677584171,54.819808279231054,126.22000122070312
good,0.0747714865843107,126.46922754657614,126.28358001708985,0.0365446550607149,0.0382268315235958,53.92466677989076,126.1999969482422
good,0.0714741180516256,126.46875992483814,126.2769989013672,0.0265978292224238,0.0448762888292017,54.52427737444113,126.21499633789062
good,0.0716663959286165,126.46847887930753,126.25299987792968,0.0214320856795318,0.0502343102490847,56.35942433949706,126.26000213623048
good,0.0614274612510286,126.46609535221192,126.20699920654297,0.008954520801555,0.0524729404494735,50.506826026316624,126.13999938964844
good,0.0459249220869821,126.46382251859517,126.1739990234375,-0.005238414689993,0.0511633367769752,46.7997345393138,126.05500030517578
good,0.0089251884591163,126.45908497864528,126.08399963378906,-0.0337905186542871,0.0427157071134034,36.45886459942103,125.75
good,-0.0089968759036906,126.45454605729456,126.01900024414063,-0.0413700664136753,0.0323731905099846,42.71576648016183,125.88999938964844
good,-0.0381481244871508,126.4512452163602,125.9068603515625,-0.0564170519977084,0.0182689275105575,37.32439880217099,125.69930267333984
good,-0.0720639853734752,126.4471248009172,125.78986053466797,-0.0722663303072262,0.0002023449337509,33.843430618049936,125.55500030517578
good,-0.0918323365172568,126.4408205999743,125.70485992431641,-0.0736277451608062,-0.0182045913564505,37.12541981754289,125.62999725341795
good,-0.1118578598037061,126.43950806264156,125.66685943603515,-0.0749226147578044,-0.0369352450459016,35.362067633362855,125.55999755859376
good,-0.1194920851579155,126.43804318692612,125.61785888671875,-0.066045472089611,-0.0534466130683044,39.142033746207325,125.6449966430664
good,-0.1261053977885069,126.4370061694194,125.60199890136718,-0.0581270277761619,-0.0679783700123449,38.43036263742143,125.62000274658205
good,-0.1410177120119016,126.43356187497751,125.58699951171874,-0.0584314735996453,-0.0825862384122562,34.63204764628456,125.4800033569336
good,-0.1498975771208393,126.43219714649844,125.56000061035157,-0.0538490709668663,-0.0960485061539729,35.36908404160614,125.49500274658205
good,-0.1439784594180224,126.42940358578512,125.5750015258789,-0.0383439626112396,-0.1056344968067828,41.94832846381629,125.63500213623048
good,-0.1412904000093817,126.42868712571364,125.56400146484376,-0.0285247225620791,-0.1127656774473026,40.52030473525782,125.58999633789062
good,-0.1379728648478106,126.42677975773952,125.55700073242187,-0.0201657499204064,-0.1178071149274042,40.35602773535997,125.58499908447266
good,-0.135795739764589,126.42486269054132,125.5729995727539,-0.0143908998697478,-0.1214048398948412,39.49335142026515,125.55999755859376
good,-0.1333397677829992,126.42326030114604,125.58399963378906,-0.0095479423105264,-0.1237918254724728,39.13321706575152,125.5500030517578
good,-0.1334862378326988,126.42098657844556,125.55799865722656,-0.0077555298881808,-0.125730707944518,37.475977417109526,125.50499725341795
good,-0.1304840004635679,126.41786611081116,125.54499969482421,-0.0038026340152398,-0.126681366448328,38.71823036399972,125.5250015258789
good,-0.1302344205550127,126.4166796331185,125.52400054931641,-0.0028424432853478,-0.1273919772696649,36.94027828441913,125.4800033569336
good,-0.1349366402486254,126.41413141408282,125.49200134277343,-0.0060357303831683,-0.128900909865457,33.95491638493296,125.4000015258789
good,-0.1342912697037377,126.40782192962986,125.46900024414063,-0.0043122878706245,-0.1299789818331132,36.37713649188088,125.43499755859376
good,-0.1394344477158995,126.40310898214749,125.43700103759765,-0.007564372706229,-0.1318700750096705,33.023002730238886,125.34500122070312
good,-0.1334992790304028,126.3998729653878,125.42200012207032,-0.0013033632165858,-0.1321959158138169,39.976519640692025,125.4499969482422
good,-0.1313160976102949,126.39899104967954,125.40599975585937,0.0007038545628176,-0.1320199521731125,37.955825504852896,125.4000015258789
good,-0.1336852573666931,126.39688608481934,125.39201965332032,-0.0013322441548644,-0.1323530132118286,35.27138998270806,125.3301010131836
good,-0.1364189349264108,126.39429232325448,125.36502075195312,-0.0032527373716657,-0.1331661975547451,34.15137424921201,125.3000030517578
good,-0.1429893445077255,126.38750321748348,125.34102020263671,-0.0078585175623842,-0.1351308269453412,31.469566273857723,125.2249984741211
good,-0.1429179955800066,126.38268060965146,125.30502014160156,-0.0062297349077323,-0.1366882606722743,34.77860125007173,125.2699966430664
good,-0.1372445528829615,126.37705696287723,125.28901977539063,-0.0004450337685497,-0.1367995191144117,38.34145116869704,125.31999969482422
good,-0.1292410837153568,126.36709793821343,125.29199981689453,0.0060467483192439,-0.1352878320346007,40.10328565786087,125.34500122070312
good,-0.1270817478154242,126.36107343844894,125.28699951171875,0.0065648673753412,-0.1336466151907654,36.92221126224196,125.2750015258789
good,-0.1123750516057242,126.35629073001824,125.3259994506836,0.0170172508680329,-0.1293923024737572,46.405529769287,125.41999816894533
good,-0.0660679564645363,126.35469073810948,125.43999938964843,0.0506594768073767,-0.116727433271913,63.515960080367385,125.83999633789062
good,-0.0406012414108971,126.3515947987294,125.51499938964844,0.0609009534888127,-0.1015021948997099,56.776781657357525,125.69499969482422
good,-0.0201859946718769,126.35047982350052,125.58499908447266,0.0650529601822663,-0.0852389548541433,56.77678165735752,125.69499969482422
good,-0.0083485921448414,126.34843759579552,125.65799865722656,0.0615122901674415,-0.0698608823122829,54.24481023194061,125.63999938964844
good,-0.0061583283198416,126.34505539603394,125.68399963378906,0.050962043193953,-0.0571203715137946,50.292629525827486,125.5500030517578
good,0.0083910870111338,126.34359219088137,125.65800018310547,0.0524091668199428,-0.0440180798088089,56.37758450312393,125.70999908447266
good,0.0194949517080118,126.34132810447872,125.6604995727539,0.0508104252134566,-0.0313154735054448,56.261576523289385,125.7074966430664
good,0.0333574010058868,126.3404699739123,125.67649993896484,0.0517382996090652,-0.0183808986031784,58.72867114004092,125.7750015258789
good,0.0564577367034644,126.33916608195103,125.73513946533203,0.0598709082453143,-0.0034131715418499,63.87164666243343,125.93319702148438
good,0.0736578885934307,126.3387158797107,125.81113891601562,0.0616568481082244,0.0120010404852062,63.69890676785425,125.93000030517578
good,0.0866930262317993,126.33817762868873,125.85613861083985,0.0597535885972744,0.0269394376345248,63.86343610666002,125.93499755859376
good,0.1070858286699234,126.33728379776672,125.929638671875,0.0641171128283188,0.0429687158416045,68.21041875981146,126.0749969482422
good,0.1174552554815449,126.336862775816,125.9786376953125,0.0595892317119522,0.0578660237695926,64.9070535710531,126.0199966430664
good,0.1314207325050773,126.33652612456012,126.01399841308594,0.0588437669883877,0.0725769655166895,67.66660456011113,126.11000061035156
good,0.1416625646016598,126.3356913306756,126.05199890136718,0.0552684792679761,0.0863940853336836,67.96805621950227,126.12000274658205
good,0.1349099376312494,126.33445670650248,126.05599975585938,0.0388126818380526,0.0960972557931968,58.31003912311965,125.95500183105467
good,0.1157174077517737,126.33330409638742,126.0010009765625,0.0156961215668615,0.1000212861849122,50.981427325107205,125.8000030517578
good,0.1141194484718823,126.33197441297628,125.99400177001954,0.0112785298295761,0.1028409186423062,57.79891557596775,125.98500061035156
good,0.1087667526470284,126.33164566592092,125.96198120117188,0.0047406672037777,0.1040260854432506,56.201661929268255,125.94989776611328
good,0.1045379824115286,126.33073665682008,125.9309799194336,0.0004095175746223,0.1041284648369063,56.75522370933749,125.96499633789062
good,0.10043277721023,126.32998555769646,125.93397979736328,-0.002956550101341,0.103389327311571,56.94945974259092,125.97000122070312
good,0.0880948290204912,126.32834375230766,125.94797973632812,-0.0122355986328638,0.100330427653355,51.93061506709314,125.87000274658205
good,0.0798174807357554,126.32812892660336,125.9309799194336,-0.0164103575340797,0.0962278382698351,53.26133107060731,125.9000015258789
good,0.0652429742251428,126.32531099133178,125.90299987792969,-0.0247878912357538,0.0900308654608967,48.88846690825777,125.80999755859376
good,0.0638500928209708,126.32428792658727,125.89900054931641,-0.0209446181119406,0.0847947109329115,54.87328995734452,125.94499969482422
good,0.0560485050482668,126.3233546502081,125.87900085449219,-0.0229969647077157,0.0790454697559826,51.28096025139947,125.87000274658205
good,0.0492974205534437,126.3227968438371,125.87900085449219,-0.023798439362031,0.0730958599154748,51.280960251399456,125.87000274658205
good,0.0386595767301685,126.32152929486604,125.86100006103516,-0.027549026548245,0.0662086032784135,48.34416397763712,125.80999755859376
good,0.0251063006637082,126.32083384280564,125.8490203857422,-0.0328818420917642,0.0579881427554725,45.54049733543464,125.7500991821289
good,0.0133957222164156,126.3195269570757,125.80802001953126,-0.0356739364312455,0.0490696586476611,45.06584293660148,125.73999786376952
good,0.0012764034759982,126.31858291187189,125.77501983642578,-0.0382346041373303,0.0395110076133285,43.37896235620924,125.70500183105467
good,-0.0082333351779055,126.3175865120324,125.74201965332031,-0.0381954742329873,0.0299621390550817,43.37896235620923,125.70500183105467
good,-0.0147928753422945,126.3171333950884,125.72301940917968,-0.035804011517901,0.0210111361756064,44.07234879379651,125.71499633789062
good,-0.0121850914794947,126.31630559331906,125.73499908447266,-0.0265569821240809,0.0143718906445862,50.30232120284904,125.80999755859376
good,-0.0123961595482029,126.31525926791323,125.74299926757813,-0.0214144401542313,0.0090182806060283,48.46637821723973,125.77999877929688
good,-0.0084314120595507,126.31446098498282,125.76799926757812,-0.0139597541324633,0.0055283420729125,51.635065490087406,125.83000183105467
good,-0.0112123150971967,126.31204130866465,125.77799835205079,-0.0133925257360874,0.0021802106388906,46.96973156338925,125.75499725341795
good,-0.0096731034773966,126.31025177788064,125.79499969482421,-0.0094826512930299,-0.0001904521843667,49.89511918238326,125.8000030517578
good,-0.0055652273367456,126.30952192068484,125.8,-0.0042998201219031,-0.0012654072148425,52.1075109289824,125.83499908447266
good,-0.0010868519572966,126.30887199529808,125.81399993896484,0.0001428442060367,-0.0012296961633333,53.06410256467617,125.8499984741211
good,0.0006156978236617,126.30631020766803,125.81343994140624,0.0014763151895961,-0.0008606173659343,51.38425079185095,125.82720184326172
good,0.0033624812049453,126.3056494910189,125.83144073486328,0.0033784788567037,-1.599765175841787e-05,52.64479106181844,125.84500122070312
good,0.0138519281454705,126.30443086341684,125.86143951416015,0.0110943406377831,0.0027575875076873,59.3417802579206,125.9499969482422
good,0.0266990377173641,126.30385932726018,125.89644012451171,0.0191531601677414,0.0075458775496227,62.59727461323027,126.01000213623048
good,0.0368588157148082,126.30362418474374,125.92944030761718,0.0234503505321483,0.0134084651826598,62.86395525447372,126.01499938964844
good,0.0315636796774754,126.3019383759376,125.93482055664063,0.0145241715958524,0.0170395080816229,50.40316880318637,125.8541030883789
good,0.0311154238846711,126.30110880828632,125.94682006835937,0.0112607326424385,0.0198546912422325,53.54034809569772,125.90499877929688
good,0.0347971233329928,126.30049764641292,125.94882049560547,0.0119539456726082,0.0228431776603846,56.725883171296346,125.95999908447266
good,0.0309031848299241,126.2995563413738,125.92281951904297,0.0064480057356316,0.0244551790942925,51.22413641041459,125.87999725341795
good,0.0271015639656155,126.29904126936056,125.89481964111329,0.0021171078970584,0.0249844560685571,50.89209990735311,125.875
good,0.0194267476167055,126.29847638277924,125.88799896240235,-0.0044461667614812,0.0238729143781868,47.26104423234959,125.81999969482422
good,0.0135909687257793,126.29741793159673,125.8719985961914,-0.0082255565219259,0.0218165252477053,47.62667575840362,125.8249969482422
good,0.0116562093786569,126.29615846998831,125.85199890136718,-0.0081282526952387,0.0197844620738956,50.2295345257169,125.86000061035156
good,0.0155915592279569,126.29565187176532,125.86199951171875,-0.0033543222767509,0.0189458815047079,55.041471182297336,125.93000030517578
good,0.0153061727233421,126.2952815198363,125.86499938964843,-0.0029117670250926,0.0182179397484347,51.950490305523175,125.88999938964844
good,0.0129137262724299,126.29428255900262,125.8739990234375,-0.0042433707808038,0.0171570970532338,50.05830488934802,125.86499786376952
good,0.0029150511884239,126.29324533866436,125.86199951171875,-0.0113936366918478,0.0143086878802718,43.2698495293144,125.76499938964844
good,-0.0050316168229613,126.29180005249472,125.84279937744141,-0.0154722437625865,0.0104406269396251,43.20678292645585,125.76399993896484
good,-0.0059351902056334,126.29016698231092,125.82279968261719,-0.0131006537162069,0.0071654635105734,48.54082650269178,125.83000183105467
good,-0.0061768392760228,126.2895207382406,125.81179962158203,-0.010673842229277,0.0044970029532541,48.93190989753313,125.83499908447266
good,-0.0011103941987755,126.28908018079048,125.81880035400391,-0.0044859177216238,0.0033755235228482,53.84554779642129,125.9000015258789
good,0.0068599357135212,126.28740133866944,125.85579986572266,0.0027875297525384,0.0040724059609828,57.25237989627592,125.9499969482422
good,0.0130263202805451,126.28705668831908,125.89299926757812,0.0071631314556498,0.0058631888248953,57.25237989627592,125.9499969482422
good,0.020102758793854,126.28602452846906,125.92299957275391,0.0113916559751669,0.008711102818687,59.34140034786666,125.9800033569336
good,0.0170415495683187,126.28487257543006,125.93099975585938,0.0066643573997053,0.0103771921686133,50.11248725684257,125.875
good,0.0144489605788749,126.2845602945308,125.92599945068359,0.0032574147282092,0.0111915458506656,50.11248725684256,125.875
good,0.0150453842958313,126.28380495995609,125.91800079345703,0.0030830707561325,0.0119623135396988,52.94196461892405,125.91000366210938
good,0.0173350255680162,126.2832819226021,125.91500091552734,0.0042981696226539,0.0130368559453623,54.90855405154874,125.93499755859376
good,0.0225215600440833,126.2825224926668,125.91500091552734,0.0075877632789768,0.0149337967651065,58.28882504927603,125.9800033569336
good,0.0297184008185524,126.28200490589342,125.94450073242187,0.0118276832427567,0.0178907175757957,61.24320719939232,126.02249908447266
good,0.0308304162719821,126.28072987256536,125.9635009765625,0.0103517589569491,0.0204786573150329,55.96915922277735,125.97000122070312
good,0.026164929734179,126.27994453547495,125.9625,0.0045490179353168,0.0216159117988622,50.20416806724844,125.90499877929688
good,0.0250037731023695,126.27948179133776,125.9635009765625,0.0027102890428058,0.0222934840595636,53.01098874279824,125.94000244140624
good,0.0289938630458692,126.2792647643908,125.96849975585937,0.0053603031890444,0.0236335598568247,57.770747690597325,126.00499725341795
good,0.0289978811833861,126.2782963126204,125.95800018310547,0.0042914570612491,0.024706424122137,54.56570911496298,125.97000122070312
good,0.030265742918246,126.27719384692998,125.96199951171874,0.0044474550368871,0.0258182878813588,56.065577526835504,125.98999786376952
good,0.0333072381482253,126.2766180907148,125.98499908447266,0.0059911602134931,0.0273160779347321,58.29011423432383,126.0199966430664
good,0.032917541325844,126.27605404757112,125.99499816894532,0.0044811707128894,0.0284363706129545,55.27602475777856,125.98999786376952
good,0.0358273007619089,126.27465314758496,126.0009994506836,0.0059127441191635,0.0299145566427454,58.72432438576514,126.03500366210938
good,0.0365015973677884,126.2739842728724,126.01099853515625,0.0052696325800344,0.031231964787754,57.14222985984754,126.0199966430664
good,0.045747978748551,126.27345681443876,126.03989868164062,0.0116128111686376,0.0341351675799134,64.91006657152325,126.1344985961914
good,0.0561007161168589,126.27308170929416,126.0718994140625,0.0175724388295564,0.0385282772873025,67.43592367577176,126.18000030517578
good,0.0663642170508609,126.27292429742428,126.11689910888671,0.0222687518108467,0.0440954652400142,69.26819621832635,126.21499633789062
good,0.0724526016049509,126.27271009433989,126.14989776611328,0.0226857090919493,0.0497668925130015,67.51476188283085,126.1999969482422
good,0.0754001252379623,126.27231343027952,126.1833984375,0.0205065861799686,0.0548935390579937,66.0153679687383,126.1875
good,0.0794428679097762,126.2721662372648,126.20049896240235,0.019639463081426,0.0598034048283502,68.00546042411324,126.22000122070312
good,0.0812259488933051,126.27203375081896,126.2072982788086,0.0171380352519639,0.0640879136413412,67.22229441581169,126.21399688720705
good,0.0789853197708509,126.27133395740287,126.20029907226562,0.0119179249036078,0.0670673948672431,62.8116183722314,126.18000030517578
good,0.074734549703578,126.2698893779134,126.19230041503906,0.0061337238690679,0.0686008258345101,60.30520250375643,126.16000366210938
good,0.0577886736170398,126.26878401117312,126.15480041503906,-0.0086497217739762,0.0664383953910161,44.87490758565817,126.0
good,0.0386680497491056,126.26740599294702,126.0977996826172,-0.0222162765135283,0.060884326262634,40.35713651958857,125.93499755859376
good,0.0232468424480316,126.2665448013044,126.04199981689453,-0.0301099870516818,0.0533568294997135,40.35713651958857,125.93499755859376
good,0.013692093620321,126.26437263048552,126.0,-0.0317317887035139,0.045423882323835,43.88531359576623,125.97000122070312
good,0.002859187817279,126.26159048772033,125.95399932861328,-0.0340517556052448,0.0369109434225238,40.90725423819964,125.93000030517578
good,-0.0076551385978689,126.2604500261926,125.93499908447265,-0.0356528656163142,0.0279977270184452,39.120362341718646,125.90499877929688
good,-0.0193952181996905,126.25741596686044,125.91999969482421,-0.0379143561745087,0.0185191379748181,36.06672363685357,125.86000061035156
good,-0.0287708994344626,126.25259966902836,125.90400085449218,-0.0378320299274246,0.0090611304929619,35.73313814328537,125.8550033569336
good,-0.0274129175846979,126.25108911526203,125.9020004272461,-0.0291792384621279,0.0017663208774299,46.85521847082324,125.95999908447266
good,-0.0284296387849423,126.24261474760648,125.9020004272461,-0.0241567677298978,-0.0042728710550444,44.48634275341018,125.93000030517578
good,-0.0304974045421744,126.2368572912886,125.90300140380859,-0.0209796267897039,-0.0095177777524704,42.92834561402358,125.91000366210938
good,-0.0293768351540109,126.2346974207125,125.91900177001953,-0.0158872459212323,-0.0134895892327785,45.9845948094906,125.94000244140624
good,-0.0257710524113576,126.23321124014528,125.94200134277344,-0.0098251705428633,-0.0159458818684943,48.92983196278149,125.97000122070312
good,-0.0238488542526198,126.23161869048648,125.94100189208984,-0.0063223779073003,-0.0175264763453194,47.53422309619453,125.95500183105467
neutral,-0.0140939904746772,126.2294215235242,125.96600189208985,0.0027459886965137,-0.016839979171191,56.45210355497554,126.05500030517578
neutral,-0.0090829905836073,126.22737929320805,125.98800048828124,0.0062055908700669,-0.0152885814536743,53.05273605587046,126.0199966430664
neutral,0.0021263200043364,126.2259273516792,126.02200012207031,0.0139319211664086,-0.0118056011620721,59.762163536138,126.11000061035156
neutral,0.0204571805056588,126.22603021246324,126.07400054931641,0.0258102253341847,-0.0053530448285259,66.61330352430397,126.2300033569336
neutral,0.0377761831482672,126.22744679831985,126.13699951171876,0.0345033823814345,0.0032728007668326,68.5360501129311,126.2699966430664
neutral,0.0,127.91500091552734,126.50899963378906,0.0,0.0,50.0,127.91500091552734
neutral,0.0,127.92611067024971,126.94099884033203,0.0,0.0,50.0,128.17999267578125
neutral,0.0,128.07525528583702,127.62299957275391,0.0,0.0,50.0,129.52000427246094
good,0.0,128.2131090311155,128.3209991455078,0.0,0.0,50.0,129.72000122070312
good,0.0,128.366550729009,128.9939987182617,0.0,0.0,50.0,129.63499450683594
good,0.0,128.4177611680622,129.2239990234375,0.0,0.0,50.0,129.06500244140625
good,0.0,128.57831738985738,129.56799926757813,0.0,0.0,50.0,129.89999389648438
good,0.0,128.645812378929,129.70399780273436,0.0,0.0,50.0,130.1999969482422
good,0.0,128.6844205762104,129.78199768066406,0.0,0.0,50.0,130.11000061035156
good,0.0,128.70697923903796,129.7970001220703,0.0,0.0,50.0,129.7100067138672
good,0.0,128.7222470111945,129.8949981689453,0.0,0.0,50.0,129.55499267578125
good,0.0,128.7368421917832,129.77900085449218,0.0,0.0,50.0,129.32000732421875
neutral,0.0,128.745080797446,129.69400024414062,0.0,0.0,50.0,129.77499389648438
neutral,0.0,128.80027106147065,129.6635009765625,0.0,0.0,50.0,129.95750427246094
good,0.0,128.81051129540305,129.62349853515624,0.0,0.0,64.34349352803875,129.50999450683594
good,0.0,128.84818045409256,129.5625,0.0,0.0,61.25858824260054,129.25
good,0.0,128.8531850020197,129.535498046875,0.0,0.0,60.47788856964042,129.18499755859375
neutral,0.0,128.8445613253212,129.27449951171874,0.0,0.0,52.545382649670856,128.47000122070312
neutral,0.0,128.84575966727684,129.06699829101564,0.0,0.0,56.419693797824806,128.9199981689453
neutral,0.0,128.8553555891306,128.97999877929686,0.0,0.0,57.70070389669463,129.0749969482422
neutral,0.0,128.87155060667052,128.9669982910156,0.0,0.0,58.63009455912659,129.18499755859375
good,0.0,128.8778461678815,128.98599853515626,0.0,0.0,59.45857628709531,129.27999877929688
good,0.0,128.88613189855624,129.21799926757814,0.0,0.0,62.44274494821924,129.6300048828125
good,0.0,128.9009494500401,129.4,0.0,0.0,64.07020932333867,129.8300018310547
neutral,0.0,128.9451053242757,129.5730010986328,0.0,0.0,64.96933911442112,129.94000244140625
bad,0.1160611853871955,128.96315674068728,129.727001953125,0.1160611853871955,0.0,65.09759762641748,129.9550018310547
neutral,0.1133543388626208,128.97706625525058,129.79200134277343,0.1133543388626208,0.0,59.612759598852776,129.60499572753906
good,0.0975772278369504,128.9848346646233,129.75599975585936,0.0975772278369504,0.0,57.30990826393698,129.4499969482422
good,0.0797173720953878,128.9938147560929,129.66900024414062,0.0797173720953878,0.0,56.476314833634106,129.39500427246094
good,0.0530492301990932,128.9976393862742,129.53049926757814,0.0530492301990932,0.0,54.199078561218094,129.24749755859375
good,0.0034317146606781,128.99583448876578,129.31849975585936,0.0034317146606781,0.0,49.10366546063206,128.89500427246094
good,-0.0358807649702725,128.99504741351822,129.17550048828124,-0.0358807649702725,0.0,49.03317906636455,128.88999938964844
neutral,-0.0690645580691295,128.99359777648732,129.05650024414064,-0.0690645580691295,0.0,48.50871539647733,128.85499572753906
neutral,-0.066355481064761,128.99526990058163,129.01849975585938,-0.0987877327245125,0.0324322516597514,53.82687585577258,129.2050018310547
neutral,-0.0646733295254478,128.99681854718543,129.0070007324219,-0.0776844649481593,0.0130111354227115,53.57152087180256,129.19000244140625
good,-0.0781745263536777,128.99680426363446,129.0269989013672,-0.0729485294211114,-0.0052259969325662,50.23485775202919,128.9949951171875
neutral,-0.1552690141087396,128.97409087192503,128.87899780273438,-0.1200344137409386,-0.0352346003678009,38.922155332620136,128.14999389648438
neutral,-0.2255792907459124,128.95991335823786,128.7087188720703,-0.1522757523024892,-0.0733035384434232,37.35276465537647,128.00360107421875
neutral,-0.2737957457576385,128.9456956032246,128.47921752929688,-0.1603937658513722,-0.1134019799062663,38.33848571891522,128.0574951171875
neutral,-0.2811301512416548,128.9365197619704,128.3212158203125,-0.1341825370683108,-0.146947614173344,44.33298618934218,128.39999389648438
neutral,-0.267717328182556,128.93354609119237,128.24221801757812,-0.0966157712073695,-0.1711015569751864,47.54033701518181,128.60000610351562
neutral,-0.2326202112686246,128.93255938517197,128.38621826171874,-0.0492149234347505,-0.183405287833874,51.594640590838765,128.8699951171875
neutral,-0.1769523983003011,128.93485509049452,128.62347717285155,0.0051623116268582,-0.1821147099271594,55.939663813112375,129.1898956298828
good,-0.1321114426175427,128.93689202254285,128.8479766845703,0.0400026138476934,-0.1721140564652361,55.77276419780034,129.17999267578125
good,-0.0920269140684695,128.93885312850048,129.0126190185547,0.0640697139174133,-0.1560966279858828,56.38428566721853,129.22320556640625
good,-0.0239313417654329,128.9513236721631,129.22661743164062,0.1057322289763598,-0.1296635707417928,62.20334305100431,129.6699981689453
good,0.0276987968352386,128.95526633028425,129.38161926269532,0.1258898940616252,-0.0981910972263865,61.70736854541369,129.64500427246094
good,0.0602556593655947,128.9582579539129,129.45364074707032,0.126757405273585,-0.0665017459079903,59.75701030024408,129.5500030517578
good,0.1026264534911547,128.96157677177416,129.57164306640624,0.135302559519316,-0.0326761060281613,62.69735081500853,129.77000427246094
neutral,0.1266757175143027,128.97005666666865,129.66100158691407,0.1274814588339712,-0.0008057413196684,60.53223949110381,129.6699981689453
good,0.1520518304338054,128.97584915288675,129.68100280761718,0.1222860574027791,0.0297657730310262,61.947382278655326,129.77000427246094
good,0.2045105466037853,128.99360402705705,129.79202270507812,0.1397958188582072,0.0647147277455781,67.36671348303759,130.20010375976562
good,0.2420750227505266,129.00332925105704,129.9190216064453,0.1418882360039588,0.1001867867465678,67.00576572157948,130.18499755859375
good,0.2823082979067237,129.03390790466173,130.03601989746093,0.1456972089281247,0.136611088978599,69.0175804609404,130.35499572753906
good,0.3088187159526967,129.04398224160545,130.16852111816405,0.1377661015792781,0.1710526143734185,68.42313652252308,130.33250427246094
good,0.3140873186648036,129.05256750279833,130.2509796142578,0.114427763433108,0.1996595552316956,64.4318701370157,130.1822967529297
good,0.318840094958233,129.06338323193518,130.257958984375,0.0953444317812299,0.2234956631770031,65.19894120900895,130.23500061035156
good,0.3025768523124554,129.07464691118037,130.22695922851562,0.0632649513083618,0.2393119010040935,59.796952799897525,130.02999877929688
good,0.2919714561337798,129.0772557830006,130.17596130371095,0.042127644103749,0.2498438120300308,60.98574738542872,130.10000610351562
good,0.3189284215889358,129.10486005785563,130.226220703125,0.0552676876471239,0.2636607339418119,68.02280280319357,130.58380126953125
good,0.3329193853458037,129.12548435813716,130.29776000976562,0.0554069211231934,0.2775124642226103,66.8470225340539,130.5399932861328
good,0.3376939485123102,129.1333008829495,130.3527587890625,0.0481451874317599,0.2895487610805503,66.00565108797971,130.50999450683594
good,0.3224306663569223,129.13792700357857,130.41076049804687,0.0263055242210976,0.2961251421358247,60.787403319527726,130.32000732421875
good,0.3387061758822938,129.1584239540526,130.53475952148438,0.0340648269971752,0.3046413488851185,66.74782958254298,130.72000122070312
good,0.3204755290304604,129.16773326954643,130.49400024414064,0.0126673441162735,0.3078081849141869,58.59484394464606,130.3800048828125
good,0.3065277461323035,129.17414949930438,130.4720001220703,-0.0010243510255066,0.3075520971578102,59.38042199888362,130.42999267578125
good,0.2988879646700582,129.18374618391877,130.4730010986328,-0.0069313059902016,0.3058192706602598,60.744409467824944,130.51499938964844
good,0.2847101202215754,129.19708923847668,130.5,-0.0168873203509475,0.3015974405725229,59.23258729520353,130.4550018310547
neutral,0.2703575626597114,129.2049286090711,130.4470001220703,-0.0249919023302492,0.2953494649899607,59.23258729520353,130.4550018310547
good,0.243667108527319,129.21358191423045,130.43099975585938,-0.0413458851701133,0.2850129936974324,55.122180093391314,130.3000030517578
good,0.1840817584666467,129.22094464018824,130.31500244140625,-0.0807449881846285,0.2648267466512752,45.294786770289214,129.85000610351562
good,0.1576363667850557,129.2345539802533,130.23800354003907,-0.0857523038929756,0.2433886706780313,51.132746997303656,130.1300048828125
good,0.1195644771619584,129.23772101939423,130.13400268554688,-0.0990593548128583,0.2186238319748167,47.34334382861656,129.93499755859375
good,0.0648408980011083,129.2392980857706,129.97100219726562,-0.1230263471789667,0.1878672451800751,42.24320885270738,129.63999938964844
good,0.0395746088553892,129.2429187283548,129.88500061035157,-0.1186341090597487,0.1582087179151379,47.03397785286903,129.8699951171875
good,0.0197273403888971,129.24572852341146,129.88999938964844,-0.1107851020209926,0.1305124424098898,47.13673569583197,129.875
good,0.0213030031537471,129.2531929715742,129.88249816894532,-0.0873675514049141,0.1086705545586612,51.5369697830745,130.09249877929688
good,0.0145166575943846,129.2544848299155,129.89449768066407,-0.0753231175714212,0.0898397751658059,49.54593600382965,129.9949951171875
good,-0.0001387219546131,129.25660368772353,129.94249877929687,-0.0719827976963353,0.0718440757417221,47.22859732375328,129.8800048828125
good,-0.0072323959326467,129.257442174183,129.95549926757812,-0.0632611773394951,0.0560287814068483,48.46988142013761,129.93499755859375
good,-0.0261336927254944,129.2588572504397,129.933837890625,-0.0657299793058742,0.0395962865803797,44.98255882836686,129.76669311523438
good,-0.0539415507746525,129.26004356573216,129.83533935546876,-0.0748302698840258,0.0208887191093733,41.7766947496296,129.60000610351562
good,-0.0711259854108448,129.26177373374858,129.76633911132814,-0.0736117636161745,0.0024857782053296,43.086666285304965,129.64999389648438
good,-0.0750040437967527,129.2650224207778,129.74233703613282,-0.0619918576016659,-0.0130121861950867,45.96761140586248,129.75999450683594
good,-0.0779849442877775,129.26580892440285,129.70533752441406,-0.0519782064741526,-0.0260067378136249,45.74105409215679,129.75
good,-0.1193177302076549,129.2657447437406,129.60199890136718,-0.0746487939152239,-0.0446689362924309,36.14369025240104,129.25
good,-0.1503412208262773,129.26567078132433,129.53199768066406,-0.0845378276270771,-0.0658033931992002,36.14369025240104,129.25
neutral,-0.1657548891336375,129.26597532790748,129.46999816894532,-0.0799611967475498,-0.0857936923860877,38.82320831035207,129.33999633789062
good,-0.1871102228605252,129.26551703199925,129.35799865722657,-0.08105322437955,-0.1060569984809752,36.27329252498016,129.1999969482422
good,-0.2068946793928034,129.2650924146242,129.23499755859376,-0.0806701447294626,-0.1262245346633408,35.119903180743364,129.13499450683594
good,-0.2284132754039092,129.26339801615313,129.1909973144531,-0.0817509925924546,-0.1466622828114545,33.27918106900148,129.02999877929688
good,-0.2594210290894523,129.2613965798941,129.10499877929686,-0.0902069970223982,-0.1692140320670541,29.903428670084267,128.82000732421875
good,-0.2918790588890942,129.25696747782635,128.9731201171875,-0.0981320214576321,-0.1937470374314621,27.88146753291973,128.68060302734375
good,-0.2996719638324521,129.25447555437793,128.90512084960938,-0.0847399411207919,-0.2149320227116601,34.06052732701093,128.86000061035156
good,-0.304356266127769,129.2529643702332,128.84512329101562,-0.071539394732887,-0.2328168713948819,33.62823094479876,128.8350067138672
good,-0.3376639508130097,129.24705953378043,128.7231231689453,-0.0838776635345022,-0.2537862872785075,27.407896980626774,128.4199981689453
good,-0.3583159105175184,129.24337798784492,128.64712219238282,-0.0836236985912087,-0.2746922119263097,28.09829458842094,128.44000244140625
good,-0.3596440560595795,129.23936513780455,128.6260009765625,-0.0679614753066158,-0.2916825807529636,32.746675169203186,128.5749969482422
good,-0.3673549107354574,129.2349127181359,128.54200134277343,-0.060537863985995,-0.3068170467494624,30.61518167633723,128.44000244140625
good,-0.3548514078039488,129.2329372974633,128.4989990234375,-0.0384274888435891,-0.3164239189603597,36.54580770937456,128.6199951171875
neutral,-0.3258544354485195,129.23108509839236,128.57699890136718,-0.0075444131905278,-0.3183100222579917,42.16549486699943,128.80999755859375
good,-0.2818726140262697,129.23010626897226,128.69499816894532,0.0291499265853776,-0.3110225406116473,47.91720145994644,129.02999877929688
good,-0.2402128510734371,129.2295878893189,128.7959991455078,0.0566477516305681,-0.2968606027040053,49.15490008489317,129.0800018310547
good,-0.2287678346429231,129.2284869735154,128.86399841308594,0.0544742144488657,-0.2832420490917889,42.612051304113166,128.77999877929688
neutral,-0.2144015856513874,129.22806216333237,128.9029998779297,0.0550723707523211,-0.2694739564037086,43.55608968667902,128.81500244140625
neutral,-0.1484520396810751,129.2319827300564,129.03500061035157,0.0968175333781068,-0.2452695730591819,57.60870908221374,129.47000122070312
good,-0.1030681012134948,129.2335245038237,129.10299987792968,0.1137611774765496,-0.2168292786900445,55.34315314677801,129.3699951171875
good,-0.074312796851359,129.23356229713056,129.14100036621093,0.1140131854709484,-0.1883259823223074,53.09483713740868,129.27000427246094
good,-0.0421618652934228,129.23388721264047,129.26100158691406,0.1169312936231077,-0.1590931589165305,55.24870285032255,129.3800048828125
good,-0.0085154342622502,129.23425528190654,129.3940002441406,0.1204621797234242,-0.1289776139856744,57.1738198962254,129.47999572753906
good,0.0115608591881368,129.2346788188054,129.37999877929687,0.112430778539049,-0.1008699193509122,55.13035730530133,129.39999389648438
good,0.0327430310976524,129.23655291602714,129.4,0.1068903603588517,-0.0741473292611993,56.59241119216023,129.47000122070312
good,0.0481683272780344,129.2373368525496,129.43800048828126,0.0978525252313869,-0.0496841979533525,56.31031236593321,129.4600067138672
good,0.0612993116749294,129.2383916426025,129.45799865722657,0.0887868077026255,-0.0274874960276961,56.77439872489379,129.47999572753906
good,0.0412612875739739,129.23733414706552,129.38371887207032,0.054999026881336,-0.0137377393073621,46.82245321279719,129.1085968017578
good,0.0327821965262842,129.23717802042356,129.34472045898437,0.037215948666917,-0.0044337521406328,49.306454649116574,129.2050018310547
neutral,0.0492980652050505,129.23774023874117,129.35072021484376,0.0429854538765467,0.0063126113285038,56.06884826860618,129.5
good,0.065664894478715,129.241266798054,129.36871948242188,0.0474818265201689,0.018183067958546,57.11316832266704,129.5500030517578
good,0.0697618961137891,129.242406574532,129.3627197265625,0.0412630625241944,0.0284988335895946,54.33136559492824,129.4499969482422
good,0.094512875274745,129.24519429978685,129.48699951171875,0.0528112333481202,0.0417016419266247,60.17942666427314,129.72999572753906
good,0.1200080105317056,129.24744595546397,129.61000061035156,0.0626450948840647,0.0573629156476409,61.86982733585054,129.82000732421875
good,0.1697262813684688,129.25701698295487,129.752001953125,0.0898906925766622,0.0798355887918065,68.17383343218975,130.2100067138672
good,0.2007697807428599,129.26147229805164,129.8690216064453,0.0967473535608427,0.1040224271820172,65.91961311429736,130.13510131835938
good,0.2188074852420243,129.2626779748881,129.99602355957032,0.0918280464480056,0.1269794387940186,64.38628690501238,130.0850067138672
good,0.2312433399078486,129.26525193310124,130.06902465820312,0.0834111208910639,0.1478322190167846,64.56339041718361,130.09500122070312
good,0.2511151040461357,129.2701207497332,130.15602416992186,0.0826263080234808,0.1684887960226548,67.36166988347397,130.2550048828125
good,0.2682093195552966,129.271615488688,130.1760223388672,0.0797764188261133,0.1884329007291832,68.28853148046929,130.30999755859375
good,0.2629907843837031,129.27810899823072,130.17200317382813,0.0596463069236159,0.2033444774600872,61.60786366114768,130.11500549316406
good,0.2574997076688703,129.28010653394406,130.18200073242187,0.0433241841670264,0.2141755235018438,62.018075490164605,130.13499450683594
good,0.2347081898361409,129.2827615230287,130.1510009765625,0.0164261330674376,0.2182820567687033,55.75924689969287,129.94000244140625
good,0.2129803178318638,129.28533293271752,130.08500061035156,-0.0042413911494715,0.2172217089813354,55.29695390562527,129.9250030517578
good,0.2035014401324417,129.28768441552958,130.0330017089844,-0.0109762150791149,0.2144776552115567,58.3928706603305,130.0500030517578
good,0.2045246568376342,129.29014538275035,130.0470001220703,-0.007962398699138,0.2124870555367722,61.4943400254364,130.18499755859375
good,0.2077816870575759,129.2943554247138,130.06900024414062,-0.003764294783357,0.2115459818409329,62.82082299970322,130.2449951171875
good,0.1936072187965578,129.29803407791584,130.09400024414063,-0.0143510104355001,0.2079582292320579,56.52928871380641,130.06500244140625
good,0.1870754612330927,129.29920134447528,130.13899841308594,-0.0167062143991721,0.2037816756322649,58.63588723066864,130.14999389648438
good,0.1790373112512213,129.30045521209814,130.15701904296876,-0.0197954915048348,0.1988328027560562,58.28203314425112,130.14010620117188
good,0.1698935009831927,129.3041952223196,130.1460205078125,-0.0231514414182907,0.1930449424014835,57.89762803344247,130.1300048828125
good,0.1599876356222012,129.3069863866527,130.12100219726562,-0.0264458454234259,0.1864334810456271,57.48928416011958,130.11990356445312
good,0.1567926248795572,129.30909830221913,130.14800109863282,-0.0237126849328558,0.1805053098124131,59.90401865489475,130.1999969482422
good,0.1449241558384244,129.31451016928278,130.13900146484374,-0.0284649231791909,0.1733890790176154,55.85151728129844,130.10499572753906
good,0.129587060307017,129.31909743542505,130.12098083496093,-0.0350416149684786,0.1646286752754957,53.591441502731904,130.0500030517578
good,0.114498259334681,129.32562572597087,130.10097961425782,-0.0401043327526517,0.1546025920873328,52.75515417781938,130.02999877929688
good,0.1181243980342685,129.33243257957943,130.125,-0.0291825552424514,0.1473069532767199,59.84025623456205,130.24000549316406
good,0.1283942203707511,129.34814101689625,130.15500183105468,-0.015130186324775,0.1435244066955261,62.97254728320837,130.35000610351562
neutral,0.1501328681608242,129.3602751133634,130.24200134277345,0.0052867691722384,0.1448460989885858,67.66366058067365,130.5399932861328
neutral,0.1550841137362795,129.36279575304724,130.31400146484376,0.0081904117981549,0.1468937019381245,61.886467917167,130.41000366210938
neutral,0.1436348469209747,129.3640414239735,130.3560028076172,-0.0026070840137198,0.1462419309346945,55.24349136987745,130.24000549316406
neutral,0.1354208242953802,129.3649969834408,130.36200256347655,-0.0086568853114514,0.1440777096068317,56.13823203941937,130.27000427246094
neutral,0.1270428293154282,129.3668033287981,130.34500122070312,-0.0136279042331227,0.140670733548551,55.93731461399017,130.26499938964844
good,0.1365810465317736,129.36850351275433,130.33400268554686,-0.0032717496134219,0.1398527961451955,62.32103302046597,130.48500061035156
neutral,0.1472836596058186,129.36994630041164,130.36100158691406,0.0059446907684985,0.1413389688373201,63.85882706429746,130.5449981689453
neutral,0.1990618713332139,129.38475561365385,130.53500061035157,0.046178321996715,0.1528835493364989,74.43875344357554,131.11000061035156
good,0.240152649905184,129.40849091594427,130.71000061035156,0.069815280454948,0.1703373694502359,74.92843051162775,131.14500427246094
good,0.256446422696797,129.41148173583505,130.85299987792968,0.0688872425972488,0.1875591800995482,68.28725403414322,130.97999572753906
good,0.2575147552810222,129.42040323361385,130.92999877929688,0.0559644601451791,0.201550295135843,64.20198922224614,130.8699951171875
good,0.2518275293809324,129.42315192433728,130.98599853515626,0.0402217873960715,0.2116057419848609,62.55338720932513,130.8249969482422
good,0.2292658866586805,129.42395224041925,130.89079895019532,0.0141281157390556,0.2151377709196248,55.98242172451923,130.63400268554688
good,0.2150396687034401,129.42841053261347,130.80379943847657,-7.848177294778047e-05,0.2151181504763879,57.878612360718925,130.7100067138672
good,0.193465482062578,129.43011657645474,130.72980041503905,-0.0173221347310479,0.2107876167936259,54.54882983568295,130.61000061035156
good,0.1799413070698392,129.43413427285702,130.69179992675782,-0.0246770477790294,0.2046183548488686,56.43775602862335,130.67999267578125
good,0.1792613725865806,129.43758380284336,130.69280090332032,-0.0202855858098304,0.199546958396411,60.25064088317043,130.8300018310547
good,0.1625440717591288,129.44085248800582,130.69654541015626,-0.0296023093098257,0.1921463810689546,54.21177438304677,130.65272521972656
good,0.1477754838770124,129.44329751358148,130.6855438232422,-0.0354967177535537,0.1832722016305662,54.27507185562917,130.65499877929688
good,0.1329248193984256,129.44453636678918,130.69054260253907,-0.0402779057857125,0.1732027251841381,53.573322148215205,130.63499450683594
good,0.1217699029837433,129.44866085753267,130.6865447998047,-0.0411462577603158,0.1629161607440591,54.36767844509668,130.66000366210938
good,0.1164287349343169,129.4497979039829,130.66454467773437,-0.0371899406477937,0.1536186755821107,56.299441947076936,130.72000122070312
good,0.1111168608774733,129.4514456588315,130.67850036621093,-0.0340014517637099,0.1451183126411832,56.38238086604622,130.72250366210938
good,0.0983100271753301,129.4532101098055,130.67350158691406,-0.0374466283726825,0.1357566555480126,52.42195940980602,130.6300048828125
good,0.0876902028401787,129.4549084006567,130.67384338378906,-0.0384531621662671,0.1261433650064458,52.681177433333154,130.63670349121094
good,0.0690611697104657,129.4567598847052,130.64584350585938,-0.0456657562367841,0.1147269259472498,47.79561325048517,130.52000427246094
good,0.0576675989404122,129.45990215911038,130.6158447265625,-0.04564746160547,0.1033150605458823,49.93791872013224,130.57000732421875
good,0.0560603091820439,129.4625903012099,130.6053436279297,-0.0378038010910707,0.0938641102731146,54.00285450315462,130.6699981689453
good,0.063734432717581,129.4734674066954,130.63734130859376,-0.0241037420444269,0.0878381747620079,58.37128848880198,130.7899932861328
good,0.0718129192716219,129.47684978174917,130.675,-0.0128202043923088,0.0846331236639307,59.57730904331724,130.8249969482422
good,0.0841049993672129,129.47933168488564,130.75299987792968,-0.0004224994373742,0.0845274988045872,62.42434363924158,130.91000366210938
neutral,0.0907820525899012,129.48354614021642,130.8159973144531,0.0050036430282512,0.08577840956165,61.06174726477617,130.88499450683594
neutral,0.1145152754690173,129.495451254534,130.90797729492186,0.0229894927258938,0.0915257827431234,68.34787639634175,131.12989807128906
good,0.1038924692413729,129.50317901128813,130.90597839355468,0.0098933491985995,0.0939991200427733,53.06893083920345,130.77999877929688
good,0.1007677104948356,129.50523263499937,130.91297912597656,0.0054148723616498,0.0953528381331858,55.51742901749706,130.86000061035156
good,0.0919858077693334,129.50871005474002,130.88997802734374,-0.0026936242910819,0.0946794320604153,53.09363226481203,130.7949981689453
good,0.0924328558904221,129.51263484347336,130.89297790527343,-0.0017972609359945,0.0942301168264167,56.40445271778433,130.89999389648438
neutral,0.1179755541330962,129.52008033520823,130.9127990722656,0.0189963498453435,0.0989792042877526,64.79094515458343,131.22900390625
neutral,0.1279473310745515,129.52106691112368,130.98079833984374,0.0231745014294391,0.1047728296451124,60.62936438076531,131.1199951171875
good,0.1386899849280212,129.5246647394222,131.043798828125,0.027133724226327,0.1115562607016942,61.95726109490963,131.1750030517578
good,0.1487164290354883,129.54559741114923,131.12779846191407,0.0297281346670352,0.118988294368453,62.93605212701784,131.21499633789062
good,0.1560736635755688,129.55062629516928,131.193798828125,0.0296682953656926,0.1264053682098762,63.31725069719999,131.22999572753906
good,0.1584646962291174,129.55670645885735,131.18999938964845,0.0256474624153929,0.1328172338137244,62.39624879144225,131.2100067138672
good,0.1475625121776715,129.5610747081296,131.1804992675781,0.0117962226911577,0.1357662894865138,56.32630949692554,131.07249450683594
good,0.1347466009453342,129.5659070918326,131.15349731445312,-0.0008157508329437,0.1355623517782779,54.96531095582902,131.0399932861328
good,0.1266209048858115,129.5689779450837,131.1271484375,-0.0071531575139731,0.1337740623997846,56.4728371464044,131.083251953125
good,0.1217427241388975,129.5720522263223,131.1051483154297,-0.0096250706087097,0.1313677947476072,57.7660427457395,131.1199951171875
good,0.1245111010519508,129.57576554125544,131.10714721679688,-0.0054853549565251,0.1299964560084759,61.14934070688418,131.22000122070312
good,0.1077111724684698,129.57761183631402,131.0926483154297,-0.0178282268320049,0.1255393993004747,51.39528904715047,131.0
good,0.104489399989319,129.5817999186875,131.1126495361328,-0.0168399994489245,0.1213293994382436,56.18492561462256,131.13999938964844
good,0.1087521517463585,129.5846711130628,131.1440002441406,-0.010061798153508,0.1188139498998666,59.27236497024321,131.24000549316406
neutral,0.1220206162373926,129.59132494415311,131.1960021972656,0.0025653330700208,0.1194552831673718,63.18349097339334,131.3800048828125
neutral,0.126239458486566,129.60375199764303,131.21600341796875,0.0054273402553553,0.1208121182312106,60.50201107405081,131.32000732421875
good,0.1265104104970191,129.609749767108,131.2760040283203,0.0045586338126467,0.1219517766843723,59.5938842845452,131.3000030517578
good,0.1212921333222993,129.6138687540231,131.29800415039062,-0.0005277146896584,0.1218198480119577,57.27950585754968,131.25
good,0.1170180254983961,129.62436423745754,131.3030029296875,-0.0038414580108493,0.1208594835092454,57.80882314526104,131.26499938964844
good,0.1123358267703054,129.62597025764163,131.28000183105468,-0.006818925391152,0.1191547521614574,57.80882314526104,131.26499938964844
good,0.1097803221065021,129.63011094820445,131.275,-0.0074995440439642,0.1172798661504664,58.9875017444927,131.2949981689453
good,0.1164985982575785,129.63928409803592,131.2989990234375,-0.0006250143143102,0.1171236125718888,63.55616308847017,131.4199981689453
neutral,0.1292095630392395,129.6526001331202,131.35499877929686,0.0096687603738805,0.119540802665359,67.03617048119133,131.52999877929688
neutral,0.1500603974640739,129.66257549754897,131.43899841308593,0.0244156758389719,0.125644721625102,71.20816125803776,131.68499755859375
good,0.1555049005746696,129.68973044803565,131.4999786376953,0.023888143159654,0.1316167574150155,64.6635232980222,131.5699005126953
good,0.1496299770948326,129.70212219942732,131.5339782714844,0.0144105757438536,0.1352194013509789,59.31274273576776,131.46499633789062
good,0.1413281167903051,129.70513846099726,131.53797912597656,0.0048869723514609,0.1364411444388441,58.07961689731216,131.44000244140625
good,0.1230177540205943,129.70928141076269,131.49441833496093,-0.0107387123345998,0.1337564663551942,52.11318778193704,131.31219482421875
good,0.0943310111308051,129.7158220176181,131.38741760253907,-0.0315403641795113,0.1258713753103164,45.69722482494881,131.14999389648438
good,0.0803541227778907,129.71777183472088,131.3274383544922,-0.0364138020259405,0.1167679248038313,50.54837705362288,131.27000427246094
good,0.0700824179193375,129.7200066365064,131.2924377441406,-0.0373484055075949,0.1074308234269325,51.32830874473128,131.2899932861328
good,0.0739999507720199,129.72322018188297,131.2944366455078,-0.0267446981239301,0.10074464889595,57.15355221347913,131.4499969482422
good,0.0674509611468181,129.72601245079505,131.29999694824218,-0.0266349501993055,0.0940859113461236,52.50135603292944,131.33999633789062
good,0.0633467218213468,129.73010213424487,131.34249877929688,-0.0245913516198214,0.0879380734411683,53.33826335765063,131.3625030517578
good,0.0600069073775841,129.73325729607237,131.36249694824218,-0.0223449328508673,0.0823518402284514,53.631148038169606,131.3699951171875
good,0.0431452967450809,129.73511421573676,131.34449768066406,-0.0313652347866964,0.0745105315317773,46.499193816148576,131.1999969482422
good,0.0370213938070946,129.73807825533382,131.3134979248047,-0.0299913101797461,0.0670127039868408,50.46366233705618,131.2949981689453
good,0.0298077528249507,129.73960459970667,131.29949951171875,-0.029763960929512,0.0595717137544628,49.42596835362708,131.27000427246094
good,0.020624785476798,129.74463007147787,131.272998046875,-0.0311575426221318,0.0517823280989298,47.73388862813648,131.22999572753906
good,0.0056251882697324,129.74682457487688,131.22601928710938,-0.0369257118633579,0.0425509001330903,43.89542486703302,131.13510131835938
good,-0.0002153784277254,129.7522216849297,131.22802124023437,-0.0342130228486526,0.0339976444209272,47.48521747766229,131.2100067138672
good,-0.006783898871447,129.75474372880458,131.20602111816407,-0.0326252346338994,0.0258413357624523,46.41733877834725,131.18499755859375
good,-0.0167022919313808,129.75583330288015,131.17686157226564,-0.0340349021550665,0.0173326102236857,43.83670456611525,131.12420654296875
good,-0.0086633376543261,129.7665112597464,131.19486389160156,-0.0207967583024095,0.0121334206480833,52.91647533066836,131.32000732421875
good,-0.0098447291155139,129.7687495891411,131.2128448486328,-0.0175825198108778,0.0077377906953639,48.79461172308866,131.22500610351562
good,-0.0118546625785427,129.76970597612234,131.2128448486328,-0.0156739626191253,0.0038193000405825,48.15680447007111,131.2100067138672
good,-0.0101039532916615,129.77205686364206,131.22584533691406,-0.0111386026657953,0.0010346493741337,50.03225463054615,131.25
good,-0.0018360078348393,129.77601912428966,131.26800537109375,-0.0022965257671785,0.0004605179323391,53.85348722045164,131.3350067138672
good,-0.0136858043739493,129.78131873764127,131.22500305175782,-0.0113170578450308,-0.0023687465289185,44.03967284517346,131.10499572753906
good,-0.0200215544927573,129.78277299854378,131.20800170898437,-0.0141222463710709,-0.0058993081216863,45.662503561065925,131.13999938964844
good,-0.0247572954178281,129.78464376908775,131.19400024414062,-0.0150863898369134,-0.0096709055809146,45.662503561065925,131.13999938964844
good,-0.0257924343135869,129.7855848817661,131.1779998779297,-0.0128972229861377,-0.0128952113274491,47.18484135592005,131.1699981689453
good,-0.0255122270989716,129.78668951753977,131.1469970703125,-0.0100936126172179,-0.0154186144817536,47.71045752507371,131.17999267578125
good,-0.0289895841095244,129.79196538252623,131.1519989013672,-0.0108567757022166,-0.0181328084073078,45.2831010265446,131.1300048828125
good,-0.0242044484415089,129.79351706505162,131.16799926757812,-0.0048573120273609,-0.019347136414148,50.19591693326893,131.22000122070312
good,-0.0221733914588639,129.79608197827244,131.1790008544922,-0.0022610040357727,-0.0199123874230912,48.88322541028043,131.19500732421875
neutral,-0.0183356041721935,129.7999456803998,131.18900146484376,0.001261426600718,-0.0195970307729116,50.28339435858524,131.22000122070312
neutral,-0.0071421431495082,129.80564071975925,131.21700439453124,0.0099639100987227,-0.017106053248231,55.5319770469854,131.32000732421875
neutral,-0.0014825103973237,129.81199731944278,131.24700317382812,0.0124988342807258,-0.0139813446780495,53.11608478442051,131.27999877929688
neutral,0.0029685695127739,129.81461129566833,131.25900268554688,0.0135599313526587,-0.0105913618398848,53.1160847844205,131.27999877929688
neutral,0.0187866279673016,129.81870522287622,131.30700073242187,0.0235023918457492,-0.0047157638784475,60.782011011828736,131.43499755859375
neutral,0.0301683184850105,129.83435047661814,131.3480010986328,0.0279072658907664,0.002261052594244,60.09962471260276,131.4250030517578
neutral,0.0562917538072724,129.84168031887754,131.41300048828126,0.0432245609704227,0.0130671928368497,68.48650142265089,131.64500427246094
good,0.0996499487613107,129.86250302987145,131.5450012207031,0.0692662047395687,0.0303837440217419,75.82450042968594,131.94000244140625
good,0.1420566926318542,129.88028819390448,131.7010009765625,0.0893383588880898,0.0527183337437644,78.06220589005616,132.05999755859375
good,0.1784485998526577,129.88311397171583,131.83800048828124,0.1005842128871146,0.077864386965543,79.10368795856684,132.1199951171875
good,0.206522958015654,129.89742954900882,131.9809997558594,0.1029268568400887,0.1035961011755652,79.45392460363787,132.13999938964844
good,0.2405246071060673,129.90930304013608,132.11600036621093,0.1095428047444016,0.1309818023616657,82.32477443022336,132.32000732421875
good,0.253253794898626,129.9234476633243,132.16399841308595,0.0978175940295682,0.1554362008690577,73.69879365744511,132.17999267578125
good,0.2691156996085908,129.9287684247333,132.20999755859376,0.0909435989916264,0.1781721006169643,75.84055553490784,132.2899932861328
good,0.2689125327658814,129.93168322642788,132.22001953125,0.0725923457191336,0.1963201870467477,69.22418557049944,132.17010498046875
good,0.2680733706144735,129.93661719948372,132.23201904296874,0.0574025468541806,0.2106708237602929,69.92860958206212,132.1999969482422
good,0.2555859627399854,129.9393151273307,132.18601684570314,0.035932111183754,0.2196538515562314,64.11299109736197,132.08999633789062
good,0.2488723830657591,129.9555300023982,132.18301696777343,0.0233748252076221,0.225497557858137,66.17823103016983,132.1649932861328
good,0.2515463132504578,129.97144096642742,132.18501892089844,0.0208390043138566,0.2307073089366011,69.57291868974636,132.3000030517578
good,0.2563580607712765,129.97481423864352,132.2249969482422,0.0205206014677402,0.2358374593035362,71.18747477388374,132.3699951171875
good,0.2381897775875074,129.97834126720397,132.21131896972656,0.0018818546271769,0.2363079229603305,59.58948216011655,132.13160705566406
good,0.2346742530995413,129.98597499918122,132.2533203125,-0.0013069358886313,0.2359811889881727,64.04565990050281,132.3000030517578
good,0.2260540094972611,129.99099216491362,132.27232055664064,-0.0079417435927292,0.2339957530899904,62.288223124557376,132.25999450683594
good,0.2207129907525598,129.99220522697385,132.27431945800782,-0.0106262098699445,0.2313392006225043,63.631435254568814,132.30999755859375
good,0.2180020315827846,129.994970893176,132.27232055664064,-0.0106697352317757,0.2286717668145603,64.97491609461115,132.36000061035156
good,0.2125964244904139,129.99686930251474,132.31600036621094,-0.0128602738593171,0.2254566983497311,64.46233698428081,132.35000610351562
good,0.2051400111404007,130.00409134389992,132.3239990234375,-0.0162533497674643,0.221393360907865,63.918474875465726,132.33999633789062
good,0.1881853364803873,130.0074070601696,132.31799926757813,-0.0265664195419821,0.2147517560223695,58.11574401443794,132.22999572753906
good,0.1743529796470113,130.00876109356224,132.30599975585938,-0.0323190211002865,0.2066720007472979,58.84741443821071,132.25
good,0.1611294845856719,130.01423164134988,132.28299865722656,-0.0364340129293008,0.1975634975149727,58.57173231872029,132.2449951171875
good,0.1485349303040095,130.0170878455368,132.26099853515626,-0.0392228537687705,0.1877577840727801,58.278609931049225,132.24000549316406
good,0.1337831314251332,130.02122693835304,132.23299865722657,-0.0431797221181175,0.1769628535432507,55.864449847171336,132.1999969482422
good,0.1346612175557311,130.02786968046698,132.26199951171876,-0.0338413087900156,0.1685025263457468,63.070646840569545,132.375
good,0.1382014561242499,130.03557234749078,132.297998046875,-0.0242408561771974,0.1624423123014474,65.00428990084187,132.42999267578125
good,0.1461813643012703,130.0429425453981,132.35199890136718,-0.0130087584001416,0.159190122701412,67.81009418214771,132.51499938964844
good,0.155952924560097,130.0468187088971,132.4199981689453,-0.002589758513052,0.158542683073149,69.80377805651389,132.5800018310547
good,0.1462753242604435,130.05183679450417,132.45699768066407,-0.0098138870501643,0.1560892113106079,58.1650698042877,132.38499450683594
good,0.1306442910724286,130.05702207664743,132.4429962158203,-0.0203559361905434,0.151000227262972,54.17433277077806,132.30499267578125
good,0.1244873762254314,130.06266804644693,132.43699645996094,-0.0212102808300324,0.1456976570554639,57.87080901083677,132.39999389648438
good,0.1278184002696321,130.06491642034732,132.43799743652343,-0.0143034054286654,0.1421218056982975,62.03678187000649,132.52000427246094
good,0.120993862129012,130.0671259091886,132.40599670410157,-0.0169023548554284,0.1378962169844405,56.9802787474379,132.4199981689453
good,0.1158639367492924,130.07030568921328,132.41699829101563,-0.0176258241881184,0.1334897609374108,57.72259720038513,132.44000244140625
good,0.1073328128625803,130.0717553443022,132.43599853515624,-0.0209255584598644,0.1282583713224447,55.6541938159049,132.39999389648438
good,0.1097964778154505,130.08323675005252,132.46199951171874,-0.0147695148055953,0.1245659926210459,60.59534857965152,132.52999877929688
good,0.1144643051658818,130.10268489250674,132.4739990234375,-0.0080813499641313,0.1225456551300131,62.33374903837849,132.5800018310547
good,0.122400410957141,130.1084192659145,132.5199981689453,-0.0001161953382976,0.1225166062954387,64.68246096876486,132.64999389648438
good,0.1184483037175994,130.11028332869034,132.5399963378906,-0.0032546420622714,0.1217029457798708,58.50768453536168,132.5399932861328
good,0.114409855671056,130.1346609242685,132.5690185546875,-0.0058344720870519,0.1202443277581079,58.70496632200313,132.54510498046875
good,0.1023550478709864,130.14378169329845,132.55301818847656,-0.0143114239096971,0.1166664717806836,53.59862358139852,132.4499969482422
good,0.0933397410117038,130.14841247442538,132.53101806640626,-0.0186613846151838,0.1120011256268876,54.495190412470926,132.47000122070312
good,0.0841756896663525,130.15004862336988,132.49241943359374,-0.022260348768428,0.1064360384347806,53.7680840378608,132.45700073242188
good,0.0746806212131332,130.15489097490206,132.47242126464843,-0.0254043337773179,0.1000849549904511,52.77654232067029,132.44000244140625
good,0.0647946213886712,130.16298973156876,132.44739990234376,-0.0282322668814239,0.0930268882700952,51.57123947062032,132.4199981689453
good,0.0536328839427255,130.16806033233922,132.43468627929687,-0.0315152034618956,0.0851480874046212,49.52713481847354,132.3864288330078
good,0.0573253876224555,130.1721969033279,132.4506866455078,-0.0222581598257325,0.0795835474481881,58.21764478618408,132.5500030517578
good,0.0475985517642811,130.1750215169626,132.4392852783203,-0.0255879965471255,0.0731865483114067,49.75657336618347,132.39999389648438
good,0.033452715243385,130.17702717792457,132.4162841796875,-0.0317870664544173,0.0652397816978024,46.14569831235893,132.3249969482422
good,0.0219885673681119,130.18010430603758,132.39728393554688,-0.0346009714637523,0.0565895388318643,46.14569831235893,132.3249969482422
good,0.0135546029872841,130.18997816722066,132.38699951171876,-0.0344279486756641,0.0479825516629482,46.7439455052182,132.3350067138672
good,0.008786142830246,130.1941733828489,132.3489990234375,-0.0313571270661618,0.0401432698964078,48.28863438106944,132.36000061035156
good,-0.001431869659882,130.19685867491089,132.325,-0.0332601116450319,0.0318282419851498,43.89946903390462,132.27999877929688
good,-0.0122134323242732,130.19789730627087,132.30899963378906,-0.0352333394475385,0.0230199071232652,42.09652795136472,132.2449951171875
good,-0.0296943513154985,130.20095677388068,132.27000122070314,-0.042171406751011,0.0124770554355124,36.75601634803448,132.1300048828125
good,-0.0382657008217677,130.20219567239255,132.24100036621093,-0.0405942050058241,0.0023285041840564,40.96433256660269,132.19000244140625
good,-0.050527731766806,130.20458118942594,132.19200134277344,-0.0422849887606899,-0.008242743006116,37.59663686803066,132.11500549316406
good,-0.0663400838212453,130.20836115682093,132.14200134277343,-0.0464778726521034,-0.0198622111691419,34.16786119279664,132.02999877929688
good,-0.0747811015473871,130.2103844882842,132.10700378417968,-0.0439351123025961,-0.0308459892447909,37.0764831287232,132.07000732421875
good,-0.078149163223145,130.2124168370847,132.10100402832032,-0.0378425391826832,-0.0403066240404617,39.24405544996779,132.10000610351562
good,-0.0763077717059559,130.2166784325064,132.09200439453124,-0.0288009181323953,-0.0475068535735606,42.4466863150481,132.14500427246094
good,-0.0751920143159452,130.2193349738303,132.09500427246093,-0.0221481285939076,-0.0530438857220375,41.658399759517984,132.1300048828125
good,-0.0790455862208148,130.22040201207955,132.10100402832032,-0.0208013603990218,-0.058244225821793,38.10175954683724,132.05999755859375
good,-0.0839562770128736,130.2266394942145,132.09200134277344,-0.0205696409528645,-0.0633866360600091,36.42713646954827,132.02499389648438
good,-0.0908345478473222,130.23297431170104,132.06700134277344,-0.0219583294298504,-0.0688762184174717,34.1207813891678,131.97500610351562
good,-0.1020328130132384,130.23788563966573,132.01584167480468,-0.0265252756766133,-0.0755075373366251,30.54589041528133,131.8892059326172
good,-0.1123641141189466,130.24100275971625,131.9608612060547,-0.0294852614258572,-0.0828788526930894,29.234784267480293,131.8551025390625
good,-0.1128045437506557,130.24977393194283,131.93586120605468,-0.023940552846053,-0.0888639909046027,36.14923897435777,131.93499755859375
good,-0.1002967954452458,130.27382204520563,131.94686279296874,-0.0091462436325144,-0.0911505518127313,46.38796987586623,132.0800018310547
good,-0.1037139014344177,130.27981026386772,131.9318603515625,-0.0100506796973491,-0.0936632217370686,38.199026322410425,131.89999389648438
good,-0.0956040712791548,130.2829408404721,131.95809936523438,-0.0015526796336689,-0.0940513916454858,45.17131682636416,132.02040100097656
good,-0.0953727707881455,130.28580803609185,131.97307739257812,-0.0010571033141277,-0.0943156674740178,41.39499510474853,131.92999267578125
good,-0.0974946558391991,130.28743686750502,131.9635772705078,-0.002543190692145,-0.094951465147054,39.7143529415906,131.8874969482422
neutral,-0.0922617963753111,130.3010809580868,131.9395782470703,0.0021517350173943,-0.0944135313927055,43.89967347403247,131.9600067138672
neutral,-0.0982786037032212,130.3031715532047,131.9235809326172,-0.0030920578484126,-0.0951865458548086,38.361966366633766,131.82000732421875
good,-0.1026711422726123,130.305054937257,131.88150024414062,-0.0059876771342429,-0.0966834651383694,37.992942822264055,131.80999755859375
good,-0.111722493496785,130.30677389777702,131.8405029296875,-0.0120312226867325,-0.0996912708100525,34.921241856394275,131.72500610351562
good,-0.1222478275628589,130.30953050941633,131.79620361328125,-0.018045245402245,-0.1042025821606138,32.930659765684524,131.66600036621094
good,-0.1327709686756009,130.31244882448138,131.72820129394532,-0.0228547092119896,-0.1099162594636112,31.42653209745937,131.6199951171875
good,-0.1538609255222525,130.31689538611943,131.6522003173828,-0.035155732846913,-0.1187051926753395,26.354605901380737,131.44000244140625
good,-0.1690144211070787,130.32035283824771,131.57723999023438,-0.0402473827453914,-0.1287670383616873,26.23285212225657,131.43519592285156
good,-0.16701000929217,130.3231601632,131.5492401123047,-0.0305943767443861,-0.1364156325477838,36.136117134355615,131.5850067138672
good,-0.1663286681319959,130.32576696687536,131.52604064941406,-0.0239304284673696,-0.1423982396646263,34.95529772440361,131.5500030517578
good,-0.1531305778671026,130.32899945931229,131.5390411376953,-0.008585870561981,-0.1445447073051215,42.72799388000221,131.68499755859375
good,-0.1470277784838174,130.33225053285523,131.5730407714844,-0.0019864569429566,-0.1450413215408607,39.87701144272095,131.61000061035156
neutral,-0.1445597001501539,130.3361676541656,131.5980010986328,0.0003852971125654,-0.1449449972627194,38.053877576731615,131.55999755859375
neutral,-0.1210355966106817,130.3404798903335,131.64299926757812,0.0191275205216301,-0.1401631171323118,50.290544589976086,131.80999755859375
good,-0.0968376107765891,130.34494573685126,131.70599975585938,0.0346604050845781,-0.1314980158611673,52.51329678735716,131.86500549316406
good,-0.0731859148280023,130.3490195995926,131.7510009765625,0.046649680826532,-0.1198355956545343,54.3129919437891,131.91000366210938
good,-0.0625963337586767,130.355338364234,131.78900146484375,0.045791409516686,-0.1083877432753628,49.38565065295562,131.8000030517578
good,-0.0503959572891403,130.36037554801462,131.84500122070312,0.0463934287889779,-0.0967893860781183,51.12185296189895,131.83999633789062
good,-0.0554198347851411,130.3648750238463,131.81300048828126,0.0330956410343817,-0.0885154758195229,43.48935925853127,131.64999389648438
good,-0.0491508787877137,130.37258359382474,131.79400024414062,0.0314916776254473,-0.080642556413161,48.69924199453203,131.77000427246094
good,-0.0341069195407328,130.37559085904203,131.78999938964844,0.0372285094979425,-0.0713354290386754,53.332065521887166,131.88999938964844
good,-0.0091678340417615,130.37947475476162,131.83999938964843,0.049734075997531,-0.0589019100392926,58.68924437725353,132.0500030517578
good,0.0176550072953602,130.38510570268664,131.9,0.0612455338677223,-0.043590526572362,61.37499516381598,132.13999938964844
good,0.0489832497350732,130.3897697845303,132.02436218261718,0.0740590210459483,-0.025075771310875,64.96727085172618,132.2718048095703
good,0.0704332577481636,130.39531095670074,132.1183624267578,0.0764072232472309,-0.0059739654990672,63.43443590661175,132.24000549316406
neutral,0.078466987083857,130.39727214806396,132.1683837890625,0.0675527620663394,0.0109142250175175,58.74519615999621,132.14010620117188
good,0.0918361830803462,130.40098148895396,132.20638427734374,0.0647375664502629,0.0270986166300833,61.7872722896268,132.24000549316406
good,0.0932948839092091,130.40678741821867,132.20640563964844,0.0529570138233006,0.0403378700859084,57.24165937527616,132.14010620117188
good,0.1053313556220416,130.41061500608964,132.21004333496094,0.0519947884289065,0.0533365671931351,61.78442482672592,132.2899932861328
good,0.1366958671786164,130.4180955555741,132.27804260253907,0.066687439988385,0.0700084271902314,68.71105049859888,132.5800018310547
good,0.1828447823383214,130.43058105196062,132.42402038574218,0.090269084118472,0.0925756982198494,73.8207991252846,132.8699951171875
good,0.2065480959192598,130.44727609465085,132.52402038574218,0.0911779181595283,0.1153701777597315,68.42646221223241,132.74000549316406
good,0.1956418114293683,130.45155855396175,132.57599792480468,0.0642173069357094,0.1314245044936588,56.74590463205394,132.39999389648438
good,0.2072035502893925,130.45725099616934,132.65399780273438,0.0606232366365869,0.1465803136528056,62.43302938219869,132.67999267578125
good,0.2027325562016244,130.46254951049025,132.64599609375,0.044921794039055,0.1578107621625694,58.30514886842472,132.5399932861328
good,0.200110862922088,130.46918300240512,132.58799743652344,0.0338400806076149,0.1662707823144731,59.13664086188892,132.5800018310547
good,0.1933832990364123,130.48206354544777,132.54999694824218,0.0216900133775513,0.171693285658861,58.19944577627844,132.5500030517578
good,0.1659655974275722,130.48728906647747,132.52999877929688,-0.004582150585031,0.1705477480126032,50.95242774468567,132.3000030517578
good,0.1481765589657016,130.50314434158872,132.46799926757814,-0.0178969512375213,0.1660735102032229,52.72721052786761,132.3699951171875
good,0.1365395037985592,130.50869921134458,132.44400024414062,-0.0236272051237309,0.1601667089222902,54.00761162904703,132.4199981689453
good,0.1194842346940561,130.51320904254942,132.3959991455078,-0.0325459793825873,0.1520302140766434,51.59954350840993,132.33999633789062
good,0.111142113118575,130.51868335498145,132.3699981689453,-0.0327104807664547,0.1438525938850297,53.81712430240307,132.4199981689453
good,0.0953632084517153,130.53010771151335,132.3739990234375,-0.0387915083466515,0.1341547167983668,50.69100268732771,132.32000732421875
good,0.0827113411417599,130.53344142524716,132.36600036621093,-0.0411547005252855,0.1238660416670455,50.99740376416873,132.3300018310547
good,0.0710590475058552,130.53886578073843,132.34600219726562,-0.0422455953289522,0.1133046428348074,50.658403297189935,132.32000732421875
good,0.0643103155167352,130.54271958597397,132.35000305175782,-0.0391954618544577,0.103505777371193,52.03247668640386,132.36000061035156
good,0.0487177062850321,130.55265971685506,132.31400451660156,-0.0438304568689287,0.0925481631539608,47.73698499722821,132.24000549316406
good,0.0471141294938775,130.55599856921793,132.3260040283203,-0.0363472269280666,0.0834613564219441,52.64853998577998,132.3800048828125
good,0.0548845922376131,130.55856847893986,132.3599822998047,-0.0228614113474648,0.0777460035850779,56.42509938116957,132.49989318847656
good,0.0515806392985496,130.56199136525964,132.3739807128906,-0.0209322914292226,0.0725129307277722,52.30693863081727,132.38999938964844
good,0.0380334987453068,130.56958207421238,132.3539794921875,-0.0275835455859723,0.0656170443312792,47.857060255552845,132.25999450683594
neutral,0.0373569718838098,130.5761043819693,132.38397827148438,-0.0226080579579755,0.0599650298417853,52.23327834632136,132.38999938964844
good,0.0371984915902885,130.5814873495758,132.38797607421876,-0.0182132306011974,0.0554117221914859,52.56289414392472,132.39999389648438
good,0.0366504116840644,130.58441812429038,132.3679962158203,-0.0150090484059372,0.0516594600900016,52.56289414392472,132.39999389648438
neutral,0.0449775632158093,130.59395949465755,132.39299621582032,-0.0053455174993538,0.0503230807151632,56.562978940408144,132.51499938964844
neutral,0.0641509775465465,130.61180516168008,132.47699584960938,0.0110623174651066,0.0530886600814398,61.56973837880842,132.67999267578125
neutral,0.127102835440013,130.63574485015133,132.65699462890626,0.0592113402868584,0.0678914951531545,73.65857747245009,133.2899932861328
good,0.1518422587084558,130.6517500827475,132.77699584960936,0.067160610844241,0.0846816478642147,63.4414925138552,133.0
good,0.1718876666409414,130.66359685150863,132.9029968261719,0.0697648150213813,0.1021228516195601,63.99782287853797,133.02999877929688
good,0.1975992495937362,130.67613516517906,133.03599548339844,0.0763811183793408,0.1212181312143953,66.72444122184835,133.17999267578125
good,0.2015326687120477,130.68595973033243,133.1009979248047,0.0642516299981219,0.1372810387139258,60.92714775808511,133.0050048828125
good,0.225051856391957,130.71233150642453,133.1009979248047,0.0702166541424249,0.154835202249532,66.0939481046658,133.2899932861328
good,0.2624526792276072,130.74056274636075,133.21299743652344,0.08609398158246,0.1763586976451471,70.1247073988515,133.55999755859375
good,0.2871686220595109,130.78072753376196,133.31499633789062,0.088647939531491,0.1985206825280198,69.46581035948255,133.5399932861328
good,0.2980762251285966,130.79757456952962,133.3739990234375,0.0796444340804614,0.2184317910481352,67.25495459843302,133.47500610351562
good,0.3108036328869161,130.81868250992508,133.48699951171875,0.0738974734710247,0.2369061594158914,68.81734154124464,133.57000732421875
neutral,0.307261816938194,130.86480974678813,133.51800231933595,0.056284526017842,0.2509772909203519,64.45927430388714,133.44500732421875
neutral,0.308961808387437,130.8968294447668,133.51500244140624,0.046387613973668,0.2625741944137689,66.2978782412049,133.5449981689453
neutral,0.2999928330962689,130.94948210363324,133.49900512695314,0.0299349109459999,0.2700579221502689,63.30032078684457,133.4600067138672
neutral,0.2823667241376029,131.00641213877364,133.4780029296875,0.0098470415898671,0.2725196825477358,60.196157620286456,133.3699951171875
neutral,0.2828891951333503,131.09918266715482,133.48200073242188,0.0082956100684916,0.2745935850648587,64.74657520488893,133.58999633789062
neutral,0.0,143.64999389648438,135.522998046875,0.0,0.0,50.0,143.64999389648438
neutral,0.0,143.658644411474,137.5543182373047,0.0,0.0,50.0,143.70159912109375
good,0.0,143.72484376736512,139.73231811523436,0.0,0.0,50.0,144.35000610351562
good,0.0,143.78377838556645,142.00831909179686,0.0,0.0,50.0,144.75
good,0.0,143.97164096990997,144.2543212890625,0.0,0.0,50.0,144.82000732421875
neutral,0.0,144.09904454931527,144.58832397460938,0.0,0.0,50.0,145.32000732421875
neutral,0.0,144.2124820179614,144.97400512695313,0.0,0.0,50.0,145.6300048828125
good,0.0,144.24848204726968,145.03600463867187,0.0,0.0,50.0,144.66000366210938
neutral,0.0,144.27333327653207,145.08900451660156,0.0,0.0,50.0,145.01499938964844
good,0.0,144.26799042875072,144.96400451660156,0.0,0.0,50.0,144.19500732421875
neutral,0.0,144.277449160646,144.81400451660156,0.0,0.0,50.0,144.57000732421875
good,0.0,144.27457431686753,144.5250030517578,0.0,0.0,50.0,144.18499755859375
good,0.0,144.2751954338755,144.4530029296875,0.0,0.0,50.0,144.3000030517578
good,0.0,144.2728576171197,144.28500366210938,0.0,0.0,50.0,144.1750030517578
good,0.0,144.2647585614353,144.24200134277345,0.0,0.0,53.10150780288711,143.97999572753906
good,0.0,144.24246004675734,144.09500122070312,0.0,0.0,51.58742321590512,143.8350067138672
good,0.0,144.23384590942703,144.05800170898436,0.0,0.0,53.221983522377165,144.0
good,0.0,144.23181987306404,144.03200073242186,0.0,0.0,54.91115790587048,144.1699981689453
good,0.0,144.2275150673021,144.00299987792968,0.0,0.0,53.20715890493511,144.02999877929688
good,0.0,144.21878730745416,143.98500061035156,0.0,0.0,51.48653066681357,143.88999938964844
good,0.0,144.19229755083896,143.9459991455078,0.0,0.0,48.47208652357344,143.63999938964844
good,0.0,144.17445740447343,143.83399963378906,0.0,0.0,46.144521600496496,143.44000244140625
good,0.0,144.16755436857773,143.70899963378906,0.0,0.0,47.56796353769309,143.5449981689453
good,0.0,144.15923363945723,143.625,0.0,0.0,48.47591551138818,143.61000061035156
good,0.0,144.12667426835165,143.48500061035156,0.0,0.0,43.26295170479349,143.19000244140625
good,-0.4435887978793857,144.1129778243628,143.44186096191407,-0.4435887978793857,0.0,46.70600796312028,143.42430114746094
good,-0.4217533774614139,144.1057123286435,143.46885986328124,-0.4217533774614139,0.0,48.855768004020334,143.5749969482422
good,-0.3876745980148826,144.10146483501185,143.50535888671874,-0.3876745980148826,0.0,51.00938073465551,143.7274932861328
good,-0.3763001504387375,144.09335242448458,143.47935791015624,-0.3763001504387375,0.0,47.512543508940496,143.47999572753906
good,-0.3595106278870048,144.08471813613477,143.54635620117188,-0.3595106278870048,0.0,48.2077261989744,143.52499389648438
good,-0.3618032263712507,144.0729244384229,143.51749572753906,-0.3618032263712507,0.0,44.73375623509197,143.27999877929688
good,-0.3594763080740506,144.06320137718097,143.45849609375,-0.3594763080740506,0.0,44.73375623509197,143.27999877929688
good,-0.3535566278346493,144.05474931171497,143.3689971923828,-0.3535566278346493,0.0,44.73375623509197,143.27999877929688
good,-0.3465644684267488,144.0384162414082,143.32479858398438,0.0323497740608205,-0.3789142424875693,44.39134904212902,143.25900268554688
good,-0.3258896660987602,144.02975903138525,143.29979858398437,0.0424196611110473,-0.3683093272098076,47.308037908814825,143.39999389648438
good,-0.2848380643473263,144.02564699619828,143.37679748535157,0.066777010289985,-0.3516150746373113,52.36522877308111,143.6649932861328
good,-0.2562090558093075,144.01728389530305,143.43679809570312,0.076324815062403,-0.3325338708717106,50.68503339670269,143.5800018310547
good,-0.231656442191678,144.01228833282505,143.4947998046875,0.0807019429440261,-0.3123583851357041,50.479914261493214,143.57000732421875
good,-0.2217466468470661,144.00329766997714,143.5269989013672,0.0724893906309104,-0.2942360374779765,47.3805835173229,143.4199981689453
good,-0.1838537330891654,144.00140654539337,143.60020141601564,0.0883058435110489,-0.2721595766002143,54.34369727601341,143.76600646972656
good,-0.1573360703705759,143.99925399686333,143.6072021484375,0.0918588049837107,-0.2491948753542867,52.90535628880939,143.6999969482422
good,-0.1072456552458618,144.00003083801954,143.70020141601563,0.1135593760867399,-0.2208050313326017,59.01157842143136,144.0449981689453
good,-0.0723622679289235,143.99990080622527,143.781201171875,0.1187542107229425,-0.1911164786518661,57.38595641894251,143.97500610351562
good,-0.0501912172537117,143.9991434023951,143.8772003173828,0.1127402091185234,-0.1629314263722352,55.61762921760188,143.89999389648438
good,-0.0230745288967284,143.99921411273155,143.9269989013672,0.1118855179804054,-0.1349600468771339,57.76638276819664,144.01499938964844
good,-0.0394585274286214,143.99622219457387,143.8949981689453,0.0764012155588099,-0.1158597429874314,47.53072343225629,143.5399932861328
good,-0.0514460737756508,143.99389557468905,143.7949981689453,0.0515309353694245,-0.1029770091450753,47.63600511742327,143.5449981689453
good,-0.0295399334876549,143.9934265662531,143.78599548339844,0.0587496605259363,-0.0882895940135912,55.0995293620422,143.92999267578125
good,-0.0104445832253929,143.99308795386025,143.79599609375,0.0622760086305586,-0.0727205918559515,55.454804613778464,143.9499969482422
good,-0.0420307971489535,143.98381411881675,143.66599731445314,0.0245518357655984,-0.0665826329145519,44.39271414937824,143.36500549316406
good,-0.0387773825070496,143.98132542549382,143.7,0.0222442003260018,-0.0610215828330515,50.64558971340704,143.7100067138672
good,-0.045758013400075,143.97766647075204,143.70800170898437,0.0122108555463812,-0.0579688689464562,48.5168866886731,143.5850067138672
good,-0.0397774607285441,143.97695259176606,143.6664031982422,0.0145531265743296,-0.0543305873028738,50.95013057716205,143.7220001220703
good,-0.0379895594992092,143.97518670775585,143.61240234375,0.0130728222429316,-0.0510623817421408,50.16714898190822,143.67999267578125
good,-0.0393462003415265,143.97300265756834,143.6674011230469,0.0093729451204914,-0.048719145462018,49.38896608790844,143.63999938964844
good,-0.0351745758106289,143.97081889716895,143.66539916992187,0.0108356557211112,-0.0460102315317402,50.62630608366173,143.6999969482422
good,-0.0195388168451131,143.96994685325953,143.71839904785156,0.0211771317493016,-0.0407159485944148,53.67575302007318,143.85000610351562
good,-0.0063489680356383,143.96938993519157,143.74579772949218,0.0274935844470211,-0.0338425524826595,53.8596221786604,143.85899353027344
good,-0.0102219584374267,143.96777221253203,143.74579772949218,0.0188964752361861,-0.0291184336736129,49.63405777343832,143.67999267578125
good,-0.0011733207710165,143.96704743689594,143.78379821777344,0.0223560903220771,-0.0235294110930936,52.96444720837508,143.8300018310547
good,0.0302678595306247,143.9693136792332,143.87081909179688,0.0430378164989747,-0.01276995696835,58.914909421974166,144.13510131835938
neutral,0.0413859518681078,143.9693197368277,143.8948181152344,0.0433247270691663,-0.0019387752010584,54.86964308835675,143.97000122070312
good,0.0368612482962191,143.96775026431445,143.88501892089843,0.031040018797822,0.005821229498397,51.20050997037978,143.80999755859375
neutral,0.0472557887307516,143.96789802556614,143.947021484375,0.0331476473858836,0.014108141344868,54.85780826646591,143.99000549316406
neutral,0.0488772521714793,143.96767394204306,143.96401977539062,0.027815288661289,0.0210619635101902,53.0727926546294,143.9149932861328
neutral,0.0376252987126406,143.96664529445442,143.88999938964844,0.0132506681619602,0.0243746305506803,49.59751273360098,143.76499938964844
good,-0.0310489225901449,143.95978113879642,143.7,-0.0443388425126602,0.0132899199225152,36.73200329524333,143.02000427246094
good,-0.0597632247289823,143.95565253027857,143.60401916503906,-0.058442515721198,-0.0013207090077842,43.322192799579256,143.33009338378906
good,-0.0963440660578953,143.94604389670772,143.43501892089844,-0.0760186856400889,-0.0203253804178064,40.60352234691753,143.14500427246094
good,-0.1298889938413481,143.9434645252871,143.26602172851562,-0.0876508907388333,-0.0422381031025147,39.521279952493735,143.07000732421875
good,-0.1742354032215018,143.93586365385164,143.07802124023436,-0.1055978400951896,-0.0686375631263122,36.13292056884613,142.8249969482422
neutral,-0.2057976199066615,143.9317450182865,143.04201965332032,-0.1097280454242794,-0.0960695744823821,36.49189327217167,142.83999633789062
good,-0.2369555577945163,143.92692062062676,142.9220001220703,-0.1127087866497074,-0.1242467711448089,34.94084961913087,142.72999572753906
good,-0.272627056760939,143.92124972950214,142.8039978027344,-0.118704228492904,-0.1539228282680349,32.569101254320614,142.55499267578125
good,-0.2922825713744146,143.91688815652788,142.71399536132813,-0.1106877944851036,-0.1815947768893109,34.35159517067946,142.6199951171875
neutral,-0.3019582705564971,143.91051408525624,142.67899475097656,-0.0962907949337489,-0.2056674756227481,35.20289647525004,142.64999389648438
good,-0.3485765565181111,143.89873094462982,142.53449401855468,-0.1143272647162903,-0.2342492918018208,28.209912043264865,142.11749267578125
good,-0.3649734575355694,143.88772852415272,142.45249633789064,-0.1045793325869988,-0.2603941249485705,33.61122493977874,142.32000732421875
good,-0.3656843130834488,143.87822019747804,142.42549743652344,-0.0842321505079026,-0.2814521625755462,36.16499746001068,142.4199981689453
good,-0.4019599484775824,143.8646808007275,142.285498046875,-0.0964062287216289,-0.3055537197559534,29.959026945480787,141.9199981689453
good,-0.4417544626948313,143.85068172806848,142.09949951171876,-0.1089605943511022,-0.332793868343729,27.896900595656604,141.72000122070312
good,-0.4786670545762206,143.83624308212185,141.99300231933594,-0.1166985489859932,-0.3619685055902273,26.567617186918213,141.5850067138672
good,-0.4977454010924589,143.82354140316482,141.85700073242188,-0.1086215164017851,-0.3891238846906737,28.071235709585707,141.63999938964844
good,-0.4918636214008245,143.81573565621952,141.73900146484374,-0.0821917893681206,-0.4096718320327039,33.16341090900329,141.8300018310547
good,-0.4772632258946032,143.8053193113762,141.73200073242188,-0.0540731150895194,-0.4231901108050838,34.60641069660622,141.88499450683594
good,-0.4946866824589335,143.79104257833086,141.6790008544922,-0.0571972573230797,-0.4374894251358537,29.28280839022036,141.4550018310547
neutral,-0.5142673760608147,143.77608589210976,141.6239990234375,-0.0614223607399687,-0.452845015320846,27.733431480555296,141.30999755859375
good,-0.5085908885305912,143.76442957689076,141.59599914550782,-0.0445966985677961,-0.463994189962795,32.75422566250717,141.5
good,-0.4827914506301738,143.75524438449634,141.56900024414062,-0.0150378085339029,-0.4677536420962708,37.54984734211556,141.69500732421875
good,-0.4526894388153266,143.74714957242824,141.54200134277343,0.0120513626247553,-0.464740801440082,38.87372084016407,141.75
good,-0.4179637249830534,143.7366601198207,141.61600036621093,0.0374216611656228,-0.4553853861486763,40.71937028160772,141.8249969482422
good,-0.364055797486003,143.7263772272562,141.7740020751953,0.0730636709301386,-0.4371194684161417,47.03476373925356,142.10000610351562
good,-0.3152783927226323,143.72011360521006,141.9000030517578,0.0974728605548074,-0.4127512532774398,47.68942733737671,142.1300048828125
good,-0.2519319760171186,143.71234518208522,142.04100036621094,0.128655421808257,-0.3805873978253756,53.28576273137295,142.39999389648438
good,-0.2077977798642791,143.70321119937833,142.1500213623047,0.1382316943688772,-0.3460294742331564,51.00291247478725,142.29510498046875
good,-0.159292868275287,143.69701526446246,142.2730224609375,0.1493892847662955,-0.3086821530415825,53.93865977429712,142.44000244140625
good,-0.0959425238577864,143.69220975247208,142.4000213623047,0.1701917033470368,-0.2661342272048233,59.28706217265088,142.73500061035156
good,-0.048805298559273,143.6839908140236,142.51202087402345,0.1738631429164402,-0.2226684414757133,58.177371827163256,142.69000244140625
good,-0.0308620083311552,143.67552269923263,142.52102355957032,0.1534451465156464,-0.1843071548468017,52.424037483602895,142.44500732421875
good,-0.0336040934051311,143.67040969922203,142.50800170898438,0.1205624491533364,-0.1541665425584676,47.94298789228793,142.22999572753906
good,-0.040155628055686,143.65059572906375,142.4540008544922,0.0912087316022252,-0.1313643596579113,46.74233878792225,142.1699981689453
good,-0.0208991154273974,143.6458633259223,142.4010009765625,0.0883721953844111,-0.1092713108118085,53.07096449075501,142.47000122070312
good,0.0087844525394586,143.64342152205165,142.39299926757812,0.0944446106810137,-0.085660158141555,56.41719848954041,142.64999389648438
good,0.0367280487429866,143.64064001930458,142.4459991455078,0.0979105655076333,-0.0611825167646467,57.50518738617848,142.7100067138672
good,0.0593991589172446,143.63552291544883,142.5450012207031,0.0964653405455131,-0.0370661816282684,57.78881669172663,142.72500610351562
good,0.0760925646723933,143.63151524324522,142.65502014160157,0.0905269970405294,-0.014434432368136,57.65307143307223,142.7200927734375
good,0.1066442262635973,143.62916109749463,142.7510192871094,0.0968629269053867,0.0097812993582105,62.13508764852056,142.9499969482422
good,0.1181973519683481,143.62497628224455,142.78302001953125,0.08673284208811,0.0314645098802381,58.102270084061146,142.80999755859375
good,0.1294915653341775,143.62290779007972,142.81201782226563,0.0784216443631515,0.0510699209710259,59.02286098232953,142.85499572753906
good,0.1536172929767474,143.62014986311672,142.88001708984376,0.0820378976045771,0.0715793953721702,63.098056451506494,143.06500244140625
good,0.1623928643691101,143.61684036910603,142.9279998779297,0.0726507751975518,0.0897420891715582,59.89110581625072,142.9600067138672
good,0.1662211486006128,143.61427232513628,142.927001953125,0.0611832475432436,0.1050379010573691,59.42643795539148,142.94500732421875
good,0.1733089210223966,143.61031521696682,142.96900329589843,0.0546168159720219,0.1186921050503746,61.0534975255234,143.02000427246094
good,0.2040092036230589,143.60981472121915,143.07000427246095,0.0682536788581474,0.1357555247649115,67.43013351468915,143.36000061035156
good,0.2201526105249627,143.607506514236,143.11500244140626,0.0675176686080409,0.1526349419169217,65.06778951417894,143.2899932861328
good,0.2310902170589202,143.6063720056649,143.18300170898436,0.0627642201135987,0.1683259969453214,65.25522153171576,143.3000030517578
good,0.248600655902436,143.60511083850952,143.28302001953125,0.0642197271656916,0.1843809287367444,67.94050466884354,143.44509887695312
good,0.2626696490463303,143.60409052851242,143.3760192871094,0.0626309762476687,0.2000386727986615,68.65788645563481,143.48500061035156
good,0.2838608357417911,143.6042020545224,143.43401794433595,0.0670577303545036,0.2168031053872874,71.4979553429484,143.64999389648438
good,0.282870345931002,143.60364089508371,143.47001953125,0.0528537924349716,0.2300165534960304,64.61883420177762,143.47000122070312
good,0.2716915324192257,143.60189841334363,143.48601989746095,0.0333399831385562,0.2383515492806694,61.43597952603381,143.3800048828125
good,0.2339101032388839,143.5993471567198,143.40799865722656,-0.0035531568334284,0.2374632600723124,51.55904691671635,143.05499267578125
good,0.2168005161216228,143.59839270126898,143.35999755859376,-0.0165301951605516,0.2333307112821745,56.01134449586031,143.2449951171875
good,0.19972837529005,143.59638833686105,143.2759979248047,-0.0268818687936995,0.2266102440837496,55.5770680990249,143.22999572753906
good,0.1896612893876863,143.59575453960844,143.24199829101562,-0.0295591637568506,0.2192204531445369,57.24334998776848,143.3000030517578
good,0.1995470885234453,143.59546092103906,143.2759765625,-0.0157386916968733,0.2152857802203187,62.63153107013397,143.54989624023438
good,0.209015699862789,143.59547625117685,143.38497924804688,-0.0050160642860237,0.2140317641488127,63.62153377077817,143.60000610351562
good,0.2092648349971,143.59536807851967,143.44397888183593,-0.0038135433213702,0.2130783783184702,61.51945476770595,143.5399932861328
neutral,0.2166487191831265,143.59552782944888,143.52998046875,0.002856272691725,0.2137924464914015,64.07564594391998,143.66000366210938
neutral,0.2199648823581412,143.59570445342374,143.60198059082032,0.0049379486933918,0.2150269336647494,64.07564594392,143.66000366210938
good,0.2200562935937284,143.5961631036508,143.6240020751953,0.0040234879431831,0.2160328056505452,64.07564594391997,143.66000366210938
good,0.221608995487287,143.59683207509644,143.64600219726563,0.0044609518693934,0.2171480436178936,65.27601138676171,143.7100067138672
good,0.2308692087944166,143.6003626386212,143.70650329589844,0.0109769321412183,0.2198922766531982,68.29861244860282,143.84249877929688
good,0.2480575734780927,143.6083892574968,143.77450256347657,0.0225322374599155,0.2255253360181771,71.4771205911192,144.0
good,0.2614896889571696,143.60929019928008,143.84950256347656,0.0287714823511939,0.2327182066059757,72.14554750088439,144.03500366210938
good,0.2853869091009073,143.612789920182,143.9655029296875,0.0421349619959453,0.243251947104962,75.73242022332606,144.24000549316406
good,0.2984644648924188,143.6144938834599,144.0655029296875,0.0441700142299654,0.2542944506624534,74.22612990970225,144.2100067138672
good,0.3160779012870023,143.61869129818996,144.16600341796874,0.049426760499639,0.2666511407873632,76.49202245987657,144.34500122070312
good,0.3194944124410881,143.62361246695656,144.21800231933594,0.0422746173229798,0.2772197951181082,72.18826213482939,144.25999450683594
good,0.3161371392140211,143.62652842162686,144.2570007324219,0.0311338752767302,0.2850032639372908,70.67698201815207,144.22999572753906
good,0.3095060618152558,143.62755433177807,144.25400085449218,0.019602238302372,0.2899038235128838,70.41293591814363,144.22500610351562
good,0.313936975653263,143.62926445581408,144.28997802734375,0.0192265217123033,0.2947104539409597,73.88504200696512,144.389892578125
good,0.2816827215814896,143.63297590744668,144.21835632324218,-0.010422185887576,0.2921049074690657,56.44887652219646,143.9868927001953
good,0.2446755716020732,143.6333906375425,144.1423583984375,-0.0379434686935939,0.2826190402956672,52.88413657037778,143.8800048828125
good,0.2124937902644603,143.6342800368102,144.07135925292968,-0.0561002000249655,0.2685939902894259,52.71626869218221,143.875
good,0.1928362571292154,143.6345402351766,144.0213592529297,-0.0606061865281683,0.2534424436573838,55.73952866513608,143.97500610351562
good,0.1764340242786772,143.6354930190553,143.9413818359375,-0.0616067355029652,0.2380407597816425,56.19195656077485,143.99000549316406
good,0.1723414204621178,143.6386940869982,143.96900329589843,-0.0525594714556197,0.2249008919177376,60.14095880526915,144.125
good,0.1747494046452686,143.64036764481943,144.03700256347656,-0.0401211898179751,0.2148705944632438,62.68988842331379,144.22000122070312
good,0.1706557082993072,143.64158329251745,144.09600219726562,-0.0353719089311493,0.2060276172304565,60.49699849635459,144.1699981689453
good,0.1495494294414072,143.6423939941448,144.09500122070312,-0.0451825502312394,0.1947319796726467,52.575389915782274,143.97000122070312
good,0.118145829266183,143.64284770750717,144.05799865722656,-0.0612689203251709,0.1794147495913539,47.09600997709416,143.80499267578125
good,0.0917974451126042,143.64308869739992,143.9929992675781,-0.0700938435829997,0.161891288695604,46.93671295543756,143.8000030517578
good,0.0645233696117486,143.6432411522157,143.8949981689453,-0.0778943352670843,0.1424177048788329,44.65453526805943,143.72999572753906
good,0.0376333528544421,143.64336901193698,143.7949981689453,-0.0838274816195126,0.1214608344739548,42.73669471875308,143.6699981689453
good,0.0033729808922373,143.6429390419433,143.70299682617187,-0.0944702828653739,0.0978432637576113,38.04407867041889,143.50999450683594
good,-0.018768971159659,143.64282166465608,143.65587768554687,-0.0932897879338162,0.0745208167741572,40.64961346098914,143.56939697265625
good,-0.0370518237013186,143.6426851325865,143.60687561035155,-0.0892581123803807,0.052206288679062,40.2080437511736,143.55499267578125
good,-0.0481614379893642,143.6424852345196,143.57887573242186,-0.080294181334741,0.0321327433453768,41.86083404692082,143.58999633789062
good,-0.0555182036296457,143.64242552427856,143.56487731933595,-0.070120757580018,0.0146025539503722,42.351580876951466,143.60000610351562
good,-0.0797951026187036,143.64123669854416,143.53487854003907,-0.0755181252552607,-0.0042769773634428,34.772642760404125,143.36000061035156
good,-0.0947157715639832,143.6409533086854,143.5009979248047,-0.0723510353604323,-0.0223647362035509,36.80215464409881,143.39999389648438
good,-0.1077194373588952,143.64031856312016,143.46399841308593,-0.0682837609242754,-0.0394356764346198,35.899845069159326,143.3699951171875
good,-0.11109529281768,143.6401377204258,143.43399963378906,-0.0573276931064481,-0.0537675997112318,39.620314541933055,143.44000244140625
good,-0.1212491280591052,143.63967261003273,143.37999877929687,-0.0539852226782987,-0.0672639053808065,36.07703212585911,143.3300018310547
good,-0.1421822629512235,143.6379613746238,143.33799743652344,-0.0599346860563335,-0.0822475768948899,31.16524406072645,143.14999389648438
good,-0.1557660240149516,143.6371340619966,143.29099731445314,-0.0588147576960493,-0.0969512663189022,31.996068870921988,143.1649932861328
good,-0.1602453631274443,143.63637706727658,143.26099853515626,-0.0506352774468336,-0.1096100856806107,35.09026576370435,143.22000122070312
good,-0.1906466562706725,143.63507618145172,143.1449981689453,-0.0648292564720494,-0.125817399798623,26.56977833461083,142.86000061035156
good,-0.205113526721874,143.6340946683376,143.06899719238282,-0.0634369015386007,-0.1416766251832732,31.07543505115933,142.9499969482422
good,-0.2149077758916746,143.63277407705866,143.0269989013672,-0.058584920566721,-0.1563228553249535,30.849050763495555,142.94000244140625
good,-0.2133522963359269,143.63191373430973,142.9989990234375,-0.0456235528087786,-0.1677287435271482,35.17396128269108,143.02499389648438
good,-0.2132918480946273,143.63108403461527,142.95099792480468,-0.0364504836539832,-0.176841364440644,33.96284106520439,142.97999572753906
good,-0.2004515727247167,143.63057939721762,143.0009765625,-0.018888166627258,-0.1815634060974586,40.34815690462364,143.10989379882812
good,-0.1865028765162151,143.6296506889129,143.03697814941407,-0.0039515763350051,-0.1825513001812099,41.2945892930416,143.1300048828125
good,-0.1862128468172557,143.62767054410511,143.04297790527343,-0.0029292373088365,-0.1832836095084191,36.35281505790606,142.97000122070312
neutral,-0.1854593142657279,143.6265291848624,143.027978515625,-0.001740563805847,-0.1837187504598808,35.77636265270576,142.9499969482422
neutral,-0.1757357047746381,143.62571594760482,143.03957824707032,0.0063864365481941,-0.1821221413228323,40.26376680388906,143.03799438476562
good,-0.1603707197445487,143.62482883298233,143.039599609375,0.0174011372626268,-0.1777718570071756,43.728527739436124,143.11000061035156
good,-0.1397238771504305,143.62442804060692,143.05260009765624,0.030438383885396,-0.1701622610358266,47.59301997421572,143.19500732421875
good,-0.0904461859686875,143.6242492405087,143.17659912109374,0.0637728600537112,-0.1542190460223988,60.99665255536184,143.58999633789062
good,-0.0316618451497276,143.6246334214677,143.35260009765625,0.0980457606981368,-0.1297076058478646,66.58844362129389,143.8300018310547
good,0.0099689510473695,143.62534487254186,143.4990020751953,0.1117412455161872,-0.1017722944688177,64.11388235800578,143.77000427246094
good,0.0372221725507415,143.62569852944966,143.6178405761719,0.1111955736156474,-0.0739734010649059,61.41773410967755,143.70419311523438
good,0.0649946853951064,143.62575913360175,143.7368377685547,0.1111744691680098,-0.0461797837729034,63.56872874430629,143.7899932861328
good,0.1163268763050098,143.6291370991582,143.85283813476562,0.1300053280623306,-0.0136784517573207,71.22131523888261,144.1699981689453
good,0.1472495680976351,143.62975111133065,143.9008575439453,0.1287424158839647,0.0185071522136703,67.2235848105541,144.07009887695312
good,0.1765713323033537,143.63048940812922,143.9778564453125,0.1264513440717466,0.050119988231607,68.82512450689349,144.15499877929688
good,0.1867632230040783,143.6312972704876,144.0410186767578,0.109314587817977,0.0774486351861013,63.51114599497736,144.02000427246094
good,0.1990018791870511,143.63187688859705,144.10302124023437,0.0972425952007598,0.1017592839862912,65.2247541151387,144.10000610351562
good,0.2374338046677451,143.63664025381823,144.16702270507812,0.108539616545163,0.128894188122582,72.10274306301218,144.49000549316406
good,0.2636419567428447,143.63796388992662,144.2480041503906,0.1077982148962101,0.1558437418466345,71.51688261022366,144.47500610351562
good,0.2628224877300056,143.6401404782989,144.26600341796876,0.0855829967066968,0.1772394910233087,63.05577978492588,144.2449951171875
good,0.2532026629999961,143.64179884638082,144.29600219726564,0.0607705375813499,0.1924321254186462,60.54073467513191,144.1699981689453
good,0.2455725777757891,143.64240050142493,144.31700134277344,0.0425123618857142,0.2030602158900748,61.316273872481695,144.2050018310547
good,0.2651147903779076,143.64416459259334,144.33099975585938,0.0496436595902662,0.2154711307876414,68.15260381634087,144.55999755859375
good,0.2706244444003403,143.6488569215279,144.33099975585938,0.044122650890159,0.2265017935101812,65.18255938861651,144.47500610351562
good,0.2842216606364616,143.65031241729295,144.4080017089844,0.0461758937010242,0.2380457669354373,67.92760509580458,144.6300048828125
good,0.3036010820722481,143.65317241835356,144.53000183105468,0.0524442521094486,0.2511568299627995,70.3627283616967,144.77999877929688
neutral,0.3081453530284079,143.65524326612402,144.627001953125,0.0455908184524868,0.2625545345759211,67.0721826202751,144.69000244140625
neutral,0.3034079212910683,143.65819847888218,144.64100341796876,0.0326827093721177,0.2707252119189506,64.89337421576846,144.6300048828125
neutral,0.2954401182984156,143.65900058914818,144.6700012207031,0.019771925103572,0.2756681931948436,64.51682253841255,144.6199951171875
good,0.324520206029689,143.67321885776306,144.76499938964844,0.0390816102678763,0.2854385957618127,72.76349386357394,145.10499572753906
good,0.3615547194211785,143.69010728472088,144.875,0.0608928989274926,0.3006618204936859,75.597069810527,145.3300018310547
good,0.4040000370412997,143.7079106821486,145.0470001220703,0.082670573238091,0.3213294638032086,78.00639467996308,145.5500030517578
good,0.4414259039564285,143.71955548316322,145.25299987792968,0.0960771521225758,0.3453487518338526,79.11661450712027,145.66000366210938
good,0.4776829948037004,143.73395512615937,145.49100036621093,0.1058673943758782,0.3718156004278222,80.55780386789507,145.80999755859375
good,0.4886805415337107,143.7457553326415,145.602001953125,0.0934919528847108,0.3951885886489999,74.98493475224056,145.66000366210938
good,0.4941209090690961,143.7496719703904,145.67400207519532,0.0791458563360768,0.4149750527330192,75.35218686005203,145.69000244140625
good,0.5011280253285122,143.75703617465547,145.7230010986328,0.0689223780763943,0.4322056472521178,76.64460374940565,145.7949981689453
good,0.4921320930783111,143.77375494150533,145.72799987792968,0.0479411566609545,0.4441909364173565,72.36353541878124,145.68499755859375
good,0.5006152075200134,143.78171553701793,145.75599975585936,0.0451394168821254,0.4554757906378879,75.86149936556495,145.9499969482422
good,0.4987641907175089,143.79514936309388,145.80699768066407,0.0346307200636967,0.4641334706538121,74.51979210039404,145.9149932861328
good,0.4972146713288339,143.80075877440228,145.86599731445312,0.0264649605400173,0.4707497107888165,75.45480481871833,145.98500061035156
good,0.4891378638434673,143.80590956626685,145.9009979248047,0.0147105224437206,0.4744273413997467,74.82129324488703,145.97000122070312
good,0.4836175725491216,143.8171755664167,145.9739990234375,0.0073521849194998,0.4762653876296218,75.97968987902009,146.0500030517578
good,0.4510459117650782,143.82326247652782,145.93699951171874,-0.0201755806916348,0.4712214924567131,64.58080164370818,145.76499938964844
good,0.4231789948886728,143.8289178394744,145.91400146484375,-0.0384339980544322,0.4616129929431051,65.26995838453507,145.8000030517578
good,0.3717942377342922,143.83368746676297,145.81500244140625,-0.0718550041670503,0.4436492419013425,55.053632568169576,145.49000549316406
good,0.3201181412231051,143.83886928934672,145.7010009765625,-0.0988248805425899,0.4189430217656951,52.48477731767538,145.39999389648438
good,0.2823650134853892,143.84002663142604,145.58699951171874,-0.1092624066242446,0.3916274201096339,54.51618317398637,145.47999572753906
good,0.2571469621972824,143.845808331838,145.5489990234375,-0.1075843663298812,0.3647313285271636,56.87403597783314,145.5749969482422
good,0.2340607473093143,143.84780301154154,145.50299987792968,-0.1045364649742794,0.3385972122835938,56.70776149283545,145.57000732421875
good,0.2276642881595876,143.85626141335254,145.55499877929688,-0.088746339299205,0.3164106274587926,61.12319933477061,145.75
good,0.2072945275958488,143.86105224213077,145.59299926757814,-0.087292879890355,0.2945874074862039,55.686065312187935,145.58999633789062
good,0.1909680150096733,143.86391466961442,145.62000122070313,-0.0828955139812245,0.2738635289908978,56.33980286944462,145.61500549316406
good,0.1955440841265101,143.87369065113134,145.677001953125,-0.0626555558915101,0.2581996400180203,62.219722095608745,145.86000061035156
good,0.1879262984325009,143.87792770595445,145.7125,-0.0562186732684154,0.2441449717009164,58.33461024738665,145.74749755859375
good,0.170443702473932,143.8827173907629,145.6885009765625,-0.0589610153815875,0.2294047178555195,54.50674301660997,145.6300048828125
good,0.1575952312331026,143.8836622008795,145.70350036621093,-0.0574475892979336,0.2150428205310362,55.44437226236462,145.6649932861328
good,0.1509181880513779,143.8882001243196,145.72649841308595,-0.0512997059837266,0.2022178940351045,57.20889728255477,145.72999572753906
good,0.1459620533518659,143.89085759891086,145.70549926757812,-0.0450046725465909,0.1909667258984568,57.8997163464132,145.7550048828125
good,0.1312499498142472,143.89445947226602,145.68402099609375,-0.0477734208673677,0.1790233706816149,53.61704802456713,145.64010620117188
good,0.1118372140185499,143.8977713426129,145.67001953125,-0.053748925330452,0.1655861393490019,50.79596276503914,145.55999755859375
good,0.0897698948392928,143.89964712566,145.63502197265626,-0.0606529956077672,0.1504228904470601,48.39982794588352,145.49000549316406
good,0.0735549451694055,143.90144004761234,145.5922821044922,-0.0614943562221237,0.1350493013915292,49.36602410153306,145.51629638671875
good,0.0264051001884126,143.90704121805214,145.4602813720703,-0.0869153609624932,0.1133204611509059,37.30997672168051,145.09500122070312
good,-0.0128303894756527,143.91354875169665,145.34626159667968,-0.1009206805012469,0.0880902910255942,36.73677173612384,145.07000732421875
good,-0.0537949900980549,143.91744627972383,145.22226257324218,-0.1135082248989193,0.0597132348008643,33.82576636598921,144.94000244140625
good,-0.079294051807409,143.9198524149147,145.12726135253905,-0.1112058292866187,0.0319117774792096,36.93053862709693,145.01499938964844
good,-0.0939802158953853,143.92278445367558,145.03800354003906,-0.1007135946996759,0.0067333788042906,39.18437525250144,145.07000732421875
good,-0.0972362751537048,143.92578078557378,145.0510040283203,-0.0831757231663964,-0.0140605519873084,42.78671271139609,145.16000366210938
good,-0.0938930830021149,143.92726579759668,145.08100280761718,-0.0638660248118452,-0.0300270581902697,45.120559390230426,145.22000122070312
good,-0.0997760263285272,143.92908935868445,145.11300354003907,-0.0557991745106059,-0.0439768518179212,41.47644790463965,145.10000610351562
good,-0.1020515887196609,143.93051021134002,145.13300476074218,-0.0464597895213917,-0.0555917991982691,42.105876342388655,145.11500549316406
good,-0.1062610532015639,143.93439782144165,145.13300476074218,-0.0405354032026358,-0.0657256499989281,40.691939499695984,145.07000732421875
good,-0.093192441823902,143.93732544302597,145.1530029296875,-0.0219734334599791,-0.0712190083639229,48.54798251550602,145.25999450683594
good,-0.0842845441719362,143.94303844205797,145.15500183105468,-0.0104524286464106,-0.0738321155255255,47.478554437762725,145.22999572753906
neutral,-0.0723560670203653,143.94581945990058,145.19100036621094,0.0011808388041281,-0.0735369058244935,49.47635743651151,145.27999877929688
neutral,-0.0629831060706465,143.94776618233314,145.2220001220703,0.0084430398030776,-0.0714261458737241,49.0745464324538,145.27000427246094
good,-0.0493384493256598,143.95007943199397,145.2759979248047,0.0176701572384514,-0.0670086065641113,52.01364399777627,145.33999633789062
good,-0.0352936147352238,143.95400168069523,145.2989990234375,0.0253719934631099,-0.0606656081983338,53.46025722793577,145.375
good,-0.0250841530225613,143.95571719788214,145.325,0.0284651641406179,-0.0535493171631793,52.726739915526544,145.36000061035156
good,-0.0104175152658569,143.95747367605446,145.35700073242188,0.0345054415178578,-0.0449229567837148,56.18024642248244,145.44000244140625
good,0.0075740708130354,143.9611550190988,145.40700073242186,0.0419976220774002,-0.0344235512643648,59.3762647546899,145.52000427246094
good,0.022381011211479,143.96397781662992,145.44500122070312,0.0454436499806751,-0.023062638769196,59.771016911022336,145.52999877929688
good,0.0440975960646881,143.9679677896246,145.502001953125,0.0537281878671073,-0.0096305918024192,64.59095880918227,145.66000366210938
good,0.0606094776896952,143.97148503150768,145.56200256347657,0.0561920555936915,0.0044174220960036,64.59095880918227,145.66000366210938
good,0.0792373432328474,143.97384920171191,145.62200317382812,0.059855936909475,0.0193814063233724,67.38024497798347,145.74000549316406
good,0.0929288351172488,143.9763925610458,145.66600341796874,0.058837943035101,0.0340908920821477,67.38024497798347,145.74000549316406
good,0.0962148569355463,143.97864392611513,145.69200439453124,0.0496991718827188,0.0465156850528274,61.73979852186288,145.66000366210938
good,0.0689749124410639,143.98262222479897,145.62000427246093,0.0179673819105891,0.0510075305304747,43.92208894777123,145.3000030517578
good,0.0412624068460161,143.98466787484372,145.53400268554688,-0.0077960989475668,0.049058505793583,41.41881020238792,145.22999572753906
good,0.0332400853148726,143.98688092385646,145.46750183105468,-0.0126547363829682,0.0458948216978409,49.30778384548876,145.40750122070312
good,0.006034091467427,143.99135436721875,145.34949951171876,-0.0318885841843311,0.0379226756517581,40.73710940817612,145.14999389648438
good,-0.0105625631969701,143.99273498235712,145.2595001220703,-0.0387881910789826,0.0282256278820125,43.21439941891153,145.2100067138672
good,-0.0401979414539255,143.9956648899174,145.19949951171876,-0.0547388554687504,0.0145409140148249,37.33323300488773,145.0
good,-0.0578047143710875,143.99694643456235,145.16642150878906,-0.0578765027087299,7.178833764240854e-05,40.03683025573944,145.06460571289062
good,-0.0649261409965049,143.99846572310074,145.11292114257813,-0.0519983434673178,-0.012927797529187,43.120778180270506,145.13999938964844
good,-0.0777434021259466,144.00047813839066,145.0909210205078,-0.0518524836774076,-0.0258909184485389,40.16959496026243,145.0399932861328
good,-0.1052466886592355,144.00299309116394,145.01091918945312,-0.0634846161685572,-0.0417620724906783,34.34746129938367,144.80999755859375
good,-0.1239996727421441,144.00413081866785,144.97691955566407,-0.0657900802011726,-0.0582095925409714,35.22682309393089,144.8300018310547
good,-0.1360825474477849,144.00604664285132,144.93299865722656,-0.0622983639254507,-0.0737841835223341,35.91988947100586,144.84500122070312
good,-0.1459922040170909,144.0068382757831,144.86900024414064,-0.0577664163958053,-0.0882257876212855,35.243183778881544,144.82000732421875
good,-0.1425201910804503,144.007625393544,144.8490020751953,-0.0434355227673318,-0.0990846683131184,40.99093378947324,144.94000244140625
good,-0.1445577037517864,144.00865373465754,144.85900268554687,-0.0363784283509343,-0.108179275400852,38.53514816983365,144.86000061035156
good,-0.1504893268867988,144.00987732572406,144.85000305175782,-0.0338480411887573,-0.1166412856980414,36.33736702375239,144.78500366210938
good,-0.161798576663898,144.010471286073,144.81700134277344,-0.0361258327726853,-0.1256727438912127,33.459793090538426,144.67999267578125
neutral,-0.1983305215736095,144.01144975594633,144.71499938964843,-0.0581262221459173,-0.1402042994276921,25.72875592923789,144.30999755859375
neutral,-0.2248516953689261,144.01284330667022,144.5885986328125,-0.0677179167529871,-0.1571337786159389,25.694215325466573,144.30799865722656
neutral,-0.2317404813056782,144.01353713902728,144.50659790039063,-0.0596853621517914,-0.1720551191538868,32.614934520149944,144.4499969482422
good,-0.2321036960836693,144.01468905053207,144.44559631347656,-0.048038861543826,-0.1840648345398433,34.01320373354767,144.47999572753906
good,-0.214187069877056,144.01591460888702,144.44459838867186,-0.0240977882697701,-0.1900892816072859,42.382914508359775,144.6750030517578
neutral,-0.1634075387995324,144.02317672696978,144.60359802246094,0.0213453942462027,-0.1847529330457352,55.71987970068024,145.10499572753906
neutral,-0.1097942694287041,144.02828390953158,144.79299926757812,0.0599669308936248,-0.169761200322329,59.262626746548,145.2550048828125
good,-0.06773488696561,144.03119669984395,144.9510009765625,0.0816210506853751,-0.1493559376509852,58.75642086074903,145.24000549316406
good,-0.0419881666614401,144.0327837707221,145.08300170898437,0.085894216791636,-0.1278823834530762,55.36104265375284,145.13999938964844
good,-0.0245280847851461,144.0349361465682,145.16800231933593,0.082683438934344,-0.1072115237194901,54.01671159326112,145.10000610351562
good,-0.0297147484702406,144.03843890512331,145.11900329589844,0.0619974201993996,-0.0917121686696403,46.689481962244045,144.86000061035156
good,-0.0438105041348251,144.04254523699322,145.01400146484374,0.0383213316278521,-0.0821318357626772,43.26590117799462,144.72999572753906
good,-0.063129899807393,144.0432812943141,144.88999938964844,0.0152015487642273,-0.0783314485716204,40.556097678314174,144.6199951171875
good,-0.0647829245129685,144.04408409701824,144.81799926757813,0.0108388192469215,-0.07562174375989,45.86705945201909,144.77999877929688
good,-0.0761085549613937,144.04507466486052,144.72699890136718,-0.000389448961203,-0.0757191060001907,42.42323867917966,144.64500427246094
good,-0.0789291982493978,144.04678924423644,144.6970001220703,-0.0025680737993656,-0.0763611244500322,44.58096738229652,144.7100067138672
good,-0.0866215383654775,144.0477526948014,144.677001953125,-0.0082083311323563,-0.0784132072331212,42.47136425758583,144.6300048828125
good,-0.1040257355129483,144.04815969078027,144.64800415039062,-0.0204900226238616,-0.0835357128890866,38.65483872896531,144.47500610351562
good,-0.1045106989657824,144.0490611494122,144.61700439453125,-0.0167799888613566,-0.0877307101044258,43.90780252038618,144.625
good,-0.1033004010595561,144.0507059362393,144.61400451660157,-0.0124557527641042,-0.0908446482954519,44.07986939921711,144.6300048828125
good,-0.1015741993224992,144.05153191172673,144.5970031738281,-0.0085836408216378,-0.0929905585008614,43.93472928359285,144.625
good,-0.1122260789143467,144.0522734372845,144.56300354003906,-0.0153884163307883,-0.0968376625835584,39.33641182931062,144.4600067138672
good,-0.1113161613068314,144.052747599743,144.5800018310547,-0.0115827989786183,-0.099733362328213,43.21524750328707,144.55999755859375
good,-0.1061431378165025,144.05381248879473,144.57500305175782,-0.0051278203906315,-0.1010153174258709,44.73782178041534,144.60000610351562
good,-0.1120486332553696,144.05472891537667,144.54100341796874,-0.0088266526635989,-0.1032219805917706,40.63223246334768,144.4600067138672
good,-0.1269658308097234,144.0550403787605,144.47900390625,-0.0189950801743622,-0.1079707506353612,36.85923647072517,144.31500244140625
good,-0.1320208098548221,144.05543487608597,144.46300354003907,-0.0192400473755686,-0.1127807624792534,39.56826916124156,144.3800048828125
good,-0.1356732853766118,144.05584799476372,144.42400512695312,-0.0183140183178867,-0.1173592670587251,39.15084825685523,144.36500549316406
good,-0.1397810921174596,144.05612900022533,144.37000427246093,-0.0179374600469875,-0.121843632070472,38.13966789278141,144.3300018310547
good,-0.1414065123034049,144.05646983777373,144.34400329589843,-0.0156503041863463,-0.1257562081170586,38.13966789278139,144.3300018310547
good,-0.1418658020279792,144.0570442115977,144.34500427246093,-0.0128876751287365,-0.1289781268992427,37.81623588045522,144.32000732421875
good,-0.1525754824091905,144.0572182700205,144.3030029296875,-0.0188778844079581,-0.1336975980012323,33.2575706771449,144.1699981689453
good,-0.1680024831642868,144.05722342320038,144.24200134277345,-0.0274439081304435,-0.1405585750338432,30.366758665800347,144.05999755859375
good,-0.1753822915287628,144.057367539739,144.19500122070312,-0.0278589731959356,-0.1475233183328271,32.38095333754616,144.09500122070312
good,-0.1763732191500082,144.05752095781128,144.15500183105468,-0.0230799206537448,-0.1532932984962633,34.42370873062265,144.1300048828125
good,-0.1671631580870496,144.05776924803789,144.13699951171876,-0.0110958876726289,-0.1560672704144206,39.99981861261962,144.22999572753906
good,-0.1676145650858416,144.0579617568258,144.125,-0.0092378357371367,-0.1583767293487048,36.03932645009613,144.11000061035156
neutral,-0.1540927689683826,144.05833616699644,144.16499938964844,0.0034271683042577,-0.1575199372726404,43.56177428456677,144.25999450683594
neutral,-0.1313719663275776,144.05868018621112,144.2239990234375,0.0209183767560502,-0.1522903430836278,49.14459908312752,144.38999938964844
good,-0.1120736512519613,144.0596325884353,144.2759979248047,0.0321733534653332,-0.1442470047172945,49.14459908312752,144.38999938964844
good,-0.0972724785400203,144.0599031164042,144.3039978027344,0.0375796209418194,-0.1348520994818397,48.29210910206109,144.3699951171875
good,-0.0925440775212109,144.06022626463124,144.33599853515625,0.033846417568503,-0.1263904950897139,44.16788505042609,144.27000427246094
good,-0.0877848564663281,144.06066574507565,144.33800048828124,0.0308845108987086,-0.1186693673650368,44.16788505042609,144.27000427246094
good,-0.0884322091162914,144.0611992052928,144.30052185058594,0.0241897265989963,-0.1126219357152877,41.40373153333285,144.20260620117188
good,-0.081757852862097,144.06184775540837,144.2785217285156,0.0246912662825526,-0.1064491191446496,45.612825143449285,144.27999877929688
good,-0.0767934754513248,144.06246967287726,144.2575225830078,0.0237245149546598,-0.1005179904059846,44.939070660690994,144.26499938964844
good,-0.0772142465897616,144.062906818617,144.24352111816407,0.0186429950529784,-0.09585724164274,42.04087809159978,144.1999969482422
good,-0.084640453795032,144.0629897126069,144.209521484375,0.0089734302781664,-0.0936138840731984,37.98292679506137,144.10000610351562
good,-0.0978710885057694,144.0627737976483,144.16799926757812,-0.0034057635460567,-0.0944653249597126,34.24452961257886,143.9949951171875
good,-0.1059250978541115,144.06271888511597,144.11399841308594,-0.009167818315519,-0.0967572795385924,35.22520793319394,144.00999450683594
good,-0.119004573158179,144.06228881164793,144.04299926757812,-0.0177978348956692,-0.1012067382625097,31.81842333625451,143.91000366210938
good,-0.1406596727451869,144.06109195051909,143.9529998779297,-0.0315623475861417,-0.1090973251590452,27.272963634938293,143.75
good,-0.1560229596267959,144.0600614278082,143.88299865722655,-0.0375405075742005,-0.1184824520525953,27.272963634938293,143.75
good,-0.1551136409481159,144.0596350299129,143.86199951171875,-0.0293049511164164,-0.1258086898316995,36.48102534769118,143.88999938964844
good,-0.1638015774430528,144.05869673944397,143.81000061035155,-0.0303943100890826,-0.1334072673539701,32.10367094594018,143.75
good,-0.1600786879191957,144.05831075989573,143.79971923828126,-0.0213371364521804,-0.1387415514670152,38.28925922426728,143.8585968017578
good,-0.1847409308533087,144.05640037516378,143.74772033691406,-0.0367995035090348,-0.1479414273442739,28.724072240467606,143.49000549316406
good,-0.1951779460706575,144.05572315475172,143.7127197265625,-0.0377892149811068,-0.1573887310895507,32.88735323824153,143.5749969482422
neutral,-0.2095065722005245,144.05516565915542,143.62872009277345,-0.041694272888779,-0.1678122993117454,30.51597342090784,143.47000122070312
neutral,-0.2123625019615929,144.05472147585414,143.5877197265625,-0.0356401621198779,-0.1767223398417149,34.16745798375618,143.5449981689453
good,-0.1966238284525161,144.05386633071436,143.56400146484376,-0.0159211908886409,-0.1807026375638752,42.61236434853602,143.74000549316406
good,-0.1597161465461738,144.05362494753277,143.6700012207031,0.0167891928141611,-0.1765053393603349,52.11134040584194,144.02000427246094
good,-0.1245928644028708,144.05369322769,143.77000122070314,0.0415299799659712,-0.1661228443688421,53.73120980679813,144.0749969482422
good,-0.0824916868962475,144.05411666370577,143.92400207519532,0.0669049259780756,-0.1493966128743231,58.29022873159613,144.24000549316406
good,-0.0425836951222038,144.05626590367504,144.0780029296875,0.0854503342016954,-0.1280340293238993,60.20928131374927,144.31500244140625
good,-0.0164160955773979,144.05652274275968,144.1790008544922,0.089294346997201,-0.105710442574599,57.54757189760017,144.2449951171875
good,0.0006830654672,144.0567628689319,144.21499938964843,0.0851148064334393,-0.0844317409662392,55.8388563954677,144.1999969482422
good,0.003702517184422,144.0568117695397,144.21400146484376,0.070507406520529,-0.066804889336107,51.1170610399384,144.07000732421875
good,-0.0155128118053369,144.05452446632168,144.1260009765625,0.041033662024616,-0.0565464738299529,42.98604580614295,143.8000030517578
good,-0.041958064950279,144.05361957224974,143.99400024414064,0.0116707271037391,-0.0536287920540182,39.36461835415433,143.65499877929688
good,-0.0538233982379097,144.05311956726638,143.89700012207032,-0.0001556849471131,-0.0536677132907965,43.1024631944788,143.75999450683594
good,-0.0601131624568154,144.05264295716563,143.81499938964845,-0.0051563593328151,-0.0549568031240002,44.161582525016,143.7899932861328
good,-0.0755240326007822,144.05192774349297,143.73099670410156,-0.0164537835814255,-0.0590702490193566,40.3835700989121,143.64999389648438
good,-0.0891304684398051,144.05122504667582,143.6949951171875,-0.0240481755363587,-0.0650822929034463,39.6017704339887,143.6199951171875
good,-0.1099430920640998,144.04998905532605,143.65999450683594,-0.0358886393285227,-0.074054452735577,36.090303766600975,143.47999572753906
good,-0.1186144534854349,144.04938406259808,143.6199951171875,-0.0356480005998863,-0.0829664528855486,39.39723277463515,143.55999755859375
good,-0.1220614911756854,144.04876425514257,143.57899780273436,-0.0312760306321094,-0.090785460543576,40.4348428720389,143.5850067138672
good,-0.1217765823930676,144.04782493148116,143.56999816894532,-0.0247928974795933,-0.0969836849134743,41.29992514894648,143.60499572753906
good,-0.1365190183609854,144.04619704342124,143.5259979248047,-0.0316282667580088,-0.1048907516029765,35.59097708291904,143.39999389648438
good,-0.1457150878203492,144.0451834059705,143.51199951171876,-0.0326594689738981,-0.1130556188464511,36.05576951177548,143.41000366210938
good,-0.1556475120881657,144.04422063038947,143.47099914550782,-0.0340735145933716,-0.121573997494794,34.57900600328395,143.35499572753906
good,-0.1596605328221869,144.04281921728958,143.42999877929688,-0.0304692282619143,-0.1291913045602726,35.86514721192802,143.3800048828125
good,-0.1569975139260293,144.04154071537008,143.3949981689453,-0.0222449674926053,-0.134752546433424,38.46899243001745,143.42999267578125
good,-0.1511269253225862,144.04073445398208,143.40599975585937,-0.0130995031113297,-0.1380274222112564,39.78614842826789,143.4550018310547
good,-0.1356309897789174,144.03918998637536,143.43800048828126,0.0019171459458712,-0.1375481357247886,45.55759565711514,143.57000732421875
good,-0.1155639520095235,144.03797024357704,143.49700012207032,0.017587346972212,-0.1331512989817356,49.20428355875102,143.64999389648438
good,-0.0881140174383858,144.0375332622093,143.577099609375,0.0360298252346797,-0.1241438426730656,54.55325436785099,143.78050231933594
good,-0.0648463959365983,144.03618219402142,143.64909973144532,0.0474379573891738,-0.1122843533257722,54.92499116623446,143.7899932861328
good,-0.027529332933966,144.03614906993496,143.76210021972656,0.0678040163134449,-0.0953333492474109,62.854733155563736,144.02000427246094
good,0.0052117544426266,144.0362015501289,143.86009826660157,0.0804360829520301,-0.0752243285094034,64.03933959352958,144.05999755859375
good,0.0200354177457029,144.03581110690786,143.91510009765625,0.0762077970040851,-0.0561723792583821,57.386678709340686,143.9250030517578
good,0.0290280101019675,144.03500476000568,143.93800048828126,0.0681603114882797,-0.0391323013863122,55.99459040970464,143.89500427246094
good,0.0249726751164018,144.03406045847632,143.93200073242187,0.0512839812021713,-0.0263113060857694,50.103811278689925,143.75999450683594
good,0.0055566569618008,144.03188943934754,143.83999938964843,0.0254943704380562,-0.0199377134762553,42.90334401928614,143.55999755859375
good,-0.0029374844401672,144.03076339134014,143.7570007324219,0.0136001832288704,-0.0165376676690377,46.42743338577298,143.64500427246094
good,0.0083890246896203,144.03020700710698,143.74599914550782,0.0199413538869264,-0.0115523291973061,54.442269126994574,143.8699951171875
good,0.0375097387371567,144.03051807332497,143.79199829101563,0.0392496543475703,-0.0017399156104135,61.47690575906464,144.125
good,0.0642845317001103,144.03114570310123,143.8759979248047,0.0528195578484191,0.0114649738516912,62.81055114105408,144.17999267578125
good,0.0813389987265793,144.03148518773386,143.99199829101562,0.0558992198999104,0.0254397788266688,61.15249100915073,144.13999938964844
good,0.0945711030820746,144.03192030827083,144.0929962158203,0.0553050594043246,0.03926604367775,61.42653186989337,144.14999389648438
good,0.1014673380254578,144.03212593065433,144.14299621582032,0.0497610354781662,0.0517063025472915,60.057090841597066,144.1199951171875
good,0.1057140481603085,144.0325219145056,144.14199523925782,0.0432061964904135,0.0625078516698949,60.057090841597066,144.1199951171875
good,0.0990615467488851,144.03242667474248,144.10799560546874,0.0292429560631921,0.069818590685693,54.85624157450379,144.00999450683594
good,0.1138601189284713,144.03372872130817,144.13499450683594,0.0352332225942226,0.0786268963342486,63.138012061148906,144.27499389648438
good,0.1261519229778116,144.03522759331884,144.1649963378906,0.0380200213148503,0.0881319016629612,63.8127267573602,144.3000030517578
good,0.1463099501094973,144.03741088847104,144.23099670410156,0.0465424387572288,0.0997675113522685,67.63857943228544,144.4499969482422
good,0.1716039688300839,144.04226905330916,144.3249969482422,0.0574691659822523,0.1141348028478315,70.74726047735557,144.58999633789062
neutral,0.1806906417161258,144.04674685370648,144.41899719238282,0.0532446710946353,0.1274459706214904,65.42896713559207,144.47999572753906
neutral,0.192132589711349,144.05139336816805,144.4759979248047,0.0517492952718868,0.1403832944394621,67.35125601932711,144.55999755859375
neutral,0.2340074435552992,144.06928913052715,144.61599731445312,0.0748993192926696,0.1591081242626296,75.43990773819296,145.0
neutral,0.2737208860456519,144.09218146556475,144.7499969482422,0.0916902094264178,0.182030676619234,77.10573345985335,145.1199951171875
neutral,0.2953341677297771,144.11913545741012,144.83999633789062,0.0906427928884344,0.2046913748413427,73.52512858442897,145.0399932861328
neutral,0.0,144.30999755859375,144.80599670410157,0.0,0.0,50.0,144.30999755859375
good,0.0,144.30303690440329,144.72763671875,0.0,0.0,50.0,144.16819763183594
good,0.0,144.25683568080663,144.39663696289062,0.0,0.0,50.0,143.34500122070312
good,0.0,144.19181379407922,143.9749786376953,0.0,0.0,50.0,143.01170349121094
good,0.0,144.1290884970001,143.5627410888672,0.0,0.0,50.0,142.9788055419922
good,0.0,144.081437081936,143.34274291992188,0.0,0.0,50.0,143.2100067138672
good,0.0,144.07007724416758,143.28610229492188,0.0,0.0,50.0,143.88499450683594
good,0.0,144.05810760189718,143.3291015625,0.0,0.0,50.0,143.55999755859375
good,0.0,144.03949472607192,143.46376037597656,0.0,0.0,50.0,143.68499755859375
neutral,0.0,143.98275422132028,143.51199951171876,0.0,0.0,50.0,143.22000122070312
neutral,0.0,143.94729031801288,143.5259979248047,0.0,0.0,50.0,143.27999877929688
good,0.0,143.93774176260072,143.48499755859376,0.0,0.0,50.0,143.67999267578125
good,0.0,143.93510957796582,143.5449981689453,0.0,0.0,50.0,143.86000061035156
good,0.0,143.94066598188834,143.6439971923828,0.0,0.0,50.0,144.17999267578125
good,0.0,143.94204609854162,143.8039978027344,0.0,0.0,46.60616515412886,144.02000427246094
good,0.0,143.992077366351,143.9719970703125,0.0,0.0,47.9188434288201,144.1199951171875
neutral,0.0,143.99692782680938,144.0756378173828,0.0,0.0,48.975381938951685,144.1981964111328
neutral,0.0,143.9958028218042,144.08863830566406,0.0,0.0,45.50256810739631,143.9250030517578
neutral,0.0,143.99657335898996,144.0586395263672,0.0,0.0,47.05639749915824,144.02999877929688
neutral,0.0,143.96981975680436,143.98663940429688,0.0,0.0,42.46192150307931,143.66000366210938
neutral,0.0,143.96028676105777,143.8786407470703,0.0,0.0,41.51798624234784,143.5800018310547
good,0.0,143.92102580011306,143.5790008544922,0.0,0.0,32.86373775431855,142.6999969482422
good,0.0,143.89360654181073,143.29100036621094,0.0,0.0,31.15508920097216,142.48500061035156
good,0.0,143.87532155424788,143.02402038574218,0.0,0.0,34.72656993856663,142.69509887695312
good,0.0,143.8360332478892,142.82801818847656,0.0,0.0,34.58763393497536,142.67999267578125
neutral,-0.3515304400274317,143.8118910669478,142.6460174560547,-0.3515304400274317,0.0,34.489317007761656,142.6699981689453
neutral,-0.3576981641546695,143.79665545340964,142.65601806640626,-0.3576981641546695,0.0,36.05617379601277,142.75
good,-0.3672290717564124,143.78222761834053,142.68701782226563,-0.3672290717564124,0.0,34.82289325550313,142.63999938964844
good,-0.3764940229080764,143.75053040027242,142.66099853515624,-0.3764940229080764,0.0,33.96977719306197,142.56500244140625
good,-0.3998046274489013,143.7226892650855,142.58699951171874,-0.3998046274489013,0.0,31.173274278960704,142.30999755859375
good,-0.4526078041557184,143.69024354457144,142.41697998046874,-0.4526078041557184,0.0,26.63497490151343,141.8199005126953
good,-0.4872168049314211,143.64668191745923,142.23497924804687,-0.4872168049314211,0.0,27.1035996785849,141.83999633789062
good,-0.4972124982781167,143.54941094205645,142.1039794921875,-0.4972124982781167,0.0,30.550773834070853,141.98500061035156
good,-0.4814284378188347,143.5307254077225,142.0329803466797,-0.0624037854322144,-0.4190246523866203,35.636955896394284,142.2100067138672
good,-0.4524076022412657,143.5205025681412,142.04098205566407,-0.0267063598837163,-0.4257012423575494,38.64768692582596,142.35000610351562
good,-0.4241168054735738,143.5074178737151,142.14800109863282,0.0012675495071805,-0.4253843549807543,38.75764158893039,142.35499572753906
good,-0.3967191614514718,143.4838585449836,142.252001953125,0.022932154823426,-0.4196513162748978,38.875974468828055,142.36000061035156
good,-0.3803050148114835,143.46765513367757,142.3030029296875,0.0314770411707314,-0.4117820559822149,37.02863959637433,142.24000549316406
good,-0.3738809779233349,143.44847107221568,142.28200073242186,0.0303208624471039,-0.4042018403704389,35.012705616984846,142.10499572753906
good,-0.3857267011547378,143.4346657364605,142.17999877929688,0.0147801113725608,-0.4005068125272987,31.399253939547904,141.83999633789062
good,-0.3957971725034213,143.41192562312213,142.06399841308593,0.0037677120191019,-0.3995648845225232,30.56594902774812,141.77499389648438
good,-0.4003731663525229,143.3907363919611,141.94399719238282,-0.0006466254639997,-0.3997265408885232,30.3656880460604,141.75999450683594
good,-0.3818457346243349,143.3795713851014,141.89199523925782,0.0143046450113506,-0.3961503796356855,36.896239881466855,141.97999572753906
good,-0.3621799223700748,143.36945735555872,141.8689971923828,0.0271763658124886,-0.3893562881825634,37.18489163960086,141.99000549316406
good,-0.35181905555865,143.3581378309652,141.8759979248047,0.0300297860991307,-0.3818488416577807,35.19304814321153,141.875
good,-0.3727971108758652,143.33149630703,141.81300048828126,0.0072413846255324,-0.3800384955013977,29.129476181547176,141.4600067138672
good,-0.3893726064220288,143.28632224651244,141.74200134277345,-0.0074672887365049,-0.3819053176855239,28.430244341740647,141.40499877929688
good,-0.3680072812068999,143.26837943182795,141.702001953125,0.0111184291828991,-0.3791257103897991,39.15324967674104,141.77999877929688
good,-0.349467316139453,143.25649528918936,141.65400085449218,0.0237267154002769,-0.3731940315397299,38.6543169526462,141.75
good,-0.3453175590562125,143.2354051456158,141.59300231933594,0.0223011779868139,-0.3676187370430265,35.71365934301865,141.57000732421875
good,-0.3289580718863476,143.22320285469524,141.63800048828125,0.0309285321253431,-0.3598866040116907,38.91107956513885,141.68499755859375
good,-0.3155823475343879,143.21114668407338,141.68600158691407,0.0354434051818422,-0.3510257527162302,38.19945811762842,141.64500427246094
good,-0.3202528988247479,143.20433763038398,141.61200256347655,0.0246182831131858,-0.3448711819379337,34.23721792554883,141.41000366210938
good,-0.2979264720134722,143.19505157284027,141.60000305175782,0.0375557679395692,-0.3354822399530414,41.9617116358144,141.69000244140625
good,-0.2818252138353045,143.17435497263023,141.61200256347655,0.0429256208941895,-0.324750834729494,40.854348009143926,141.6300048828125
good,-0.2719824643838535,143.15997390113228,141.58600158691405,0.0422146962765124,-0.314197160660366,39.45251961579613,141.55499267578125
good,-0.2687486210132022,143.1378353900641,141.54900207519532,0.036358831717731,-0.3051074527309332,37.68898815762165,141.4600067138672
good,-0.2535800606364944,143.12621881917855,141.58300170898437,0.0412219136755511,-0.2948019743120455,41.261084959682165,141.5800018310547
good,-0.2483783197108664,143.11539491412864,141.53700256347656,0.0371389236809432,-0.2855172433918097,38.86188231466657,141.4600067138672
good,-0.2279112520075727,143.10510705042904,141.53700256347656,0.0460847931073895,-0.2739960451149623,43.84372419353326,141.6300048828125
good,-0.2052908906698007,143.0933336333121,141.56200256347657,0.0549641235561292,-0.26025501422593,45.25631477930017,141.67999267578125
good,-0.1892165182269423,143.08792437174344,141.59600219726562,0.0568307967991902,-0.2460473150261325,44.06267428266616,141.6300048828125
good,-0.1987974403730277,143.06886597178814,141.5450012207031,0.0377998997224838,-0.2365973400955116,37.55412926206125,141.3249969482422
good,-0.201246048035756,143.06266830448536,141.525,0.0282810336478044,-0.2295270816835605,38.67368813769252,141.36000061035156
good,-0.2000737879893392,143.05240790292237,141.472998046875,0.023562634955377,-0.2236364229447162,39.00991701128159,141.3699951171875
good,-0.1896948951923036,143.03501926693397,141.4290008544922,0.0271532222019301,-0.2168481173942337,42.089333974299166,141.4600067138672
good,-0.183398886850199,143.0267886294256,141.38497924804688,0.0267593844352278,-0.2101582712854268,40.85270469804511,141.40989685058594
good,-0.1705845428173233,143.0153195131106,141.4164794921875,0.0316589827744827,-0.2022435255918061,43.4453423324603,141.4824981689453
good,-0.1675754336119439,143.00761476849055,141.4184783935547,0.0277344735838897,-0.1953099071958337,40.483960530089206,141.3699951171875
good,-0.1617123954500243,142.9997797611152,141.42247924804687,0.0268780093966475,-0.1885904048466718,41.25078574207319,141.38999938964844
good,-0.1652474807026465,142.98261736308854,141.38347778320312,0.0186743393152203,-0.1839218200178668,37.95957538298594,141.26499938964844
good,-0.160948592276128,142.9757362985245,141.36749877929688,0.018378582193391,-0.179327174469519,40.61307244985528,141.3300018310547
good,-0.1318144779295949,142.96862605155948,141.39700012207032,0.0380101572319393,-0.1698246351615342,51.024364276346766,141.6300048828125
good,-0.1114752930071176,142.96474945617828,141.43900146484376,0.0466794737235332,-0.1581547667306509,49.46771374841486,141.5800018310547
good,-0.0902808130215646,142.9581217637883,141.48700256347655,0.054299162967269,-0.1445799759888336,51.07512831452311,141.6300048828125
good,-0.0730142120876848,142.95085523023965,141.55908203125,0.057252611120919,-0.1302668232086039,50.91439174451063,141.62539672851562
good,-0.0662642704151892,142.94525541277383,141.59908142089844,0.0512020422347317,-0.1174663126499209,47.57634068542493,141.52999877929688
good,-0.0386819038325541,142.93776172701018,141.6330810546875,0.0630275270538935,-0.1017094308864476,56.30756164174023,141.8000030517578
good,-0.0242094131036196,142.92859429936627,141.6580810546875,0.0620000142262623,-0.086209427329882,52.96499688308143,141.7050018310547
good,-0.0173808063735521,142.9203974423911,141.66108093261718,0.0550628967650639,-0.072443703138616,50.9095719028598,141.64500427246094
good,-0.0086423388864034,142.91206451037945,141.67300109863282,0.0510410914017701,-0.0596834302881735,52.240070888989294,141.68499755859375
good,-0.00209672294406,142.90550850883974,141.7029998779297,0.0460693658752907,-0.0481660888193508,52.0499501243237,141.67999267578125
good,0.0126289801991106,142.89910339705207,141.7029998779297,0.0486360552147691,-0.0360070750156585,56.1691707088781,141.8000030517578
good,0.0152473145402609,142.88836098154746,141.7,0.0410035116447356,-0.0257561971044746,51.77844813056639,141.69000244140625
good,0.0135353599966094,142.88355623683077,141.7,0.0314332456808673,-0.0178978856842578,50.05472505211733,141.64500427246094
good,0.0196182809088725,142.8712316886842,141.71100158691405,0.0300129332745042,-0.0103946523656317,53.56907367888054,141.74000549316406
good,0.0289466620138796,142.86308387119297,141.73500366210936,0.0314730515036091,-0.0025263894897294,55.68960704851588,141.8000030517578
good,0.0375211286370245,142.8572794055001,141.73900451660157,0.0320380145014031,0.0054831141356213,56.40451988290359,141.82000732421875
good,0.0617594119964337,142.8521728590804,141.81000366210938,0.0450210382886499,0.0167383737077838,63.53131624613516,142.0449981689453
good,0.0804449589896307,142.84826719676613,141.89100341796876,0.0509652682254775,0.0294796907641532,63.67357835899025,142.0500030517578
good,0.1165039658485795,142.84383861260008,142.00900268554688,0.0696194200675411,0.0468845457810384,70.58651476207787,142.3300018310547
good,0.1498095564250263,142.83995879451325,142.1310028076172,0.0823400085151903,0.067469547909836,72.21356599865219,142.41000366210938
good,0.1682137861459693,142.82929171233965,142.23400268554687,0.0805953905889066,0.0876183955570627,68.39410766073777,142.3350067138672
good,0.1823106534151577,142.82651758214703,142.29600219726564,0.075753806286476,0.1065568471286817,68.86675780272117,142.35499572753906
good,0.1653519107786678,142.81702896497276,142.29200134277343,0.0470360509199888,0.1183158598586789,54.57624041403176,142.02999877929688
good,0.1517765767637513,142.8086224743528,142.23600158691406,0.0267685735240578,0.1250080032396934,55.19257489426604,142.0500030517578
good,0.1461909288464369,142.80473357416187,142.18099975585938,0.0169463404853947,0.1292445883610421,57.81173609639432,142.13499450683594
good,0.1377556504619121,142.8015520282155,142.13499755859374,0.006808849680696,0.1309468007812161,56.5551354185958,142.10499572753906
good,0.1275831340540776,142.79945124526938,142.0799987792969,-0.0026909333817108,0.1302740674357884,55.47325320471439,142.0800018310547
good,0.1245411873907187,142.79653161760274,142.1059997558594,-0.0045863040360557,0.1291274914267745,58.2277748429376,142.16000366210938
good,0.1279178180999736,142.79370941797745,142.1459991455078,-0.0009677386614407,0.1288855567614143,61.140078996862,142.25
good,0.1338917036078726,142.79181512847413,142.18099975585938,0.0040049174771666,0.129886786130706,62.99246992123256,142.30999755859375
good,0.1657642642634016,142.79100853671355,142.29400024414062,0.0287019825061564,0.1370622817572451,71.70730834482528,142.6699981689453
good,0.1760827673521703,142.7894787472977,142.37999877929687,0.0312163884759401,0.1448663788762301,64.4435698894676,142.50999450683594
good,0.1765770107936646,142.78801368112445,142.43599853515624,0.0253685055339475,0.151208505259717,61.50839010503542,142.44000244140625
good,0.1785415624566155,142.78618592373027,142.48299865722657,0.0218664457575187,0.1566751166990967,62.68509661070029,142.48500061035156
good,0.1728606994882966,142.78232684579618,142.50499877929687,0.0129484662313598,0.1599122332569367,59.83927350577317,142.4199981689453
good,0.1696315232591416,142.78046956063056,142.46300048828124,0.0077754320017639,0.1618560912573777,61.012486622716544,142.4600067138672
good,0.177931026783142,142.77978740412786,142.48500061035156,0.0128599484206113,0.1650710783625306,65.36919389894953,142.6199951171875
good,0.1931757925935642,142.77960335577905,142.54800109863282,0.0224837713848268,0.1706920212087373,68.56184364509731,142.7550048828125
good,0.200923231567458,142.77913137398468,142.5970001220703,0.0241849682869765,0.1767382632804814,67.32368840552131,142.72999572753906
good,0.2007145915171122,142.77862349990096,142.6489990234375,0.0191810625893046,0.1815335289278076,64.8038337985025,142.67999267578125
good,0.2094330410223506,142.7789280930126,142.72099914550782,0.0223196096756343,0.1871134313467162,68.37344648384847,142.82000732421875
good,0.2170673813687074,142.77927471498526,142.7690002441406,0.0239631600175929,0.1931042213511144,69.33027458928389,142.86000061035156
good,0.2205749998011015,142.77965103015651,142.78999938964844,0.0219766227599896,0.1985983770411118,69.33027458928389,142.86000061035156
good,0.226392871316051,142.7806005151307,142.8299987792969,0.0222355954199512,0.2041572758960997,71.10463302826338,142.92999267578125
good,0.2152091994346392,142.78054802472428,142.8470001220703,0.0088415388308316,0.2063676606038076,61.99885089401704,142.76499938964844
neutral,0.2135667969164387,142.78094876593815,142.85999755859376,0.0057593090501049,0.2078074878663338,65.46292297366853,142.88499450683594
neutral,0.2054593245459841,142.7811327644796,142.85399780273437,-0.0018785306562797,0.2073378552022639,62.64454391430947,142.8300018310547
good,0.2103270069687823,142.78234927656828,142.88199768066406,0.0023913214132147,0.2079356855555676,67.32740915122656,143.0
bad,0.2308895666468231,142.78482374802232,142.94400024414062,0.0183631048730043,0.2125264617738187,72.55784066425943,143.24000549316406
neutral,0.2539408741286593,142.78832638527095,143.06300048828126,0.0331315298838724,0.2208093442447868,74.73550825231644,143.36000061035156
good,0.3237507821104657,142.81370347110894,143.2950012207031,0.082353150292543,0.2413976318179226,83.01942634725273,144.0449981689453
good,0.383530664322393,142.8273482837655,143.56000061035155,0.1137064260035762,0.2698242383188167,83.93062877613802,144.15499877929688
good,0.4148279920740663,142.82967535342382,143.76300048828125,0.1160030030041996,0.2988249890698666,78.18051092390473,144.01499938964844
good,0.4302344258106529,142.8414972317734,143.90700073242186,0.105127549392629,0.3251068764180239,75.97854479982053,143.9600067138672
good,0.4481708297015814,142.85767620175733,144.0540008544922,0.0984511626268459,0.3497196670747354,77.64317648136506,144.09500122070312
good,0.4551223928059755,142.862921068636,144.0590026855469,0.084322180584992,0.3708002122209834,76.58498315669571,144.07000732421875
good,0.4142984045616344,142.873697020486,143.93900146484376,0.0347985538725207,0.3794998506891137,58.80138687299189,143.55499267578125
good,0.3819805463921852,142.88065316989986,143.85800170898438,0.0019845565624572,0.379995989829728,59.87315640932202,143.61000061035156
good,0.3774356323671384,142.88881149797066,143.8510009765625,-0.0020482859700717,0.3794839183372102,65.42078311725815,143.9250030517578
good,0.3755562040606719,142.89199739861652,143.83200073242188,-0.0031421714212306,0.3786983754819025,66.60457027060463,144.0
good,0.3622254297580696,142.8982050466856,143.7989990234375,-0.0131783565790664,0.375403786337136,63.63283565131616,143.90499877929688
good,0.3448608508654445,142.9105756824074,143.86199951171875,-0.0244343483773532,0.3692951992427977,62.52586856784646,143.8699951171875
good,0.3177538255657737,142.91593921946202,143.88999938964844,-0.0412330989416193,0.358986924507393,58.75261978014824,143.75
good,0.2912992190456123,142.92239334245443,143.8509979248047,-0.0541501643694246,0.3454493834150369,58.12290069159157,143.72999572753906
good,0.2636634287330821,142.92399596189765,143.78799743652343,-0.0654287637455638,0.3290921924786459,56.65197266557695,143.68499755859375
good,0.2509732871284882,142.9262154972045,143.7739990234375,-0.0624951242801262,0.3134684114086145,60.26236017972994,143.8350067138672
good,0.2501360991278432,142.94628376377992,143.7970001220703,-0.050665849824617,0.3008019489524602,63.53294680003325,143.98500061035156
good,0.2226977613902079,142.9495221145166,143.78399963378905,-0.0624833500498018,0.2851811114400097,53.96586479790749,143.68499755859375
good,0.2066403168746546,142.95232159157203,143.7950012207031,-0.062832635652284,0.2694729525269387,56.32678432730732,143.78500366210938
good,0.1881152250234947,142.95622791470532,143.80600280761718,-0.0650861820027551,0.2532014070262499,54.96091801791989,143.74000549316406
good,0.1890074558511969,142.95979046368552,143.83100280761718,-0.0513551609400424,0.2403626167912393,60.06025231029459,143.9600067138672
good,0.181943591618193,142.96085342261406,143.81194152832032,-0.046735220138437,0.2286788117566301,57.8075657494895,143.8896942138672
good,0.1939039083491991,142.97643309924428,143.90194091796874,-0.0278199227259448,0.2217238310751439,63.01884448936688,144.13499450683594
good,0.2126320881114054,142.98139434676625,144.00093994140624,-0.0072733943709908,0.2199054824823962,65.71463369445542,144.27999877929688
neutral,0.2240847231277882,142.98622794004072,144.10693969726563,0.0033433925163135,0.2207413306114747,65.36097103960716,144.27000427246094
neutral,0.2289081308431377,142.99081022299862,144.1649383544922,0.0065334401853304,0.2223746906578073,64.61145196946026,144.25
good,0.2444369044050063,142.9950020227385,144.272998046875,0.0176497709977591,0.2267871334072471,68.1504787979997,144.42999267578125
good,0.2649869763940558,143.02405667815415,144.36000061035156,0.0305598743894469,0.2344271020046088,70.61247535620534,144.57000732421875
good,0.2868414257819722,143.032774986599,144.43999938964845,0.0419314590218906,0.2449099667600815,72.41625631698189,144.67999267578125
good,0.2871339019873176,143.04277597123703,144.48799743652344,0.0337791481817888,0.2533547538055287,65.70346501301424,144.50999450683594
good,0.3008435411235268,143.04596263801807,144.58199768066407,0.0379910298543984,0.2628525112691284,69.46865296787922,144.72000122070312
good,0.3304923799220489,143.0585323895079,144.6959991455078,0.0541118949223364,0.2763804849997125,73.62603126630935,145.0
good,0.3316079946764887,143.0699078961268,144.73599853515626,0.0441820077414209,0.2874259869350677,65.71088069583291,144.77000427246094
good,0.3215226310632033,143.0762572603605,144.73599853515626,0.0272773153025084,0.2942453157606949,62.8625954612838,144.67999267578125
good,0.3091596347403538,143.07936454271368,144.76799926757812,0.0119314551837271,0.2972281795566266,62.53844929756742,144.6699981689453
good,0.3111072297022588,143.08387573919322,144.7959991455078,0.0111032401165056,0.3000039895857531,66.1155525888115,144.86000061035156
good,0.3146711542827347,143.09097967725188,144.78199768066406,0.0117337317575852,0.3029374225251494,67.35227701460082,144.92999267578125
good,0.3051036465868719,143.10027085799547,144.79199829101563,0.0017329792493779,0.3033706673374939,63.434253098170814,144.82000732421875
good,0.2957253365586609,143.114934540964,144.8239990234375,-0.0061162646230664,0.3018416011817273,63.84588941447927,144.83999633789062
good,0.2810187210224626,143.12464853467682,144.847998046875,-0.0166583041274118,0.2976770251498744,61.96662913150489,144.7899932861328
good,0.2718785811978819,143.1281054820072,144.847998046875,-0.020638755161594,0.2925173363594759,63.58281753867784,144.86000061035156
good,0.2476588141728939,143.13296597633789,144.7989990234375,-0.0358868177492656,0.2835456319221596,57.05581327973535,144.68499755859375
good,0.2134963155721152,143.1384028459574,144.74099731445312,-0.0560394530800354,0.2695357686521507,51.96750588248619,144.52999877929688
good,0.191477013815529,143.14090154930997,144.6969970703125,-0.0624470038692973,0.2539240176848264,54.50452028000562,144.6199951171875
good,0.1856129779602611,143.14466902068105,144.6970184326172,-0.0546488317796522,0.2402618097399133,58.92107613087793,144.79010009765625
good,0.1840802596260005,143.14859324476257,144.69601745605468,-0.0449452400911303,0.2290254997171308,60.49662816519752,144.85499572753906
good,0.1779905334909983,143.15467977611806,144.7230194091797,-0.0408279729809059,0.2188185064719043,59.17875720390614,144.82000732421875
good,0.1863466710755688,143.17951270346856,144.8190185546875,-0.0259774683170684,0.2123241393926372,63.79129156673974,145.00999450683594
good,0.1804003510721656,143.18455637470652,144.8710205078125,-0.0255390306563772,0.2059393817285429,58.88840076310254,144.8800048828125
good,0.1549392214565443,143.18706609535067,144.84200134277344,-0.0408001282175988,0.1957393496741432,51.22352264874405,144.64500427246094
good,0.1551621888965826,143.19357605975242,144.8550018310547,-0.0324617286220484,0.1876239175186311,58.09676684625013,144.9199981689453
good,0.1515748333092972,143.195411620589,144.87000122070313,-0.0288392673674671,0.1804141006767643,57.306361673717184,144.89500427246094
good,0.1418588019629965,143.19909882289366,144.83402099609376,-0.0308442389710143,0.1727030409340108,55.205728468840334,144.83009338378906
good,0.1413975762797861,143.2090137303244,144.8460205078125,-0.0250443717233797,0.1664419480031659,58.012263487475785,144.94000244140625
good,0.136233283898548,143.21724250387496,144.8970184326172,-0.0241669312836942,0.1604002151822423,56.62156240639291,144.89999389648438
good,0.1362192996754174,143.22426892493394,144.90701904296876,-0.0193447324054598,0.1555640320808773,58.49644750925565,144.97000122070312
good,0.125481759308883,143.2281945266586,144.89901733398438,-0.0240658182175954,0.1495475775264785,54.34126338133956,144.85499572753906
good,0.1172349473170868,143.233799888731,144.90799865722656,-0.0258501041675133,0.1430850514846001,54.94082371036622,144.875
good,0.1122300739611148,143.2445052143429,144.9019989013672,-0.0246839820187882,0.1369140559799031,56.02888138906183,144.91000366210938
good,0.1070299016855074,143.24563594688212,144.90400085449218,-0.0239073234355165,0.130937225121024,56.02888138906183,144.91000366210938
good,0.1005394461507478,143.25043310009045,144.88900146484374,-0.0243182231762209,0.1248576693269687,55.364481761973785,144.89500427246094
good,0.0994939626827147,143.25720035029082,144.91000366210938,-0.0202909653154032,0.1197849279981179,57.70517972191118,144.9600067138672
good,0.0927536701153144,143.2663636478921,144.91500244140624,-0.0216250063062428,0.1143786764215572,54.845578665631386,144.89999389648438
good,0.0776408147696372,143.27073271405555,144.89100036621093,-0.029390289321536,0.1070311040911732,49.95863864465025,144.7899932861328
good,0.0685062777252198,143.27680585103548,144.8760009765625,-0.0308198610927627,0.0993261388179825,51.84936667784486,144.8350067138672
good,0.0697419009856048,143.2785770008211,144.88699951171876,-0.0236673902659022,0.093409291251507,56.38312202538425,144.9499969482422
good,0.0539610298798152,143.29605439284634,144.84499816894532,-0.0315586090973534,0.0855196389771686,47.93010819651969,144.75
good,0.0306113991323684,143.3054874787332,144.78899841308595,-0.0439265918758402,0.0745379910082086,43.3776168709736,144.6199951171875
good,-0.0015924264589273,143.30916961501842,144.72099914550782,-0.0609043339737087,0.0593119075147814,38.26013327787369,144.4499969482422
good,-0.0280017291425167,143.31137590305264,144.64099731445313,-0.0698509093258385,0.0418491801833218,37.835992597023385,144.43499755859375
good,-0.043587540198871,143.31981816289093,144.54999694824218,-0.0683493763057542,0.0247618361068832,40.66926202607296,144.4949951171875
neutral,-0.0556999543081246,143.32108448790393,144.497998046875,-0.0643694323320063,0.0086694780238816,40.50392697632618,144.49000549316406
neutral,-0.077318805025726,143.3230610269696,144.43999938964845,-0.0687906264396862,-0.0085281785860398,35.5175166292772,144.3300018310547
neutral,-0.1053420673473795,143.32669944784917,144.38599853515626,-0.0774511110090716,-0.0278909563383078,31.590844454420026,144.17999267578125
good,-0.1552131654430013,143.3310394076194,144.26199951171876,-0.1018577672837548,-0.0533553981592465,24.49495474758301,143.81500244140625
good,-0.1953094670201665,143.33360175167414,144.11900024414064,-0.1135632550887359,-0.0817462119314305,23.93958882240684,143.77999877929688
good,-0.257205044241573,143.33515215841615,143.8949981689453,-0.1403670658481139,-0.116837978393459,18.61558638624639,143.3699951171875
good,-0.3091495309322738,143.3350178200438,143.68699645996094,-0.1538492420310518,-0.1553002889012219,17.784474542178046,143.2899932861328
good,-0.3519071193888123,143.33386108951692,143.4949981689453,-0.1572854643900723,-0.19462165499874,17.066576564843402,143.22000122070312
good,-0.3554621139032292,143.33497488009368,143.4410186767578,-0.1286723671235913,-0.2267897467796379,30.99922093144517,143.54510498046875
neutral,-0.3458293087391837,143.33556190074142,143.4150177001953,-0.0952316495676366,-0.2505976591715471,34.804726474774384,143.64999389648438
neutral,-0.3194301540283106,143.33652226228816,143.5084014892578,-0.0550659958854108,-0.2643641581428998,41.04482623327369,143.8369140625
good,-0.3243762264178258,143.33712147221283,143.54440307617188,-0.0480096546199407,-0.276366571797885,34.137650756119314,143.47000122070312
good,-0.3377178339940485,143.33704045825695,143.5614013671875,-0.0490810097569307,-0.2886368242371178,31.565026105326467,143.30499267578125
good,-0.3618707618603594,143.33651960106502,143.4693817138672,-0.0585871500985932,-0.3032836117617661,28.48322137445153,143.0850067138672
good,-0.3898331874262055,143.3355404521857,143.32338256835936,-0.0692396605315515,-0.320593526894654,26.40105069813848,142.9199981689453
good,-0.410488874869543,143.3339851438935,143.1320007324219,-0.0719162783799111,-0.3385725964896319,25.906734062075856,142.8800048828125
good,-0.4223934197874825,143.3331971212806,143.01300048828125,-0.0670566586382805,-0.355336761149202,25.84152714057639,142.875
good,-0.4330013894874582,143.33247216838876,142.9117218017578,-0.0621317026706049,-0.3708696868168533,24.81474279391768,142.79859924316406
good,-0.4115368533857122,143.33160018277667,142.91672058105468,-0.0325337332550871,-0.3790031201306251,35.980340175200766,143.11000061035156
good,-0.3956146603276238,143.33100137715562,142.9407196044922,-0.0132892321575989,-0.3823254281700249,34.73157327905727,143.0399932861328
good,-0.3554969936891723,143.33099836198014,143.0307189941406,0.0214627475846821,-0.3769597412738544,43.482447782252514,143.3300018310547
good,-0.3128268099742683,143.33109699597847,143.13973999023438,0.0513063450396689,-0.3641331550139373,45.90898684945296,143.42010498046875
good,-0.2878046221187844,143.33101629455987,143.23402099609376,0.0610628263161222,-0.3488674484349067,42.625741461354586,143.27000427246094
good,-0.2569440414889357,143.33110538116756,143.28601989746093,0.0735387255567768,-0.3304827670457125,45.42572690808613,143.3699951171875
good,-0.2354207993033696,143.33104597426558,143.33802185058593,0.0760495741938742,-0.3114703734972439,43.81388047445835,143.3000030517578
good,-0.2039096770816968,143.33138850183147,143.36202087402344,0.0860485571324377,-0.2899582342141345,48.06670185297547,143.4499969482422
good,-0.1661277091136526,143.33237048334928,143.39500122070314,0.0990644200803855,-0.2651921291940381,51.616637120543054,143.5850067138672
good,-0.1450040187748413,143.33264546212158,143.43200073242187,0.0961504883353574,-0.2411545071101987,48.1999862118895,143.4550018310547
good,-0.1144370764996836,143.3330112518875,143.4800018310547,0.1013739444884121,-0.2158110209880957,52.25758052033805,143.61000061035156
good,-0.0851956437905698,143.33373314127775,143.552001953125,0.1044923017580207,-0.1896879455485906,53.52241931338661,143.66000366210938
good,-0.051742538800795,143.33499769826324,143.61800231933594,0.1103563253982364,-0.1620988641990314,56.50069449716393,143.77999877929688
good,-0.0185527495712278,143.33605825803022,143.6730224609375,0.1148368917022428,-0.1333896412734707,58.416463797696565,143.860107421875
good,0.0128389332581946,143.338813623285,143.76702270507812,0.1169828596253323,-0.1041439263671376,59.95507583093976,143.9250030517578
good,0.0392810590320493,143.341351086475,143.83502197265625,0.1147399883193496,-0.0754589292873002,60.56033876714447,143.9499969482422
good,0.0675278717104674,143.34571289982176,143.91302185058595,0.1143894407982142,-0.0468615690877467,62.97193629484639,144.0500030517578
good,0.0896862996054324,143.34994999791098,143.96902160644532,0.1092382949545433,-0.0195519953491109,63.214024415305694,144.05999755859375
good,0.1052275425720665,143.35215732872953,144.0070007324219,0.0998236303369419,0.0054039122351245,62.77205369682626,144.0500030517578
good,0.1265740984643457,143.35573526574828,144.05799865722656,0.0969361489833769,0.0296379494809688,66.09257916501329,144.17999267578125
good,0.1522354486578478,143.36317960632027,144.13002014160156,0.0980779993415032,0.0541574493163446,69.06668568688919,144.3101043701172
good,0.1570359901263884,143.37152331689325,144.14801940917968,0.082302832648035,0.0747331574783534,61.474883901888106,144.13999938964844
good,0.1602040466890457,143.37363209576353,144.16701965332032,0.0683767113685538,0.0918273353204918,61.87285521620544,144.15499877929688
good,0.152484727591883,143.3778857728891,144.16701965332032,0.0485259138171129,0.1039588137747701,57.40269757764183,144.0500030517578
good,0.1407102628872962,143.3789587272938,144.13102111816406,0.0294011592900209,0.1113091035972753,55.35170881518983,144.0
good,0.1314775015869713,143.38119222727636,144.0730010986328,0.0161347183917568,0.1153427831952145,56.02858978858428,144.02000427246094
good,0.1099817126895459,143.3824446200776,144.01700134277343,-0.0042888564045348,0.1142705690940808,49.55708782452196,143.86000061035156
good,0.1022576896730527,143.38368780443406,143.98400268554687,-0.0096103035368225,0.1118679932098752,54.187249801996295,143.99000549316406
good,0.0870630800244214,143.38511168478567,143.952001953125,-0.019843930548363,0.1069070105727844,50.35798087927595,143.88999938964844
good,0.0661886046058839,143.3866468821833,143.91000061035157,-0.0325747247735204,0.0987633293794043,46.79660519036392,143.7899932861328
good,0.0530685199640004,143.38728111890077,143.8739990234375,-0.0365558475323231,0.0896243674963235,48.74830232494212,143.83999633789062
good,0.0509679799529578,143.38822020565107,143.89201965332032,-0.0309251100346925,0.0818930899876504,52.84996434925829,143.95010375976562
good,0.0487329054643339,143.3889422174381,143.88401794433594,-0.0265281476186531,0.0752610530829871,52.84554614077175,143.9499969482422
good,0.0452140615452378,143.39163923571536,143.89297790527343,-0.0240375932301994,0.0692516547754373,52.17715925642632,143.93479919433594
good,0.0559180539227384,143.39409842458625,143.95697937011718,-0.0106668806821591,0.0665849346048975,58.6673268281186,144.11000061035156
neutral,0.0688525098985337,143.396982837771,144.02398071289062,0.0018140602349089,0.0670384496636247,60.79329902323093,144.1750030517578
neutral,0.0841843614783499,143.39892681961973,144.0839599609375,0.0137167294517801,0.0704676320265698,63.148448466734926,144.25
good,0.0976301949793878,143.4006883533989,144.14996032714845,0.0217300503622544,0.0759001446171334,64.07797888875862,144.27999877929688
good,0.0958840426224298,143.40336517683954,144.19100036621094,0.0159871184042371,0.0798969242181927,56.86875086069244,144.13999938964844
good,0.0890363987747662,143.40540895833325,144.18600158691407,0.0073115796452587,0.0817248191295074,54.285155838428565,144.0850067138672
good,0.0730832985452707,143.4070482601357,144.1440002441406,-0.0069132164673893,0.0799965150126601,49.04827037661932,143.96499633789062
good,0.0617466050705388,143.40766011248235,144.09200134277344,-0.0145999279536969,0.0763465330242358,50.1279967502327,143.99000549316406
good,0.0569470452836071,143.40804038201264,144.04600219726564,-0.0155195901925029,0.0724666354761101,52.71669733076695,144.0500030517578
good,0.0525377372422042,143.40987276092423,144.0280029296875,-0.0159431185871247,0.0684808558293289,52.71669733076696,144.0500030517578
good,0.054467093055365,143.4115464073736,144.03600158691407,-0.0112110102191711,0.0656781032745361,56.02574396953719,144.125
good,0.0601441190297862,143.4141524125327,144.0800018310547,-0.0044271873957999,0.0645713064255861,58.52633229140191,144.18499755859375
good,0.0579238657992107,143.4164544734428,144.1040008544922,-0.0053179525011003,0.063241818300311,54.364774008209245,144.11000061035156
good,0.0611076627519651,143.4190780942737,144.12999877929687,-0.0017073244386767,0.0628149871906419,57.40857820804938,144.17999267578125
neutral,0.0641107600278019,143.41998163441536,144.15901794433594,0.001036618269728,0.0630741417580739,58.05878079812426,144.19509887695312
neutral,0.0589445413551459,143.42103253416002,144.15601806640626,-0.0033036803223423,0.0622482216774883,53.13750349780022,144.11000061035156
good,0.0558124633091381,143.42247784005713,144.1449981689453,-0.0051486066946801,0.0609610700038182,54.11682439927458,144.12989807128906
good,0.0527310371175815,143.4231335255322,144.1489990234375,-0.0065840263089894,0.0593150634265709,54.12236689974336,144.1300048828125
good,0.0500980995742565,143.42458396603718,144.13995971679688,-0.0073735710818514,0.057471670656108,54.38852682223935,144.13479614257812
good,0.0430932820660814,143.4251282258527,144.1169403076172,-0.0115027108720213,0.0545959929381027,50.76153291095619,144.0800018310547
good,0.0351190533177714,143.4258110276003,144.10593872070314,-0.015581551696265,0.0507006050140364,49.15045944634368,144.05499267578125
good,0.018499711098201,143.4269896768374,144.06595764160156,-0.0257607151326683,0.0442604262308694,41.978988273676826,143.92999267578125
good,0.0088588507614133,143.42747944152924,144.0349578857422,-0.0283212603755648,0.0371801111369781,45.08625472269328,143.97500610351562
good,0.0024010470990276,143.4287027993166,144.00599975585936,-0.0278232512303604,0.030224298329388,46.12169091454873,143.99000549316406
good,0.0076836946121261,143.4298635219778,144.01399841308594,-0.0180324829738095,0.0257161775859357,54.18431235462401,144.1199951171875
good,0.0093418925247874,143.43085302309171,144.0209991455078,-0.0130994280489185,0.022441320573706,52.24138495783534,144.08999633789062
good,-0.0014307349557896,143.43249264589195,144.02300109863282,-0.0190976444235965,0.0176669094678069,43.78698586931393,143.94000244140625
good,-0.0130460878764324,143.43358547452567,144.00799865722655,-0.0245703978753915,0.011524309998959,41.841880594630304,143.89999389648438
good,-0.0315700223007127,143.43721350287234,143.96599731445312,-0.0344754658397374,0.0029054435390246,36.591679853577325,143.77999877929688
good,-0.0600816940936965,143.4380366901941,143.86199951171875,-0.050389710106177,-0.0096919839875195,30.424765757402383,143.60000610351562
good,-0.0601976216831303,143.4415545156739,143.81799926757813,-0.0404045101564886,-0.0197931115266417,45.313064676217984,143.8699951171875
good,-0.0651858479862426,143.44217028200666,143.78999938964844,-0.0363141891676807,-0.0288716588185618,42.75859234769249,143.8000030517578
good,-0.0783226538022177,143.44380022609494,143.74500122070313,-0.0395607959869246,-0.038761857815293,38.57604076814771,143.6750030517578
good,-0.0897174895054888,143.4441801502359,143.71900024414063,-0.0407645053521566,-0.0489529841533322,37.77978771137608,143.64999389648438
good,-0.0868526360094108,143.444884727072,143.75599975585936,-0.0303197214848628,-0.0565329145245479,44.44628094322663,143.78500366210938
good,-0.0894025738499806,143.44532306217403,143.72449951171876,-0.0262957274603461,-0.0631068463896344,41.85266834349498,143.71249389648438
good,-0.093771528214205,143.44601083056065,143.69849853515626,-0.0245317454596564,-0.0692397827545486,40.36598430699757,143.6699981689453
good,-0.0905412469013526,143.44628764075085,143.7114990234375,-0.0170411713174432,-0.0735000755839094,43.901323092334735,143.74000549316406
good,-0.0893716556525419,143.4466437321776,143.72350158691407,-0.0126972640549059,-0.0766743915976359,42.7322608321712,143.7100067138672
good,-0.0942179911860137,143.44733836760827,143.69150085449218,-0.0140348796707022,-0.0801831115153114,39.52068060687192,143.625
good,-0.0941489534876893,143.44790039603407,143.68100280761718,-0.0111726735779023,-0.082976279909787,41.47131818335771,143.66000366210938
good,-0.092224658979461,143.4486894450213,143.68100280761718,-0.0073987032557392,-0.0848259557237218,42.04607628998905,143.6699981689453
good,-0.0952494401941521,143.44886829753244,143.6530029296875,-0.0083387875763442,-0.0869106526178079,39.146830150965975,143.60000610351562
good,-0.0953372868126791,143.44931895193858,143.63400268554688,-0.0067413073558969,-0.0885959794567821,40.10005530899351,143.61500549316406
good,-0.1025371359629616,143.44948358711775,143.6114013671875,-0.0111529252049435,-0.091384210758018,35.93664602985737,143.51199340820312
neutral,-0.0764559558298003,143.45120575578986,143.6584014892578,0.0119426039425741,-0.0883985597723745,54.74890125165852,143.89500427246094
neutral,-0.0583337341067817,143.45205422348653,143.69542236328124,0.0240518605324742,-0.0823855946392559,53.00269906074613,143.8551025390625
good,-0.0454729760268719,143.45279903936458,143.74142150878907,0.0295300948899072,-0.0750030709167791,51.881682407551466,143.8300018310547
good,-0.038077541150244,143.45417603670836,143.77640075683593,0.029540423813228,-0.0676179649634721,50.06009550777953,143.78990173339844
good,-0.0342352265863326,143.4544124494128,143.8260009765625,0.0267061907017116,-0.0609414172880442,48.68711221275943,143.75999450683594
good,-0.0400077312902737,143.45539691456926,143.7760009765625,0.0167469487982163,-0.0567546800884901,43.7218559255986,143.64500427246094
good,-0.036495975417722,143.45655250686343,143.75298156738282,0.0162069637366144,-0.0527029391543365,48.40352385428958,143.74000549316406
good,-0.0325314085857542,143.45748125099277,143.7369812011719,0.0161372244548658,-0.04866863304062,48.88527607516608,143.75
good,-0.0218753431325353,143.45827242017086,143.74700012207032,0.0214346319264677,-0.0433099750590031,53.12908002795533,143.83999633789062
good,-0.0200572273776344,143.4593811335672,143.74600219726562,0.0186021981450949,-0.0386594255227294,48.99221388283314,143.7550048828125
good,-0.0267811500986567,143.45997000690994,143.74700012207032,0.0095026203392581,-0.0362837704379148,44.39286356534759,143.64999389648438
good,-0.0293509174136659,143.46068393476804,143.73499755859376,0.0055462824193991,-0.0348971998330651,45.95381012849217,143.67999267578125
good,-0.0210582745133081,143.46281045158148,143.74599609375,0.0110711402558055,-0.0321294147691137,52.00009983396978,143.80499267578125
good,-0.0370553269273159,143.46372560457272,143.68199768066407,-0.0039407297265617,-0.0331145972007541,40.794657204642895,143.52000427246094
good,-0.0551490097105613,143.4636889715447,143.6199981689453,-0.0176275300078457,-0.0375214797027155,38.4467264047836,143.44500732421875
good,-0.0595234831124003,143.4640065613741,143.60199890136718,-0.0176016027277477,-0.0419218803846525,43.7887668141296,143.55999755859375
good,-0.0606766643778087,143.46422551385444,143.58200073242188,-0.0150038271945249,-0.0456728371832837,44.68810093071252,143.5800018310547
good,-0.0616859646111151,143.4643264135543,143.53500366210938,-0.0128105019422651,-0.04887546266885,44.30669224751673,143.57000732421875
good,-0.0593806879313092,143.46452401994765,143.5510040283203,-0.0084041802099673,-0.0509765077213419,45.80192712331095,143.60000610351562
neutral,-0.0362378908148173,143.4656854979903,143.63380126953126,0.0117908935252196,-0.0480287843400369,56.6280935550284,143.85899353027344
neutral,-0.0212023629458713,143.46663417764083,143.68480224609374,0.0214611371153325,-0.0426635000612038,54.63187683069905,143.81500244140625
good,-0.0087815186880106,143.46796604168114,143.73280334472656,0.0271055850985545,-0.0358871037865652,54.82698198394122,143.82000732421875
good,0.0026445514785962,143.46855305009922,143.78680114746095,0.0308253242121291,-0.0281807727335329,55.64737024514109,143.83999633789062
good,0.0023934532660518,143.4691650123092,143.81180114746093,0.0244593807996678,-0.0220659275336159,50.01961789542383,143.72500610351562
good,0.0081521106143895,143.4696104109929,143.8000030517578,0.0241744305184044,-0.0160223199040148,53.33439655646379,143.8000030517578
good,0.0197501726921132,143.47028188225255,143.81500244140625,0.0286179940769024,-0.0088678213847892,57.01827063720448,143.88999938964844
good,0.0214327052267435,143.47134136954247,143.81100158691407,0.0242404212892262,-0.0028077160624826,52.5507033014231,143.8000030517578
good,0.0248997463846762,143.47194720273936,143.8090026855469,0.0221659699577271,0.0027337764269491,53.8487896707846,143.8300018310547
good,0.0257365489601113,143.47252939539666,143.8260009765625,0.0184022180265297,0.0073343309335815,52.8112513884178,143.80999755859375
good,0.0280939018377921,143.47330764561113,143.83300170898437,0.0166076567233684,0.0114862451144236,54.00442912785284,143.8350067138672
good,0.026828357378946,143.47545538904802,143.81500244140625,0.0122736898116179,0.0145546675673281,52.02175726428481,143.8000030517578
good,0.0123680228675198,143.47595810548617,143.78200073242186,-0.0017493157598466,0.0141173386273664,43.84915557142297,143.63499450683594
good,0.0084761997837006,143.47613440796547,143.76199951171876,-0.0045129110749326,0.0129891108586333,48.833086026518416,143.72999572753906
good,0.0109150856268342,143.4768988183568,143.76000061035157,-0.0016592201854392,0.0125743058122735,52.2000762973327,143.8000030517578
neutral,0.0206779828254184,143.47751691287343,143.772998046875,0.0064829416105159,0.0141950412149024,56.59355290842006,143.89999389648438
neutral,0.0280913298291238,143.47864894506264,143.79299621582032,0.0111170308913771,0.0169742989377467,56.59355290842006,143.89999389648438
good,0.0335793785661735,143.47952974633577,143.84599609375,0.0132840637027414,0.0202953148634321,56.59355290842006,143.89999389648438
good,0.0378957107803614,143.47988558652196,143.88099670410156,0.0140803167335434,0.0238153940468179,56.84154323939298,143.90499877929688
good,0.0460309725329182,143.48073839620116,143.9149963378906,0.0177724627888801,0.028258509744038,60.035134310444704,143.97000122070312
good,0.0490878686946132,143.48163085987056,143.9219970703125,0.0166634871604601,0.032424381534153,57.56489181270376,143.93499755859375
good,0.0529184992283546,143.4850232867258,143.93399963378906,0.0163952941553612,0.0365232050729934,58.867138464241165,143.9600067138672
good,0.0712708181760888,143.48618531055416,143.98600158691406,0.0277980904824763,0.0434727276936124,67.46558455834929,144.16000366210938
good,0.0928136902281266,143.48723691062835,144.05700073242187,0.0394727700276113,0.0533409202005153,70.75694429938488,144.25999450683594
good,0.1014551078704641,143.4879381827267,144.0970001220703,0.038491350135959,0.0629637577345051,64.43827621949632,144.1699981689453
good,0.1102608305997421,143.48867418087875,144.152001953125,0.0378376582921896,0.0724231723075525,65.89631921318168,144.2100067138672
good,0.1190937150437889,143.48957118135905,144.21000061035156,0.0373364341889891,0.0817572808547998,67.33793707337941,144.25
good,0.1023207878119478,143.492133544193,144.1720001220703,0.0164508055657184,0.0858699822462294,51.06329443166311,143.97000122070312
good,0.0979850666153367,143.49284567848323,144.13900146484374,0.0096920674952858,0.0882929991200509,56.15759517362817,144.09500122070312
good,0.1002514402525776,143.49361852133003,144.14100036621093,0.0095667529060213,0.0906846873465562,59.2628047062814,144.17999267578125
good,0.1024804049766032,143.49459870107643,144.13899841308594,0.0094365741040376,0.0930438308725656,59.98124762359441,144.1999969482422
good,0.1134296368796015,143.49981005079883,144.15499877929688,0.0163086448056286,0.0971209920739728,64.3780812981388,144.3300018310547
good,0.1294904269527137,143.501666882827,144.2489990234375,0.0258955479029927,0.103594879049721,67.61980547412942,144.44000244140625
good,0.1541591001514746,143.5033996779963,144.35199890136718,0.0404513768814028,0.1137077232700717,71.87896481236496,144.61000061035156
good,0.1749199569627535,143.50459107025355,144.4459991455078,0.0489697869541454,0.1259501700086081,72.78587916105874,144.64999389648438
good,0.1891921956956537,143.50701015121146,144.53599853515624,0.0505936205496364,0.1385985751460172,72.78587916105874,144.64999389648438
good,0.1974208301040789,143.5080520430338,144.597998046875,0.0470578039664493,0.1503630261376295,72.11183990340331,144.63999938964844
good,0.2008206732678843,143.5096097186556,144.63599853515626,0.0403661177042037,0.1604545555636805,71.39977499105589,144.6300048828125
good,0.2019139763228281,143.51230894973006,144.6417999267578,0.033167536607318,0.16874643971551,71.67112988447298,144.63900756835938
good,0.1965598110285213,143.51536390426946,144.62980041503906,0.022250697050409,0.1743091139781123,67.894445752618,144.58999633789062
good,0.1897269216475763,143.51672964449875,144.61680297851564,0.0123342461355711,0.1773926755120051,67.50445371617826,144.5850067138672
good,0.1865982682445235,143.5186879971882,144.61680297851564,0.0073644741860146,0.1792337940585088,69.5785240753278,144.63999938964844
good,0.1780317206432755,143.52088566047283,144.60880126953126,-0.0009616587321866,0.1789933793754621,65.48570548282825,144.58999633789062
good,0.1700896863543732,143.523082851251,144.6010009765625,-0.0071229544168711,0.1772126407712444,65.9179063465429,144.60000610351562
good,0.1611304509914646,143.5236757969024,144.6010009765625,-0.0128657518238238,0.1739962028152884,65.0407901676349,144.58999633789062
good,0.1578594924426681,143.52688686227893,144.61600036621093,-0.0129093682980962,0.1707688607407644,68.22527890505059,144.66000366210938
good,0.1582839370863666,143.52900287807267,144.6320007324219,-0.0099879389235182,0.1682718760098848,70.6894814120999,144.72000122070312
good,0.1559350541663491,143.5313120034677,144.65580139160156,-0.0098694574748286,0.1658045116411777,69.62324055512053,144.70899963378906
good,0.1484092130646388,143.53549328092734,144.6678009033203,-0.0139162388612311,0.1623254519258699,64.92634196463652,144.66000366210938
good,0.151989668206852,143.54529172415235,144.70980224609374,-0.0082686269752144,0.1602582951820664,70.95566828154352,144.8000030517578
good,0.1546585745322204,143.5518855752666,144.74180297851564,-0.0044797765198767,0.1591383510520972,71.70416775652257,144.82000732421875
good,0.1661551496076754,143.55535819788793,144.78980407714843,0.0056134388444625,0.1605417107632128,76.3062287268647,144.9600067138672
good,0.1828411918543224,143.56458981171158,144.86400451660157,0.0178395848728876,0.1650016069814348,79.39895362776443,145.0800018310547
good,0.2053979339606542,143.57092204575738,144.9770050048828,0.0323170615833755,0.1730808723772786,82.39026621079006,145.22500610351562
good,0.2211279106445829,143.57595059157333,145.06300354003906,0.0384376306138433,0.1826902800307395,82.4845129737139,145.22999572753906
good,0.228538925246255,143.5815087429916,145.13900146484374,0.0366789161724124,0.1918600090738426,79.72195109238464,145.1999969482422
good,0.2445046684187275,143.5893515509901,145.21900024414063,0.0421157274759078,0.2023889409428196,82.99357676102375,145.36000061035156
good,0.2546263134828166,143.59787567317375,145.2760009765625,0.0417898980319975,0.212836415450819,83.08550420206623,145.36500549316406
good,0.2604519355059267,143.6083508799913,145.30599975585938,0.0380924160440861,0.2223595194618406,83.27987182784602,145.375
good,0.2616488061485995,143.6132334715383,145.33399963378906,0.0314314293494071,0.2302173767991924,82.76696423690177,145.3699951171875
good,0.2588074899398407,143.62051546312586,145.36600036621093,0.0228720905125186,0.235935399427322,81.68504763563509,145.36000061035156
good,0.2648000568714792,143.62715775667118,145.3940002441406,0.0230917259553257,0.2417083309161535,84.70172391941333,145.5
good,0.2481301859530162,143.6361523009895,145.375,0.0051374840294901,0.2429927019235261,65.58867120638806,145.27000427246094
good,0.2434100938269523,143.64002218853005,145.3820007324219,0.0003339135227409,0.2430761803042113,70.02290341666968,145.41000366210938
good,0.2401284593589991,143.64397600638708,145.39800109863282,-0.0023581767561697,0.2424866361151689,71.16596098185869,145.4499969482422
good,0.2527700764026406,143.65316878399983,145.46100158691405,0.0082267522299773,0.2445433241726632,76.57732672069949,145.6750030517578
good,0.255007776518795,143.65967334548023,145.48400268554687,0.0083715618769054,0.2466362146418896,72.66144642298468,145.61500549316406
good,0.2590390515591139,143.6638995024671,145.56600036621094,0.0099222695337794,0.2491167820253344,74.20038486442859,145.67999267578125
good,0.2568523809309795,143.6727445610193,145.61399841308594,0.006188479124516,0.2506639018064635,72.18050206828569,145.64999389648438
good,0.2506175195940443,143.696131666868,145.65,-3.710576993531944e-05,0.2506546253639796,70.79753882285895,145.6300048828125
good,0.2313093242238437,143.7006739416678,145.61199951171875,-0.0154762409121086,0.2467855651359524,61.58019262510663,145.48500061035156
good,0.2378757170961307,143.7220393682159,145.6469970703125,-0.0071278784318573,0.2450035955279881,70.33000137347881,145.7899932861328
good,0.2375183948127244,143.74264888887754,145.66199951171876,-0.0059881605722109,0.2435065553849353,68.4053466810098,145.7550048828125
good,0.2464970041984031,143.75727678844137,145.71300048828124,0.0023923590507742,0.2441046451476289,71.94931488258567,145.90499877929688
good,0.2467335971187765,143.7704065943307,145.75799865722655,0.002103161576918,0.2446304355418584,69.16406392241099,145.85499572753906
good,0.2660452353304094,143.79714562090433,145.88699951171876,0.0171318398308407,0.2489133954995687,74.91552311859054,146.1300048828125
neutral,0.261790159254474,143.8199358647773,145.91400146484375,0.0103014110039242,0.2514887482505498,65.15908772576333,145.9250030517578
neutral,0.2391196241335933,143.83595662779675,145.90700073242186,-0.0098952992935651,0.2490149234271585,57.144543858441935,145.72000122070312
neutral,0.2098578214423696,143.85569939927242,145.8480010986328,-0.0313256815878311,0.2411835030302007,53.352440684994896,145.61000061035156
neutral,0.1741696056457442,143.87994670887414,145.77300109863282,-0.0536111179075652,0.2277807235533094,49.19721033489981,145.47999572753906
neutral,0.1896945837411294,144.02689207021962,145.7570007324219,-0.030468911849744,0.2201634955908734,62.8565224815209,146.0500030517578
